BR,time,vcd,ac,ala,arg,asn,asp,cit,cys,cyst,form,fum,glc,gln,glu,gly,his,ile,lac,leu,lys,met,nh4,phe,pro,ser,succ,thr,trp,tyr,val,titer
BR1_main,0,0.019140191,-0.003986319,0.442250925,-0.056557934,-0.335051117,-0.513720297,-0.013035384,0.103558692,-0.026456608,-0.107133347,0.005748154,-1.414801276,-0.557297563,-0.804601068,0.16349961,-0.038105458,-0.096849256,1.335994728,-0.050084889,-0.041213327,-0.038493764,0.51804594,-0.031875849,-0.045716582,-0.093081135,-1.082014322,-0.141335219,-0.029284361,0.042568288,-0.197404436,0.000185033
BR1_main,0.11969697,0.025263198,-0.004340926,0.378086935,-0.044672,-0.253730475,-0.289592885,-0.010550047,0.040720603,-0.026248105,0.066284547,0.003601625,-1.338753248,-0.573127892,-0.463856172,0.129281051,-0.032611153,-0.096612668,1.501301121,-0.048727305,-0.042026564,-0.037319572,0.495215485,-0.040075122,-0.043938093,-0.065464188,-0.925950816,-0.125708796,-0.026004562,0.013541228,-0.174367549,0.000169269
BR1_main,0.239393939,0.030220557,-0.005158219,0.284231308,-0.033862923,-0.150557836,-0.053332645,-0.00784612,-0.008380725,-0.025614292,0.17481973,0.000922219,-1.231871824,-0.556218669,-0.063677667,0.084877255,-0.024507601,-0.091085534,1.485398747,-0.046194722,-0.041625168,-0.035232218,0.470294665,-0.045997734,-0.042119302,-0.056520598,-0.693383601,-0.099867919,-0.022489026,-0.017432051,-0.136681834,0.00014914
BR1_main,0.359090909,0.034123462,-0.005698906,0.207140937,-0.025747489,-0.034811136,0.086670379,-0.006203806,-0.033422009,-0.024662057,0.213004034,-0.001890405,-1.113802286,-0.526692801,0.197734019,0.056078727,-0.017003723,-0.083636234,1.285454539,-0.043151088,-0.040387912,-0.032682123,0.447880686,-0.047952807,-0.040761804,-0.050825561,-0.442133245,-0.075500498,-0.019068821,-0.039851405,-0.102426687,0.000127221
BR1_main,0.478787879,0.036894156,-0.005849551,0.161482926,-0.020986595,0.071366086,0.114133626,-0.004723502,-0.033644957,-0.023506415,0.217227801,-0.003987678,-0.998798007,-0.491753218,0.282058881,0.0449641,-0.011432503,-0.075686546,0.984384049,-0.040100174,-0.038569367,-0.029954768,0.431624661,-0.045430221,-0.040331126,-0.046698332,-0.229604534,-0.057098942,-0.015991461,-0.049920262,-0.07802435,0.000105799
BR1_main,0.598484848,0.038719079,-0.005873387,0.138069875,-0.019269362,0.133221304,0.085436918,-0.00311166,-0.016678376,-0.022243414,0.205333751,-0.004451085,-0.89358841,-0.452234529,0.253746807,0.043669971,-0.007754045,-0.067266444,0.689973167,-0.037329274,-0.036318902,-0.027098827,0.42156456,-0.03962178,-0.041061209,-0.051396898,-0.100958482,-0.044321755,-0.013394269,-0.049169619,-0.062102599,8.64789E-05
BR1_main,0.718181818,0.039860036,-0.005855388,0.125239549,-0.019735184,0.127590314,0.047211294,-0.00211457,0.003692295,-0.020945884,0.175176881,-0.003275099,-0.800135984,-0.414096302,0.186393236,0.045848896,-0.005524489,-0.058465593,0.465671792,-0.034995975,-0.033778213,-0.024101667,0.410256073,-0.032680813,-0.042618691,-0.062363732,-0.062016994,-0.035654152,-0.011318875,-0.041517942,-0.051687855,7.0184E-05
BR1_main,0.837878788,0.040546289,-0.005671418,0.116914765,-0.021403856,0.071811437,0.020601445,-0.002176722,0.01705724,-0.019664175,0.131161518,-0.001470995,-0.718208572,-0.381318241,0.121325688,0.048354904,-0.00431434,-0.049868263,0.325373221,-0.03314211,-0.03110131,-0.021156215,0.38318053,-0.026393078,-0.043764709,-0.070212587,-0.075711738,-0.029778557,-0.00973867,-0.031273896,-0.044515084,5.72768E-05
BR1_main,0.957575758,0.040943883,-0.005180723,0.110194802,-0.023446175,0.007096161,0.008544513,-0.002921658,0.022160381,-0.018429095,0.089041159,3.3803E-05,-0.646761123,-0.34390134,0.069261167,0.049951261,-0.003796824,-0.042182862,0.261813749,-0.031611754,-0.028436875,-0.018637359,0.332531261,-0.021554659,-0.042447183,-0.069232118,-0.095984554,-0.025774949,-0.008588449,-0.021803587,-0.039231272,4.76861E-05
BR1_main,1.077272727,0.041161715,-0.004383521,0.102727032,-0.025286128,-0.039872814,0.00566186,-0.003473252,0.022838027,-0.017253427,0.060818411,0.000951557,-0.584438443,-0.291569249,0.026942067,0.050281342,-0.003736319,-0.035833579,0.26785965,-0.030120753,-0.025907836,-0.016738652,0.269313452,-0.018185753,-0.037356063,-0.061868392,-0.099801274,-0.023030142,-0.007787547,-0.014877645,-0.035095125,4.10087E-05
BR1_main,1.196969697,0.041267073,-0.003436474,0.093036707,-0.026600032,-0.065634303,0.006728569,-0.00333276,0.021856068,-0.016140245,0.046131321,0.001379976,-0.529936579,-0.23448144,-0.009945943,0.049400338,-0.003963265,-0.030877594,0.342022829,-0.028601851,-0.023610811,-0.015346982,0.210785454,-0.015965984,-0.029893294,-0.056783548,-0.088294097,-0.021138795,-0.007255836,-0.010791441,-0.031719377,3.66457E-05
BR1_main,1.316666667,0.041299679,-0.002533808,0.08225357,-0.027264711,-0.07684992,0.008574141,-0.00276811,0.020081109,-0.015089018,0.039321505,0.001497437,-0.482133782,-0.195012446,-0.042063603,0.047554207,-0.004354289,-0.027128372,0.477012174,-0.027236072,-0.021616053,-0.014256181,0.16483854,-0.014525564,-0.022789632,-0.060431556,-0.070549628,-0.019831328,-0.006917535,-0.008960672,-0.028915236,3.39577E-05
BR1_main,1.436363636,0.041281725,-0.001810747,0.073776701,-0.027290518,-0.079649161,0.009487926,-0.002208183,0.01655665,-0.014097988,0.036468531,0.00144458,-0.440076737,-0.18263018,-0.066009904,0.045040972,-0.004819139,-0.024310084,0.630633733,-0.026146844,-0.019962975,-0.013326404,0.1307917,-0.013565973,-0.017492962,-0.070970239,-0.054230105,-0.018926047,-0.006697397,-0.008551217,-0.026605296,3.2392E-05
BR1_main,1.556060606,0.041224303,-0.001297453,0.070454201,-0.026762612,-0.077554808,0.008609471,-0.001795785,0.010309763,-0.013165488,0.0358332,0.001310132,-0.402960125,-0.188768195,-0.078288484,0.042120613,-0.005292644,-0.022161954,0.710687428,-0.025320639,-0.018658333,-0.012493607,0.105422094,-0.012882388,-0.013977861,-0.081425073,-0.043610948,-0.018300124,-0.006521176,-0.008857317,-0.024763212,3.154E-05
BR1_main,1.675757576,0.041131253,-0.000947074,0.072651453,-0.025797669,-0.072387292,0.00595155,-0.001387887,0.002629646,-0.012290287,0.036984609,0.001145362,-0.370104584,-0.198609288,-0.080052009,0.038987419,-0.005729424,-0.020481127,0.645006083,-0.024697795,-0.01768167,-0.011733427,0.08590391,-0.012347485,-0.011716002,-0.086712853,-0.03934227,-0.017872293,-0.006330808,-0.009396845,-0.02335501,3.1132E-05
BR1_main,1.795454545,0.041001274,-0.000706094,0.078138724,-0.024516092,-0.064973389,0.002116495,-0.000824698,-0.004547107,-0.011471448,0.03976006,0.000979431,-0.340937004,-0.200618558,-0.073790269,0.035809332,-0.006100039,-0.019125741,0.477155634,-0.024228564,-0.016996935,-0.011035938,0.070319631,-0.011887807,-0.010248201,-0.086570084,-0.039845388,-0.017592977,-0.006106635,-0.009864555,-0.022301566,3.10022E-05
BR1_main,1.915151515,0.040828923,-0.000542245,0.082904139,-0.023028005,-0.055659313,-0.002473016,-0.000147653,-0.01047623,-0.010708687,0.043015643,0.000829752,-0.314992951,-0.189808033,-0.06059086,0.032767023,-0.006388205,-0.018003029,0.311054525,-0.023883028,-0.016565143,-0.010395881,0.05745111,-0.011464573,-0.009313953,-0.083266267,-0.04303093,-0.017438436,-0.005866306,-0.010091425,-0.02148134,3.1055E-05
BR1_main,2.034848485,0.04060486,-0.000437073,0.082623127,-0.021422751,-0.045144403,-0.007447472,0.000501971,-0.015368447,-0.010000577,0.04532459,0.000706905,-0.291851254,-0.166542207,-0.042948093,0.03001283,-0.006587076,-0.017051372,0.20087661,-0.023641359,-0.016349492,-0.009807915,0.046506203,-0.011057821,-0.008821675,-0.078855365,-0.047006514,-0.017397321,-0.005626451,-0.010032359,-0.020734348,3.12324E-05
BR1_main,2.154545455,0.040315611,-0.000376793,0.074761187,-0.019768322,-0.03565308,-0.012225259,0.001018201,-0.019382155,-0.009344416,0.046146875,0.000615651,-0.27112396,-0.134301423,-0.024428081,0.027603235,-0.006696472,-0.016228771,0.144556171,-0.023487622,-0.016319046,-0.009266148,0.036943603,-0.010657312,-0.008773746,-0.074418909,-0.050359415,-0.01745269,-0.005374802,-0.009739995,-0.019900457,3.14953E-05
BR1_main,2.274242424,0.039943094,-0.000347638,0.060276932,-0.018121003,-0.030570962,-0.016226401,0.001382535,-0.022447173,-0.008739381,0.0457469,0.000554061,-0.252536296,-0.098777984,-0.008335656,0.025491701,-0.006722805,-0.015510347,0.118939651,-0.023412935,-0.016454092,-0.008767135,0.028382175,-0.010260326,-0.009161182,-0.070374613,-0.052332609,-0.017574782,-0.00509849,-0.009317959,-0.018930121,3.18217E-05
BR1_main,2.393939394,0.039464321,-0.000334126,0.043048285,-0.016530497,-0.031153055,-0.018997122,0.001643556,-0.024571965,-0.008185473,0.044552505,0.000513982,-0.235881078,-0.066336005,0.001782389,0.023581177,-0.006676768,-0.014881382,0.096723028,-0.023411199,-0.016738999,-0.00830882,0.020536604,-0.009868032,-0.009885147,-0.066816461,-0.052771968,-0.017721654,-0.004806659,-0.008885011,-0.017914354,3.21976E-05
BR1_main,2.513636364,0.038852021,-0.000320731,0.027195813,-0.015051882,-0.034528789,-0.020367757,0.001857289,-0.025881863,-0.007682686,0.042814646,0.000485443,-0.220981586,-0.041143075,0.003601413,0.021794376,-0.006571058,-0.014332346,0.059709442,-0.023475141,-0.017136204,-0.007889554,0.013189595,-0.009485022,-0.01075325,-0.06370714,-0.051896029,-0.017841923,-0.004501906,-0.008549935,-0.016988581,3.26089E-05
BR1_main,2.633333333,0.038077198,-0.000297203,0.014733522,-0.013756657,-0.03685391,-0.020671725,0.002049798,-0.026543445,-0.007230843,0.040728952,0.000461344,-0.207673977,-0.023920705,-0.000986496,0.020100872,-0.006418681,-0.013855747,0.010055436,-0.023593438,-0.017544801,-0.007507623,0.00619221,-0.009121016,-0.011482568,-0.060968418,-0.04999546,-0.01786855,-0.004179135,-0.008376995,-0.016249738,3.30357E-05
BR1_main,2.753030303,0.037114202,-0.000263676,0.005392508,-0.012707663,-0.03693415,-0.020494203,0.002192441,-0.026729612,-0.006829855,0.038581258,0.000438648,-0.195799692,-0.01317021,-0.007660277,0.018509034,-0.006231818,-0.013443827,-0.038048906,-0.023748154,-0.017814537,-0.007161033,-0.000514367,-0.008786562,-0.011792654,-0.058518846,-0.047247724,-0.01770553,-0.003853802,-0.008374282,-0.015734599,3.34477E-05
BR1_main,2.872727273,0.035947332,-0.000230149,-0.002134986,-0.011905436,-0.035577931,-0.020174619,0.002249646,-0.026558704,-0.006481368,0.036597659,0.000417198,-0.185236555,-0.006859603,-0.013712252,0.017064256,-0.00602224,-0.013089174,-0.073978145,-0.023916589,-0.017856086,-0.006848671,-0.006863672,-0.008483164,-0.011691051,-0.05629704,-0.043817334,-0.017258805,-0.00355765,-0.008524094,-0.01541205,3.38057E-05
BR1_main,2.992424242,0.034576515,-0.000210205,-0.008788291,-0.011303511,-0.033724281,-0.019690192,0.002242665,-0.025988097,-0.006190753,0.034797903,0.000398341,-0.175928611,-0.003306675,-0.018207042,0.015830493,-0.005801985,-0.012786017,-0.095132924,-0.024073529,-0.017705758,-0.006571444,-0.012634323,-0.008206754,-0.011511535,-0.054273528,-0.039999707,-0.016525335,-0.003314212,-0.008802641,-0.01521325,3.4066E-05
BR1_main,3.112121212,0.033020156,-0.000210315,-0.014631839,-0.010856793,-0.031869449,-0.018884852,0.00222302,-0.024884299,-0.005964977,0.033094534,0.000383953,-0.167812713,-0.00136584,-0.020723895,0.014838616,-0.005580785,-0.012525773,-0.103619526,-0.024180926,-0.017449536,-0.006329462,-0.017434999,-0.007956468,-0.011543873,-0.052425746,-0.036149358,-0.015620224,-0.003131266,-0.009143772,-0.015082435,3.41666E-05
BR1_main,3.231818182,0.031315184,-0.000225945,-0.019289057,-0.010516964,-0.030209111,-0.01767184,0.002216498,-0.023347436,-0.005810153,0.031441448,0.000375977,-0.160804423,-0.000333268,-0.02138637,0.014067661,-0.005365344,-0.012298071,-0.102978868,-0.024185131,-0.017149989,-0.006121316,-0.020718859,-0.007733988,-0.011905801,-0.050728841,-0.032553896,-0.014695506,-0.003006611,-0.009410969,-0.015010345,3.40241E-05
BR1_main,3.351515152,0.029514277,-0.000250972,-0.022407025,-0.010224287,-0.028821171,-0.016080614,0.002223053,-0.021739292,-0.00572543,0.029849272,0.000375687,-0.154824049,0.000199447,-0.02090544,0.01345842,-0.005160069,-0.012094654,-0.096679317,-0.02402323,-0.016844609,-0.005944743,-0.021880076,-0.007542696,-0.012553929,-0.049157805,-0.029382522,-0.013854045,-0.00293413,-0.009435583,-0.015033886,3.35485E-05
BR1_main,3.471212121,0.027679717,-0.000283235,-0.023953631,-0.00993783,-0.027762153,-0.014296759,0.002237611,-0.020334855,-0.005695662,0.028343377,0.000382087,-0.14981876,0.000461894,-0.020055651,0.012930847,-0.00496771,-0.011910582,-0.087400245,-0.02363857,-0.016553258,-0.005797108,-0.02055489,-0.00739765,-0.013132327,-0.04768915,-0.026699114,-0.013137466,-0.002907023,-0.009127032,-0.015180582,3.26719E-05
BR1_main,3.590909091,0.025874481,-0.000319087,-0.024343676,-0.00967132,-0.027109018,-0.012612719,0.002252695,-0.019193304,-0.005706631,0.026941115,0.000391566,-0.1457773,0.000580812,-0.019280008,0.012414497,-0.004789842,-0.011742265,-0.076857668,-0.023011115,-0.016278281,-0.005675659,-0.017064346,-0.007318758,-0.013176494,-0.046301718,-0.02449663,-0.012551369,-0.002918942,-0.008564841,-0.015414278,3.13896E-05
BR1_main,3.710606061,0.024153087,-0.000347405,-0.024102152,-0.009483735,-0.026968194,-0.011237456,0.002255091,-0.018267594,-0.005783046,0.025648306,0.0004017,-0.142727221,0.000625318,-0.018707441,0.01188296,-0.004626969,-0.011584572,-0.066058386,-0.022183352,-0.016012721,-0.005577365,-0.012412635,-0.007295497,-0.01252677,-0.044974813,-0.022726611,-0.01208559,-0.00296384,-0.007925653,-0.015673515,2.97883E-05
BR1_main,3.83030303,0.022555451,-0.00035333,-0.023507347,-0.009425701,-0.027448678,-0.010219035,0.002235099,-0.01749784,-0.005972971,0.02445968,0.000412167,-0.140700939,0.00063259,-0.018338105,0.011333541,-0.00447811,-0.011428783,-0.055569043,-0.021239247,-0.015749699,-0.005498132,-0.00767994,-0.007291668,-0.011383543,-0.043681988,-0.02131846,-0.011723107,-0.003034937,-0.007329832,-0.015909467,2.80288E-05
BR1_main,3.95,0.02110504,-0.000329238,-0.022596633,-0.009498257,-0.02860854,-0.009524725,0.002191727,-0.016841598,-0.006269607,0.023365855,0.000419861,-0.139717422,0.000622264,-0.018163064,0.010717265,-0.00434157,-0.011265956,-0.045689761,-0.020257806,-0.015487658,-0.005433491,-0.003531243,-0.007284823,-0.010045553,-0.042397141,-0.020197277,-0.011445786,-0.003124308,-0.006833371,-0.016078897,2.62935E-05
BR1_main,4.06969697,0.019810534,-0.000279155,-0.021329823,-0.009650628,-0.03038884,-0.009093616,0.002126578,-0.016263165,-0.00658237,0.022359689,0.000420467,-0.139755371,0.000604416,-0.018179337,0.009916866,-0.004215777,-0.011091348,-0.036611131,-0.019291121,-0.015228942,-0.005379415,-0.000187314,-0.0072686,-0.008769499,-0.041101802,-0.019294977,-0.011236963,-0.00322276,-0.006470881,-0.016133024,2.47303E-05
BR1_main,4.189393939,0.01866964,-0.000217226,-0.019720216,-0.009804957,-0.03252872,-0.008858896,0.002042347,-0.015711052,-0.006823658,0.021438064,0.00041257,-0.14071707,0.000583856,-0.018367918,0.008873079,-0.004099309,-0.010905078,-0.028537824,-0.018369698,-0.014974717,-0.00533228,0.002394086,-0.007236429,-0.00775427,-0.039785021,-0.018553134,-0.011081187,-0.003319787,-0.006244453,-0.016024008,2.34257E-05
BR1_main,4.309090909,0.01767295,-0.000160717,-0.017861813,-0.009885678,-0.034523011,-0.008773413,0.001946458,-0.015137639,-0.006994497,0.020603781,0.00039755,-0.142428836,0.00056247,-0.018689818,0.00771085,-0.003990898,-0.01070944,-0.021657847,-0.017513431,-0.014721821,-0.005288826,0.004356646,-0.007181157,-0.007093107,-0.038442766,-0.017923166,-0.010964,-0.003404224,-0.006126485,-0.015747569,2.24124E-05
BR1_main,4.428787879,0.016806894,-0.000118096,-0.015882558,-0.009843955,-0.035775583,-0.008795506,0.00184965,-0.014551026,-0.007134821,0.019868101,0.000379478,-0.144677701,0.000540551,-0.019104767,0.006608936,-0.003889407,-0.010506115,-0.016030081,-0.016736783,-0.014460575,-0.005246119,0.00585799,-0.007099877,-0.006755475,-0.037077037,-0.017365365,-0.010871956,-0.003465486,-0.006082038,-0.015364947,2.16913E-05
BR1_main,4.548484848,0.016056015,-8.83368E-05,-0.013898271,-0.00967453,-0.035911941,-0.008860447,0.001759255,-0.013999122,-0.007261768,0.019254356,0.000363268,-0.147259521,0.000517625,-0.019585569,0.005651837,-0.003793828,-0.01029791,-0.011558009,-0.016049669,-0.014173143,-0.005201551,0.007034869,-0.006995082,-0.006644772,-0.03569484,-0.016847709,-0.010792825,-0.003495006,-0.006082576,-0.014946524,2.12472E-05
BR1_main,4.668181818,0.015404395,-6.71481E-05,-0.011994934,-0.0094071,-0.034968671,-0.008917239,0.001672613,-0.013500461,-0.007389097,0.018801067,0.000352034,-0.150011268,0.000493021,-0.020106269,0.004848492,-0.003703254,-0.010091516,-0.008052714,-0.015457044,-0.013834893,-0.005152832,0.007994524,-0.006873388,-0.006663689,-0.034306861,-0.016344754,-0.01071579,-0.003487518,-0.006108321,-0.01452848,2.10498E-05
BR1_main,4.787878788,0.014836479,-5.08474E-05,-0.010227199,-0.009082086,-0.033288311,-0.008999574,0.001577727,-0.013025777,-0.007508283,0.018554708,0.000346523,-0.152822963,0.000466285,-0.020626781,0.004185282,-0.003616946,-0.009893937,-0.005304423,-0.014959136,-0.013421705,-0.005098106,0.008816739,-0.006742727,-0.006742323,-0.032926816,-0.01583719,-0.010631878,-0.003442133,-0.006146232,-0.014120922,2.10551E-05
BR1_main,4.907575758,0.0143375,-3.7271E-05,-0.008619896,-0.008740162,-0.031324751,-0.009185427,0.001470016,-0.012544334,-0.007564686,0.0185271,0.000345899,-0.155636333,0.000437426,-0.021096969,0.00364493,-0.003534462,-0.009705561,-0.003124244,-0.014552476,-0.012920284,-0.005036176,0.009559211,-0.006609191,-0.006836111,-0.031571485,-0.015311888,-0.01053456,-0.003362856,-0.006187696,-0.013721697,2.12178E-05
BR1_main,5.027272727,0.013893562,-2.53792E-05,-0.007171046,-0.008417788,-0.029527342,-0.00949666,0.001361349,-0.012052834,-0.007516353,0.018610101,0.000348515,-0.158420033,0.00040692,-0.021470523,0.003206724,-0.003455397,-0.009517965,-0.001360544,-0.01422978,-0.0123331,-0.004966171,0.010261981,-0.006474868,-0.006913181,-0.030257058,-0.014760297,-0.010419116,-0.003257647,-0.006226254,-0.013323195,2.14988E-05
BR1_main,5.146969697,0.013491676,-1.46821E-05,-0.0058617,-0.008136899,-0.028229919,-0.009890316,0.001262263,-0.011566651,-0.007376226,0.018548948,0.000352678,-0.161159232,0.000375596,-0.02171435,0.002847631,-0.00337945,-0.009319601,9.56126E-05,-0.013981377,-0.01168137,-0.004887668,0.010951237,-0.006342778,-0.006949987,-0.028998766,-0.01417835,-0.010282779,-0.003136791,-0.006256686,-0.012919993,2.18654E-05
BR1_main,5.266666667,0.013119802,-4.86454E-06,-0.004668146,-0.007897773,-0.027565557,-0.010313105,0.001172283,-0.011104319,-0.007178447,0.01808312,0.000357042,-0.163846934,0.000344419,-0.021808419,0.002547207,-0.00330642,-0.009102846,0.001309194,-0.013796294,-0.011007888,-0.004800708,0.011641697,-0.006214317,-0.006936769,-0.027810213,-0.013565986,-0.010124607,-0.003010853,-0.006274668,-0.012514318,2.22877E-05
BR1_main,5.386363636,0.012766587,4.40667E-06,-0.003571129,-0.00768495,-0.027493137,-0.010740246,0.001086461,-0.010679007,-0.006949515,0.017118476,0.000360591,-0.166478413,0.000314278,-0.021742818,0.002291273,-0.00323619,-0.008866694,0.002302439,-0.013663095,-0.010371895,-0.00470576,0.012337519,-0.006084995,-0.006883348,-0.026702743,-0.012926482,-0.009945194,-0.00288901,-0.006276837,-0.012115471,2.27374E-05
BR1_main,5.506060606,0.012421134,1.35127E-05,-0.002558251,-0.007479798,-0.027884386,-0.011166188,0.000999469,-0.010296751,-0.0067163,0.015771033,0.000362538,-0.169048084,0.000285864,-0.021515473,0.002071424,-0.003168686,-0.008614284,0.003061957,-0.013570478,-0.00983067,-0.004603667,0.013032032,-0.005951351,-0.00681597,-0.025684967,-0.012265667,-0.009746305,-0.002778187,-0.006261052,-0.011734589,2.31874E-05
BR1_main,5.625757576,0.012072945,2.27386E-05,-0.001616206,-0.007269288,-0.028587595,-0.011567986,0.000905378,-0.009957672,-0.006498228,0.014272815,0.000362269,-0.171548486,0.000259624,-0.021131266,0.001881145,-0.003103858,-0.00835509,0.003557065,-0.01350771,-0.009417209,-0.004495605,0.013707005,-0.005815291,-0.006765762,-0.024762604,-0.011591119,-0.009530521,-0.002682921,-0.006226591,-0.011380054,2.36118E-05
BR1_main,5.745454545,0.011711818,3.20705E-05,-0.000723167,-0.007048666,-0.029452857,-0.011899079,0.000802324,-0.009655875,-0.0062997,0.012788416,0.000359366,-0.173970568,0.000235785,-0.020602042,0.001711034,-0.003041662,-0.008114932,0.003768917,-0.013464928,-0.009132861,-0.004383062,0.014332608,-0.005680075,-0.006757281,-0.023938587,-0.010911399,-0.009300914,-0.002605662,-0.006174093,-0.011056952,2.3987E-05
BR1_main,5.865151515,0.011327712,4.12686E-05,0.0001332,-0.006820652,-0.030336624,-0.012115767,0.000696403,-0.009379996,-0.006119413,0.011396646,0.000353673,-0.176306158,0.000214413,-0.019946202,0.001551723,-0.002982084,-0.007928805,0.003716127,-0.013433444,-0.008962223,-0.004267885,0.014869694,-0.005547555,-0.00680361,-0.023213538,-0.010235451,-0.009060806,-0.002547191,-0.00610527,-0.010770465,2.4292E-05
BR1_main,5.984848485,0.010910594,5.04159E-05,0.000917838,-0.006592677,-0.031094528,-0.012189536,0.000596587,-0.009118227,-0.005949925,0.010168394,0.000345337,-0.178545451,0.000195458,-0.019186312,0.001403435,-0.002925071,-0.007820323,0.003457904,-0.013405564,-0.008887298,-0.00415221,0.015274998,-0.005419142,-0.006907461,-0.022585591,-0.009571778,-0.008813217,-0.00250692,-0.006022319,-0.010526996,2.45089E-05
BR1_main,6.104545455,0.010450339,6.04028E-05,0.001530587,-0.006373557,-0.031587386,-0.012111873,0.00051063,-0.008865148,-0.005780405,0.009155991,0.00033475,-0.180675983,0.000178802,-0.018346288,0.001268117,-0.002870503,-0.007791123,0.0030751,-0.013374526,-0.008888338,-0.004038446,0.015509648,-0.005297025,-0.007064025,-0.022050567,-0.008927928,-0.008560451,-0.002483083,-0.005927495,-0.010331653,2.46226E-05
BR1_main,6.224242424,0.009937728,7.27218E-05,0.001845894,-0.0061711,-0.031729248,-0.011894238,0.000444425,-0.008624543,-0.005605324,0.008369848,0.000322459,-0.182695943,0.000164307,-0.017451255,0.001141211,-0.002818395,-0.007812982,0.002645835,-0.013335352,-0.008944081,-0.003929476,0.015549767,-0.005183135,-0.007261072,-0.021603921,-0.008310844,-0.00830461,-0.002473024,-0.00582334,-0.010186364,2.46236E-05
BR1_main,6.343939394,0.009365836,8.89646E-05,0.001803565,-0.005990059,-0.031526707,-0.011554645,0.000401229,-0.008404999,-0.005425554,0.007788595,0.000309031,-0.184600916,0.000151829,-0.01652994,0.001023449,-0.002768668,-0.007837264,0.002228018,-0.013283737,-0.009031643,-0.003827958,0.015391958,-0.005074695,-0.007476583,-0.021239347,-0.007725885,-0.008047319,-0.002473057,-0.005712178,-0.010084219,2.4506E-05
BR1_main,6.463636364,0.008730829,0.00011064,0.001473124,-0.005832041,-0.031026946,-0.011112289,0.000381459,-0.008214361,-0.005243573,0.007378782,0.000294993,-0.186388419,0.000141236,-0.015619325,0.000926981,-0.002721222,-0.007818168,0.001854242,-0.013216322,-0.009124379,-0.003735654,0.015054487,-0.004964107,-0.007687859,-0.020949607,-0.007176991,-0.00779084,-0.002478611,-0.005596198,-0.010002445,2.42688E-05
BR1_main,6.583333333,0.00803232,0.000139008,0.001015654,-0.005696131,-0.030242741,-0.01059269,0.000383114,-0.008055782,-0.005058716,0.007108145,0.000280796,-0.188065717,0.000132423,-0.014757379,0.000861555,-0.002676044,-0.007725968,0.001536658,-0.013131246,-0.009187938,-0.003652908,0.01457181,-0.004847208,-0.007882576,-0.02072768,-0.006667013,-0.007539182,-0.002484506,-0.00547771,-0.009900171,2.39166E-05
BR1_main,6.703030303,0.00727433,0.000174412,0.000564615,-0.005578969,-0.02917538,-0.010027321,0.000403094,-0.007925637,-0.004866685,0.006950917,0.000266783,-0.18963417,0.000125303,-0.013970082,0.000822414,-0.002632985,-0.007554809,0.001274933,-0.013026911,-0.009178241,-0.003577927,0.013984244,-0.004726903,-0.008044662,-0.020565187,-0.006197193,-0.007297529,-0.002485189,-0.005358701,-0.009731196,2.34576E-05
BR1_main,6.822727273,0.006468842,0.000215049,0.00017257,-0.005475039,-0.027882001,-0.009446453,0.000439036,-0.00781594,-0.004664617,0.006888107,0.000253194,-0.191077982,0.000119797,-0.01326841,0.000798645,-0.002591631,-0.007321481,0.00106277,-0.012901135,-0.00905843,-0.003504735,0.01332953,-0.00460718,-0.008142678,-0.02045149,-0.005767126,-0.007070649,-0.002475366,-0.005240551,-0.009469397,2.29016E-05
BR1_main,6.942424242,0.005639199,0.000256778,-0.00015916,-0.005377716,-0.026485705,-0.008874467,0.000489829,-0.007720894,-0.004457041,0.006906212,0.000240206,-0.19237654,0.00011585,-0.012650927,0.000783316,-0.002551499,-0.007055707,0.000891892,-0.012752051,-0.008830744,-0.003423208,0.012639797,-0.004490177,-0.008144386,-0.020375249,-0.005375491,-0.006861123,-0.002451158,-0.005124395,-0.009122412,2.22616E-05
BR1_main,7.062121212,0.004817932,0.000295508,-0.000448315,-0.005279962,-0.025112302,-0.00832914,0.000555409,-0.00763984,-0.004256022,0.006994836,0.000227941,-0.193504178,0.000113419,-0.012105725,0.000780132,-0.002512042,-0.006789694,0.000753848,-0.012578045,-0.008529507,-0.003328277,0.011940911,-0.004376031,-0.008033098,-0.020324515,-0.005020258,-0.006667805,-0.002410976,-0.005011057,-0.008732818,2.15522E-05
BR1_main,7.181818182,0.004039097,0.000327425,-0.000716226,-0.005175228,-0.023836006,-0.007822999,0.000635841,-0.00757378,-0.004076707,0.007144678,0.000216473,-0.194432933,0.000112473,-0.011620162,0.000802819,-0.002472692,-0.006548449,0.0006406,-0.012377907,-0.008182165,-0.00322582,0.011253672,-0.004263817,-0.007815935,-0.020287153,-0.004698933,-0.00648716,-0.002355903,-0.004901064,-0.008366321,2.079E-05
BR1_main,7.301515152,0.003328976,0.000348434,-0.000981628,-0.005058367,-0.022679994,-0.007364424,0.000729826,-0.007522011,-0.003931841,0.007346097,0.00020583,-0.195134961,0.000112976,-0.0111955,0.000860985,-0.00243289,-0.006345196,0.000544311,-0.012150948,-0.007795231,-0.003123095,0.01059539,-0.004152751,-0.007525454,-0.020251261,-0.00440875,-0.006316897,-0.002289427,-0.004794659,-0.008071845,1.99927E-05
BR1_main,7.421212121,0.002700138,0.00035856,-0.001258185,-0.00492636,-0.021642953,-0.006958297,0.000833306,-0.007483611,-0.003825223,0.007587885,0.000195997,-0.195583806,0.000114879,-0.010842975,0.000952676,-0.002392103,-0.006184802,0.000456458,-0.011896963,-0.007376292,-0.003021228,0.009981242,-0.004042693,-0.00720427,-0.020205446,-0.004146786,-0.006158615,-0.002216658,-0.004691758,-0.007856324,1.9179E-05
BR1_main,7.540909091,0.002152342,0.000360441,-0.001551879,-0.004778758,-0.02072021,-0.006606759,0.000934189,-0.007459728,-0.003749986,0.007856636,0.000186932,-0.195760781,0.000118109,-0.010561491,0.001073816,-0.00234989,-0.006070665,0.000365996,-0.011616528,-0.00694751,-0.002918323,0.009425812,-0.003934227,-0.00688405,-0.020139631,-0.003910155,-0.006016975,-0.002143275,-0.00459206,-0.007701956,1.83682E-05
BR1_main,7.660606061,0.001678078,0.000353193,-0.001856608,-0.00461746,-0.019911611,-0.00630969,0.00100847,-0.007452386,-0.003697596,0.008136537,0.000178574,-0.195654162,0.000122575,-0.010329299,0.001226671,-0.002305887,-0.006000644,0.000255844,-0.011310834,-0.006536256,-0.002812516,0.008944441,-0.003828394,-0.006578108,-0.020045135,-0.003696005,-0.005895866,-0.002074354,-0.004495046,-0.007591912,1.75813E-05
BR1_main,7.78030303,0.001268273,0.000332304,-0.002153684,-0.004445828,-0.019220319,-0.006064806,0.0010322,-0.007461776,-0.003668034,0.008409282,0.000170843,-0.195247306,0.000128148,-0.010117907,0.001418623,-0.002259653,-0.005950787,9.63302E-05,-0.010980936,-0.006167184,-0.002700481,0.008554211,-0.003726207,-0.006280783,-0.019913627,-0.003501323,-0.005795752,-0.002013557,-0.004399786,-0.007509744,1.68397E-05
BR1_main,7.9,0.000914995,0.000293922,-0.002422631,-0.0042681,-0.018647807,-0.005868324,0.000996404,-0.007485709,-0.003667015,0.008654581,0.000163666,-0.194527106,0.000134683,-0.009911431,0.001648435,-0.00221078,-0.005882261,-0.000166607,-0.010628288,-0.005856426,-0.002580261,0.008275969,-0.003628645,-0.005971802,-0.019738176,-0.003323144,-0.005712239,-0.0019631,-0.004305236,-0.007433192,1.61683E-05
BR1_main,8.01969697,0.000611439,0.000240587,-0.002649148,-0.004088711,-0.01817971,-0.005715309,0.000908611,-0.007519806,-0.003689772,0.008847875,0.000156981,-0.193489981,0.00014204,-0.009719365,0.001898202,-0.002158955,-0.005766986,-0.000630472,-0.010255011,-0.005604692,-0.002454548,0.008134411,-0.003536624,-0.005643465,-0.019513959,-0.003158674,-0.005631036,-0.001923988,-0.00421031,-0.007341004,1.55978E-05
BR1_main,8.139393939,0.000350934,0.000182047,-0.002823696,-0.003911825,-0.017768401,-0.005599889,0.000790641,-0.007557463,-0.00371689,0.008953727,0.000150756,-0.192149871,0.000150104,-0.009557619,0.002157049,-0.002104038,-0.00560097,-0.001457062,-0.009864275,-0.005398364,-0.002328904,0.008154667,-0.003451028,-0.00531305,-0.019239067,-0.003005392,-0.005534677,-0.001896203,-0.004113768,-0.007221893,1.51688E-05
BR1_main,8.259090909,0.00012685,0.000129172,-0.002948929,-0.003740864,-0.017346059,-0.005515064,0.000666619,-0.007589862,-0.00373338,0.008921982,0.000144975,-0.190534036,0.000158803,-0.009422682,0.002436827,-0.002046003,-0.005400371,-0.002856766,-0.009459983,-0.005219362,-0.002207962,0.008359556,-0.003372537,-0.00499431,-0.018914018,-0.002860946,-0.005420787,-0.001878666,-0.004013733,-0.007073883,1.49347E-05
BR1_main,8.378787879,0.000001,8.87196E-05,-0.003040836,-0.003578406,-0.016891501,-0.005452841,0.000552161,-0.007607741,-0.003739828,0.008707618,0.000139638,-0.188685584,0.000168113,-0.009303051,0.002755597,-0.001984952,-0.005187836,-0.004919413,-0.009046853,-0.005054104,-0.002095021,0.008770006,-0.003301603,-0.004686092,-0.018541864,-0.002723185,-0.005302253,-0.001869371,-0.003907589,-0.006900666,1.49624E-05
BR1_main,8.498484848,0.000001,6.20889E-05,-0.003114165,-0.003426189,-0.016465732,-0.005404456,0.000455665,-0.007603908,-0.003744382,0.008311618,0.000134747,-0.186662859,0.000178045,-0.009193308,0.003118705,-0.001921099,-0.004982725,-0.00718753,-0.008630301,-0.004896136,-0.001997814,0.009386213,-0.003238355,-0.004384194,-0.018127918,-0.002590139,-0.005196334,-0.001865673,-0.003792111,-0.006713795,1.53276E-05
BR1_main,8.618181818,0.000001,4.69968E-05,-0.003173842,-0.003285206,-0.016134997,-0.00535998,0.00038073,-0.007574972,-0.003756543,0.007793061,0.000130298,-0.184538291,0.000188634,-0.009094253,0.003511561,-0.001854741,-0.004798955,-0.008477773,-0.008216313,-0.004745182,-0.001930501,0.010169424,-0.003182495,-0.004089939,-0.017679375,-0.002459997,-0.005119456,-0.001864665,-0.003664189,-0.006531287,1.60917E-05
BR1_main,8.737878788,0.000001,4.00462E-05,-0.003215522,-0.003155764,-0.015874982,-0.005305064,0.000325425,-0.007521561,-0.003779549,0.007232006,0.000126265,-0.182393119,0.000199906,-0.009012489,0.003908292,-0.001786211,-0.004644619,-0.00795796,-0.007811127,-0.004605432,-0.001898251,0.011081254,-0.003133131,-0.003808742,-0.017204537,-0.002331048,-0.005069683,-0.001863509,-0.0035255,-0.006368185,1.72571E-05
BR1_main,8.857575758,0.000001,3.85565E-05,-0.003230297,-0.003037712,-0.015604851,-0.005217727,0.000283409,-0.007447977,-0.003809781,0.006690126,0.000122592,-0.180320322,0.00021187,-0.008952231,0.004299276,-0.001715899,-0.004521565,-0.006181646,-0.00742119,-0.00448249,-0.001884201,0.012108478,-0.003088818,-0.003545574,-0.016712836,-0.002201744,-0.005013876,-0.001859802,-0.003396109,-0.006232118,1.87173E-05
BR1_main,8.977272727,0.000001,4.08298E-05,-0.003210499,-0.002930593,-0.01520565,-0.005079745,0.000249108,-0.007360539,-0.003839515,0.006199834,0.000119189,-0.178424618,0.00022451,-0.008904207,0.004690668,-0.001644264,-0.004426448,-0.004201598,-0.007052937,-0.004376116,-0.001867571,0.013208717,-0.003047676,-0.003303073,-0.016214644,-0.002070744,-0.004908365,-0.001851829,-0.003323786,-0.006125591,2.02189E-05
BR1_main,9.096969697,0.000001,4.56983E-05,-0.003153563,-0.002833742,-0.014561766,-0.004896503,0.000221701,-0.00726487,-0.003858998,0.005771992,0.00011594,-0.176819986,0.000237776,-0.008846024,0.005048496,-0.001571826,-0.004353078,-0.002601609,-0.006712446,-0.004272942,-0.001842793,0.014283832,-0.003007673,-0.003082202,-0.015720969,-0.001936941,-0.004744125,-0.001838708,-0.003357215,-0.006049094,2.14217E-05
BR1_main,9.216666667,0.000001,5.21157E-05,-0.003062467,-0.002746347,-0.013759456,-0.00468899,0.000203301,-0.007163656,-0.003864932,0.005406314,0.000112731,-0.175624236,0.000251591,-0.008750674,0.005302566,-0.00149915,-0.004294618,-0.001502598,-0.006405072,-0.004152767,-0.001812256,0.015225297,-0.002967059,-0.00288354,-0.015243101,-0.001799494,-0.004564983,-0.001820368,-0.00348641,-0.006002356,2.20922E-05
BR1_main,9.336363636,0.000001,5.88251E-05,-0.002943557,-0.00266753,-0.013105384,-0.004473591,0.000194554,-0.007056381,-0.003863431,0.005098367,0.000109539,-0.174953574,0.000265855,-0.008603788,0.005454292,-0.001426866,-0.004244995,-0.000814981,-0.006135314,-0.00400532,-0.001779099,0.015937512,-0.002924881,-0.002708266,-0.014792592,-0.001657905,-0.00443244,-0.001797405,-0.003627776,-0.005983678,2.22046E-05
BR1_main,9.456060606,0.000001,6.51972E-05,-0.002803488,-0.002596373,-0.012906998,-0.004259456,0.00019311,-0.006941396,-0.003864013,0.004842835,0.000106563,-0.17491004,0.000280439,-0.008418806,0.005586561,-0.001355664,-0.004199224,-0.000405686,-0.005906728,-0.003838549,-0.001746236,0.016348607,-0.002881256,-0.002558217,-0.014381118,-0.001512108,-0.004399037,-0.001770825,-0.003722894,-0.005987536,2.18725E-05
BR1_main,9.575757576,0.000001,7.35219E-05,-0.002647054,-0.002531938,-0.013334255,-0.004054403,0.00019525,-0.006822633,-0.003870864,0.004634622,0.000104375,-0.175560394,0.000295188,-0.008228231,0.005760351,-0.001286295,-0.004153023,-0.000167175,-0.005721804,-0.003681467,-0.001713589,0.016469884,-0.002837241,-0.002435074,-0.014020379,-0.001362567,-0.004477504,-0.001741741,-0.003841921,-0.006001347,2.1283E-05
BR1_main,9.695454545,0.000001,8.75944E-05,-0.002476746,-0.002473261,-0.014500305,-0.003872254,0.000197826,-0.006725559,-0.00388182,0.004469005,0.000103913,-0.176903062,0.000309901,-0.008064736,0.005984457,-0.001219569,-0.004102441,-2.8701E-05,-0.005581618,-0.003581163,-0.001677695,0.01639826,-0.002794293,-0.002339506,-0.013722113,-0.001210408,-0.00459786,-0.001711114,-0.004116091,-0.00600356,2.06811E-05
BR1_main,9.815151515,0.000001,0.000106353,-0.002293683,-0.002419358,-0.016382694,-0.003740735,0.000199579,-0.006708794,-0.003888554,0.004341426,0.000106126,-0.178820095,0.000324319,-0.007947628,0.006242261,-0.001156365,-0.004043979,5.22434E-05,-0.005485084,-0.003570854,-0.001633981,0.016253226,-0.002753403,-0.002271132,-0.013498273,-0.001057561,-0.004654341,-0.001679573,-0.004560099,-0.005966999,2.0221E-05
BR1_main,9.934848485,0.000001,0.000120447,-0.002098916,-0.002369176,-0.018498982,-0.003688055,0.000201452,-0.006824485,-0.003874844,0.004247103,0.000111427,-0.181013213,0.000338091,-0.007879998,0.006512103,-0.001097636,-0.003975057,0.00010023,-0.005427734,-0.003631424,-0.001579192,0.0161126,-0.002714257,-0.002228863,-0.013361201,-0.00090688,-0.004601268,-0.001647308,-0.005035637,-0.005869125,1.98294E-05
BR1_main,10.05454545,0.000001,0.0001171,-0.001894216,-0.002321527,-0.019913059,-0.003696954,0.000205457,-0.007055603,-0.003824452,0.004180536,0.000119429,-0.182946597,0.000350747,-0.007851605,0.006778535,-0.00104444,-0.003894513,0.000129293,-0.005400419,-0.003684807,-0.001512346,0.015967953,-0.002675405,-0.002210222,-0.013323942,-0.000762263,-0.004463355,-0.001614049,-0.005365021,-0.005703188,1.92761E-05
BR1_main,10.17424242,0.000001,8.81866E-05,-0.001682055,-0.002274997,-0.019902746,-0.003698681,0.000213502,-0.007344329,-0.003733422,0.00413493,0.000129185,-0.18385574,0.000361666,-0.007840865,0.007037252,-0.00099804,-0.003802908,0.000147451,-0.005388498,-0.003624875,-0.001434351,0.015721413,-0.002635711,-0.002210768,-0.013400251,-0.000628746,-0.004293623,-0.001579118,-0.005402326,-0.005481671,1.83403E-05
BR1_main,10.29393939,0.000001,3.48874E-05,-0.001465033,-0.002227814,-0.018547182,-0.003633028,0.000227014,-0.007670046,-0.003613487,0.004101485,0.00013964,-0.182919854,0.000370077,-0.007830196,0.007288789,-0.000960087,-0.003702477,0.000159296,-0.005372219,-0.003389863,-0.001347308,0.015239193,-0.002595397,-0.002227041,-0.013601661,-0.000512589,-0.004142199,-0.001541518,-0.005058384,-0.005229774,1.69328E-05
BR1_main,10.41363636,0.000001,-2.61748E-05,-0.001245365,-0.002177705,-0.01655216,-0.003479902,0.000246316,-0.008073192,-0.003488821,0.004068658,0.000149921,-0.179654069,0.000375083,-0.007832656,0.007527057,-0.000932915,-0.003596492,0.000167423,-0.005329156,-0.003015829,-0.001254319,0.01452826,-0.002555262,-0.002261655,-0.013922959,-0.000421393,-0.004041337,-0.001500046,-0.004320193,-0.004974095,1.51228E-05
BR1_main,10.53333333,0.000001,-6.26972E-05,-0.001025296,-0.002121824,-0.014695957,-0.003246677,0.00026877,-0.008603928,-0.003386164,0.004021684,0.000159382,-0.174343885,0.000375741,-0.007879789,0.007727491,-0.000919858,-0.003487941,0.000173192,-0.005239913,-0.002615129,-0.001160178,0.013937529,-0.002515545,-0.002324365,-0.014298964,-0.000364199,-0.003997651,-0.001453455,-0.003250364,-0.004734426,1.31364E-05
BR1_main,10.6530303,0.000001,-4.36248E-05,-0.000809791,-0.002057005,-0.013536773,-0.002959272,0.000287263,-0.009252138,-0.003320292,0.003942669,0.000167481,-0.168091747,0.000371194,-0.007962982,0.007834766,-0.000925337,-0.003378346,0.000177137,-0.005098482,-0.002301569,-0.001072609,0.014034345,-0.002476065,-0.002428344,-0.014544412,-0.000351314,-0.003996177,-0.001400817,-0.002040145,-0.004521741,1.13299E-05
BR1_main,10.77272727,0.000001,3.47711E-05,-0.000613175,-0.001980999,-0.013374487,-0.002659767,0.000293463,-0.009933386,-0.003288998,0.003811761,0.000173636,-0.16237027,0.000360832,-0.008001,0.007772797,-0.0009541,-0.003267809,0.000179233,-0.004927281,-0.002138608,-0.001002712,0.015346275,-0.002436811,-0.002589332,-0.014415724,-0.000393348,-0.004012699,-0.001342279,-0.001063662,-0.004340021,1.00676E-05
BR1_main,10.89242424,0.000001,0.000147325,-0.000467736,-0.001895816,-0.014096193,-0.002398782,0.000283066,-0.010500927,-0.003282008,0.003609671,0.000177097,-0.158710823,0.000344447,-0.00789756,0.007486853,-0.001008468,-0.003155577,0.000179185,-0.004791045,-0.00214948,-0.000962734,0.018242477,-0.002398013,-0.002833263,-0.013877603,-0.000499149,-0.004018432,-0.001280354,-0.000725245,-0.004188828,9.57168E-06
BR1_main,11.01212121,0.000001,0.000258421,-0.000421409,-0.001813863,-0.015212637,-0.002223444,0.000254607,-0.01070936,-0.003291966,0.003320505,0.000176867,-0.158874847,0.000322347,-0.007643179,0.006972062,-0.001082422,-0.003040278,0.000176811,-0.004794292,-0.002344201,-0.000960883,0.022536552,-0.002359951,-0.003206524,-0.013184862,-0.000673094,-0.003986314,-0.001221403,-0.001243543,-0.004065177,9.87295E-06
BR1_main,11.13181818,0.000001,0.000334575,-0.000517233,-0.001762781,-0.016236069,-0.002163737,0.000202708,-0.010243023,-0.003322597,0.002931926,0.000171683,-0.164739939,0.00029539,-0.007338832,0.006257246,-0.001156038,-0.00292254,0.000172386,-0.005046918,-0.00272701,-0.000996208,0.026902919,-0.002322878,-0.003776585,-0.012638936,-0.000912904,-0.003905317,-0.001175755,-0.002616665,-0.003964539,1.08596E-05
BR1_main,11.25151515,0.000001,0.000352805,-0.000784448,-0.001775171,-0.016834303,-0.002219774,0.000111455,-0.008959601,-0.003396191,0.002432381,0.000160121,-0.177079388,0.000264939,-0.007107948,0.005395134,-0.001206461,-0.002811121,0.000166713,-0.005610043,-0.003288295,-0.001057346,0.029184764,-0.002287057,-0.004614791,-0.012453746,-0.001209173,-0.00378938,-0.001154407,-0.004695674,-0.00388128,1.23354E-05
BR1_main,11.37121212,0.000001,0.000304312,-0.001253346,-0.001862808,-0.016759828,-0.002355809,-4.34473E-05,-0.007080476,-0.003552466,0.00181168,0.00014098,-0.193394596,0.000232751,-0.007029201,0.004505836,-0.001247407,-0.002725142,0.000160729,-0.006454151,-0.003996009,-0.001126212,0.027609627,-0.002252854,-0.005752567,-0.012794276,-0.00154637,-0.003688699,-0.001163544,-0.007238016,-0.003808916,1.40645E-05
BR1_main,11.49090909,0.000001,0.000195026,-0.001955837,-0.002012701,-0.015871098,-0.002508263,-0.000274139,-0.004950398,-0.003832588,0.001075844,0.000114247,-0.206105966,0.000200826,-0.007157112,0.003816423,-0.001354439,-0.00268731,0.00015487,-0.00741373,-0.004795957,-0.001183855,0.021771723,-0.002220801,-0.007087671,-0.01378648,-0.001903468,-0.003685904,-0.001201824,-0.009826876,-0.003740487,1.58155E-05
BR1_main,11.61060606,0.000001,5.29508E-05,-0.00286586,-0.002201732,-0.014239499,-0.002609673,-0.000539758,-0.002748304,-0.004234694,0.000284937,8.28005E-05,-0.204401981,0.000171215,-0.007530837,0.003578743,-0.001608466,-0.002708196,0.000148623,-0.008125764,-0.005621143,-0.001215327,0.012852985,-0.002191597,-0.008261657,-0.015366573,-0.002253502,-0.003856236,-0.00126186,-0.011838742,-0.003669262,1.74017E-05
BR1_main,11.73030303,0.000001,-6.6085E-05,-0.003749532,-0.002382902,-0.012221059,-0.002618409,-0.000743811,-0.000709776,-0.004631267,-0.00040487,5.38456E-05,-0.184712671,0.000145787,-0.008041106,0.00387254,-0.001945228,-0.002761606,0.000140653,-0.00811671,-0.006404331,-0.001213916,0.002856734,-0.002165998,-0.008725285,-0.016943551,-0.002564876,-0.004201821,-0.00133316,-0.012680262,-0.003589613,1.87024E-05
BR1_main,11.85,0.000001,-0.000108383,-0.004151005,-0.002472262,-0.010339779,-0.002534086,-0.000806009,0.000639673,-0.00475479,-0.000776897,3.69427E-05,-0.162996289,0.00012598,-0.008341296,0.004515935,-0.002051459,-0.002779656,0.000129518,-0.007215985,-0.007088261,-0.001182742,-0.005809977,-0.002144603,-0.008172243,-0.017348248,-0.002808314,-0.004620998,-0.001404954,-0.012136752,-0.003497601,1.9661E-05
BR2_main,0,0.020530109,-0.006430221,0.11961716,-0.057863328,-0.168159103,-0.128679388,0.031908793,-0.012281003,-0.055379624,0.330437722,0.000612714,-0.733704455,-1.100004923,-0.431980519,-0.045800242,-0.062728211,-0.119772743,1.352480241,-0.388091029,-0.317489595,-0.073399812,1.039484312,-0.080292488,-0.255649673,-1.550539669,-0.756439661,-0.211446221,-0.043567163,-0.048334846,-0.314418138,0.000259885
BR2_main,0.11969697,0.02706794,-0.005828127,0.164822201,-0.066862922,-0.330597224,-0.107954891,0.026271021,0.059442301,-0.051940973,0.284790293,0.000237698,-0.717905662,-1.178976594,-0.35111695,-0.007060635,-0.056006038,-0.122934027,1.29922365,-0.329639436,-0.260014753,-0.067105011,0.694999358,-0.072424532,-0.240076199,-1.200610223,-0.695310645,-0.183085249,-0.039567053,-0.047216511,-0.275540894,0.00022428
BR2_main,0.239393939,0.032176651,-0.005266299,0.21630806,-0.071752577,-0.414503248,-0.074708335,0.017828739,0.120754751,-0.046436661,0.226904594,-0.000366133,-0.69457801,-0.977784745,-0.22751704,0.032348795,-0.045260916,-0.1211885,1.161544109,-0.268669728,-0.199369641,-0.057057201,0.426948459,-0.062256503,-0.215522638,-0.681603278,-0.609733092,-0.147002154,-0.034134427,-0.045110513,-0.213407047,0.000178802
BR2_main,0.359090909,0.035987061,-0.00477421,0.260623973,-0.072581169,-0.359183664,-0.037771567,0.009650396,0.114915248,-0.040322626,0.166467207,-0.000845094,-0.667101808,-0.71857165,-0.103746632,0.057160612,-0.034547955,-0.114082541,1.039576712,-0.210385069,-0.150988792,-0.0466007,0.297597983,-0.052635345,-0.188598014,-0.22663946,-0.512558801,-0.113903642,-0.02820924,-0.043041313,-0.156207216,0.000133879
BR2_main,0.478787879,0.038539221,-0.004386784,0.2824849,-0.069981182,-0.202838234,-0.002380421,0.003115797,0.057189058,-0.034542803,0.111206521,-0.001083883,-0.638190923,-0.569636529,-0.007963168,0.063991524,-0.02585943,-0.101963291,0.965971002,-0.158781726,-0.118092581,-0.037676715,0.260135605,-0.04475637,-0.160367467,0.089631126,-0.415308731,-0.087869741,-0.022578806,-0.04095443,-0.114083085,9.78495E-05
BR2_main,0.598484848,0.040127564,-0.004137208,0.274190644,-0.064890731,-0.025748868,0.029071554,-0.00174737,-0.001933493,-0.029370636,0.065641919,-0.001119958,-0.609456978,-0.527106815,0.047275177,0.058667265,-0.019485077,-0.086566143,0.929130872,-0.116265457,-0.094651684,-0.030719318,0.264307472,-0.038643319,-0.129807091,0.278966468,-0.326354127,-0.068387734,-0.01772628,-0.038129171,-0.085566425,7.43121E-05
BR2_main,0.718181818,0.041070793,-0.004019117,0.240742151,-0.05831643,0.112514129,0.052992756,-0.005226527,-0.025876812,-0.024766241,0.031789992,-0.0010234,-0.581642756,-0.520541116,0.063675754,0.04950072,-0.015074974,-0.070780198,0.907341376,-0.083784828,-0.075454809,-0.025420237,0.283692698,-0.033963099,-0.099221205,0.358300566,-0.250584409,-0.053877036,-0.013844401,-0.033931921,-0.066555899,6.18442E-05
BR2_main,0.837878788,0.041614562,-0.003941542,0.19709019,-0.051156729,0.184357568,0.062628865,-0.007468727,-0.015727702,-0.020750924,0.010347456,-0.00085177,-0.554926602,-0.493190704,0.055374375,0.042154282,-0.012173645,-0.057205319,0.88095295,-0.061159434,-0.059252733,-0.021311468,0.305188582,-0.030388232,-0.073058321,0.339918103,-0.18966159,-0.04308479,-0.010920011,-0.028296948,-0.053666884,5.63051E-05
BR2_main,0.957575758,0.041921472,-0.003720879,0.156969699,-0.044103617,0.187947076,0.054717195,-0.008514429,0.007142928,-0.017448206,0.001244594,-0.000644345,-0.529173015,-0.421861434,0.038494896,0.038212005,-0.01038272,-0.046874035,0.834328989,-0.047465405,-0.046392092,-0.01801773,0.319274523,-0.027693216,-0.053562336,0.241849167,-0.142861155,-0.035194254,-0.008826823,-0.021834077,-0.044719904,5.39114E-05
BR2_main,1.077272727,0.042090874,-0.00318074,0.126096979,-0.037615021,0.139939,0.036701835,-0.008472316,0.027145566,-0.014900698,0.002801224,-0.000426488,-0.50406795,-0.319120081,0.022407937,0.037097732,-0.009390893,-0.039435302,0.758225961,-0.041315656,-0.037016496,-0.015305478,0.316935215,-0.025763553,-0.040111879,0.089037201,-0.108176819,-0.029585189,-0.007395638,-0.015448473,-0.038430822,5.25346E-05
BR2_main,1.196969697,0.042180714,-0.002364263,0.10457442,-0.031950919,0.063988466,0.019008672,-0.007583454,0.040183361,-0.013013335,0.011133536,-0.000214266,-0.479350315,-0.222099633,0.009896331,0.037820187,-0.008970611,-0.034013277,0.655298402,-0.040894591,-0.030760231,-0.013054906,0.29271788,-0.024543702,-0.031084044,-0.081700154,-0.083251768,-0.025682003,-0.006459073,-0.009797619,-0.034062558,5.13622E-05
BR2_main,1.316666667,0.042223642,-0.001548523,0.090570332,-0.027218843,-0.020684782,0.00602408,-0.006203449,0.047200012,-0.011633322,0.021965202,-1.7E-05,-0.454863741,-0.161500423,0.000674251,0.039179404,-0.008959668,-0.029966896,0.539915365,-0.043715517,-0.026956455,-0.011211183,0.249292767,-0.023868329,-0.025053983,-0.21846434,-0.065874019,-0.022969746,-0.005871322,-0.005366699,-0.031178958,5.02089E-05
BR2_main,1.436363636,0.042237287,-0.00094268,0.082166879,-0.023421113,-0.101225092,-0.002579132,-0.004700608,0.049100296,-0.010622903,0.032457862,0.000161301,-0.43055988,-0.144915072,-0.006294933,0.04010609,-0.009228013,-0.027099214,0.428200462,-0.046548495,-0.024874774,-0.009746433,0.19662072,-0.023276026,-0.021036431,-0.275406256,-0.054174394,-0.021056749,-0.00551422,-0.002984168,-0.029490129,4.90755E-05
BR2_main,1.556060606,0.042230285,-0.000564853,0.077918228,-0.020493174,-0.163760429,-0.008246336,-0.003288411,0.045639653,-0.009880074,0.041294637,0.00032032,-0.406480511,-0.163077523,-0.011968481,0.040155859,-0.009619623,-0.025263305,0.330108584,-0.04643166,-0.023871639,-0.008636208,0.146204447,-0.022067907,-0.018384614,-0.244619943,-0.046657701,-0.019676209,-0.005296241,-0.003406114,-0.028742559,4.79408E-05
BR2_main,1.675757576,0.042205607,-0.000350429,0.076759284,-0.018330282,-0.189879854,-0.012119053,-0.002033755,0.036584987,-0.009332758,0.048072288,0.000459704,-0.382729516,-0.196626652,-0.017031742,0.039409292,-0.009901436,-0.024058747,0.249395085,-0.042704845,-0.023453711,-0.007847142,0.105169473,-0.019855278,-0.016653866,-0.161375548,-0.042161041,-0.018647857,-0.00514874,-0.006287765,-0.028643474,4.66741E-05
BR2_main,1.795454545,0.042162164,-0.000235766,0.07755826,-0.016806252,-0.171793255,-0.014896445,-0.000994485,0.023167999,-0.008931735,0.052819905,0.000572448,-0.359447448,-0.221016613,-0.021786949,0.038069681,-0.009830218,-0.022949403,0.186015838,-0.03734667,-0.023280836,-0.007333563,0.07454744,-0.017039379,-0.015511777,-0.078255431,-0.039790364,-0.017864159,-0.005022061,-0.010285189,-0.028855462,4.50403E-05
BR2_main,1.915151515,0.042095299,-0.00017781,0.078443651,-0.015789769,-0.125978962,-0.016986043,-0.000207379,0.008824601,-0.008640347,0.055752192,0.000644672,-0.336815516,-0.220369394,-0.025972928,0.036221092,-0.00934305,-0.021503705,0.137749842,-0.032743301,-0.023140295,-0.007041807,0.052145636,-0.014362815,-0.014708137,-0.031357603,-0.03885959,-0.017276471,-0.004883107,-0.01392825,-0.029050671,4.28199E-05
BR2_main,2.034848485,0.041996441,-0.000150783,0.076338022,-0.01515044,-0.076956311,-0.018615172,0.000362746,-0.003742707,-0.008391512,0.057129632,0.000674075,-0.314892058,-0.195516272,-0.028851167,0.033868756,-0.008625761,-0.019578494,0.101403216,-0.030020713,-0.022902664,-0.006914592,0.035376042,-0.012253875,-0.014079879,-0.024808085,-0.038817759,-0.016827126,-0.004711771,-0.016041351,-0.02887548,3.99801E-05
BR2_main,2.154545455,0.041852006,-0.000140262,0.068268246,-0.014775778,-0.038388195,-0.019877414,0.000779579,-0.0144876,-0.008077845,0.057228271,0.000679259,-0.293773286,-0.155280369,-0.029903646,0.031134714,-0.007924734,-0.017410884,0.073912698,-0.028955954,-0.022505349,-0.006901275,0.022408243,-0.010752574,-0.013565449,-0.041273902,-0.039221601,-0.016461076,-0.00450259,-0.01596226,-0.027915609,3.67839E-05
BR2_main,2.274242424,0.041641518,-0.000138635,0.05443873,-0.014575938,-0.013350014,-0.020726536,0.001095427,-0.023735474,-0.007638881,0.056320976,0.000677484,-0.273602405,-0.109627114,-0.029373171,0.028257048,-0.007333186,-0.015369806,0.052836291,-0.028443089,-0.021938014,-0.006962105,0.012260679,-0.009715086,-0.013167115,-0.061617129,-0.039708143,-0.016165015,-0.004263385,-0.013986037,-0.025902599,3.36537E-05
BR2_main,2.393939394,0.041334884,-0.000142319,0.038770267,-0.014480091,-0.000317834,-0.021012523,0.001345582,-0.031502745,-0.007134119,0.054657085,0.000673153,-0.254512925,-0.068506577,-0.028078794,0.025469509,-0.006809303,-0.013666696,0.036440306,-0.027337077,-0.021229563,-0.007067904,0.004576464,-0.008976057,-0.012890777,-0.075890509,-0.039976946,-0.01593859,-0.004010638,-0.011388125,-0.023007449,3.09365E-05
BR2_main,2.513636364,0.040888983,-0.000150168,0.025088833,-0.014430676,0.003339201,-0.020658642,0.001554007,-0.037831064,-0.006682759,0.052451532,0.000665047,-0.236601822,-0.038398091,-0.026797222,0.023043188,-0.006287003,-0.012362018,0.02356333,-0.025394195,-0.02043701,-0.007197049,-0.000766437,-0.008416921,-0.012718755,-0.082195417,-0.039791707,-0.015768231,-0.003763459,-0.009425018,-0.019784178,2.87954E-05
BR2_main,2.633333333,0.040244364,-0.000162642,0.014552878,-0.014378847,-0.000482185,-0.019822955,0.001737691,-0.042248761,-0.006350492,0.04988137,0.000652032,-0.219922906,-0.019796827,-0.025864997,0.021280077,-0.005734645,-0.011464551,0.013346354,-0.023304168,-0.019630253,-0.00732964,-0.004036544,-0.007971441,-0.012612661,-0.08228902,-0.038996758,-0.015638932,-0.003538224,-0.00821605,-0.016914111,2.72487E-05
BR2_main,2.753030303,0.039324554,-0.000181411,0.006549509,-0.014281829,-0.008576469,-0.018777762,0.001906938,-0.04367942,-0.006135618,0.047082458,0.000633994,-0.204472106,-0.009589155,-0.025179232,0.020302796,-0.005198881,-0.010963695,0.00501161,-0.021895105,-0.018868954,-0.007439028,-0.005692734,-0.007604975,-0.012522145,-0.079138869,-0.037533483,-0.015551131,-0.003345321,-0.007216415,-0.014895871,2.62456E-05
BR2_main,2.872727273,0.038043361,-0.000209439,0.000285045,-0.014117218,-0.01639396,-0.017695314,0.002064871,-0.041924859,-0.006031448,0.044194721,0.000612009,-0.190377369,-0.004392161,-0.024323505,0.019884868,-0.00477774,-0.010829395,-0.002197153,-0.021579656,-0.01819741,-0.007493032,-0.006216787,-0.007305519,-0.012414198,-0.074443315,-0.035480614,-0.01552229,-0.00319174,-0.006404979,-0.013804299,2.57418E-05
BR2_main,2.992424242,0.036328381,-0.000250972,-0.004711495,-0.013884042,-0.021818941,-0.016608896,0.00220967,-0.038193685,-0.006019523,0.041356696,0.000587982,-0.177871268,-0.001867597,-0.022887317,0.01954882,-0.004526443,-0.010993789,-0.009016139,-0.022266104,-0.017632058,-0.00746062,-0.006026504,-0.007074539,-0.012296867,-0.068854288,-0.033029325,-0.015548872,-0.003081843,-0.006129368,-0.013426458,2.57135E-05
BR2_main,3.112121212,0.034164681,-0.000310732,-0.008807655,-0.013583469,-0.025065485,-0.015497984,0.00234534,-0.033637385,-0.006060363,0.038646561,0.000563685,-0.167044572,-0.000680733,-0.020911219,0.01891133,-0.004430092,-0.011330342,-0.016142702,-0.02340373,-0.01715892,-0.007322824,-0.005477101,-0.006910384,-0.012203101,-0.063171703,-0.030385676,-0.015571707,-0.003014891,-0.006370672,-0.013510496,2.61178E-05
BR2_main,3.231818182,0.031642077,-0.000391469,-0.012344777,-0.013221575,-0.026883659,-0.014376912,0.002493192,-0.029156487,-0.006139096,0.036102003,0.000540843,-0.157944459,-0.000140808,-0.01889056,0.017921935,-0.004444484,-0.011683713,-0.024197499,-0.024153835,-0.016780928,-0.007091107,-0.00486469,-0.006808205,-0.01216518,-0.058017676,-0.027727418,-0.015495837,-0.00298747,-0.006774103,-0.013874641,2.68759E-05
BR2_main,3.351515152,0.028961458,-0.000487408,-0.015557265,-0.012810984,-0.027869483,-0.013298697,0.002671095,-0.025530701,-0.006267285,0.033737026,0.000520603,-0.150653204,9.31161E-05,-0.017276282,0.016746259,-0.00452169,-0.011951756,-0.033629849,-0.023806469,-0.016512493,-0.006801495,-0.004412977,-0.0067633,-0.012196073,-0.053607096,-0.025169774,-0.015228028,-0.002995059,-0.007066791,-0.014411728,2.78478E-05
BR2_main,3.471212121,0.026370211,-0.000573905,-0.018534651,-0.01236949,-0.028439112,-0.012319744,0.002850139,-0.023050737,-0.006459627,0.031552608,0.000501663,-0.145327942,0.000185438,-0.016237176,0.015534259,-0.004618763,-0.012132876,-0.04446142,-0.022296418,-0.01632734,-0.006495767,-0.004281226,-0.00677301,-0.012286569,-0.049943681,-0.022751137,-0.014715499,-0.003032747,-0.007153059,-0.015064253,2.88129E-05
BR2_main,3.590909091,0.024066864,-0.000608031,-0.021227579,-0.011915836,-0.028872475,-0.011475267,0.002955755,-0.021539484,-0.006721293,0.029540356,0.000479048,-0.142178362,0.000214406,-0.015736049,0.014351043,-0.004703717,-0.01225568,-0.055765183,-0.020260867,-0.016165673,-0.00620984,-0.004593287,-0.006835015,-0.012406769,-0.046969504,-0.020460097,-0.013971461,-0.003095204,-0.007027352,-0.015798099,2.94903E-05
BR2_main,3.710606061,0.022148596,-0.000562267,-0.023401333,-0.011459425,-0.029318211,-0.0107691,0.002921664,-0.020647026,-0.007037323,0.027667769,0.000449087,-0.141300622,0.000216761,-0.015625162,0.013205994,-0.004754877,-0.01230561,-0.065026404,-0.018461179,-0.015985081,-0.005965606,-0.005433,-0.006940226,-0.012518864,-0.044587549,-0.018325522,-0.013091043,-0.003174613,-0.006765204,-0.016559485,2.96071E-05
BR2_main,3.83030303,0.020621759,-0.000458258,-0.024688559,-0.011006474,-0.029838222,-0.010188389,0.002731268,-0.02002737,-0.00737728,0.025899885,0.000415723,-0.142638795,0.000209602,-0.01574344,0.012059084,-0.004761311,-0.012251341,-0.068576647,-0.017283001,-0.015795585,-0.005772471,-0.006724434,-0.00707435,-0.012599412,-0.042697457,-0.016553367,-0.012224949,-0.003262117,-0.006504214,-0.01721577,2.90302E-05
BR2_main,3.95,0.019440405,-0.000342406,-0.024834543,-0.010566537,-0.030453444,-0.009717935,0.002425162,-0.019377841,-0.007708618,0.024215183,0.000385162,-0.145971016,0.000200958,-0.01599353,0.010844181,-0.004721998,-0.012091555,-0.064239434,-0.016726821,-0.015627859,-0.005631547,-0.007982467,-0.007221867,-0.012613272,-0.041214755,-0.015518998,-0.011512633,-0.003350017,-0.006371213,-0.017572074,2.7832E-05
BR2_main,4.06969697,0.018539642,-0.000245708,-0.023901261,-0.010151603,-0.031163131,-0.009345584,0.002073854,-0.018498874,-0.008000516,0.022602198,0.000359628,-0.150891932,0.00019474,-0.016356838,0.009559642,-0.004642475,-0.011848742,-0.053736773,-0.016631291,-0.015463863,-0.005538472,-0.008286087,-0.007368575,-0.012519611,-0.040063199,-0.015488465,-0.011013188,-0.003432327,-0.006425084,-0.017508805,2.623E-05
BR2_main,4.189393939,0.017854936,-0.000176306,-0.022167617,-0.00977468,-0.031954568,-0.009063542,0.001736706,-0.017366105,-0.008224634,0.021056291,0.000338613,-0.15687312,0.000193024,-0.016839787,0.008275565,-0.004532182,-0.011558026,-0.041128802,-0.016834302,-0.015247516,-0.005486135,-0.006998578,-0.00750435,-0.012340568,-0.03917073,-0.016306054,-0.010698781,-0.003505122,-0.006656518,-0.017066578,2.45003E-05
BR2_main,4.309090909,0.017330262,-0.000130048,-0.019933174,-0.00944827,-0.032807618,-0.008867084,0.00144378,-0.016104367,-0.008362134,0.019577311,0.000321231,-0.163354766,0.000196801,-0.017435788,0.007044001,-0.004402532,-0.011279464,-0.029611073,-0.017217902,-0.014951935,-0.005466281,-0.004504654,-0.007624296,-0.012147055,-0.038468528,-0.017505345,-0.010518058,-0.003566614,-0.007021453,-0.016406053,2.2914E-05
BR2_main,4.428787879,0.016920001,-0.000100055,-0.017490503,-0.009182926,-0.033696623,-0.008753367,0.001202373,-0.014920547,-0.008409362,0.018167861,0.000306916,-0.169823994,0.000205607,-0.018135819,0.005885082,-0.004265468,-0.011075379,-0.020480676,-0.017699654,-0.01459201,-0.005470165,-0.001745987,-0.007728243,-0.012002585,-0.037891381,-0.018627338,-0.010442555,-0.003616685,-0.007459544,-0.015736483,2.16686E-05
BR2_main,4.548484848,0.016588348,-8.06114E-05,-0.015117619,-0.008985995,-0.034590995,-0.008721135,0.001009052,-0.013967775,-0.008372647,0.01683199,0.000295365,-0.175865443,0.000217027,-0.018931401,0.004813938,-0.004132332,-0.010966006,-0.013786445,-0.01821851,-0.014198077,-0.005488756,0.000635673,-0.007817254,-0.011929405,-0.037378338,-0.01936653,-0.010463299,-0.003655937,-0.00790027,-0.015209318,2.08453E-05
BR2_main,4.668181818,0.016307667,-6.7798E-05,-0.013010784,-0.008860893,-0.035456982,-0.008770947,0.000857314,-0.013242039,-0.008261815,0.015574993,0.000286416,-0.181199558,0.000228018,-0.019805608,0.003842316,-0.004013158,-0.010923994,-0.009091554,-0.018726978,-0.013800124,-0.005513044,0.002483129,-0.007885802,-0.011859403,-0.036875027,-0.019592835,-0.010569114,-0.003684873,-0.008280265,-0.014858491,2.0435E-05
BR2_main,4.787878788,0.016056681,-5.91156E-05,-0.011255815,-0.008806143,-0.03625874,-0.00890472,0.000741366,-0.01265183,-0.008095126,0.014402911,0.000279966,-0.185705176,0.000236409,-0.020726889,0.002987053,-0.003916051,-0.010917633,-0.005881511,-0.019186333,-0.013424665,-0.005534229,0.003885371,-0.007915726,-0.011691392,-0.036334748,-0.019326397,-0.010739769,-0.003703338,-0.008558733,-0.01464579,2.03924E-05
BR2_main,4.907575758,0.015818843,-5.30158E-05,-0.009850526,-0.008814056,-0.036957578,-0.009124563,0.00065787,-0.012113443,-0.007898206,0.013321564,0.000275908,-0.189425228,0.000241337,-0.021647718,0.002263684,-0.003846512,-0.010942766,-0.003716242,-0.019562676,-0.013096501,-0.005543668,0.004971415,-0.007882983,-0.011449532,-0.035717303,-0.01866559,-0.010949677,-0.003710136,-0.008720892,-0.014522045,2.0676E-05
BR2_main,5.027272727,0.015580891,-4.85509E-05,-0.008731254,-0.00887057,-0.037514326,-0.009432396,0.000605617,-0.011556026,-0.007693491,0.012337208,0.000274114,-0.192584111,0.000245159,-0.022509071,0.00167449,-0.003807234,-0.011007353,-0.002263582,-0.019826009,-0.01284403,-0.005533319,0.005820696,-0.007779026,-0.011261521,-0.034990611,-0.017719324,-0.01117141,-0.003703168,-0.008771666,-0.014455098,2.12692E-05
BR2_main,5.146969697,0.015331964,-4.51418E-05,-0.007785648,-0.008955553,-0.037891367,-0.009829423,0.000582869,-0.010926922,-0.007491699,0.011457229,0.000274391,-0.195546649,0.000251901,-0.023247,0.001203542,-0.003797906,-0.011100577,-0.001288133,-0.019950258,-0.012693845,-0.005496123,0.006463224,-0.007624926,-0.011215677,-0.034131315,-0.016578917,-0.011376562,-0.003679703,-0.008725708,-0.014431346,2.21911E-05
BR2_main,5.266666667,0.015062893,-4.24354E-05,-0.006879756,-0.009043993,-0.038055041,-0.010315105,0.000584078,-0.010276383,-0.007292171,0.010691455,0.000276432,-0.19861485,0.000263263,-0.023800074,0.000818757,-0.00381513,-0.011180825,-0.000629036,-0.019914361,-0.012650542,-0.00542641,0.006939847,-0.007455995,-0.011302226,-0.033125238,-0.015314537,-0.011536094,-0.003636946,-0.008599693,-0.014442416,2.34959E-05
BR2_main,5.386363636,0.014765433,-4.0219E-05,-0.005914065,-0.009108202,-0.037978275,-0.010884195,0.000602503,-0.009719884,-0.007089017,0.0100544,0.000279769,-0.201786982,0.000278529,-0.024116173,0.000495784,-0.003852384,-0.011198703,-0.000178382,-0.019704016,-0.012692718,-0.0053203,0.007319092,-0.00729552,-0.011442044,-0.031967644,-0.013981385,-0.011621181,-0.003572958,-0.008408124,-0.014466596,2.52374E-05
BR2_main,5.506060606,0.014431857,-3.83708E-05,-0.004849631,-0.009120915,-0.037643134,-0.011520022,0.000637951,-0.00928267,-0.006876523,0.009568757,0.000283756,-0.20471112,0.000296434,-0.024157917,0.000231825,-0.003899795,-0.011122758,0.000136912,-0.019313415,-0.012788656,-0.005176018,0.007658576,-0.007142786,-0.01152742,-0.030663165,-0.01263003,-0.011604922,-0.003487715,-0.008161914,-0.014461352,2.73589E-05
BR2_main,5.625757576,0.014054702,-3.68311E-05,-0.003694816,-0.009058546,-0.037042909,-0.012183768,0.000693924,-0.008918868,-0.006651369,0.009270138,0.000287624,-0.206743523,0.000316072,-0.023906861,3.30877E-05,-0.003943175,-0.010921551,0.00036497,-0.018746246,-0.01289928,-0.004994072,0.007988321,-0.006974102,-0.011438494,-0.029225247,-0.011310908,-0.011465164,-0.003383674,-0.007868999,-0.014376208,2.95446E-05
BR2_main,5.745454545,0.013626579,-3.55869E-05,-0.002510182,-0.008903538,-0.036183174,-0.012805703,0.000766502,-0.008595647,-0.006412494,0.009210916,0.000290638,-0.207108357,0.000336976,-0.023365675,-9.64453E-05,-0.003962435,-0.010571991,0.000530355,-0.018015419,-0.012970588,-0.0047772,0.008319996,-0.006759951,-0.011045668,-0.027674891,-0.010069586,-0.011188355,-0.003265127,-0.007536512,-0.014169415,3.12217E-05
BR2_main,5.865151515,0.013140078,-3.4663E-05,-0.001398353,-0.008645472,-0.03508178,-0.013293809,0.00084638,-0.008306477,-0.006159946,0.00945415,0.000292238,-0.205349119,0.00035898,-0.022556531,-0.000156886,-0.003932711,-0.010109624,0.000640497,-0.017141733,-0.012934249,-0.004530115,0.008657761,-0.00648573,-0.010249621,-0.026038874,-0.008941014,-0.010773308,-0.003136231,-0.007174002,-0.013807318,3.18589E-05
BR2_main,5.984848485,0.012587777,-3.41141E-05,-0.000457705,-0.008281647,-0.033768757,-0.013561315,0.000928097,-0.008056427,-0.005894103,0.010034518,0.000292032,-0.201638914,0.000382102,-0.021516396,-0.000154254,-0.003832444,-0.009593734,0.00069515,-0.016152441,-0.012721959,-0.004259184,0.009003521,-0.006150117,-0.009083547,-0.024348343,-0.007948434,-0.010232674,-0.002998837,-0.006796822,-0.013261481,3.13799E-05
BR2_main,6.104545455,0.011962246,-3.39957E-05,0.000251952,-0.0078171,-0.032283039,-0.013543272,0.001010957,-0.007847861,-0.0056154,0.010866019,0.000289588,-0.196606275,0.00040645,-0.0202897,-0.000100185,-0.003652438,-0.00904986,0.000690177,-0.015078511,-0.012284654,-0.003971679,0.009358016,-0.005761509,-0.007736937,-0.022635626,-0.007104501,-0.00958896,-0.002851862,-0.006426746,-0.012521753,3.02139E-05
BR2_main,6.224242424,0.011256879,-3.42963E-05,0.000717865,-0.007265777,-0.030671968,-0.013195523,0.001096002,-0.007676587,-0.005325548,0.011677035,0.000284593,-0.190848471,0.000432219,-0.0189247,-7.52915E-06,-0.003397872,-0.008489191,0.000617526,-0.013953399,-0.011602675,-0.00367544,0.009721791,-0.00534118,-0.006424306,-0.020933803,-0.006413584,-0.008868571,-0.002693029,-0.006088115,-0.011609477,2.88349E-05
BR2_main,6.343939394,0.010466936,-3.478E-05,0.000966598,-0.006650873,-0.028991328,-0.012498432,0.001184125,-0.007538663,-0.005029216,0.012146128,0.000277542,-0.184617332,0.000459734,-0.017472175,0.000112221,-0.003086257,-0.007913734,0.000462253,-0.012811604,-0.010683433,-0.003378638,0.010096728,-0.004913846,-0.005265409,-0.019276657,-0.005872328,-0.008100369,-0.002518933,-0.005796715,-0.01056925,2.73672E-05
BR2_main,6.463636364,0.009590944,-3.47403E-05,0.00104726,-0.006000137,-0.027293911,-0.011470452,0.00127475,-0.007434563,-0.004733393,0.012110783,0.000269626,-0.177859988,0.000489354,-0.015978357,0.000248871,-0.002742588,-0.007288595,0.00019598,-0.011682082,-0.009570892,-0.00308823,0.010484067,-0.004490509,-0.004294671,-0.01769167,-0.005464058,-0.007316835,-0.002324661,-0.005541284,-0.009450113,2.56458E-05
BR2_main,6.583333333,0.008633301,-3.27901E-05,0.00102233,-0.00534066,-0.025625087,-0.010167321,0.001365297,-0.007370392,-0.004446616,0.01153629,0.000261852,-0.170486307,0.000521429,-0.014482913,0.000393684,-0.002393129,-0.00657414,-0.000225698,-0.010586421,-0.008354783,-0.00280948,0.010883531,-0.004067543,-0.003512601,-0.016198444,-0.005153532,-0.006550315,-0.002112552,-0.005272259,-0.008303346,2.35107E-05
BR2_main,6.703030303,0.007606819,-2.67672E-05,0.000945164,-0.004694333,-0.024022213,-0.008697312,0.001451174,-0.007356971,-0.004177652,0.010455764,0.000254726,-0.162527668,0.000556298,-0.01301866,0.000540104,-0.00205985,-0.005799099,-0.000853946,-0.009541104,-0.00713207,-0.002546004,0.011293323,-0.003642405,-0.00289967,-0.014809652,-0.004890958,-0.005824082,-0.001896493,-0.004916091,-0.007185815,2.10401E-05
BR2_main,6.822727273,0.006533832,-1.39485E-05,0.000836344,-0.00407558,-0.022514752,-0.007222994,0.001525266,-0.007404043,-0.003934388,0.009059391,0.000248505,-0.154156569,0.000594282,-0.011610865,0.000684153,-0.001758033,-0.005044157,-0.001742882,-0.008559318,-0.005976022,-0.002299938,0.011710207,-0.003226715,-0.002415865,-0.013532243,-0.004628021,-0.005150313,-0.001688954,-0.004420616,-0.006151943,1.85121E-05
BR2_main,6.942424242,0.005444384,8.22102E-06,0.000696826,-0.003492209,-0.021124734,-0.005894556,0.001576812,-0.007509609,-0.003723385,0.007644502,0.000243402,-0.145708118,0.000635682,-0.010276478,0.00082415,-0.001495998,-0.004364266,-0.00297802,-0.007649753,-0.004927086,-0.002072148,0.012129552,-0.002835595,-0.002022175,-0.01236859,-0.004336593,-0.004533603,-0.001494972,-0.003800746,-0.005239954,1.61735E-05
BR2_main,7.062121212,0.004371215,4.17678E-05,0.00053639,-0.002948629,-0.019867659,-0.004793331,0.001592593,-0.007653051,-0.003549411,0.006432341,0.000239637,-0.137614418,0.000680776,-0.009024064,0.000960041,-0.001275501,-0.003778279,-0.004626769,-0.006815983,-0.003997456,-0.001862481,0.012545462,-0.002464193,-0.001703216,-0.011317661,-0.004013641,-0.00397426,-0.001317524,-0.003138009,-0.004465627,1.4119E-05
BR2_main,7.181818182,0.003344169,8.90141E-05,0.000375001,-0.002449741,-0.01875351,-0.003933176,0.001562342,-0.007804009,-0.003414728,0.005493996,0.000237429,-0.130230114,0.000729813,-0.007854666,0.001092642,-0.001093539,-0.00329111,-0.006511577,-0.006057763,-0.003189289,-0.001670011,0.012950892,-0.002103297,-0.001455175,-0.010376012,-0.003671268,-0.003470422,-0.001161231,-0.002528464,-0.003825786,1.23385E-05
BR2_main,7.301515152,0.002385886,0.000154468,0.00022799,-0.002003474,-0.017787725,-0.003281777,0.001485571,-0.007938074,-0.003318948,0.004798234,0.000236986,-0.123724492,0.000783002,-0.006763533,0.001222945,-0.000944823,-0.002891788,-0.008021675,-0.005372533,-0.002506318,-0.001493265,0.013337719,-0.001763819,-0.001269471,-0.00953858,-0.003331664,-0.003019832,-0.001030575,-0.002029472,-0.003305806,1.07921E-05
BR2_main,7.421212121,0.001509847,0.000243929,0.000101988,-0.001619903,-0.01697194,-0.002780374,0.001374329,-0.008029839,-0.003259704,0.004280941,0.000238487,-0.1181087,0.000840491,-0.005742202,0.001351613,-0.000823539,-0.002551497,-0.00834789,-0.00475633,-0.001958363,-0.001330432,0.013696656,-0.001463652,-0.001132551,-0.008799251,-0.003020638,-0.002621415,-0.000926601,-0.001648621,-0.002886284,9.44654E-06
BR2_main,7.540909091,0.000721331,0.000359735,-1.68004E-07,-0.001306929,-0.016304906,-0.002364183,0.001246994,-0.008042119,-0.003233385,0.003887301,0.000242093,-0.11332365,0.000902343,-0.004780567,0.001478924,-0.000724208,-0.002242951,-0.007162364,-0.004204433,-0.001555631,-0.001179605,0.014017351,-0.001213178,-0.001029714,-0.008151572,-0.002755418,-0.002275919,-0.000846136,-0.001365312,-0.002547511,8.28726E-06
BR2_main,7.660606061,1.96198E-05,0.000500778,-7.65494E-05,-0.001066212,-0.015783474,-0.001981514,0.001118397,-0.007958429,-0.00323511,0.003577697,0.000247945,-0.109305794,0.000968539,-0.003868549,0.001604972,-0.000641981,-0.001959989,-0.004955907,-0.00371186,-0.00129383,-0.001039067,0.014288786,-0.001015166,-0.00094808,-0.007589787,-0.002542481,-0.001984336,-0.000783192,-0.001153078,-0.002271992,7.31698E-06
BR2_main,7.78030303,0.000001,0.000667847,-0.00012543,-0.00089251,-0.015403994,-0.001606898,0.000995398,-0.007811667,-0.003258198,0.003325735,0.000256188,-0.106002398,0.001039031,-0.002997394,0.001729812,-0.00057271,-0.001711463,-0.002551169,-0.003273885,-0.001145625,-0.000907632,0.014500493,-0.000864427,-0.000878924,-0.007110944,-0.002382541,-0.001744946,-0.00073108,-0.000989415,-0.002045624,6.54336E-06
BR2_main,7.9,0.000001,0.000866222,-0.00014441,-0.000774846,-0.015162124,-0.001240415,0.000878499,-0.00765564,-0.003294151,0.003118064,0.000266972,-0.103331048,0.001113756,-0.002160081,0.001853338,-0.000512897,-0.001502011,-0.00048207,-0.002886104,-0.001069858,-0.000784929,0.014642911,-0.000750625,-0.000817923,-0.006718145,-0.002274556,-0.00155276,-0.000683981,-0.000856794,-0.001857611,5.96435E-06
BR2_main,8.01969697,0.000001,0.00110442,-0.000129169,-0.000698537,-0.015051955,-0.000893423,0.000766429,-0.007534414,-0.003334416,0.002947042,0.000280444,-0.101164647,0.001192639,-0.001351599,0.001975149,-0.000459669,-0.001325027,0.001129504,-0.002544487,-0.001028888,-0.000671688,0.014707683,-0.000663379,-0.000763634,-0.006425963,-0.002217897,-0.001402384,-0.000638379,-0.000740718,-0.001699838,5.57276E-06
BR2_main,8.139393939,0.000001,0.00139239,-7.31305E-05,-0.00064893,-0.015064827,-0.000575264,0.000659613,-0.007469027,-0.003373129,0.002804932,0.000296762,-0.099437885,0.00127568,-0.000569325,0.002094627,-0.000410903,-0.001172392,0.002377262,-0.002245559,-0.000998261,-0.000569937,0.014688879,-0.000595317,-0.000716264,-0.006262381,-0.002213167,-0.001290823,-0.000593622,-0.000628524,-0.001566136,5.36505E-06
BR2_main,8.259090909,0.000001,0.00174019,3.14052E-05,-0.000614955,-0.015184502,-0.000285638,0.00056047,-0.007441546,-0.003407693,0.00268351,0.000316074,-0.098184797,0.001362896,0.000185351,0.002210967,-0.00036548,-0.001041732,0.003397418,-0.001986224,-0.000966577,-0.000482779,0.014582531,-0.000541995,-0.000677055,-0.006245637,-0.002262177,-0.001217776,-0.000550269,-0.000511485,-0.001451523,5.33464E-06
BR2_main,8.378787879,0.000001,0.002156676,0.000191927,-0.000590209,-0.015381095,-9.29605E-06,0.000472217,-0.007394319,-0.003437413,0.002575421,0.000338517,-0.097424631,0.001454331,0.000900403,0.002323437,-0.000323753,-0.000933106,0.004303246,-0.001763787,-0.000931268,-0.000413695,0.014387073,-0.000500602,-0.000647726,-0.006327188,-0.002367797,-0.00118227,-0.000508874,-0.000391103,-0.001351866,5.46526E-06
BR2_main,8.498484848,0.000001,0.002647534,0.000415361,-0.000572045,-0.015604804,0.000267567,0.000398349,-0.007278149,-0.003462237,0.002474872,0.000364163,-0.097148735,0.001550051,0.00154651,0.002431708,-0.000287874,-0.000845264,0.005177901,-0.001575907,-0.000894475,-0.000365411,0.014103458,-0.000468902,-0.000629817,-0.006375195,-0.002533194,-0.001174136,-0.000470219,-0.000285892,-0.001263786,5.73383E-06
BR2_main,8.618181818,0.000001,0.003212321,0.000708813,-0.000560151,-0.01578694,0.000534864,0.000342092,-0.007110204,-0.003482522,0.002377893,0.000392818,-0.097366463,0.001650082,0.002093749,0.002536124,-0.000261274,-0.000775043,0.006083181,-0.001420522,-0.000860306,-0.000338849,0.013734811,-0.000444613,-0.000624155,-0.006280646,-0.002760056,-0.001167399,-0.000435438,-0.000228681,-0.001184723,6.11666E-06
BR2_main,8.737878788,0.000001,0.003841036,0.001080839,-0.000555308,-0.015858978,0.000768142,0.000304505,-0.006955585,-0.003498407,0.002282862,0.000423718,-0.09804361,0.001754369,0.002544811,0.002637832,-0.000247325,-0.000719038,0.007069032,-0.001295812,-0.000833107,-0.000332734,0.013286209,-0.00042511,-0.0006307,-0.006056639,-0.003046303,-0.001135854,-0.000405632,-0.000238018,-0.001113072,6.5932E-06
BR2_main,8.857575758,0.000001,0.0045116,0.001541722,-0.000558507,-0.015786138,0.000936513,0.000283461,-0.006863256,-0.003509488,0.002191659,0.000455973,-0.099081752,0.001862751,0.002921758,0.002738479,-0.000247921,-0.000674443,0.008180703,-0.001200172,-0.000816208,-0.000343972,0.012764404,-0.000407763,-0.000648722,-0.005793896,-0.003383654,-0.001081159,-0.000381505,-0.000291994,-0.001048298,7.14667E-06
BR2_main,8.977272727,0.000001,0.005190519,0.002101851,-0.000570888,-0.015587982,0.000989687,0.00027602,-0.006842142,-0.003516676,0.002111818,0.000490111,-0.100404606,0.00197492,0.003228266,0.002839218,-0.000261794,-0.000638536,0.009463763,-0.001132195,-0.000811217,-0.000368506,0.012177336,-0.000391161,-0.000676918,-0.005573593,-0.003750949,-0.001028319,-0.000363372,-0.000352575,-0.000990972,7.76279E-06
BR2_main,9.096969697,0.000001,0.005838756,0.002770377,-0.000594275,-0.015323998,0.000861586,0.000281712,-0.006880092,-0.003524736,0.00206015,0.000528955,-0.101976888,0.002090387,0.00345622,0.002939049,-0.000284542,-0.000608848,0.010967555,-0.001090664,-0.000818035,-0.000402173,0.011533493,-0.000375679,-0.000712792,-0.005437197,-0.004100729,-0.001000318,-0.000351366,-0.000398245,-0.000942676,8.42717E-06
BR2_main,9.216666667,0.000001,0.006422472,0.003556696,-0.00062974,-0.015060316,0.000518106,0.000303746,-0.006967841,-0.003544041,0.002068339,0.000577205,-0.103767108,0.002208437,0.003599218,0.003033288,-0.000311272,-0.000583716,0.012747171,-0.001074554,-0.000835697,-0.000441304,0.010841202,-0.000362091,-0.000750893,-0.005397367,-0.004355587,-0.001009081,-0.000345617,-0.000426382,-0.000905563,9.12122E-06
BR2_main,9.336363636,0.000001,0.006925503,0.004467945,-0.000674477,-0.014847363,3.41128E-05,0.000347782,-0.007107747,-0.003590529,0.002188966,0.000639903,-0.105737424,0.002328123,0.003655746,0.00311398,-0.000338816,-0.000562414,0.014863027,-0.001083072,-0.000863939,-0.000483016,0.010108135,-0.000350304,-0.000782086,-0.005454076,-0.004439942,-0.001059207,-0.000346227,-0.000442917,-0.000881086,9.81598E-06
BR2_main,9.456060606,0.000001,0.007359776,0.005484444,-0.000721926,-0.014715843,-0.000414414,0.000417866,-0.007308568,-0.003682741,0.002490465,0.000719091,-0.107864937,0.002448269,0.00363241,0.00317353,-0.000365699,-0.000544944,0.017374813,-0.001115713,-0.00090444,-0.000525256,0.009340847,-0.000339675,-0.00079898,-0.005604098,-0.004336899,-0.00114892,-0.000352931,-0.00045509,-0.000867668,1.04635E-05
BR2_main,9.575757576,0.000001,0.007772853,0.006512752,-0.000765013,-0.014681875,-0.000648431,0.000509786,-0.007571738,-0.003834678,0.003016256,0.00080974,-0.110160642,0.002567454,0.003540785,0.003209817,-0.000391295,-0.000531748,0.020323685,-0.001172346,-0.000960417,-0.000566705,0.00854436,-0.000329843,-0.000802942,-0.005844912,-0.004101934,-0.00126321,-0.000364488,-0.000469109,-0.000859056,1.09897E-05
BR2_main,9.695454545,0.000001,0.008254693,0.007364834,-0.00079816,-0.014753233,-0.000583731,0.000603379,-0.007876079,-0.004043165,0.00372298,0.000897882,-0.112663916,0.002684034,0.003391794,0.003228328,-0.000415446,-0.000523496,0.023698447,-0.001253384,-0.001034437,-0.000606619,0.007722068,-0.000320992,-0.000800725,-0.006175718,-0.003812364,-0.001369988,-0.000378438,-0.000490425,-0.000847061,1.1299E-05
BR2_main,9.815151515,0.000001,0.008941003,0.007836593,-0.000816875,-0.014933461,-0.000281807,0.000655281,-0.008185683,-0.004271841,0.004496836,0.000964312,-0.115419427,0.002796159,0.003193346,0.00323918,-0.000438312,-0.000520946,0.027398698,-0.001360105,-0.001126376,-0.00064467,0.006875988,-0.000313593,-0.000798289,-0.006597112,-0.003525336,-0.001439399,-0.000392273,-0.000524974,-0.000828146,1.13047E-05
BR2_main,9.934848485,0.000001,0.009987504,0.00786521,-0.000822437,-0.015223845,0.000113257,0.000619839,-0.008483363,-0.004446423,0.005179981,0.000994867,-0.118458841,0.002901789,0.002950509,0.003251933,-0.000460247,-0.000524877,0.031240121,-0.001495236,-0.001233712,-0.000680796,0.006007634,-0.000308159,-0.000800301,-0.007110145,-0.003273248,-0.001474592,-0.000405256,-0.000580877,-0.000805953,1.09718E-05
BR2_main,10.05454545,0.000001,0.011439016,0.007580205,-0.000827203,-0.015623789,0.000466323,0.000496573,-0.00877238,-0.004489232,0.005350561,0.000986004,-0.121795276,0.002998734,0.002665581,0.00327235,-0.000481713,-0.000536073,0.035030445,-0.001664051,-0.001353224,-0.000715093,0.005119916,-0.000305196,-0.000810304,-0.00771502,-0.00307179,-0.001513411,-0.000419039,-0.000670801,-0.000786127,1.03378E-05
BR2_main,10.17424242,0.000001,0.012920869,0.007187518,-0.000843993,-0.016129965,0.000683442,0.000316473,-0.009040603,-0.004376256,0.004250585,0.000940411,-0.125423511,0.003084687,0.002338243,0.003302535,-0.000503229,-0.000555325,0.038665099,-0.001876291,-0.001482148,-0.000747734,0.00422048,-0.000305212,-0.000831527,-0.00840941,-0.002926791,-0.001596914,-0.000437064,-0.000815403,-0.000771694,9.48867E-06
BR2_main,10.29393939,0.000001,0.0134261,0.006856234,-0.00087648,-0.016734165,0.000719778,9.38168E-05,-0.009254746,-0.004149655,0.001600064,0.000864256,-0.129316772,0.003157272,0.00196667,0.003343427,-0.000525374,-0.000583429,0.042188113,-0.002149201,-0.001618475,-0.000778916,0.003326703,-0.000308792,-0.000867442,-0.009186046,-0.002838906,-0.001746436,-0.000463295,-0.001048151,-0.000763703,8.51703E-06
BR2_main,10.41363636,0.000001,0.011985331,0.00669727,-0.000922189,-0.017419679,0.00058008,-0.000158793,-0.009403115,-0.003884229,-0.00162532,0.000771799,-0.133415606,0.00321408,0.001549715,0.003398275,-0.000548799,-0.000621202,0.045797812,-0.002511143,-0.001760823,-0.000808826,0.002471512,-0.000316787,-0.000921445,-0.010028749,-0.002806647,-0.001970667,-0.00050103,-0.001420366,-0.000763772,7.50159E-06
BR2_main,10.53333333,0.000001,0.009130482,0.006787637,-0.000978052,-0.018156161,0.000301209,-0.000370256,-0.009533281,-0.003646135,-0.00394614,0.000687657,-0.137609368,0.003252698,0.001090643,0.003475396,-0.00057426,-0.000669671,0.049812885,-0.00300153,-0.001908273,-0.000837617,0.001706663,-0.000330652,-0.000997144,-0.010905,-0.002827399,-0.002276282,-0.000552701,-0.002000362,-0.000776084,6.5098E-06
BR2_main,10.6530303,0.000001,0.007174293,0.007194235,-0.001042933,-0.018894516,-6.32708E-05,-0.000415398,-0.009726211,-0.003477446,-0.004508129,0.000641798,-0.14172208,0.003270701,0.000603727,0.003583929,-0.000602669,-0.000730996,0.054668037,-0.003652222,-0.002060402,-0.000865402,0.001096608,-0.000353011,-0.001099216,-0.011752828,-0.002895757,-0.002662457,-0.000620008,-0.002848691,-0.000808568,5.60987E-06
BR2_main,10.77272727,0.000001,0.008222778,0.007984928,-0.001118103,-0.019566101,-0.000439986,-0.000223273,-0.010020545,-0.003412722,-0.003228817,0.000661836,-0.145525629,0.003265592,0.000126024,0.00371294,-0.000635136,-0.000811581,0.060943126,-0.004422312,-0.002217775,-0.000892241,0.000697233,-0.000388643,-0.001234097,-0.012467706,-0.002999393,-0.003093702,-0.000703461,-0.003940602,-0.000874379,4.88144E-06
BR2_main,10.89242424,0.000001,0.012332995,0.009216632,-0.001206962,-0.020093035,-0.000727618,0.000129798,-0.010362515,-0.003482531,-0.000519163,0.000764457,-0.148797348,0.003234638,-0.000262441,0.003818757,-0.000673006,-0.00092997,0.069225287,-0.005104097,-0.002383083,-0.000918146,0.000529329,-0.000446221,-0.001409868,-0.012922634,-0.003115019,-0.003469231,-0.000801094,-0.005046998,-0.000994822,4.42184E-06
BR2_main,11.01212121,0.000001,0.018023481,0.01087367,-0.001314316,-0.020411822,-0.000818715,0.000498216,-0.010619535,-0.003693294,0.002889383,0.000946269,-0.151393456,0.003174599,-0.00041096,0.003885128,-0.000717849,-0.001129398,0.079452101,-0.005401814,-0.002563113,-0.000943075,0.000572386,-0.000541298,-0.001634358,-0.013055254,-0.003209255,-0.003665239,-0.000906668,-0.005717254,-0.0012033,4.3455E-06
BR2_main,11.13181818,0.000001,0.023142523,0.012733725,-0.001444999,-0.020498714,-0.000653186,0.00076468,-0.010629867,-0.004005329,0.006102948,0.00116701,-0.153263704,0.00308137,-9.48186E-05,0.0039837,-0.000771297,-0.001481161,0.089959242,-0.005277347,-0.002771481,-0.000966938,0.000784263,-0.000701068,-0.001910956,-0.012930343,-0.003246864,-0.003658732,-0.001008663,-0.005541834,-0.001547977,4.77239E-06
BR2_main,11.25151515,0.000001,0.025186812,0.014275253,-0.00160182,-0.020376468,-0.000245906,0.000864322,-0.010143345,-0.004321985,0.008291896,0.001355664,-0.15435434,0.002949807,0.000842969,0.004209159,-0.000834594,-0.00206017,0.097504935,-0.005005776,-0.003031503,-0.000989606,0.001122666,-0.000970589,-0.002237276,-0.012667661,-0.00320224,-0.003539624,-0.001092614,-0.004556362,-0.002090271,5.80017E-06
BR2_main,11.37121212,0.000001,0.022495533,0.014980474,-0.001783336,-0.020095273,0.000329858,0.000825589,-0.008845765,-0.004543143,0.008911051,0.001464847,-0.154424483,0.002774627,0.002034694,0.004590059,-0.000907584,-0.002905801,0.099429829,-0.004826641,-0.003376681,-0.001010917,0.00154972,-0.001415907,-0.002618841,-0.012358905,-0.003072353,-0.003394807,-0.001147789,-0.003235208,-0.002896045,7.45544E-06
BR2_main,11.49090909,0.000001,0.015716099,0.014921434,-0.001982565,-0.019702935,0.000951397,0.00076951,-0.007132196,-0.004671225,0.007787575,0.001492338,-0.15292281,0.002554557,0.002122474,0.005033802,-0.000986995,-0.003989621,0.096428863,-0.004791005,-0.003840399,-0.001030692,0.002018391,-0.002106283,-0.003078642,-0.012057465,-0.002881267,-0.003255945,-0.001172921,-0.002016356,-0.00400486,9.6255E-06
BR2_main,11.61060606,0.000001,0.007915688,0.014623414,-0.002187536,-0.019224989,0.001457521,0.000812623,-0.00697337,-0.004784504,0.005136969,0.001447766,-0.149339453,0.002303018,-0.000415413,0.00532631,-0.001064606,-0.005186514,0.092301922,-0.004847801,-0.004414464,-0.001048751,0.002455286,-0.003034991,-0.003615156,-0.011776329,-0.002664769,-0.003124182,-0.001173239,-0.001063686,-0.005349861,1.19915E-05
BR2_main,11.73030303,0.000001,0.002863913,0.014294149,-0.002383608,-0.018664739,0.001712745,0.000942017,-0.010626426,-0.004863953,0.001799748,0.00134294,-0.144512813,0.002063064,-0.005229695,0.005320023,-0.001127373,-0.00623593,0.090548188,-0.004936119,-0.004962446,-0.001064931,0.002782647,-0.003963751,-0.004117158,-0.011463252,-0.002455349,-0.002995355,-0.001150728,-0.000391537,-0.006621876,1.40279E-05
BR2_main,11.85,0.000001,0.001948516,0.013600099,-0.002556518,-0.018018346,0.001670883,0.001031119,-0.016402845,-0.00472089,-0.000635249,0.001203114,-0.141463973,0.00190228,-0.010146524,0.005088117,-0.001161924,-0.006779467,0.091008945,-0.005015617,-0.005194626,-0.001079101,0.002987468,-0.00439923,-0.004343659,-0.011003194,-0.002276349,-0.002866364,-0.001100113,1.80131E-06,-0.007265266,1.51641E-05
BR3_main,0,0.020518141,0.003920119,0.160166002,-0.034768191,-0.204157782,0.013495515,-0.005537564,-1.757509723,-0.038182123,-0.065814576,0.017012409,-1.526289046,-0.855276081,-0.091471344,0.223482888,-0.019487871,-0.135410918,2.22258935,-0.062522439,-0.054012745,-0.040599403,0.544711292,-0.112622838,-0.170731741,-2.223310182,-0.432841903,-0.454935966,-0.032538335,-0.056414486,-0.126656719,0.000180728
BR3_main,0.11959596,0.027033467,-0.002700251,0.175267824,-0.036874535,-0.172257464,0.015819992,-0.005834808,-1.25915505,-0.034484623,-0.007832813,0.008876236,-1.470731861,-0.800850631,-0.057614262,0.162134504,-0.024710585,-0.127441446,2.014113767,-0.060497147,-0.049101751,-0.03500364,0.532834052,-0.105152906,-0.153862226,-1.354517308,-0.399889533,-0.353547157,-0.02678886,-0.051103512,-0.102179975,0.000168764
BR3_main,0.239191919,0.0321314,-0.003189045,0.19244582,-0.038025599,-0.124114206,0.017783477,-0.005705762,-0.470516486,-0.029403471,0.075535038,0.001276463,-1.377024278,-0.700009905,-0.017228591,0.050681423,-0.028046471,-0.11566188,1.633617453,-0.059122993,-0.044216635,-0.029403113,0.514575685,-0.091810593,-0.130682552,-0.407246557,-0.341897768,-0.24820646,-0.021545015,-0.041807745,-0.080478008,0.000155585
BR3_main,0.358787879,0.035944139,0.003473938,0.204286391,-0.038340841,-0.07586175,0.01906543,-0.005698408,0.250907237,-0.024060352,0.139486513,-0.003347387,-1.322317303,-0.598173416,0.018175172,-0.039016386,-0.029411335,-0.101990106,1.276381026,-0.058207112,-0.039715245,-0.024187556,0.495236181,-0.076584259,-0.107444444,0.273913796,-0.271321422,-0.1711667,-0.01727955,-0.031953642,-0.06281883,0.000141947
BR3_main,0.478383838,0.038506377,0.012235784,0.20828667,-0.037992493,-0.035597478,0.019439268,-0.006029101,0.694987625,-0.019274373,0.166763701,-0.004635791,-1.343429586,-0.51803299,0.040950466,-0.040950181,-0.029029485,-0.088208776,1.013360469,-0.057521103,-0.035819978,-0.019606703,0.476430631,-0.062506089,-0.087453629,0.539963518,-0.202803282,-0.12244102,-0.014078215,-0.02358208,-0.049608631,0.000128504
BR3_main,0.597979798,0.040106904,0.017839767,0.205282578,-0.037149271,-0.006847665,0.018811852,-0.006680592,0.755289,-0.015411869,0.165922939,-0.003623754,-1.418983788,-0.456569301,0.048115561,0.046647066,-0.027320635,-0.075603563,0.837868102,-0.056848276,-0.03261416,-0.015773718,0.455149237,-0.052574212,-0.071506162,0.45881745,-0.143817717,-0.091441004,-0.011789806,-0.017318005,-0.040558364,0.000115758
BR3_main,0.717575758,0.041061388,0.017005766,0.197034187,-0.035957483,0.007203763,0.017215764,-0.00757765,0.4953641,-0.01251741,0.151789333,-0.001618471,-1.468077696,-0.40363051,0.041968487,0.162676344,-0.024778648,-0.064868846,0.725636052,-0.056025955,-0.030081382,-0.012704113,0.424158343,-0.048249923,-0.059261347,0.197919619,-0.09492766,-0.070949796,-0.010191729,-0.013057236,-0.034962135,0.000104034
BR3_main,0.837171717,0.041614681,0.00988377,0.185206174,-0.034535312,0.005964396,0.014788943,-0.008469773,0.152176338,-0.010479705,0.134764177,7.56814E-05,-1.383593835,-0.356783374,0.028727553,0.230308567,-0.021864988,-0.056151394,0.652780574,-0.054956215,-0.028144651,-0.010351964,0.377144215,-0.047193779,-0.050023038,-0.084183707,-0.057271416,-0.057031257,-0.009074127,-0.010423281,-0.031943295,9.34883E-05
BR3_main,0.956767677,0.041929708,0.00031949,0.171128008,-0.03297253,-0.004697919,0.01175508,-0.008864935,-0.079016936,-0.009138003,0.119360313,0.000755503,-1.134834757,-0.318538237,0.014321685,0.21168542,-0.018939537,-0.049207157,0.59803432,-0.053595968,-0.026698739,-0.008637057,0.317218911,-0.04492396,-0.043077523,-0.275132835,-0.03342773,-0.047349538,-0.008261613,-0.00898551,-0.030635687,8.414E-05
BR3_main,1.076363636,0.042106522,-0.007964619,0.155791034,-0.031331378,-0.015886323,0.008392975,-0.008370325,-0.153733982,-0.008331301,0.106304473,0.000603874,-0.82411778,-0.288725628,0.001871961,0.131567831,-0.016235532,-0.043624748,0.545147868,-0.051937226,-0.025634013,-0.00746308,0.255743564,-0.039308304,-0.037820018,-0.326101883,-0.025310277,-0.040434899,-0.007613417,-0.008360856,-0.030293589,7.59117E-05
BR3_main,1.195959596,0.042203813,-0.013399186,0.139951687,-0.029658862,-0.023203178,0.004990972,-0.007064495,-0.119266638,-0.007918201,0.095028679,0.000126589,-0.570384095,-0.264737358,-0.007843909,0.04297548,-0.013874852,-0.039025204,0.487909602,-0.050004942,-0.02486146,-0.006731384,0.201880356,-0.03186123,-0.033796514,-0.241365193,-0.036386277,-0.035339107,-0.007027862,-0.008247753,-0.030349574,6.86859E-05
BR3_main,1.315555556,0.042254912,-0.015421507,0.124181964,-0.027989989,-0.027090505,0.00179178,-0.00539808,-0.042547909,-0.007780508,0.085175261,-0.000359449,-0.408068692,-0.244669887,-0.01517409,-0.018285053,-0.011894772,-0.035137289,0.433319626,-0.047844156,-0.02432489,-0.006347283,0.158291843,-0.025067533,-0.030688118,-0.079553215,-0.07057687,-0.031441104,-0.006448724,-0.008416381,-0.030419477,6.23294E-05
BR3_main,1.435151515,0.042278025,-0.014062952,0.108908081,-0.026350685,-0.029140769,-0.001043655,-0.003780161,0.027008995,-0.007822689,0.076683096,-0.000684443,-0.316043216,-0.228864135,-0.020794391,-0.044163191,-0.010278582,-0.03178948,0.394861876,-0.045510777,-0.024010125,-0.00622392,0.123947382,-0.020207632,-0.028279788,0.055326208,-0.125526429,-0.028332723,-0.0058662,-0.008691399,-0.03027986,5.67151E-05
BR3_main,1.554747475,0.042282232,-0.010534081,0.09443705,-0.024760004,-0.030391779,-0.00344233,-0.002391888,0.068062987,-0.007970138,0.06939411,-0.000705941,-0.266133593,-0.218035333,-0.02527264,-0.042834793,-0.00898151,-0.028874812,0.37753317,-0.043064925,-0.023951631,-0.00628448,0.096954931,-0.01728125,-0.026426317,0.083297202,-0.187409671,-0.025742436,-0.005304751,-0.008943914,-0.02983228,5.17385E-05
BR3_main,1.674343434,0.042270708,-0.006602989,0.080975246,-0.023231676,-0.031297928,-0.005402786,-0.001258641,0.079761079,-0.008166986,0.06305049,-0.00044388,-0.239200302,-0.209447227,-0.028760382,-0.026883606,-0.007949027,-0.02632108,0.370760394,-0.040566098,-0.024229707,-0.006463283,0.075618983,-0.015646454,-0.025021205,0.025253632,-0.232366696,-0.02349034,-0.004802907,-0.009093809,-0.029065254,4.73263E-05
BR3_main,1.793939394,0.042242102,-0.003452853,0.068645088,-0.021775866,-0.032014202,-0.006970701,-0.000351584,0.070446315,-0.008373787,0.05744418,-7.06366E-05,-0.224397095,-0.197129107,-0.030931515,-0.007285849,-0.00712818,-0.024073967,0.358153922,-0.038070746,-0.024931431,-0.006706275,0.058613292,-0.014553665,-0.023969786,-0.043406506,-0.236832189,-0.021467571,-0.004395671,-0.009121356,-0.028021321,4.344E-05
BR3_main,1.913535354,0.042190584,-0.001400836,0.057501755,-0.020401559,-0.032575328,-0.008217634,0.000359849,0.049989314,-0.008565408,0.052461944,0.000266825,-0.215765013,-0.177902173,-0.031491784,0.009256158,-0.006473733,-0.022090176,0.331029175,-0.035632396,-0.026021926,-0.006971299,0.044920913,-0.013559894,-0.023165812,-0.083126677,-0.195428358,-0.019624613,-0.004103964,-0.009082912,-0.026772666,4.00758E-05
BR3_main,2.033131313,0.042104686,-0.00026614,0.047512158,-0.019104969,-0.032955124,-0.009220635,0.000901268,0.02572293,-0.008722922,0.048022403,0.000518004,-0.210037453,-0.15363282,-0.030695514,0.020519112,-0.005946438,-0.020321105,0.288252227,-0.033278277,-0.027113216,-0.007223012,0.033724651,-0.012570222,-0.022457393,-0.09515434,-0.128411024,-0.017941418,-0.003928266,-0.009085871,-0.025386053,3.7235E-05
BR3_main,2.152727273,0.041964831,0.000245518,0.038622189,-0.017887198,-0.033144284,-0.01005914,0.001302668,0.002231066,-0.008837294,0.044083415,0.000683544,-0.206103896,-0.126921274,-0.029184303,0.026934704,-0.005518753,-0.018731699,0.232775695,-0.031037908,-0.02748337,-0.007436965,0.024388929,-0.011616691,-0.021667396,-0.093420839,-0.063574793,-0.016422461,-0.003854229,-0.009193465,-0.023932987,3.49524E-05
BR3_main,2.272323232,0.041739276,0.000379581,0.030757551,-0.016754475,-0.033220721,-0.010813871,0.00160514,-0.017495789,-0.008908053,0.040619868,0.000771376,-0.204437723,-0.098273184,-0.027451951,0.029768913,-0.005174064,-0.017300231,0.171212716,-0.028942022,-0.026639896,-0.007599265,0.016401463,-0.010767003,-0.020642111,-0.088536902,-0.016682352,-0.01507882,-0.003857866,-0.009342632,-0.022483277,3.32835E-05
BR3_main,2.391919192,0.041378377,0.000320123,0.023818455,-0.015713998,-0.033383129,-0.011564181,0.001851988,-0.031751753,-0.008939932,0.037606912,0.000792063,-0.205737137,-0.069146917,-0.025543138,0.030236624,-0.004905276,-0.016013899,0.110995371,-0.027014992,-0.024848489,-0.007704137,0.009331743,-0.010065912,-0.019323398,-0.083627096,0.009376563,-0.013915714,-0.003908488,-0.009430905,-0.021095996,3.22772E-05
BR3_main,2.511515152,0.040808008,0.00020009,0.017684777,-0.014771725,-0.033824153,-0.012382287,0.002056969,-0.040242909,-0.008940224,0.035016231,0.000765638,-0.209150592,-0.043815581,-0.023310634,0.029259567,-0.004715785,-0.014865543,0.057220617,-0.025272142,-0.022806794,-0.007751597,0.002817564,-0.00948571,-0.017782624,-0.078420505,0.017781082,-0.01293046,-0.003967696,-0.009433797,-0.019815841,3.19316E-05
BR3_main,2.631111111,0.039925739,9.22719E-05,0.012225235,-0.013931099,-0.034530685,-0.013318807,0.002204208,-0.043748416,-0.008916877,0.032817026,0.000715364,-0.211240717,-0.025345803,-0.020856008,0.027482838,-0.004620437,-0.013850394,0.011965502,-0.023720136,-0.020973203,-0.007745406,-0.003417429,-0.008987839,-0.016185833,-0.07270511,0.013902768,-0.012115297,-0.003988282,-0.009392324,-0.01867315,3.21228E-05
BR3_main,2.750707071,0.038608922,1.2866E-05,0.007305496,-0.013189143,-0.035288567,-0.014374745,0.002287902,-0.04352582,-0.008875268,0.030970905,0.000653327,-0.207648498,-0.013564758,-0.018529527,0.025350251,-0.004632087,-0.012960623,-0.024506216,-0.022353889,-0.019422035,-0.00768973,-0.009494376,-0.008561956,-0.014710044,-0.066722498,0.00391132,-0.011458786,-0.003924892,-0.009341508,-0.017682119,3.25156E-05
BR3_main,2.87030303,0.036749713,-4.7973E-05,0.002808154,-0.012561677,-0.035830547,-0.015500644,0.002326869,-0.040964072,-0.008835212,0.029494427,0.00058762,-0.197507817,-0.006736439,-0.016653624,0.0232042,-0.004737243,-0.012209826,-0.052483071,-0.021202782,-0.018151977,-0.007603547,-0.015263723,-0.008224346,-0.013497446,-0.061018008,-0.006790317,-0.01097144,-0.003767173,-0.009298113,-0.016878694,3.26258E-05
BR3_main,2.98989899,0.034325439,-9.05297E-05,-0.001396032,-0.012064554,-0.035889123,-0.016537355,0.002344755,-0.037266582,-0.008820337,0.028415646,0.000532793,-0.184063391,-0.003038101,-0.015365154,0.021251597,-0.004876754,-0.011614235,-0.072659598,-0.020301338,-0.017194608,-0.007510299,-0.020152985,-0.007984457,-0.012611467,-0.056064536,-0.015142613,-0.010673537,-0.003549676,-0.009270226,-0.01629876,3.20017E-05
BR3_main,3.109494949,0.031474374,-0.000102576,-0.005438051,-0.011691204,-0.035435198,-0.017132865,0.002355145,-0.0332577,-0.008839917,0.027718205,0.000497408,-0.17115843,-0.001127969,-0.014632144,0.019525075,-0.004966255,-0.01117141,-0.085876731,-0.019650913,-0.016544286,-0.00742181,-0.023137764,-0.007817553,-0.012038965,-0.052048591,-0.02043697,-0.010576219,-0.003328794,-0.009257932,-0.015947424,3.05214E-05
BR3_main,3.229090909,0.028498582,-9.0153E-05,-0.009416436,-0.011424394,-0.034781972,-0.016870655,0.00236303,-0.029430923,-0.008893205,0.02735956,0.000478592,-0.16095873,-0.000181794,-0.014345126,0.017939368,-0.004940395,-0.010870985,-0.092731866,-0.019237185,-0.016154148,-0.007342359,-0.023280504,-0.007665855,-0.01173569,-0.048961978,-0.023208988,-0.010689775,-0.00314898,-0.009249732,-0.015808916,2.84867E-05
BR3_main,3.348686869,0.025748698,-8.1866E-05,-0.013372943,-0.011243907,-0.034269333,-0.015664529,0.002369023,-0.02604122,-0.008972273,0.027274949,0.00046943,-0.154096909,0.000261506,-0.014400636,0.016374142,-0.004792548,-0.010700231,-0.093898014,-0.019039244,-0.015959182,-0.007271763,-0.020624491,-0.00749111,-0.011651491,-0.046699564,-0.024296556,-0.011025765,-0.003027421,-0.009224789,-0.015846121,2.62976E-05
BR3_main,3.468282828,0.02347151,-8.938E-05,-0.017270872,-0.011130235,-0.034062459,-0.013929511,0.002371564,-0.02318959,-0.009063279,0.027370545,0.000464073,-0.15033038,0.000448107,-0.014719203,0.014758856,-0.00458431,-0.010645906,-0.090055851,-0.019032046,-0.015897412,-0.007207181,-0.016365579,-0.007320871,-0.01173919,-0.045120715,-0.024411485,-0.011593197,-0.002963223,-0.009171493,-0.015996741,2.42669E-05
BR3_main,3.587878788,0.02174402,-9.90927E-05,-0.020972713,-0.011063527,-0.034176964,-0.012196838,0.002365288,-0.020882079,-0.009145223,0.027508566,0.000459302,-0.149051689,0.00050664,-0.01523713,0.013099692,-0.004397894,-0.010692297,-0.082134889,-0.019180965,-0.015917406,-0.007142809,-0.011896838,-0.007179048,-0.011952877,-0.044070816,-0.024025351,-0.012386278,-0.00294871,-0.009098828,-0.016180749,2.26301E-05
BR3_main,3.707474747,0.020512216,-0.000100496,-0.024225361,-0.011020785,-0.034542194,-0.0107606,0.002338796,-0.019071995,-0.009188335,0.027501498,0.000454652,-0.149639989,0.000503721,-0.015878055,0.011445174,-0.004279022,-0.010817579,-0.072061136,-0.019432753,-0.015972726,-0.007068969,-0.00802106,-0.007058524,-0.012242337,-0.043383301,-0.023395948,-0.013362577,-0.00297422,-0.009029901,-0.016322552,2.14697E-05
BR3_main,3.827070707,0.019665385,-9.34045E-05,-0.026702804,-0.010985222,-0.035071202,-0.009689714,0.002277908,-0.017705622,-0.009164889,0.027166862,0.000451266,-0.151612321,0.000474347,-0.016547075,0.009860609,-0.004235565,-0.011001355,-0.061861415,-0.019730066,-0.016030794,-0.006979091,-0.004974897,-0.006969088,-0.012561027,-0.0429208,-0.022659345,-0.014428107,-0.003031868,-0.008993861,-0.016376338,2.07152E-05
BR3_main,3.946666667,0.019090286,-8.10972E-05,-0.028080811,-0.010945205,-0.035678481,-0.008947979,0.002167822,-0.016720137,-0.009054056,0.026390138,0.000449502,-0.154579588,0.000437596,-0.017221393,0.008396009,-0.00425876,-0.011220668,-0.052454469,-0.020015893,-0.016068875,-0.006869616,-0.002700648,-0.006935167,-0.012865023,-0.042571032,-0.021885942,-0.015419115,-0.003115111,-0.00901596,-0.016321073,2.02278E-05
BR3_main,4.066262626,0.018694526,-6.64972E-05,-0.028141714,-0.010892711,-0.036287984,-0.00847374,0.002004556,-0.016020995,-0.008847337,0.025180311,0.000448638,-0.15823653,0.000404726,-0.017952944,0.007068042,-0.004335132,-0.011444905,-0.04393011,-0.020245901,-0.016071254,-0.006739298,-0.001039961,-0.006971678,-0.013112866,-0.042241562,-0.021111784,-0.016117165,-0.003218006,-0.0091037,-0.016163261,1.98851E-05
BR3_main,4.185858586,0.018410622,-5.15237E-05,-0.026870964,-0.010822442,-0.036839073,-0.008210625,0.001811701,-0.015490867,-0.008552128,0.023663403,0.000447789,-0.162349003,0.000383318,-0.018735233,0.005882686,-0.00444669,-0.011636384,-0.036205822,-0.02039837,-0.016028038,-0.006588715,0.000173375,-0.007067041,-0.013266944,-0.041857673,-0.020353719,-0.016322412,-0.003334764,-0.009210758,-0.015938243,1.9626E-05
BR3_main,4.305454545,0.018191889,-3.73433E-05,-0.024486228,-0.010731227,-0.037289549,-0.008114284,0.001628174,-0.015069394,-0.008189839,0.022012917,0.000446321,-0.166733367,0.000378649,-0.019448772,0.004854919,-0.004564617,-0.011760989,-0.029244731,-0.020469793,-0.01593436,-0.00641984,0.001079551,-0.007170649,-0.013296545,-0.041361847,-0.019616141,-0.015957227,-0.003459495,-0.00925314,-0.015694974,1.94537E-05
BR3_main,4.425050505,0.018006455,-2.46855E-05,-0.021372094,-0.01061754,-0.037614718,-0.008151087,0.001480498,-0.014766852,-0.007788916,0.02037827,0.000443834,-0.171237802,0.000391636,-0.019991828,0.003984207,-0.004647925,-0.011802587,-0.023029031,-0.020463748,-0.015789506,-0.006235605,0.001786698,-0.007206541,-0.013183168,-0.040713812,-0.018894449,-0.015114818,-0.003586093,-0.009213501,-0.01547437,1.94129E-05
BR3_main,4.544646465,0.017832349,-1.40823E-05,-0.017958143,-0.010480664,-0.037801786,-0.008294855,0.001375563,-0.014548173,-0.007376579,0.018853325,0.000440055,-0.175722185,0.000413286,-0.020411354,0.003237292,-0.004658778,-0.011766846,-0.017615719,-0.020384635,-0.015595277,-0.006039268,0.002375353,-0.007154819,-0.012925614,-0.039888934,-0.018178241,-0.014002476,-0.003708059,-0.009119903,-0.015296711,1.95597E-05
BR3_main,4.664242424,0.017653827,-6.07314E-06,-0.014610775,-0.010320338,-0.037844614,-0.008524055,0.001309659,-0.014323727,-0.006973791,0.017480753,0.000434765,-0.180048769,0.000423492,-0.020811483,0.002562027,-0.004588555,-0.011671041,-0.013116448,-0.020237718,-0.015354934,-0.005834088,0.002905366,-0.007066264,-0.012541943,-0.038877727,-0.017458624,-0.012834324,-0.003818547,-0.008946998,-0.015162153,1.9947E-05
BR3_main,4.783838384,0.017458854,-1.45745E-06,-0.011578743,-0.010136889,-0.037741217,-0.008819853,0.001275408,-0.014049796,-0.006594187,0.016269638,0.00042779,-0.184084862,0.000405548,-0.021218869,0.001916946,-0.004467821,-0.011532654,-0.009553637,-0.020030119,-0.015072821,-0.005623298,0.003422219,-0.006969417,-0.012066724,-0.03768619,-0.016737229,-0.011758397,-0.003910697,-0.008689721,-0.015057773,2.06233E-05
BR3_main,4.903434343,0.017237454,-1.80443E-06,-0.008989869,-0.009931284,-0.037492667,-0.00916466,0.00126016,-0.013687828,-0.006245227,0.015211501,0.000419024,-0.187708409,0.000361258,-0.021606316,0.001318667,-0.004339512,-0.011366105,-0.006831669,-0.019770045,-0.014753943,-0.005410057,0.003961868,-0.006858045,-0.011544495,-0.036334654,-0.016027979,-0.010843555,-0.003978073,-0.008420592,-0.014964521,2.16351E-05
BR3_main,5.023030303,0.016980545,-1.0258E-05,-0.006877298,-0.009705034,-0.037102684,-0.009541016,0.001241232,-0.013159995,-0.005929982,0.014290726,0.000408466,-0.190813829,0.000306533,-0.021952835,0.000866911,-0.004226287,-0.011182693,-0.004796896,-0.019465118,-0.014403453,-0.005197335,0.004553767,-0.006712227,-0.011021333,-0.034854905,-0.015349358,-0.010100599,-0.004015181,-0.008206715,-0.014861988,2.3018E-05
BR3_main,5.142626263,0.016679536,-3.06407E-05,-0.005213905,-0.009460043,-0.036577649,-0.009930912,0.001195441,-0.012427754,-0.005648726,0.013490292,0.000396255,-0.193318666,0.0002571,-0.022249439,0.000648721,-0.004127432,-0.01098943,-0.003289128,-0.019121017,-0.014026228,-0.004987806,0.00522206,-0.006511009,-0.010536999,-0.033286329,-0.014715202,-0.009509327,-0.004018003,-0.008068156,-0.014731294,2.47645E-05
BR3_main,5.262222222,0.01632607,-6.06776E-05,-0.003942142,-0.009198467,-0.035926537,-0.010315542,0.001119548,-0.011548977,-0.005400105,0.012794444,0.000382687,-0.195170266,0.000214696,-0.022494632,0.000614209,-0.004031409,-0.010788463,-0.00216824,-0.018740875,-0.013626623,-0.004783781,0.005984696,-0.006267628,-0.010120084,-0.031671759,-0.014129997,-0.009038271,-0.00398449,-0.007994077,-0.014556769,2.67617E-05
BR3_main,5.381818182,0.015911727,-8.48848E-05,-0.00299487,-0.008922593,-0.03516054,-0.010675463,0.001031935,-0.010655318,-0.005181899,0.012189657,0.000368183,-0.196350694,0.000171359,-0.022681391,0.000630054,-0.003926088,-0.010578425,-0.001323151,-0.018325357,-0.013208392,-0.004587179,0.006849958,-0.005999095,-0.009786768,-0.030053581,-0.013587334,-0.008653969,-0.003914907,-0.007958375,-0.014326884,2.87329E-05
BR3_main,5.501414141,0.01542826,-8.3544E-05,-0.002307596,-0.008634725,-0.034292429,-0.010991122,0.00095494,-0.009858482,-0.004991504,0.011664727,0.00035323,-0.196878339,0.000127971,-0.022786753,0.000606375,-0.0038034,-0.010356747,-0.000671819,-0.017873169,-0.012774723,-0.004399523,0.007809929,-0.005702423,-0.009541884,-0.028470645,-0.013069153,-0.00832539,-0.003811933,-0.007930767,-0.014034687,3.02665E-05
BR3_main,5.621010101,0.014868007,-5.23892E-05,-0.001824345,-0.008336928,-0.03333518,-0.011243452,0.000900049,-0.009170227,-0.004826135,0.0112103,0.0003383,-0.196801636,9.26342E-05,-0.022766296,0.000527536,-0.003660268,-0.01012144,-0.000158641,-0.01738153,-0.012328121,-0.004221877,0.008830991,-0.005393346,-0.009380152,-0.026955674,-0.012546176,-0.008030267,-0.003680382,-0.007874207,-0.013677639,3.09806E-05
BR3_main,5.740606061,0.014224503,-3.03401E-06,-0.001499622,-0.0080309,-0.032301187,-0.011414951,0.000868129,-0.008548712,-0.004682945,0.010818422,0.00032379,-0.196191208,6.85368E-05,-0.022542679,0.000420319,-0.003498131,-0.009871987,0.000248316,-0.016847059,-0.011870481,-0.00405485,0.009843877,-0.005111735,-0.009286235,-0.025534093,-0.011982509,-0.007760512,-0.003526675,-0.007733487,-0.013257384,3.07337E-05
BR3_main,5.86020202,0.013493328,5.02473E-05,-0.001298373,-0.007719108,-0.031206795,-0.01149276,0.000856217,-0.00799039,-0.004559793,0.010483786,0.000310051,-0.195160865,5.34554E-05,-0.022020912,0.000323915,-0.003322667,-0.009610735,0.000560899,-0.016269642,-0.011405013,-0.00389924,0.010741653,-0.004882492,-0.009234974,-0.0242275,-0.011347611,-0.007519768,-0.003358654,-0.007452213,-0.012781438,2.97005E-05
BR3_main,5.97979798,0.01267317,9.76656E-05,-0.001194647,-0.007404253,-0.03007004,-0.011469536,0.000861547,-0.007522319,-0.004455074,0.01020278,0.000297357,-0.193849862,4.40759E-05,-0.021146331,0.000270539,-0.003142264,-0.009341376,0.000777776,-0.015652979,-0.010935657,-0.003755822,0.011392841,-0.004703991,-0.009191008,-0.023052285,-0.01062809,-0.007312475,-0.003184555,-0.007024783,-0.012261849,2.82427E-05
BR3_main,6.099393939,0.011766921,0.000138268,-0.001170026,-0.007088474,-0.028906447,-0.011343296,0.000882503,-0.00715135,-0.004367286,0.009972192,0.000285892,-0.19239571,3.79874E-05,-0.019949254,0.000274408,-0.002965683,-0.009066032,0.000898607,-0.015004189,-0.010466045,-0.003624991,0.011676764,-0.004566482,-0.009114447,-0.022017857,-0.009834796,-0.007136167,-0.003011908,-0.00652698,-0.011713126,2.67016E-05
BR3_main,6.218989899,0.010783501,0.000178746,-0.001212221,-0.006773121,-0.02772558,-0.011117276,0.000918092,-0.006860913,-0.004294857,0.009788678,0.000275753,-0.190918449,3.37885E-05,-0.018522142,0.000336034,-0.002800025,-0.008782453,0.00093639,-0.01433395,-0.009999124,-0.003506683,0.011531207,-0.004455918,-0.008975805,-0.021126976,-0.008999875,-0.006982715,-0.002846906,-0.006055438,-0.011150947,2.52787E-05
BR3_main,6.338585859,0.009739283,0.000226109,-0.001313795,-0.006458979,-0.026529943,-0.01079964,0.000967356,-0.006630211,-0.004236173,0.009648699,0.000266972,-0.189516373,3.07298E-05,-0.016975633,0.000453983,-0.002649774,-0.008484202,0.000914355,-0.013656597,-0.009537129,-0.003400464,0.010981415,-0.004357286,-0.00876916,-0.020377201,-0.008164104,-0.006843927,-0.002694175,-0.00565779,-0.010591331,2.40469E-05
BR3_main,6.458181818,0.008658384,0.000283237,-0.00147101,-0.006146598,-0.025320429,-0.010402735,0.001029229,-0.006443609,-0.004189623,0.009548507,0.000259537,-0.188265377,2.84163E-05,-0.015412251,0.000625888,-0.002516883,-0.00816718,0.000854529,-0.012989185,-0.009081572,-0.003305635,0.010128196,-0.004263321,-0.008507505,-0.019762339,-0.007362445,-0.006715532,-0.002556796,-0.005341416,-0.010049797,2.30136E-05
BR3_main,6.577777778,0.007571659,0.00035085,-0.001682711,-0.005836582,-0.024100418,-0.009941783,0.00110189,-0.006291152,-0.004153575,0.009484013,0.000253397,-0.1872181,2.66339E-05,-0.013917067,0.000842775,-0.00240139,-0.007837146,0.000768255,-0.012349325,-0.008633286,-0.003221281,0.009106035,-0.004174754,-0.008208604,-0.019273381,-0.006617637,-0.006597526,-0.002436437,-0.005107615,-0.00954033,2.21668E-05
BR3_main,6.697373737,0.006512896,0.000430567,-0.001949156,-0.005530002,-0.02286645,-0.009433491,0.0011813,-0.006166854,-0.004126409,0.009450785,0.000248475,-0.186407067,2.52612E-05,-0.012557025,0.00109052,-0.002302168,-0.007509334,0.000665793,-0.011752711,-0.008192797,-0.003146352,0.008041042,-0.004096579,-0.007890752,-0.018899512,-0.005943612,-0.006492868,-0.00233362,-0.004960405,-0.009074565,2.14913E-05
BR3_main,6.816969697,0.005513163,0.000525846,-0.002270601,-0.005228745,-0.021607057,-0.008894621,0.001259614,-0.006067177,-0.004106501,0.009443937,0.000244676,-0.185846792,2.42245E-05,-0.011376603,0.001356527,-0.00221751,-0.007200141,0.000566561,-0.011211023,-0.007760647,-0.003079696,0.007027133,-0.004035628,-0.007574118,-0.018628711,-0.005349962,-0.006406088,-0.002247981,-0.004889276,-0.008661061,2.09695E-05
BR3_main,6.936565657,0.004595836,0.000641711,-0.002645447,-0.004935714,-0.020326891,-0.008340586,0.001324558,-0.00599004,-0.004092107,0.009457808,0.000241884,-0.185531739,2.34766E-05,-0.010394966,0.001634821,-0.002145454,-0.006916979,0.000491709,-0.010730982,-0.007338072,-0.003020019,0.006121155,-0.003998816,-0.007273657,-0.018447726,-0.004841329,-0.006341333,-0.002178476,-0.004858456,-0.008304689,2.05798E-05
BR3_main,7.056161616,0.003774271,0.000784473,-0.003067949,-0.004655136,-0.019057561,-0.00778483,0.001362018,-0.005934663,-0.004081419,0.009486041,0.000239969,-0.185441375,2.29849E-05,-0.009612882,0.001925833,-0.002084037,-0.00665924,0.000444944,-0.010315374,-0.006928832,-0.002965953,0.005349532,-0.003990943,-0.00698658,-0.018342629,-0.004415851,-0.006297442,-0.002123627,-0.004835438,-0.008006692,2.02979E-05
BR3_main,7.175757576,0.003052858,0.000961513,-0.003525537,-0.004392573,-0.017838511,-0.007238492,0.001362726,-0.005901906,-0.00407259,0.009521636,0.000238786,-0.185543176,2.27246E-05,-0.009022928,0.002231953,-0.002031408,-0.006424854,0.000391956,-0.009964546,-0.006540364,-0.002916086,0.004718299,-0.00401165,-0.006688245,-0.018299075,-0.004066452,-0.006259706,-0.002081696,-0.004814384,-0.007764939,2.00987E-05
BR3_main,7.295353535,0.002429353,0.001180609,-0.003996307,-0.004154546,-0.016698964,-0.006710463,0.001326902,-0.005895281,-0.004063785,0.009557138,0.000238186,-0.185796742,2.2671E-05,-0.008613038,0.002555436,-0.001985894,-0.006212416,0.000281353,-0.009677664,-0.006182915,-0.00286902,0.004222155,-0.004053886,-0.006350417,-0.018302633,-0.003783736,-0.006204321,-0.002050833,-0.004792846,-0.007574445,1.99581E-05
BR3_main,7.414949495,0.001896993,0.001448137,-0.004447857,-0.003947682,-0.015663483,-0.006207792,0.001261286,-0.005922871,-0.004053278,0.009585047,0.000238016,-0.186159359,2.27909E-05,-0.008362698,0.002898312,-0.001946048,-0.00602199,0.000100658,-0.009453262,-0.005867034,-0.002823441,0.003851116,-0.004107619,-0.005966137,-0.018339272,-0.003558184,-0.006125371,-0.002029199,-0.004765795,-0.00742805,1.98537E-05
BR3_main,7.534545455,0.001446675,0.001765687,-0.004839008,-0.003777307,-0.014784395,-0.005736103,0.001174609,-0.006000336,-0.004039483,0.0095981,0.000238124,-0.186587363,2.30319E-05,-0.008240556,0.003261652,-0.001910635,-0.005854751,-0.000115262,-0.009288892,-0.005601862,-0.00277814,0.003594684,-0.004165859,-0.005552946,-0.018395466,-0.003381251,-0.006040187,-0.002015014,-0.004738518,-0.007316995,1.97652E-05
BR3_main,7.654141414,0.001068495,0.002125288,-0.00512594,-0.003645954,-0.014138055,-0.005300216,0.001076088,-0.006155086,-0.004021008,0.009589702,0.000238364,-0.187038909,2.33307E-05,-0.008208648,0.00364453,-0.001878628,-0.005711334,-0.000324643,-0.009180378,-0.005396521,-0.002732037,0.003444232,-0.004223424,-0.005143427,-0.018458439,-0.003245864,-0.005963629,-0.002006604,-0.004718508,-0.007231606,1.96742E-05
BR3_main,7.773737374,0.000752696,0.00250543,-0.005272464,-0.003552389,-0.013737003,-0.004904901,0.000974395,-0.006429617,-0.00399677,0.009554534,0.000238599,-0.187479858,2.37244E-05,-0.008229073,0.004043061,-0.001849232,-0.005590884,-0.000511476,-0.009121095,-0.005262826,-0.002684258,0.003393974,-0.004269854,-0.004776368,-0.01851672,-0.003145979,-0.005900136,-0.002002468,-0.004707255,-0.007162149,1.95624E-05
BR3_main,7.893333333,0.000490204,0.002873658,-0.005260856,-0.003491455,-0.013468022,-0.004555446,0.00087596,-0.006876668,-0.003966011,0.009488874,0.000238706,-0.187885078,2.47661E-05,-0.008269192,0.004449378,-0.001821856,-0.005491151,-0.000686086,-0.009101298,-0.005213236,-0.002634124,0.003440657,-0.004288675,-0.004491456,-0.01856026,-0.003075209,-0.005851675,-0.002001278,-0.004698093,-0.007099551,1.94092E-05
BR3_main,8.012929293,0.000272877,0.003198417,-0.005097877,-0.003454977,-0.013199282,-0.004258085,0.000784378,-0.007534694,-0.003928286,0.009390759,0.000238575,-0.188237991,2.81946E-05,-0.008306389,0.004850751,-0.00179607,-0.005409355,-0.000870938,-0.00910815,-0.00524911,-0.002581131,0.003581982,-0.004265758,-0.00432635,-0.018580396,-0.003025806,-0.005819717,-0.002001868,-0.004674837,-0.007036093,1.91876E-05
BR3_main,8.132525253,9.33673E-05,0.003460353,-0.004812422,-0.003433386,-0.012926182,-0.004019967,0.000701617,-0.008379007,-0.003883455,0.009259969,0.000238104,-0.188529121,3.63299E-05,-0.008331191,0.005229052,-0.001771562,-0.005343095,-0.001093469,-0.009126877,-0.005347438,-0.00252491,0.003813417,-0.004197847,-0.004314375,-0.018569751,-0.002987824,-0.005802656,-0.002003206,-0.004633649,-0.006965999,1.88689E-05
BR3_main,8.252121212,0.000001,0.003654883,-0.00444627,-0.003417548,-0.012735199,-0.00384855,0.000628917,-0.009243919,-0.003831717,0.009097953,0.000237193,-0.188755792,4.86668E-05,-0.008345109,0.005561275,-0.001748114,-0.005290607,-0.001387141,-0.009142944,-0.005459756,-0.002465232,0.004123086,-0.00409312,-0.004477522,-0.018522293,-0.002945913,-0.005796548,-0.002004392,-0.004591035,-0.0068859,1.84549E-05
BR3_main,8.371717172,0.000001,0.003792742,-0.004042968,-0.003400259,-0.012694922,-0.003750414,0.00056686,-0.009755369,-0.003773637,0.008907576,0.000235734,-0.188920562,6.05177E-05,-0.008353802,0.005823813,-0.001725573,-0.005250402,-0.001792483,-0.009144106,-0.005521662,-0.00240199,0.004486558,-0.003962402,-0.004807184,-0.018433341,-0.002876362,-0.005797508,-0.002004637,-0.004551727,-0.006794957,1.8039E-05
BR3_main,8.491313131,0.000001,0.003896912,-0.003639601,-0.003377193,-0.012842289,-0.003730601,0.000515467,-0.009549772,-0.003710236,0.008692898,0.000233605,-0.189031409,6.81768E-05,-0.008360897,0.00600251,-0.001703857,-0.005221161,-0.002344173,-0.009121543,-0.005480921,-0.002335229,0.004868551,-0.003810095,-0.005235274,-0.018299793,-0.00276146,-0.005802797,-0.002003288,-0.004497689,-0.006694704,1.77908E-05
BR3_main,8.610909091,0.000001,0.00398659,-0.003263024,-0.003347181,-0.013204633,-0.003792989,0.000474036,-0.008711549,-0.003643002,0.008458803,0.000230681,-0.189099794,7.27E-05,-0.008366007,0.006101111,-0.001682933,-0.005201611,-0.003025277,-0.009069736,-0.005329991,-0.00226514,0.005237918,-0.003640835,-0.005623054,-0.01812013,-0.002611603,-0.005810146,-0.00199981,-0.004416022,-0.006588476,1.77934E-05
BR3_main,8.730505051,0.000001,0.004056606,-0.002929768,-0.003311939,-0.013755326,-0.003939244,0.000440749,-0.007693617,-0.003573848,0.008210622,0.000226878,-0.189138357,7.73465E-05,-0.00836664,0.006138166,-0.001662801,-0.0051897,-0.003708354,-0.008985939,-0.005109929,-0.002192052,0.005583749,-0.003468104,-0.005804071,-0.017894326,-0.002451996,-0.005816121,-0.001993778,-0.004323392,-0.00648061,1.80018E-05
BR3_main,8.85010101,0.000001,0.004069122,-0.002647913,-0.003275428,-0.01437061,-0.004163829,0.000413482,-0.006852024,-0.003505035,0.007953811,0.000222206,-0.189158899,8.44462E-05,-0.008360725,0.006137555,-0.00164347,-0.005181961,-0.004187125,-0.00886996,-0.004888728,-0.002116422,0.005912284,-0.003305932,-0.005680653,-0.017623722,-0.002298189,-0.005815246,-0.001984858,-0.004245398,-0.006375618,1.83552E-05
BR3_main,8.96969697,0.000001,0.003966101,-0.002419537,-0.003243003,-0.014895442,-0.004447335,0.000391954,-0.006284641,-0.003439109,0.007693791,0.000216791,-0.189171703,9.49697E-05,-0.008347297,0.006123081,-0.001624958,-0.00517429,-0.004315955,-0.00872446,-0.004722566,-0.002038849,0.006230899,-0.003161621,-0.005302724,-0.017311083,-0.002154776,-0.00580155,-0.001972813,-0.004192538,-0.006277549,1.87461E-05
BR3_main,9.089292929,0.000001,0.003699955,-0.002242878,-0.003220253,-0.01523382,-0.00475095,0.000377721,-0.005947914,-0.003378845,0.007435777,0.000210833,-0.189181909,0.00010926,-0.008325567,0.00611726,-0.001607281,-0.005163316,-0.004103837,-0.008555299,-0.004631512,-0.001960071,0.006534731,-0.003037514,-0.004824068,-0.016960487,-0.002022478,-0.00577167,-0.001957489,-0.004164715,-0.006189511,1.90235E-05
BR3_main,9.208888889,0.000001,0.003280811,-0.002113978,-0.003211059,-0.015365138,-0.005011932,0.000371192,-0.005771443,-0.003327283,0.007184665,0.000204558,-0.189186541,0.0001276,-0.008294163,0.006140274,-0.001590446,-0.005146687,-0.003689771,-0.008371797,-0.00460197,-0.001880962,0.006796097,-0.002933261,-0.004378642,-0.016577304,-0.001901751,-0.005724695,-0.001938805,-0.004166469,-0.00611343,1.91139E-05
BR3_main,9.328484848,0.000001,0.002794511,-0.002027767,-0.003214142,-0.015331012,-0.005140651,0.000370534,-0.005701388,-0.003287793,0.006944842,0.000198204,-0.189174591,0.000150457,-0.008251569,0.006207849,-0.001574444,-0.005122037,-0.003230028,-0.008186798,-0.004601638,-0.001802538,0.006972291,-0.002845766,-0.004025774,-0.016168241,-0.001793625,-0.00565352,-0.00191675,-0.004204601,-0.006050002,1.90556E-05
BR3_main,9.448080808,0.000001,0.002347803,-0.001978696,-0.003219183,-0.01521197,-0.005029563,0.000373385,-0.005705611,-0.003263975,0.006719792,0.000192038,-0.189131814,0.000178564,-0.008198175,0.006328369,-0.001559244,-0.005086436,-0.002828294,-0.008016245,-0.004600695,-0.001725948,0.007068177,-0.002770678,-0.003776949,-0.015741462,-0.001699715,-0.005536108,-0.001891368,-0.004274063,-0.005998768,1.90037E-05
BR3_main,9.567676768,0.000001,0.002002556,-0.001961004,-0.003207985,-0.015086289,-0.004606165,0.00037865,-0.00576802,-0.003259136,0.006511292,0.000186408,-0.189048126,0.000212935,-0.008139848,0.006498556,-0.001544775,-0.005037231,-0.002547177,-0.007877057,-0.004585592,-0.001652452,0.007210357,-0.002706136,-0.003628554,-0.015306795,-0.001622178,-0.005350923,-0.001862737,-0.004365338,-0.00595823,1.92165E-05
BR3_main,9.687272727,0.000001,0.001767186,-0.001968767,-0.003164752,-0.01499646,-0.003961287,0.000386878,-0.005882554,-0.003275284,0.006318105,0.000181801,-0.188926288,0.000254871,-0.008088498,0.006699569,-0.001530926,-0.004972417,-0.002397704,-0.007780923,-0.00455342,-0.00158341,0.007594323,-0.002653024,-0.003570151,-0.014876314,-0.001563852,-0.005107918,-0.001830956,-0.004479322,-0.005926033,1.99474E-05
BR3_main,9.806868687,0.000001,0.001614535,-0.00199576,-0.003086325,-0.014950205,-0.003456977,0.000398988,-0.006048861,-0.003311869,0.006134017,0.000178954,-0.188785264,0.000305931,-0.008047874,0.006898697,-0.001517523,-0.004890522,-0.002336207,-0.007722471,-0.004504044,-0.001520233,0.008332663,-0.002612406,-0.003581727,-0.014465242,-0.001528628,-0.004844457,-0.001796118,-0.004617131,-0.005899139,2.1162E-05
BR3_main,9.926464646,0.000001,0.001488786,-0.002035248,-0.002979631,-0.014937962,-0.003522415,0.000413734,-0.00626941,-0.003364983,0.005945587,0.000179004,-0.188657094,0.000367865,-0.008005565,0.007055358,-0.001504317,-0.004793725,-0.002311728,-0.007673073,-0.004439841,-0.001464329,0.009378456,-0.002584887,-0.003635846,-0.014093458,-0.001522166,-0.004592886,-0.001758285,-0.004765817,-0.005873992,2.22523E-05
BR3_main,10.04606061,0.000001,0.001329945,-0.002079782,-0.002852021,-0.014949603,-0.004197144,0.000422979,-0.00654723,-0.003427966,0.005730869,0.000183719,-0.188578498,0.000442429,-0.007971313,0.007128223,-0.00149096,-0.004687641,-0.002294851,-0.007604052,-0.004365445,-0.001417002,0.010572779,-0.002570781,-0.003703928,-0.01378778,-0.001553069,-0.004365169,-0.001717455,-0.004910319,-0.005846671,2.22975E-05
BR3_main,10.16565657,0.000001,0.001123269,-0.002121163,-0.002708166,-0.014983782,-0.005102952,0.000408621,-0.006883598,-0.003493257,0.005461997,0.000195821,-0.18858261,0.000531013,-0.007973578,0.007089925,-0.001476986,-0.004573812,-0.002267211,-0.007512267,-0.004285697,-0.001379333,0.011720531,-0.002569649,-0.003760798,-0.013585138,-0.001634746,-0.004156765,-0.001673547,-0.00503241,-0.005813076,2.09572E-05
BR3_main,10.28525253,0.000001,0.000914566,-0.002150532,-0.002552833,-0.015045666,-0.005830901,0.000357259,-0.007274997,-0.003553359,0.005115625,0.000219284,-0.188691694,0.000633952,-0.007997484,0.006951441,-0.00146179,-0.004447401,-0.002209531,-0.00740004,-0.004204189,-0.001352007,0.01261842,-0.0025797,-0.00378809,-0.013535649,-0.001788055,-0.003953524,-0.001626409,-0.005099331,-0.005769089,1.88207E-05
BR3_main,10.40484848,0.000001,0.000760454,-0.002157965,-0.002393155,-0.015136631,-0.00613557,0.000283002,-0.007709045,-0.003600235,0.004693123,0.000259215,-0.188910104,0.000749384,-0.007992247,0.006782444,-0.001444625,-0.004301031,-0.002102446,-0.007253775,-0.004122573,-0.001335125,0.01315161,-0.002597865,-0.00377641,-0.013701603,-0.002043852,-0.003737942,-0.001575887,-0.005093277,-0.005710746,1.67233E-05
BR3_main,10.52444444,0.000001,0.000680143,-0.002130198,-0.002238929,-0.015248197,-0.005899875,0.000215159,-0.008159801,-0.00362475,0.004246307,0.00032009,-0.189214802,0.000871644,-0.007916081,0.006700514,-0.001424639,-0.00412789,-0.001925338,-0.007062063,-0.004040625,-0.001328022,0.013431151,-0.002620892,-0.003723862,-0.014139167,-0.002440652,-0.003502497,-0.001522014,-0.005011229,-0.00563446,1.51621E-05
BR3_main,10.6440404,0.000001,0.00064983,-0.002049592,-0.002102421,-0.015367106,-0.005071406,0.000173687,-0.008584367,-0.00361664,0.003899243,0.000400073,-0.189542151,0.000989585,-0.007756934,0.006801377,-0.001401038,-0.003923554,-0.001660123,-0.006838713,-0.003956954,-0.001329164,0.01381946,-0.002647157,-0.003630874,-0.014833442,-0.003001519,-0.003278895,-0.001465336,-0.004836498,-0.00553725,1.42912E-05
BR3_main,10.76363636,0.000001,0.00061491,-0.00190501,-0.001998475,-0.015483937,-0.003664676,0.00017248,-0.008924288,-0.003570666,0.003857252,0.000481239,-0.189773146,0.001086045,-0.007529223,0.007074913,-0.001373448,-0.003688155,-0.001298408,-0.00661719,-0.003869828,-0.001336227,0.014719987,-0.002678283,-0.003494421,-0.015572744,-0.003663664,-0.003164262,-0.001407224,-0.004590479,-0.005417012,1.40633E-05
BR3_main,10.88323232,0.000001,0.00051726,-0.001703345,-0.001944256,-0.015595977,-0.001862052,0.000210039,-0.009114439,-0.003501475,0.004387998,0.000527907,-0.18972166,0.001140591,-0.007267012,0.0074123,-0.0013426,-0.003429408,-0.00086559,-0.006432066,-0.003777789,-0.00134664,0.016319305,-0.002720109,-0.003305148,-0.015910366,-0.004193389,-0.003275254,-0.001349903,-0.004382366,-0.005272816,1.43102E-05
BR3_main,11.00282828,0.000001,0.000328754,-0.001459912,-0.001957002,-0.015702161,-0.000180471,0.000256653,-0.00909701,-0.003444897,0.00569602,0.000511145,-0.189130563,0.001136399,-0.007021023,0.007682887,-0.001311065,-0.003166737,-0.000490979,-0.006303937,-0.003679998,-0.001359118,0.018450198,-0.002783875,-0.003050026,-0.015491189,-0.004291105,-0.003627952,-0.001295864,-0.004298143,-0.005105211,1.47803E-05
BR3_main,11.12242424,0.000001,5.74837E-05,-0.001194393,-0.002047585,-0.015787118,0.000514699,0.000281575,-0.0088325,-0.003421966,0.007511429,0.000437367,-0.187681925,0.001067378,-0.006843728,0.007776792,-0.001283063,-0.002937096,-0.00046063,-0.006235019,-0.003576406,-0.001376548,0.020502805,-0.00288892,-0.002723855,-0.014443208,-0.003914705,-0.004115072,-0.001246811,-0.004231289,-0.004916511,1.52101E-05
BR3_main,11.2420202,0.000001,-0.000274747,-0.000947246,-0.002208024,-0.015779956,-0.000475215,0.000253051,-0.008297404,-0.003379195,0.008465533,0.000338922,-0.185027866,0.000939102,-0.006784153,0.007631788,-0.00126247,-0.002802295,-0.001022866,-0.006216049,-0.003467806,-0.001407251,0.021512567,-0.00306754,-0.00235251,-0.01320552,-0.003307093,-0.004625314,-0.001202814,-0.003874999,-0.004711011,1.54276E-05
BR3_main,11.36161616,0.000001,-0.000654419,-0.000799011,-0.002394797,-0.015456912,-0.002950487,0.000105953,-0.007461726,-0.003191913,0.006307144,0.000243508,-0.180847777,0.000762932,-0.006893816,0.00723613,-0.0012515,-0.002853407,-0.002042103,-0.006235569,-0.003355817,-0.001457745,0.020681685,-0.003371026,-0.002018133,-0.012125149,-0.002698825,-0.005113982,-0.001162396,-0.002990667,-0.00449505,1.53779E-05
BR3_main,11.48121212,0.000001,-0.001064481,-0.000878899,-0.002519925,-0.014294794,-0.005982442,-0.000257725,-0.006255078,-0.002870931,-0.000108683,0.000161427,-0.174933955,0.00054969,-0.007158134,0.006565068,-0.001252215,-0.003198152,-0.00313096,-0.00628432,-0.003242786,-0.001521329,0.017934589,-0.003865717,-0.00184448,-0.011341161,-0.002173615,-0.005578476,-0.001123447,-0.001721478,-0.004276828,1.51382E-05
BR3_main,11.60080808,0.000001,-0.001448754,-0.001339819,-0.002472056,-0.011537473,-0.008713984,-0.000938391,-0.004562167,-0.002795245,-0.008543988,9.12521E-05,-0.16729524,0.000309051,-0.007433767,0.005564355,-0.001265044,-0.003911552,-0.004054204,-0.006354065,-0.003131597,-0.001578189,0.013699688,-0.004581496,-0.001907225,-0.01085549,-0.001720461,-0.006025526,-0.001084143,-0.000585699,-0.004065888,1.50026E-05
BR3_main,11.72040404,0.000001,-0.001723183,-0.00223836,-0.002175355,-0.006900146,-0.010702718,-0.001945675,-0.002343505,-0.00346297,-0.012859663,2.92405E-05,-0.158236032,5.74387E-05,-0.007590381,0.004232258,-0.001286025,-0.004953267,-0.004784963,-0.006433687,-0.003025357,-0.001612427,0.008416717,-0.005404943,-0.00215602,-0.010590822,-0.001308618,-0.006438679,-0.001043295,-0.000253848,-0.003872219,1.5429E-05
BR3_main,11.84,0.000001,-0.001855631,-0.003243609,-0.001645498,-0.00141748,-0.011845113,-0.003020773,1.93103E-05,-0.004859511,-0.007772334,-2.26189E-05,-0.148320092,-0.000168882,-0.007638166,0.002775849,-0.001309297,-0.00610459,-0.005333241,-0.00650728,-0.002927003,-0.001632281,0.002886831,-0.006050708,-0.002463478,-0.01039774,-0.000944552,-0.006760429,-0.001000276,-0.001053103,-0.003705064,1.6453E-05
BR4_main,0,0.017755218,-0.012239081,0.205861251,-0.071232221,-0.222302913,0.018608364,-0.083157975,0.422515969,-0.038324707,0.234434406,-0.000169934,-2.997274609,-1.030449027,0.010179665,0.031370205,-0.048218113,-0.212735589,0.923363051,-0.191669987,-0.072890789,-0.151674836,0.690891647,-0.016936135,-0.114415672,-0.141071528,-2.135810537,-0.041115834,-0.021646652,-0.19121692,-0.06396772,0.000118351
BR4_main,0.11959596,0.023710041,-0.011364974,0.225068823,-0.061634769,-0.176627535,0.016771553,-0.074255429,0.243735567,-0.03496037,0.201784596,-0.000181831,-2.658195349,-1.007542495,0.092255051,0.035167757,-0.043984533,-0.22628031,1.012061528,-0.172771719,-0.070228445,-0.102569754,0.551369049,-0.015120295,-0.101392229,-0.176242726,-1.852012891,-0.037994429,-0.020246897,-0.156680993,-0.062196242,0.000113945
BR4_main,0.239191919,0.028764808,-0.009501444,0.236216031,-0.052259981,-0.1248272,0.012258132,-0.057926799,0.004267397,-0.031411242,0.158268816,-0.000182343,-2.105612136,-0.837848455,0.169800086,0.041274593,-0.037791502,-0.188128887,1.043944053,-0.139739821,-0.066218526,-0.064915167,0.421566514,-0.0130277,-0.086963532,-0.236115885,-1.347334153,-0.034700649,-0.017887114,-0.106527274,-0.059415608,0.000108885
BR4_main,0.358787879,0.032958103,-0.007575848,0.227901745,-0.043731345,-0.073927595,0.007195301,-0.041314614,-0.14157481,-0.027909112,0.126090186,-0.000177063,-1.599500926,-0.58504843,0.135126631,0.045639467,-0.031061543,-0.131282008,0.994729813,-0.107560927,-0.061454679,-0.046658459,0.325641318,-0.010992013,-0.072482081,-0.242118699,-0.743095321,-0.03154981,-0.015226032,-0.05921243,-0.055949333,0.000103089
BR4_main,0.478383838,0.036082889,-0.00615568,0.206756775,-0.036483526,-0.02994326,0.002722615,-0.027570416,-0.16655642,-0.024640074,0.110120137,-0.000166607,-1.232262808,-0.339190025,-0.025339994,0.046718371,-0.024900439,-0.087395604,0.879322241,-0.082970316,-0.056495742,-0.040550203,0.273637454,-0.009267226,-0.059061117,-0.203236687,-0.175328038,-0.028786285,-0.012759303,-0.023729565,-0.052154453,9.65627E-05
BR4_main,0.597979798,0.038231496,-0.005375466,0.18064205,-0.030724654,0.003791075,-0.000932886,-0.017291357,-0.122441775,-0.021716585,0.103971695,-0.000147962,-0.98469751,-0.175117715,-0.248941929,0.045178352,-0.019844025,-0.064803617,0.757071146,-0.06607319,-0.051697717,-0.037487348,0.256757194,-0.007981505,-0.047421417,-0.150582337,0.213298249,-0.026542172,-0.010706193,-0.001293656,-0.048341482,8.94508E-05
BR4_main,0.717575758,0.039628853,-0.005116115,0.153652415,-0.02647412,0.026362453,-0.003757346,-0.010212006,-0.062501327,-0.019186704,0.100255612,-0.000118719,-0.815603813,-0.122316313,-0.430999745,0.042403067,-0.015988796,-0.055706264,0.673055634,-0.054863373,-0.047220207,-0.033278282,0.25614107,-0.007163526,-0.037917048,-0.100633023,0.349279994,-0.024848104,-0.009093286,0.01014454,-0.044747613,8.2048E-05
BR4_main,0.837171717,0.040504216,-0.005125794,0.129715119,-0.023612039,0.038430646,-0.005592407,-0.005675889,-0.015002146,-0.017050294,0.09437754,-7.88582E-05,-0.694152737,-0.156250491,-0.47206382,0.039596421,-0.01319768,-0.050249009,0.631499073,-0.047400837,-0.043106368,-0.0277806,0.255757263,-0.006780203,-0.030624244,-0.062695596,0.290504898,-0.023659669,-0.007860396,0.013596961,-0.041521382,7.47495E-05
BR4_main,0.956767677,0.041037881,-0.005065404,0.110957987,-0.021925887,0.04162787,-0.006358015,-0.003017693,0.014436879,-0.015275716,0.08495118,-3.03506E-05,-0.602031901,-0.228875914,-0.359435942,0.037437276,-0.011250584,-0.043504772,0.612851975,-0.042316252,-0.03935801,-0.022168434,0.248064144,-0.006764927,-0.025443495,-0.04492658,0.16875006,-0.022887051,-0.006926265,0.012081536,-0.038718393,6.79301E-05
BR4_main,1.076363636,0.041354801,-0.004630063,0.097195068,-0.021144599,0.038156975,-0.006362431,-0.001654546,0.031196395,-0.013810838,0.073268559,2.38602E-05,-0.528893914,-0.294289018,-0.174117593,0.035922346,-0.009924748,-0.035303151,0.590336139,-0.038733751,-0.035964306,-0.017431819,0.232186732,-0.007033763,-0.022173395,-0.046544634,0.067086792,-0.022415497,-0.006215442,0.008100737,-0.036306755,6.17614E-05
BR4_main,1.195959596,0.041535511,-0.003791771,0.087359937,-0.020974509,0.030401741,-0.006116931,-0.000975015,0.040895837,-0.012598251,0.062071913,8.0625E-05,-0.468841329,-0.320584019,0.001171367,0.034538971,-0.009033845,-0.027434548,0.542374595,-0.036116489,-0.032919355,-0.014020224,0.210284526,-0.007497721,-0.020550078,-0.059272012,-0.000163361,-0.022129194,-0.005667905,0.003394359,-0.034208624,5.6193E-05
BR4_main,1.315555556,0.041629268,-0.002809292,0.080128393,-0.02112865,0.020532058,-0.005989191,-0.000401094,0.044856232,-0.01158523,0.053859075,0.000137064,-0.418391405,-0.304581102,0.131641699,0.032805765,-0.0084387,-0.021398045,0.466639316,-0.034141268,-0.030224419,-0.011851308,0.185114918,-0.008071758,-0.020249421,-0.075799955,-0.041401084,-0.021927743,-0.005239469,-0.001033573,-0.032342746,5.11152E-05
BR4_main,1.435151515,0.041664364,-0.001956031,0.07418413,-0.021348933,0.010216262,-0.006094291,0.000401577,0.041550349,-0.010727026,0.049418382,0.000190807,-0.375344001,-0.267413967,0.210517345,0.030644641,-0.008041704,-0.017609334,0.380733516,-0.032610848,-0.027881118,-0.010531922,0.15897262,-0.008680658,-0.020932186,-0.090708124,-0.067667594,-0.021731978,-0.004898335,-0.004724036,-0.030645732,4.64768E-05
BR4_main,1.554747475,0.041654891,-0.001339502,0.06864518,-0.021427278,0.000515866,-0.006379978,0.001406683,0.031277954,-0.009988121,0.047828487,0.000240065,-0.338217105,-0.231210921,0.234234592,0.028314769,-0.007775139,-0.015664672,0.304276244,-0.031401766,-0.02588959,-0.009668989,0.13345157,-0.009263179,-0.022318184,-0.098593622,-0.086923295,-0.021485585,-0.004621849,-0.007549661,-0.029077884,4.22747E-05
BR4_main,1.674343434,0.041604497,-0.000933432,0.0634219,-0.021224192,-0.008083851,-0.006750356,0.002369983,0.017275221,-0.00934195,0.047560944,0.000283618,-0.305957421,-0.205019478,0.203320907,0.026193322,-0.007587996,-0.014879111,0.246281528,-0.030433204,-0.024250167,-0.009027399,0.109533702,-0.009774097,-0.024015556,-0.095168269,-0.10162579,-0.021153716,-0.004393954,-0.0095546,-0.027619147,3.85105E-05
BR4_main,1.793939394,0.041507748,-0.000673847,0.059442767,-0.020680249,-0.01554572,-0.007137799,0.003098035,0.0033901,-0.008769675,0.047342025,0.000320758,-0.277783724,-0.186245249,0.13622222,0.02457985,-0.007434715,-0.014638453,0.206394043,-0.029645926,-0.022962852,-0.008498541,0.087755939,-0.01018415,-0.025281841,-0.083019347,-0.110058308,-0.020719798,-0.004203312,-0.010856207,-0.026261941,3.51731E-05
BR4_main,1.913535354,0.041349453,-0.000508033,0.057533563,-0.019816805,-0.022042386,-0.007520152,0.003549215,-0.007744084,-0.008259591,0.046541485,0.000351241,-0.253128468,-0.168102156,0.062613722,0.023471454,-0.007270265,-0.014523875,0.179824971,-0.028987164,-0.022016075,-0.008048199,0.068369446,-0.010479615,-0.025216006,-0.069885914,-0.109368588,-0.020184083,-0.00404245,-0.011593221,-0.025007823,3.22449E-05
BR4_main,2.033131313,0.041102136,-0.000400938,0.056396258,-0.018716615,-0.027681393,-0.007907202,0.003774914,-0.015386804,-0.007804589,0.045115936,0.000375195,-0.231551739,-0.146312955,0.002097061,0.022583825,-0.007053555,-0.014312824,0.159931117,-0.028390028,-0.021351036,-0.007677043,0.051438465,-0.010659018,-0.02322851,-0.060643343,-0.099120126,-0.019557906,-0.003906461,-0.011898652,-0.023860423,2.97062E-05
BR4_main,2.152727273,0.04072186,-0.000329418,0.052656614,-0.017484155,-0.03238911,-0.00831393,0.003846919,-0.019828116,-0.007396648,0.043251961,0.000392804,-0.212585908,-0.120750287,-0.039294156,0.021703123,-0.006756296,-0.013928624,0.139089738,-0.027745576,-0.020818574,-0.007372155,0.036889218,-0.010723838,-0.019637485,-0.056022926,-0.08266803,-0.018849147,-0.003790155,-0.011882168,-0.022809763,2.75277E-05
BR4_main,2.272323232,0.040143506,-0.000277825,0.043831638,-0.016235255,-0.036062239,-0.008756047,0.003823632,-0.021958352,-0.007034675,0.041172245,0.000404655,-0.195984528,-0.093812056,-0.061582119,0.020839764,-0.006382174,-0.013399489,0.11176411,-0.026941921,-0.020227347,-0.007101911,0.024622594,-0.010687941,-0.015662798,-0.05496547,-0.065048469,-0.018081912,-0.003692079,-0.011640687,-0.021858075,2.57131E-05
BR4_main,2.391919192,0.039279028,-0.000236102,0.031120309,-0.015065612,-0.038716062,-0.009250489,0.00373339,-0.023033788,-0.006721627,0.039054053,0.000411663,-0.181626596,-0.06800706,-0.067077906,0.020112233,-0.005962017,-0.012803431,0.078340029,-0.025903415,-0.019440401,-0.006832768,0.014497236,-0.010573647,-0.012419958,-0.05575011,-0.049994482,-0.017289475,-0.003613316,-0.011256706,-0.021012299,2.42997E-05
BR4_main,2.511515152,0.038027021,-0.000200058,0.018384618,-0.014034654,-0.040499894,-0.009821998,0.003573204,-0.023902133,-0.006461296,0.037022196,0.00041488,-0.169426654,-0.045364494,-0.060635159,0.019636516,-0.005536003,-0.012229076,0.043270267,-0.024658319,-0.018461863,-0.006551599,0.00632756,-0.010405905,-0.010283894,-0.057210279,-0.038867616,-0.016505359,-0.003555956,-0.010795934,-0.020274816,2.3365E-05
BR4_main,2.631111111,0.036306307,-0.000170204,0.008375563,-0.013168744,-0.041627887,-0.010507058,0.003327416,-0.024781656,-0.006256876,0.035163496,0.000415348,-0.159301807,-0.02768434,-0.049012493,0.019401748,-0.005137715,-0.011750954,0.010351366,-0.02335411,-0.017417909,-0.006272213,-0.00010022,-0.010208536,-0.009085651,-0.058733128,-0.031375343,-0.015758715,-0.003522183,-0.010308238,-0.019638665,2.30505E-05
BR4_main,2.750707071,0.034117963,-0.000149124,0.00143528,-0.012472456,-0.042309005,-0.011348801,0.003004036,-0.025432881,-0.006110817,0.033540458,0.000414023,-0.151171405,-0.015567579,-0.037924021,0.019240365,-0.0047882,-0.011413857,-0.018643152,-0.022163416,-0.016477361,-0.0060266,-0.00500961,-0.010002552,-0.008498182,-0.05962164,-0.02664359,-0.015073098,-0.003513684,-0.009831841,-0.019086244,2.36031E-05
BR4_main,2.87030303,0.031603767,-0.000140111,-0.003237232,-0.01194155,-0.042718768,-0.012382639,0.002655764,-0.025546714,-0.006026628,0.032204112,0.000411842,-0.144999463,-0.008172883,-0.02994718,0.019022746,-0.004498811,-0.011233997,-0.043163248,-0.021199418,-0.015774657,-0.005843111,-0.008621986,-0.009807934,-0.008306265,-0.059345794,-0.023830577,-0.014470158,-0.003531782,-0.009400261,-0.018595117,2.5423E-05
BR4_main,2.98989899,0.029031847,-0.000145987,-0.006522505,-0.011557304,-0.042943926,-0.013587119,0.002346226,-0.025100726,-0.006003035,0.031154422,0.000409286,-0.14065495,-0.004049602,-0.024997592,0.018779004,-0.004270443,-0.011199236,-0.062784637,-0.020486893,-0.015354827,-0.005725792,-0.011138581,-0.009633565,-0.008466591,-0.057914647,-0.022287928,-0.013955723,-0.003573148,-0.009031922,-0.018125514,2.90001E-05
BR4_main,3.109494949,0.026685954,-0.000167392,-0.009072311,-0.011288889,-0.042976726,-0.014816719,0.002102593,-0.024287167,-0.00603269,0.030314562,0.000406292,-0.137898309,-0.001902983,-0.022034764,0.018592156,-0.004095881,-0.011280305,-0.076551393,-0.019991254,-0.015187764,-0.005663181,-0.012723555,-0.009475836,-0.00893938,-0.055748037,-0.02155822,-0.013519101,-0.003628391,-0.008723459,-0.017633836,3.45131E-05
BR4_main,3.229090909,0.02474504,-0.000202687,-0.011317855,-0.011107049,-0.042773172,-0.015762268,0.001918425,-0.023308976,-0.006107477,0.029546339,0.000402706,-0.136523461,-0.000843207,-0.020228104,0.018424501,-0.003966627,-0.011449299,-0.083253776,-0.019666178,-0.015208836,-0.00564471,-0.013516825,-0.009329103,-0.009606927,-0.053269357,-0.02134031,-0.013148879,-0.003686016,-0.008461127,-0.017108506,4.07967E-05
BR4_main,3.348686869,0.023248553,-0.000250069,-0.013505576,-0.010985479,-0.042287724,-0.016028472,0.001776108,-0.022334064,-0.006218605,0.028691676,0.000398359,-0.136358883,-0.000339128,-0.019126403,0.018084629,-0.003876715,-0.01168256,-0.082370717,-0.01946895,-0.015339808,-0.005662829,-0.013642344,-0.009187024,-0.010381431,-0.050801312,-0.02143451,-0.012834449,-0.003734938,-0.008232711,-0.016569119,4.45578E-05
BR4_main,3.468282828,0.022140326,-0.000308076,-0.015734051,-0.010900892,-0.041508025,-0.015412308,0.001657673,-0.021519481,-0.006356863,0.02767817,0.000393102,-0.137256954,-0.000102988,-0.018454596,0.017397153,-0.003828334,-0.011959036,-0.075190684,-0.019364418,-0.015508982,-0.005711683,-0.013211395,-0.009043018,-0.011244533,-0.048676124,-0.021702806,-0.01256616,-0.003767806,-0.008036791,-0.016047234,4.28816E-05
BR4_main,3.587878788,0.021328306,-0.000371794,-0.018033812,-0.010832846,-0.04047228,-0.014117946,0.001547896,-0.020939257,-0.006513011,0.026566731,0.000386822,-0.139082479,1.0924E-05,-0.018026754,0.016354878,-0.003831427,-0.01225699,-0.064748846,-0.01932219,-0.015657354,-0.005784936,-0.012322844,-0.008890578,-0.012143156,-0.04713429,-0.022043447,-0.012335171,-0.003783448,-0.007882389,-0.015570062,3.72947E-05
BR4_main,3.707474747,0.020722911,-0.000427613,-0.020389691,-0.010764115,-0.039257351,-0.012578518,0.001435485,-0.020514305,-0.006678193,0.025462199,0.000379466,-0.141708725,7.36407E-05,-0.01774772,0.015069396,-0.003891444,-0.012551812,-0.054050508,-0.019313673,-0.015735296,-0.005870143,-0.011062979,-0.008724025,-0.012897554,-0.04611785,-0.022377113,-0.012133776,-0.003785272,-0.007774732,-0.015153448,3.18449E-05
BR4_main,3.827070707,0.020252045,-0.000454747,-0.02257016,-0.010684345,-0.037959808,-0.011155721,0.001312632,-0.020127832,-0.006846255,0.024423115,0.000371178,-0.145057877,0.000119975,-0.017596336,0.013635073,-0.003997493,-0.012820889,-0.044735477,-0.019318359,-0.015708458,-0.005946775,-0.009508803,-0.008541797,-0.013259532,-0.045261806,-0.022647044,-0.011959164,-0.003772931,-0.00771092,-0.014805027,2.84967E-05
BR4_main,3.946666667,0.019862764,-0.000438411,-0.023957693,-0.010588619,-0.036665599,-0.010033081,0.00117506,-0.019723513,-0.007013267,0.023452392,0.000362229,-0.149081192,0.0001687,-0.017582122,0.012072591,-0.004122913,-0.013046766,-0.037247296,-0.0193245,-0.015566094,-0.005993335,-0.007725148,-0.008345398,-0.013110346,-0.044171463,-0.022813329,-0.011811263,-0.003729866,-0.007684207,-0.014524621,2.6628E-05
BR4_main,4.066262626,0.019517776,-0.000383464,-0.023857665,-0.010474162,-0.035433609,-0.009242899,0.001026273,-0.019273783,-0.007175658,0.022528854,0.000352891,-0.153711313,0.000232639,-0.017713632,0.010390024,-0.004238727,-0.01321541,-0.031402513,-0.019324464,-0.015330915,-0.005996413,-0.00576362,-0.008136908,-0.012550023,-0.042802137,-0.022845269,-0.011688623,-0.003636627,-0.007681513,-0.014304756,2.48954E-05
BR4_main,4.185858586,0.019191355,-0.00031134,-0.022318364,-0.01034011,-0.034302083,-0.008738812,0.000879443,-0.018743067,-0.007330165,0.021633943,0.000343421,-0.158851818,0.000323182,-0.017989768,0.008692793,-0.004322057,-0.013307887,-0.026778901,-0.019308828,-0.015059934,-0.005951576,-0.00366779,-0.007919006,-0.011825503,-0.041413012,-0.022721239,-0.011588,-0.003508428,-0.007694479,-0.014135085,2.28556E-05
BR4_main,4.305454545,0.018865762,-0.000242294,-0.020108082,-0.010187026,-0.03329551,-0.008456479,0.000750561,-0.01809777,-0.007473426,0.020758637,0.000334051,-0.164362053,0.000449974,-0.018399456,0.007145283,-0.004357449,-0.013290521,-0.022962609,-0.019260007,-0.014811773,-0.005861494,-0.001479453,-0.007694767,-0.011189334,-0.040222153,-0.022428551,-0.01150394,-0.003383531,-0.007735242,-0.014004823,2.1038E-05
BR4_main,4.425050505,0.018528447,-0.000184167,-0.017813284,-0.010016426,-0.032429141,-0.008340308,0.000649446,-0.017339652,-0.00760155,0.019901562,0.000324977,-0.170042942,0.000613747,-0.018923671,0.005835236,-0.004338894,-0.013129819,-0.019667532,-0.019157151,-0.01459916,-0.005734223,0.000755764,-0.007467422,-0.010778044,-0.039296608,-0.021963379,-0.011428881,-0.003282782,-0.007822553,-0.0139038,1.98885E-05
BR4_main,4.544646465,0.018170338,-0.000136621,-0.015619453,-0.009830395,-0.031711496,-0.008348293,0.000576355,-0.016507607,-0.007709854,0.019065466,0.000316352,-0.175629527,0.000792561,-0.019537255,0.004753077,-0.004276012,-0.012828919,-0.016742886,-0.01898761,-0.014382755,-0.005578155,0.002985657,-0.007240163,-0.010605561,-0.038530049,-0.021330483,-0.011353896,-0.003206084,-0.007960904,-0.013822773,1.93921E-05
BR4_main,4.664242424,0.017784712,-9.79283E-05,-0.013566673,-0.009631195,-0.031145388,-0.008449412,0.000524525,-0.015643974,-0.00779283,0.018254381,0.000308289,-0.180797593,0.000937882,-0.020209809,0.003856233,-0.004193647,-0.012433861,-0.014126295,-0.018752093,-0.014120272,-0.005396719,0.005153407,-0.007015911,-0.010594705,-0.037684924,-0.020542381,-0.011269882,-0.003146728,-0.008133736,-0.013753294,1.93489E-05
BR4_main,4.783838384,0.017366492,-6.82841E-05,-0.011679077,-0.009420689,-0.030727144,-0.008619797,0.000484835,-0.014766923,-0.007844172,0.017471448,0.000300851,-0.185191504,0.001002548,-0.020905415,0.003109371,-0.004116071,-0.012000372,-0.011793473,-0.018461825,-0.013806393,-0.005189561,0.007203487,-0.006796934,-0.010592908,-0.036516267,-0.019617512,-0.011168602,-0.003098572,-0.00831482,-0.013687072,1.95819E-05
BR4_main,4.903434343,0.016911849,-4.86891E-05,-0.009969153,-0.00920088,-0.030447869,-0.008840498,0.000449531,-0.013873992,-0.007857893,0.016719613,0.000294072,-0.188502392,0.000969424,-0.021584503,0.002486513,-0.004056052,-0.011569577,-0.009728275,-0.018134916,-0.013468781,-0.004961532,0.009087323,-0.006585264,-0.010430576,-0.034939047,-0.018580234,-0.011044671,-0.003057395,-0.008475681,-0.013616833,1.99793E-05
BR4_main,5.023030303,0.016417883,-3.74898E-05,-0.008426409,-0.00897443,-0.030293481,-0.009096296,0.000414019,-0.012966821,-0.00782965,0.016002515,0.000287987,-0.190561152,0.000846257,-0.02220651,0.001965439,-0.004016337,-0.011166235,-0.007908548,-0.01779002,-0.013142997,-0.004727064,0.010763975,-0.006383084,-0.010008448,-0.033153659,-0.017460174,-0.010896835,-0.003020613,-0.00856873,-0.013537286,2.04775E-05
BR4_main,5.142626263,0.015882769,-3.02996E-05,-0.007027681,-0.008743997,-0.030241479,-0.009374433,0.000377182,-0.012068902,-0.007757015,0.01532321,0.000282612,-0.191374911,0.000668558,-0.022730562,0.001527367,-0.003993258,-0.010801716,-0.00630074,-0.017432771,-0.01284571,-0.004502641,0.012198717,-0.006192253,-0.009330612,-0.031453814,-0.016288756,-0.010726848,-0.002986575,-0.008538987,-0.013444267,2.10394E-05
BR4_main,5.262222222,0.015305824,-2.24203E-05,-0.005746659,-0.00851203,-0.030263378,-0.00966442,0.000340946,-0.011222125,-0.007639952,0.014683934,0.00027794,-0.191111173,0.000492618,-0.023117638,0.001158809,-0.003978958,-0.010471965,-0.004859063,-0.017048904,-0.012570123,-0.004298966,0.013369726,-0.006014196,-0.008489522,-0.02998875,-0.015096833,-0.010538029,-0.002954201,-0.008353291,-0.013334527,2.1641E-05
BR4_main,5.381818182,0.014687362,-1.21822E-05,-0.004555818,-0.008280471,-0.030332494,-0.009957828,0.000309473,-0.010471456,-0.007480804,0.014085727,0.000273937,-0.190037088,0.000354795,-0.023332929,0.000847654,-0.00396303,-0.010152513,-0.003525238,-0.016625593,-0.012299283,-0.004120356,0.014274458,-0.005849738,-0.007643412,-0.028763289,-0.013912495,-0.010333337,-0.002922717,-0.008011596,-0.013205318,2.22624E-05
BR4_main,5.501414141,0.014028856,-1.00416E-06,-0.003447732,-0.008050757,-0.030430062,-0.010247116,0.000288235,-0.009850222,-0.007284083,0.013528555,0.000270543,-0.188456458,0.00025944,-0.023349069,0.000579327,-0.003934451,-0.00980351,-0.002228148,-0.016173847,-0.012016212,-0.003967731,0.014923629,-0.00569914,-0.006988182,-0.0277278,-0.012759891,-0.0101142,-0.002891539,-0.007559005,-0.01305438,2.28846E-05
BR4_main,5.621010101,0.013333057,9.88062E-06,-0.002457317,-0.00782391,-0.030539045,-0.010522785,0.000283636,-0.009358839,-0.00705596,0.013011561,0.000267674,-0.186659649,0.000196456,-0.023149428,0.000342402,-0.003883715,-0.009392045,-0.000883416,-0.015717354,-0.011712194,-0.003840593,0.015329718,-0.005562209,-0.006679948,-0.026831728,-0.011658675,-0.009880163,-0.002860234,-0.007066454,-0.012880057,2.34868E-05
BR4_main,5.740606061,0.012604066,2.02173E-05,-0.001646366,-0.007600646,-0.030632233,-0.010771297,0.000303953,-0.008954321,-0.006803597,0.012533314,0.000265224,-0.184891678,0.000154784,-0.02273058,0.000131166,-0.003804712,-0.008917587,0.000604127,-0.015278206,-0.011391258,-0.003736568,0.015503561,-0.005438406,-0.006744838,-0.026037992,-0.010623897,-0.009629425,-0.002828504,-0.006587152,-0.012681441,2.40468E-05
BR4_main,5.86020202,0.011847341,2.98869E-05,-0.001059278,-0.007381449,-0.030672266,-0.0109767,0.000361498,-0.008589599,-0.00653448,0.01209198,0.000263074,-0.183338758,0.000126516,-0.022103131,-5.88939E-05,-0.003695741,-0.008415588,0.002326256,-0.014873597,-0.01106403,-0.003648892,0.015459304,-0.005326927,-0.007080251,-0.025321702,-0.009666153,-0.009360893,-0.002796169,-0.006148087,-0.01245843,2.45408E-05
BR4_main,5.97979798,0.011069641,3.9121E-05,-0.000695511,-0.007166663,-0.030627303,-0.011124503,0.000474486,-0.00825603,-0.00625595,0.011685501,0.00026109,-0.182130299,0.000106813,-0.021290799,-0.000236661,-0.003559343,-0.007935358,0.004325308,-0.014528524,-0.010740331,-0.003565184,0.015220185,-0.005226797,-0.007537247,-0.024666123,-0.00879204,-0.009077417,-0.00276317,-0.005767065,-0.01221182,2.49445E-05
BR4_main,6.099393939,0.010278694,4.90935E-05,-0.000505823,-0.00695651,-0.030483786,-0.011204,0.000666763,-0.007961749,-0.00597489,0.011311655,0.000259129,-0.181345684,9.27867E-05,-0.020327661,-0.000412512,-0.003401167,-0.007514168,0.006492625,-0.014316425,-0.010426247,-0.003472959,0.014819772,-0.0051369,-0.007988143,-0.024059267,-0.008004651,-0.008786626,-0.002729544,-0.005461241,-0.011943233,2.52352E-05
BR4_main,6.218989899,0.009483248,6.15314E-05,-0.000403315,-0.006751142,-0.030241075,-0.011208534,0.00096502,-0.007701736,-0.005697608,0.010968153,0.000257046,-0.181023304,8.26217E-05,-0.019254581,-0.000565057,-0.003228567,-0.007167432,0.008451685,-0.014312565,-0.010123036,-0.003368926,0.014298541,-0.005056038,-0.008320893,-0.023492023,-0.007304213,-0.00849801,-0.002695426,-0.005239643,-0.011655093,2.53929E-05
BR4_main,6.338585859,0.00869274,7.74845E-05,-0.000308676,-0.006550689,-0.029897531,-0.011135069,0.001390803,-0.007468448,-0.005429777,0.010652752,0.000254703,-0.181169716,7.51136E-05,-0.018115548,-0.00060765,-0.003049429,-0.006893878,0.009607474,-0.014476513,-0.009828741,-0.003259494,0.013698435,-0.00498298,-0.008446147,-0.02295736,-0.006688719,-0.008219388,-0.002661042,-0.005090887,-0.011350566,2.54033E-05
BR4_main,6.458181818,0.007916517,9.7016E-05,-0.000189435,-0.006355235,-0.029447382,-0.010983822,0.001933633,-0.00727013,-0.005176269,0.010363247,0.000251971,-0.181767126,6.94537E-05,-0.016954334,-0.000449035,-0.002871394,-0.006684468,0.009523853,-0.014653594,-0.009541784,-0.003153058,0.01305805,-0.004916464,-0.008339657,-0.022450005,-0.006154455,-0.007955288,-0.002626687,-0.004989945,-0.011033361,2.52592E-05
BR4_main,6.577777778,0.007163487,0.00012008,-5.46364E-05,-0.006164788,-0.028889579,-0.010758032,0.002494883,-0.007124342,-0.004940858,0.010097464,0.000248746,-0.18277914,6.51023E-05,-0.015811759,-0.000103126,-0.002701295,-0.006528457,0.008339848,-0.014682547,-0.009262709,-0.003055336,0.012409486,-0.004855177,-0.00806131,-0.021966414,-0.005696443,-0.007707088,-0.002592686,-0.00492472,-0.010707499,2.49613E-05
BR4_main,6.697373737,0.006441656,0.000147463,6.58219E-05,-0.005979279,-0.028233524,-0.010463723,0.002859883,-0.007037895,-0.004725888,0.009853342,0.000244947,-0.184155602,6.17029E-05,-0.014723582,0.00031883,-0.00254467,-0.006416082,0.006623472,-0.014475164,-0.008993206,-0.00296932,0.011776998,-0.004797768,-0.007718239,-0.021504979,-0.00530886,-0.007474258,-0.002559361,-0.004912772,-0.010377147,2.45194E-05
BR4_main,6.816969697,0.005757716,0.000181082,0.000135692,-0.005798568,-0.02749449,-0.0101093,0.00282614,-0.007003242,-0.00453218,0.009629084,0.000240531,-0.185834277,5.90198E-05,-0.013718757,0.000711656,-0.002405331,-0.006339218,0.004896558,-0.0140224,-0.008732934,-0.002896585,0.011177227,-0.004742864,-0.007391524,-0.021066117,-0.004985358,-0.00725612,-0.002526981,-0.00498676,-0.010046464,2.3951E-05
BR4_main,6.936565657,0.005116762,0.000223224,0.000121635,-0.005622396,-0.026686475,-0.009704872,0.002404164,-0.00701243,-0.004359507,0.0094233,0.000235484,-0.187738375,5.68971E-05,-0.012818084,0.001036185,-0.002285183,-0.006291054,0.003425924,-0.013353912,-0.008474655,-0.002838643,0.010620595,-0.004689029,-0.007116485,-0.020651889,-0.004719238,-0.007053253,-0.002495662,-0.00515631,-0.009719329,2.32807E-05
BR4_main,7.056161616,0.004521984,0.000275249,7.06169E-07,-0.005450368,-0.025819984,-0.009261533,0.001797481,-0.007064946,-0.00420758,0.009235365,0.000229825,-0.18977417,5.52342E-05,-0.012033813,0.001302179,-0.002184477,-0.006265501,0.002273799,-0.012528898,-0.008202429,-0.002797734,0.010113328,-0.004634768,-0.006898492,-0.020265404,-0.004503591,-0.006867846,-0.002465251,-0.005386457,-0.009399141,2.25371E-05
BR4_main,7.175757576,0.003975022,0.000335747,-0.000228456,-0.005282038,-0.024903639,-0.008790791,0.001219571,-0.007163023,-0.004076636,0.009065956,0.000223597,-0.191832797,5.39778E-05,-0.011370362,0.001531664,-0.002102376,-0.006256715,0.001404157,-0.011643377,-0.007901157,-0.002776729,0.009659455,-0.004578613,-0.006726579,-0.019910363,-0.004331418,-0.006702781,-0.002435244,-0.005615615,-0.009088745,2.17518E-05
BR4_main,7.295353535,0.00347623,0.000399129,-0.000544027,-0.005116966,-0.023945483,-0.008303988,0.000784673,-0.007305479,-0.003966977,0.008916971,0.000216869,-0.193794412,5.31282E-05,-0.010825643,0.00174005,-0.002037488,-0.006258771,0.000752817,-0.010816963,-0.007572971,-0.002778134,0.009262201,-0.004519194,-0.006585599,-0.019590392,-0.004195674,-0.006559934,-0.002404736,-0.005790932,-0.008790286,2.09569E-05
BR4_main,7.414949495,0.003024604,0.000454737,-0.000924444,-0.004954741,-0.022953124,-0.007811775,0.000511567,-0.007485971,-0.003878076,0.008788924,0.000209727,-0.195535859,5.27604E-05,-0.010392655,0.001932085,-0.001988068,-0.006265559,0.00025715,-0.010164964,-0.007238476,-0.002802384,0.008924656,-0.004455312,-0.006462457,-0.019308318,-0.004089217,-0.006439051,-0.00237252,-0.005873999,-0.008505044,2.01839E-05
BR4_main,7.534545455,0.002618187,0.00048613,-0.001367107,-0.004794921,-0.021933746,-0.00732356,0.000368754,-0.00769377,-0.003808167,0.008673405,0.000202272,-0.196939812,5.305E-05,-0.010060891,0.002104677,-0.001951882,-0.006270807,-0.000135254,-0.009748946,-0.006918244,-0.002846126,0.008649749,-0.004385956,-0.006347244,-0.019065339,-0.00400469,-0.006337987,-0.002337377,-0.00583543,-0.008233329,1.94622E-05
BR4_main,7.654141414,0.00225439,0.000477259,-0.001882737,-0.004636942,-0.020895427,-0.006847088,0.000312628,-0.007915071,-0.003754472,0.008546156,0.000194617,-0.197906014,5.42707E-05,-0.009817492,0.002255522,-0.001926169,-0.006268263,-0.000466209,-0.009536912,-0.006617387,-0.002902,0.008439961,-0.004310308,-0.006232747,-0.018860385,-0.003934391,-0.006253277,-0.002298515,-0.005675189,-0.00797465,1.88186E-05
BR4_main,7.773737374,0.001930242,0.000426993,-0.002473288,-0.004480019,-0.019849751,-0.006388451,0.000307142,-0.008134311,-0.003713691,0.008380764,0.000186885,-0.198364172,5.66843E-05,-0.009648153,0.002391026,-0.001907907,-0.006252039,-0.000769454,-0.00943731,-0.006328453,-0.00296014,0.008297284,-0.004227768,-0.006113889,-0.018689864,-0.003870291,-0.00617945,-0.002255872,-0.00542934,-0.007728208,1.82767E-05
BR4_main,7.893333333,0.001642588,0.000353686,-0.003111843,-0.004323008,-0.018813737,-0.005953323,0.000329105,-0.008335071,-0.003682483,0.008178065,0.000179215,-0.198283103,6.02708E-05,-0.009537708,0.002523734,-0.001893375,-0.006216993,-0.001073585,-0.009365667,-0.006046272,-0.003009687,0.00822359,-0.004137951,-0.005987319,-0.018547517,-0.003804307,-0.006107899,-0.0022101,-0.005148167,-0.00749334,1.78568E-05
BR4_main,8.012929293,0.001388231,0.000279668,-0.003743626,-0.004164314,-0.017809637,-0.005550261,0.000365834,-0.008499687,-0.003657993,0.007962834,0.000171765,-0.197674318,6.4545E-05,-0.009470572,0.002664159,-0.001877087,-0.006159125,-0.001404332,-0.009275195,-0.005777389,-0.003040351,0.008221275,-0.004040678,-0.005851158,-0.018424559,-0.003728985,-0.006027701,-0.002162339,-0.004871097,-0.007269739,1.75748E-05
BR4_main,8.132525253,0.001163841,0.000215077,-0.004280284,-0.004002049,-0.01686285,-0.005191409,0.000410776,-0.008607649,-0.003638505,0.007753937,0.000164725,-0.196588319,6.90807E-05,-0.009431159,0.002817686,-0.001853363,-0.006075927,-0.001785751,-0.00915041,-0.005534466,-0.003044769,0.008293675,-0.00393599,-0.005704822,-0.018310165,-0.003638557,-0.005928547,-0.002113939,-0.004621601,-0.007057398,1.74419E-05
BR4_main,8.252121212,0.000966401,0.000160207,-0.004589611,-0.003834716,-0.015999726,-0.004883702,0.000460182,-0.008636203,-0.003624095,0.007554523,0.000158332,-0.195103768,7.46061E-05,-0.009404343,0.002986045,-0.001820459,-0.005966566,-0.002239724,-0.008992828,-0.005326217,-0.003019949,0.008444945,-0.003824158,-0.00554881,-0.018192321,-0.003529936,-0.005803761,-0.002066201,-0.004426322,-0.006856408,1.74628E-05
BR4_main,8.371717172,0.00079329,0.000114511,-0.004545434,-0.003662616,-0.015246942,-0.004625297,0.000511192,-0.008567826,-0.003617021,0.007359818,0.000152891,-0.193313841,8.28524E-05,-0.009376011,0.003167978,-0.001780925,-0.005831827,-0.002782431,-0.008808964,-0.005154365,-0.002966783,0.00867961,-0.003705688,-0.005384445,-0.018059085,-0.003403113,-0.00565197,-0.002020124,-0.004321879,-0.006666776,1.76351E-05
BR4_main,8.491313131,0.000641906,7.91716E-05,-0.004138612,-0.003489569,-0.014632089,-0.004416173,0.00056123,-0.008401059,-0.003621677,0.007163822,0.000148775,-0.191315468,9.47898E-05,-0.009333724,0.003357027,-0.001738422,-0.005673815,-0.003415463,-0.008605777,-0.005016234,-0.002888501,0.009002253,-0.003581322,-0.005213585,-0.017900223,-0.003260699,-0.005477239,-0.001976266,-0.004327748,-0.00648851,1.79476E-05
BR4_main,8.610909091,0.000509848,5.56808E-05,-0.003533385,-0.003324227,-0.014182568,-0.004263605,0.000608317,-0.008152349,-0.003643815,0.006961324,0.000146363,-0.189204182,0.000109882,-0.00926748,0.003540237,-0.001695779,-0.005495513,-0.00410918,-0.008381202,-0.004907536,-0.002787486,0.009417275,-0.003452057,-0.00503838,-0.01770898,-0.003106892,-0.005287801,-0.001934765,-0.004422219,-0.006321806,1.83793E-05
BR4_main,8.730505051,0.000394927,4.34264E-05,-0.002955425,-0.003180307,-0.013918346,-0.00418059,0.000650929,-0.007846845,-0.003687577,0.006747702,0.000145826,-0.187071179,0.000127051,-0.009170413,0.00370599,-0.001654058,-0.005300282,-0.004780581,-0.008125659,-0.004823663,-0.00266035,0.009927822,-0.003319148,-0.00486107,-0.017483328,-0.002946382,-0.005093722,-0.001895504,-0.004555249,-0.006166939,1.88984E-05
BR4_main,8.85010101,0.000295166,3.95891E-05,-0.00253412,-0.003070115,-0.013837112,-0.004185011,0.000687035,-0.007510013,-0.003749257,0.006518323,0.000146795,-0.184999777,0.000145613,-0.009039269,0.003853913,-0.001612454,-0.005091499,-0.005287301,-0.007842492,-0.004760433,-0.002502647,0.01053279,-0.003184109,-0.004683875,-0.017226284,-0.002783605,-0.004904455,-0.001858339,-0.0046804,-0.006023953,1.94589E-05
BR4_main,8.96969697,0.000208788,4.15922E-05,-0.00228257,-0.002992283,-0.013906861,-0.004299225,0.000713421,-0.007165551,-0.00381348,0.006268333,0.000148344,-0.183060194,0.000165474,-0.008874558,0.003989143,-0.00157017,-0.004872504,-0.00548261,-0.007560755,-0.004713987,-0.002325196,0.011221709,-0.003048708,-0.004508978,-0.016945271,-0.002622401,-0.004727092,-0.001823297,-0.004773924,-0.005892598,1.9997E-05
BR4_main,9.089292929,0.000134026,4.81907E-05,-0.002164924,-0.002932795,-0.014093967,-0.004545032,0.000726419,-0.006835141,-0.003860018,0.005993565,0.000149542,-0.181303383,0.000186944,-0.00868033,0.004114906,-0.001531146,-0.004646903,-0.005320652,-0.007314427,-0.004679516,-0.00214895,0.011969082,-0.002914959,-0.004338571,-0.016650942,-0.00246597,-0.004565587,-0.001790678,-0.004830728,-0.005772489,2.04383E-05
BR4_main,9.208888889,6.94481E-05,5.93171E-05,-0.00214394,-0.002877119,-0.014396783,-0.004925971,0.000723616,-0.006537035,-0.003877652,0.005693412,0.000149699,-0.17975528,0.000210549,-0.008463672,0.004240053,-0.001504612,-0.004418982,-0.004890327,-0.007116193,-0.004650969,-0.001986718,0.012731728,-0.002785107,-0.004174949,-0.016355926,-0.002316977,-0.004420969,-0.001760913,-0.004853508,-0.005663159,2.07336E-05
BR4_main,9.328484848,1.39721E-05,7.59642E-05,-0.002194101,-0.002817518,-0.014823013,-0.005387927,0.000704838,-0.006284876,-0.003869796,0.005375596,0.000148199,-0.178412124,0.000236932,-0.008234029,0.004383938,-0.001496497,-0.00419381,-0.004337271,-0.006965666,-0.00462321,-0.001841808,0.013452923,-0.002661593,-0.004020545,-0.016073596,-0.002177685,-0.004292398,-0.001733974,-0.004846777,-0.00556402,2.08945E-05
BR4_main,9.448080808,0.000001,9.9588E-05,-0.002300095,-0.00275279,-0.015345869,-0.005753007,0.000672137,-0.006088216,-0.003843984,0.005058529,0.000145515,-0.17723847,0.000266836,-0.008002522,0.004563313,-0.001504925,-0.003976941,-0.003780937,-0.006865944,-0.004592546,-0.001713887,0.014074436,-0.002546997,-0.003877877,-0.015816912,-0.0020501,-0.004178592,-0.001708375,-0.004815161,-0.005474095,2.09619E-05
BR4_main,9.567676768,0.000001,0.000131176,-0.002451156,-0.00268485,-0.015880455,-0.005657241,0.000630223,-0.005954215,-0.00380313,0.004760182,0.000143922,-0.176168709,0.00030111,-0.007781392,0.004770341,-0.001522793,-0.003774097,-0.003288056,-0.00681751,-0.004553788,-0.001601812,0.014553058,-0.00244395,-0.003749354,-0.015597207,-0.001936097,-0.004078891,-0.001680991,-0.004763243,-0.005390926,2.09265E-05
BR4_main,9.687272727,0.000001,0.000169826,-0.002630339,-0.00261618,-0.016278945,-0.004668735,0.000584765,-0.005889416,-0.003749813,0.004465451,0.000146373,-0.175112983,0.000340735,-0.007583648,0.004966314,-0.001540722,-0.003591315,-0.002882789,-0.006812484,-0.004498296,-0.001504228,0.014875999,-0.002355055,-0.003636986,-0.015423018,-0.001837583,-0.003993176,-0.001648813,-0.004695703,-0.005309142,2.06954E-05
BR4_main,9.806868687,0.000001,0.000209516,-0.002793531,-0.002548854,-0.016364809,-0.002787119,0.000537962,-0.005900873,-0.003692243,0.004095428,0.000154728,-0.173966259,0.000386823,-0.007422851,0.005109231,-0.001547391,-0.003435804,-0.002565141,-0.006837198,-0.004415232,-0.001419648,0.015068888,-0.002282791,-0.003542053,-0.015298934,-0.00175667,-0.003920238,-0.001610919,-0.004617371,-0.005220722,2.01357E-05
BR4_main,9.926464646,0.000001,0.000237334,-0.002854454,-0.002484378,-0.016005264,-0.00090429,0.000487514,-0.005996444,-0.003640874,0.00353558,0.000169026,-0.172621051,0.000440552,-0.00731297,0.005191494,-0.001530283,-0.003317515,-0.002325052,-0.006873319,-0.004297484,-0.001346509,0.015189643,-0.002229473,-0.003464852,-0.015224605,-0.001695903,-0.003855628,-0.001568622,-0.004533157,-0.005118113,1.91471E-05
BR4_main,10.04606061,0.000001,0.000241276,-0.002732723,-0.002423784,-0.015181104,-0.000383838,0.000429977,-0.006184116,-0.0035987,0.00273563,0.000187645,-0.170984398,0.000502974,-0.007268129,0.005242363,-0.001480947,-0.003251197,-0.002149884,-0.006896563,-0.004148955,-0.00128326,0.015308576,-0.002197295,-0.003404623,-0.015193971,-0.001658514,-0.003792823,-0.001523795,-0.004447942,-0.004998962,1.77131E-05
BR4_main,10.16565657,0.000001,0.000221256,-0.002445677,-0.002367726,-0.01401649,-0.001884322,0.000364324,-0.006470188,-0.003563212,0.001795458,0.000206262,-0.169001289,0.000574543,-0.007302054,0.005307498,-0.001399889,-0.003258092,-0.002027302,-0.006878651,-0.003982918,-0.001228423,0.015487425,-0.002188463,-0.00335972,-0.015194819,-0.00164859,-0.003729821,-0.001476757,-0.004366575,-0.00487081,1.59125E-05
BR4_main,10.28525253,0.000001,0.000187879,-0.002109044,-0.002316502,-0.012739942,-0.004660691,0.000292094,-0.006855932,-0.003535063,0.000951944,0.000218112,-0.16668734,0.000654152,-0.007426796,0.005431032,-0.001295176,-0.003364517,-0.001947785,-0.006798307,-0.003813743,-0.001180612,0.015768095,-0.00220527,-0.003327953,-0.01520868,-0.001670674,-0.003673042,-0.001424943,-0.004294052,-0.004755025,1.39173E-05
BR4_main,10.40484848,0.000001,0.000155869,-0.00185304,-0.002269999,-0.011646359,-0.007195757,0.000214832,-0.0073323,-0.003518888,0.000491912,0.000218416,-0.164174672,0.000737371,-0.007649903,0.005610065,-0.00117875,-0.003590926,-0.001910474,-0.006651625,-0.003652534,-0.001138565,0.01616973,-0.002249838,-0.003306989,-0.015211183,-0.001727437,-0.003631138,-0.001363034,-0.004235934,-0.004688246,1.19901E-05
BR4_main,10.52444444,0.000001,0.000139416,-0.001758061,-0.002227546,-0.011122748,-0.008265701,0.000135102,-0.007872269,-0.003519801,0.000649533,0.000208576,-0.161773794,0.000813773,-0.007968055,0.005778559,-0.001063696,-0.003923039,-0.001924715,-0.006449374,-0.00350751,-0.001101416,0.01668824,-0.002323459,-0.003294692,-0.015172921,-0.001812724,-0.003607981,-0.001288191,-0.004199018,-0.004714546,1.0462E-05
BR4_main,10.6440404,0.000001,0.000150528,-0.001833146,-0.002187762,-0.011664349,-0.007421636,5.92051E-05,-0.008420892,-0.003536278,0.001526444,0.000197501,-0.160046211,0.000864105,-0.008352408,0.005867187,-0.000961572,-0.004271443,-0.001985645,-0.006208144,-0.003385123,-0.001069543,0.01729527,-0.002425868,-0.003289385,-0.015060801,-0.001898887,-0.003603004,-0.00120853,-0.004192229,-0.004856688,9.68563E-06
BR4_main,10.76363636,0.000001,0.000200287,-0.002029957,-0.002148545,-0.013784695,-0.005124651,-7.74438E-06,-0.00888749,-0.003556647,0.003056746,0.000197275,-0.159859175,0.000859772,-0.008719052,0.005879453,-0.000880768,-0.004472341,-0.002032851,-0.005940021,-0.003289946,-0.0010462,0.017936734,-0.00255476,-0.003290076,-0.01483971,-0.001932389,-0.003614104,-0.001140501,-0.004227816,-0.005063995,9.94319E-06
BR4_main,10.88323232,0.000001,0.000296091,-0.002276994,-0.002107495,-0.017726354,-0.002340891,-6.30358E-05,-0.009158415,-0.003572949,0.004925093,0.000215422,-0.162331123,0.000767413,-0.008897319,0.005904549,-0.00082723,-0.004391483,-0.001940457,-0.005647059,-0.003222023,-0.001039511,0.018532344,-0.002705391,-0.003296774,-0.014474065,-0.001869192,-0.003639326,-0.00110086,-0.004322852,-0.005175004,1.12092E-05
BR4_main,11.00282828,0.000001,0.000432028,-0.002493509,-0.002062876,-0.02288937,5.6155E-05,-0.000101409,-0.009149711,-0.003591791,0.006523349,0.000251892,-0.168454235,0.00055549,-0.00867821,0.006064885,-0.000808645,-0.004043489,-0.001555162,-0.005324663,-0.003169531,-0.001060802,0.018978,-0.002870155,-0.003310986,-0.013928664,-0.001725386,-0.003679108,-0.001108077,-0.004500584,-0.004974697,1.30106E-05
BR4_main,11.12242424,0.000001,0.000582751,-0.002553895,-0.002014555,-0.027197004,0.001458023,-0.000113655,-0.008864806,-0.00361936,0.00722695,0.000301603,-0.178046841,0.000192096,-0.00799538,0.006455895,-0.000840654,-0.003550586,-0.000784949,-0.00496926,-0.003100187,-0.001117534,0.019151619,-0.003038419,-0.003336461,-0.013168398,-0.001558906,-0.003740156,-0.00118521,-0.004786552,-0.004373927,1.47936E-05
BR4_main,11.2420202,0.000001,0.000715592,-0.0022405,-0.001963958,-0.027560204,0.001500792,-8.70208E-05,-0.008386807,-0.003647633,0.006805978,0.00035655,-0.187923984,-0.000369915,-0.007001678,0.007100284,-0.000950971,-0.003016256,0.000334449,-0.004583186,-0.002976468,-0.001208523,0.018918823,-0.003197254,-0.003380062,-0.012157694,-0.00141661,-0.003838543,-0.00135162,-0.005179759,-0.00357941,1.64814E-05
BR4_main,11.36161616,0.000001,0.000808429,-0.001334063,-0.001913001,-0.022084912,9.67531E-05,-5.20399E-06,-0.00781966,-0.003661387,0.005741691,0.000405613,-0.190783875,-0.00120503,-0.005905868,0.007900543,-0.00117999,-0.002524946,0.001682543,-0.004174232,-0.002807301,-0.001324983,0.018132285,-0.003334355,-0.003452018,-0.010864698,-0.001320971,-0.003996325,-0.001600577,-0.005585617,-0.002978828,1.87198E-05
BR4_main,11.48121212,0.000001,0.000846694,9.5689E-05,-0.001863124,-0.011762449,-0.002491162,0.000140914,-0.007263504,-0.003650293,0.005197447,0.000436826,-0.178677701,-0.002392259,-0.004841375,0.008591395,-0.001570911,-0.002237645,0.003107235,-0.003754312,-0.002647945,-0.001452988,0.016637523,-0.003446003,-0.003562504,-0.009284787,-0.001280133,-0.004225899,-0.001864264,-0.005801143,-0.002839456,2.27816E-05
BR4_main,11.60080808,0.000001,0.000807155,0.001588114,-0.001815043,0.000401123,-0.005672155,0.000333334,-0.006797345,-0.003608502,0.006321684,0.000444703,-0.150547522,-0.003902855,-0.003874327,0.00886846,-0.002122347,-0.002319962,0.00443056,-0.003337453,-0.00252796,-0.001575448,0.014374767,-0.003553065,-0.0037065,-0.007507645,-0.001289401,-0.004504287,-0.001997993,-0.005676799,-0.003188284,2.97668E-05
BR4_main,11.72040404,0.000001,0.000684026,0.002615664,-0.00176895,0.01121647,-0.008658528,0.000519676,-0.006415612,-0.003526618,0.009288286,0.000434092,-0.114047731,-0.005374678,-0.003050463,0.008642925,-0.0026831,-0.002695748,0.005465331,-0.002935792,-0.00243702,-0.001675325,0.011721288,-0.003717465,-0.003831003,-0.005813393,-0.001315727,-0.004755467,-0.001852096,-0.005277963,-0.0037507,3.81557E-05
BR4_main,11.84,0.000001,0.000522029,0.002936279,-0.001724756,0.018672643,-0.010687063,0.000624484,-0.006010449,-0.003392379,0.013027896,0.000412349,-0.07926071,-0.006067219,-0.002415372,0.008045409,-0.002920207,-0.003089823,0.006080185,-0.00255652,-0.002357749,-0.001740187,0.009715932,-0.004010184,-0.00382642,-0.004631861,-0.001292362,-0.004873415,-0.001434673,-0.00477876,-0.00394891,4.21396E-05
BR5_main,0,0.02067796,0.003314806,0.130482159,-0.116393339,0.357502656,0.000306519,-0.010896316,0.092028327,-0.06955858,-1.107650582,0.000923099,-0.727489263,-1.203441112,-0.528038943,-0.136919508,-0.045190607,-0.128764126,1.459754721,-0.176819632,-0.195752201,-0.113979603,0.230167878,-0.096557365,-0.035545129,-0.477714431,-0.329208819,-0.285324401,-0.019354025,-0.010475931,-0.255047275,0.000250468
BR5_main,0.11959596,0.027192728,0.00221547,0.164450416,-0.105577232,0.137473446,-0.05974142,-0.006651286,0.069673182,-0.059772843,-0.404264544,0.000755832,-0.732555569,-1.215766763,-0.391017527,-0.088741346,-0.043401554,-0.126222759,1.455715852,-0.166172577,-0.175590238,-0.098503481,0.277726251,-0.087957765,-0.038491551,-0.424128065,-0.300210826,-0.246450336,-0.018430023,-0.016539367,-0.227469629,0.000225852
BR5_main,0.239191919,0.032271441,-0.000939885,0.208526276,-0.087704167,-0.066023095,-0.096212799,-0.001782321,0.039672975,-0.050213499,0.215246628,0.000484918,-0.725625266,-1.080517172,-0.216599753,-0.013226558,-0.040512712,-0.118127869,1.324925287,-0.152720992,-0.144740056,-0.072952172,0.327915552,-0.072941918,-0.040954903,-0.347579436,-0.260917864,-0.181785991,-0.017151016,-0.020062582,-0.180100818,0.000187974
BR5_main,0.358787879,0.036057147,-0.004336517,0.240679986,-0.070086982,-0.270480952,-0.10573027,0.002720677,0.018593089,-0.041584716,0.468284119,0.000203993,-0.709426229,-0.865283817,-0.056771182,0.047478929,-0.036989283,-0.105892251,1.179410598,-0.138490029,-0.112484168,-0.050199782,0.363261733,-0.058422454,-0.042872064,-0.261023153,-0.218232569,-0.121340805,-0.015675597,-0.025688189,-0.134717366,0.000150275
BR5_main,0.478383838,0.038594238,-0.006493225,0.254805773,-0.056080629,-0.506697898,-0.091598021,0.005519595,0.012571085,-0.034284458,0.452728244,-2.02724E-05,-0.686285782,-0.613150922,0.068701877,0.08070253,-0.032827846,-0.091383056,1.041282983,-0.124861282,-0.085034309,-0.034522969,0.381601286,-0.047031847,-0.044244047,-0.181048589,-0.177596033,-0.077740339,-0.01414281,-0.03229785,-0.100242363,0.000120287
BR5_main,0.597979798,0.040175671,-0.007195645,0.25440412,-0.045869814,-0.748754863,-0.062800139,0.005390364,0.020029217,-0.028426616,0.350585366,-0.000162331,-0.657482421,-0.393236577,0.154414831,0.091687628,-0.027912649,-0.076338944,0.90429987,-0.112417985,-0.064595291,-0.024791615,0.387953014,-0.03850146,-0.045100297,-0.124439339,-0.142164883,-0.050180653,-0.012651751,-0.03673843,-0.076253748,9.90664E-05
BR5_main,0.717575758,0.041117267,-0.006826297,0.244469057,-0.038562109,-0.871189431,-0.030021482,0.002797337,0.035266168,-0.023921499,0.24585156,-0.000226704,-0.623544334,-0.267010565,0.192860309,0.08895578,-0.022645849,-0.062087421,0.779743375,-0.101267903,-0.050831304,-0.018895981,0.387082989,-0.031935991,-0.045485969,-0.09844835,-0.113236569,-0.033865017,-0.01126389,-0.037536653,-0.05979077,8.4721E-05
BR5_main,0.837171717,0.041662536,-0.005924559,0.228780019,-0.033238792,-0.743756266,-0.0010651,-0.000206801,0.050795062,-0.020552549,0.158574308,-0.000234393,-0.584925398,-0.225142122,0.182057605,0.079647098,-0.017838359,-0.049462701,0.680388309,-0.09132121,-0.042252837,-0.01525883,0.379683557,-0.026696653,-0.045453146,-0.093692823,-0.090921546,-0.02447358,-0.010010702,-0.035337077,-0.048300301,7.50099E-05
BR5_main,0.956767677,0.041972981,-0.00499764,0.209804933,-0.029234285,-0.412659286,0.020447298,-0.00224571,0.058856491,-0.018049824,0.093186673,-0.000212367,-0.542685115,-0.220949222,0.135672097,0.069074765,-0.014052588,-0.038853649,0.604153273,-0.082428369,-0.037115577,-0.012924623,0.360463365,-0.0224639,-0.045053219,-0.094285857,-0.074711636,-0.019099578,-0.008901838,-0.031655446,-0.040104245,6.82305E-05
BR5_main,1.076363636,0.042147635,-0.004274333,0.189123787,-0.026122914,-0.060142751,0.033381283,-0.003192756,0.05367862,-0.016153544,0.050734856,-0.000180458,-0.498696037,-0.227714757,0.076028879,0.060331235,-0.011354382,-0.03031432,0.542291206,-0.074426108,-0.033965705,-0.011352233,0.322806236,-0.019080509,-0.044328316,-0.09203571,-0.063816972,-0.015999784,-0.007931772,-0.027738603,-0.034178141,6.32771E-05
BR5_main,1.195959596,0.042244623,-0.003734603,0.167835894,-0.023647829,0.192822415,0.037618385,-0.003346207,0.035952583,-0.014656809,0.029084771,-0.000141359,-0.45537039,-0.240760611,0.019915199,0.054100739,-0.009545925,-0.023695297,0.492766472,-0.067171445,-0.031846947,-0.010241528,0.269203404,-0.01643574,-0.043319409,-0.086765812,-0.057228535,-0.014186529,-0.007087534,-0.02422098,-0.029909115,5.95058E-05
BR5_main,1.315555556,0.042297128,-0.003223565,0.14675225,-0.021650605,0.325924278,0.034164989,-0.002953208,0.013712596,-0.013412904,0.02283619,-8.85581E-05,-0.414904673,-0.259335216,-0.026000618,0.049409028,-0.008403189,-0.018741007,0.462617543,-0.060539485,-0.030231405,-0.009424288,0.211967526,-0.01442196,-0.042065363,-0.080581213,-0.053706605,-0.013116773,-0.006352464,-0.021288653,-0.026917113,5.65804E-05
BR5_main,1.435151515,0.042323597,-0.002622897,0.126487557,-0.020027783,0.357307792,0.025475567,-0.002200292,-0.004985437,-0.012326339,0.025018489,-2.09034E-05,-0.378739257,-0.278958663,-0.061344429,0.044855224,-0.007761426,-0.01516083,0.459184833,-0.054420936,-0.028862592,-0.00880397,0.162092249,-0.012936441,-0.040604012,-0.075100869,-0.05205667,-0.012501971,-0.005709855,-0.018919617,-0.024962328,5.43636E-05
BR5_main,1.554747475,0.042333793,-0.002004252,0.107496969,-0.01870836,0.311936979,0.014854037,-0.001278595,-0.017454762,-0.011340609,0.030006514,5.55007E-05,-0.34744676,-0.291616988,-0.087589817,0.040033702,-0.007501024,-0.012674374,0.478115351,-0.048716543,-0.027625388,-0.00832343,0.12317293,-0.011889751,-0.038973269,-0.071160682,-0.05138121,-0.012201533,-0.005147135,-0.017027258,-0.023898862,5.28316E-05
BR5_main,1.674343434,0.042332143,-0.001499005,0.090090238,-0.017643287,0.22019066,0.005259087,-0.000362405,-0.024668423,-0.010428201,0.035478524,0.000133032,-0.32092498,-0.289034587,-0.105137468,0.0359993,-0.007490623,-0.011037342,0.496330395,-0.043325539,-0.026469232,-0.007947752,0.09388234,-0.011203395,-0.037211273,-0.069057335,-0.051085873,-0.012166092,-0.004660582,-0.015514106,-0.023624109,5.19575E-05
BR5_main,1.793939394,0.042319384,-0.001136724,0.074443052,-0.016801144,0.115320463,-0.001691845,0.000426643,-0.028410281,-0.009582713,0.040830877,0.000206101,-0.298682415,-0.266686769,-0.111142478,0.033357812,-0.007554387,-0.010054657,0.481611522,-0.038141686,-0.025370981,-0.007655231,0.071616,-0.0107968,-0.03535595,-0.06874454,-0.050802051,-0.012405194,-0.004257833,-0.014266841,-0.02397612,5.14977E-05
BR5_main,1.913535354,0.042293025,-0.000881334,0.060615729,-0.01616802,0.024368628,-0.005957923,0.001037056,-0.03012241,-0.008811748,0.045380465,0.000271536,-0.280092999,-0.226797523,-0.099461036,0.030916622,-0.007549992,-0.009583564,0.419006025,-0.033098407,-0.024320672,-0.007433123,0.054202617,-0.010576521,-0.033446056,-0.0700105,-0.050323439,-0.012954439,-0.003951843,-0.013123371,-0.024610918,5.07596E-05
BR5_main,2.033131313,0.042246849,-0.000693084,0.048547074,-0.015740876,-0.038012888,-0.008363101,0.001475294,-0.030722036,-0.008125057,0.048694427,0.000327738,-0.264417849,-0.177649608,-0.067157276,0.027824064,-0.007450949,-0.009517057,0.323356666,-0.028269437,-0.023304236,-0.007271789,0.040217694,-0.010428922,-0.031504824,-0.072497689,-0.049533905,-0.01380106,-0.00374122,-0.011872724,-0.025057017,4.87027E-05
BR5_main,2.152727273,0.042169376,-0.00054648,0.038118252,-0.015536701,-0.070694468,-0.009699535,0.001763493,-0.030728239,-0.00753234,0.050763795,0.000374112,-0.251027015,-0.129197171,-0.025647453,0.024881324,-0.007240504,-0.009760344,0.221613406,-0.024005415,-0.022314023,-0.00716712,0.028847169,-0.010224023,-0.029557086,-0.075569302,-0.048396798,-0.0147774,-0.003598803,-0.01040796,-0.024927642,4.46358E-05
BR5_main,2.272323232,0.042041007,-0.000429071,0.029171756,-0.015587959,-0.080002527,-0.010442831,0.001920677,-0.030415641,-0.007039123,0.051438817,0.000410769,-0.239443991,-0.088307269,0.004579611,0.023092646,-0.006805157,-0.010207798,0.132317199,-0.020853425,-0.02135037,-0.007120469,0.019617324,-0.009849874,-0.027631451,-0.078267882,-0.046933978,-0.015533324,-0.003488106,-0.008965586,-0.023937138,3.90929E-05
BR5_main,2.391919192,0.041829396,-0.000325184,0.02151995,-0.015909473,-0.073934283,-0.010896282,0.001967563,-0.029919765,-0.006643994,0.050529102,0.000438269,-0.229302062,-0.057373728,0.014889625,0.022571607,-0.0060975,-0.010746482,0.061970211,-0.019221831,-0.020417664,-0.007135967,0.012193592,-0.009300895,-0.025754723,-0.079535026,-0.045198833,-0.015788573,-0.003394826,-0.008055837,-0.02209119,3.40437E-05
BR5_main,2.511515152,0.041482719,-0.000220052,0.014959754,-0.016420978,-0.061490858,-0.011315526,0.001930173,-0.029296731,-0.006339199,0.048261451,0.000457439,-0.220308419,-0.035795233,0.011345786,0.02283081,-0.005276529,-0.011277944,0.009547978,-0.018976285,-0.019521973,-0.007214922,0.00628539,-0.008697534,-0.023948932,-0.078256815,-0.043257225,-0.015642369,-0.003322792,-0.007881511,-0.019833907,3.11081E-05
BR5_main,2.631111111,0.040921494,-0.000117749,0.009287667,-0.016863135,-0.049043125,-0.011853065,0.001837854,-0.028555966,-0.006113,0.045354988,0.00046922,-0.21221621,-0.021702328,0.002041362,0.023297067,-0.004558375,-0.011730091,-0.028362085,-0.01940704,-0.018669665,-0.007342443,0.001620965,-0.008178406,-0.022230247,-0.073787566,-0.041175261,-0.015416862,-0.003269197,-0.0080704,-0.017734652,2.97469E-05
BR5_main,2.750707071,0.040032695,-3.70398E-05,0.004311597,-0.016825078,-0.038932361,-0.012396466,0.001719696,-0.027677557,-0.00595108,0.042358988,0.000474464,-0.204757039,-0.012937761,-0.007343711,0.023536214,-0.004048352,-0.012053332,-0.055047989,-0.019788561,-0.017862408,-0.007461561,-0.002041791,-0.007803045,-0.020604309,-0.066954009,-0.039003325,-0.015190568,-0.003222717,-0.00815481,-0.016133778,2.85901E-05
BR5_main,2.87030303,0.03867661,1.59543E-06,-0.000134042,-0.01601213,-0.031322135,-0.012597525,0.001602516,-0.026674586,-0.005847483,0.039187103,0.000474539,-0.197913137,-0.007651721,-0.013924844,0.023344402,-0.003746589,-0.012234731,-0.073302841,-0.019824365,-0.017121694,-0.007468406,-0.004897748,-0.007561114,-0.019095559,-0.05972603,-0.036827584,-0.014709262,-0.003179549,-0.007965913,-0.015072635,2.71002E-05
BR5_main,2.98989899,0.036724852,-9.55886E-06,-0.004205373,-0.014579031,-0.025914689,-0.012285225,0.001505073,-0.025610721,-0.005807882,0.03584025,0.000471465,-0.191957716,-0.004514098,-0.017725854,0.022725541,-0.003616227,-0.01230123,-0.085390202,-0.019580917,-0.016490546,-0.007266224,-0.007110638,-0.007419756,-0.017747135,-0.053675795,-0.034770208,-0.013831723,-0.003147949,-0.007602099,-0.01445239,2.54263E-05
BR5_main,3.109494949,0.034142051,-5.40181E-05,-0.008047074,-0.013008548,-0.022585134,-0.011768706,0.001433384,-0.024534841,-0.005835273,0.032751285,0.000466615,-0.186933925,-0.002654949,-0.019749906,0.021757234,-0.003618539,-0.012282302,-0.092562449,-0.019215442,-0.015988404,-0.006861864,-0.008837667,-0.007346735,-0.016570313,-0.049264348,-0.032890261,-0.012826014,-0.00313604,-0.007222217,-0.014148306,2.38575E-05
BR5_main,3.229090909,0.031078845,-0.000110779,-0.011762801,-0.011690754,-0.021423982,-0.011439782,0.001384946,-0.023488878,-0.005930597,0.030298027,0.000460817,-0.182749978,-0.001544355,-0.020705728,0.020525752,-0.003727309,-0.012206278,-0.094952935,-0.018856957,-0.015619357,-0.006387841,-0.010242221,-0.007325304,-0.015557781,-0.046311763,-0.031205094,-0.012078522,-0.003149212,-0.006920423,-0.014064994,2.26977E-05
BR5_main,3.348686869,0.027881409,-0.000167553,-0.015393921,-0.010745865,-0.022276911,-0.011313981,0.00135376,-0.022509878,-0.006092208,0.028475659,0.000454537,-0.179287132,-0.000869356,-0.020930328,0.019090101,-0.003920516,-0.012099607,-0.09239651,-0.018583906,-0.015379717,-0.00598159,-0.011433731,-0.007348021,-0.014694459,-0.044466513,-0.029710295,-0.011724874,-0.003190113,-0.006727472,-0.014139917,2.20986E-05
BR5_main,3.468282828,0.024955727,-0.000220467,-0.018902455,-0.010133933,-0.024378271,-0.011225229,0.001335754,-0.021620791,-0.006314814,0.027073199,0.000448024,-0.17647694,-0.000446468,-0.02057506,0.017479647,-0.004156157,-0.011986325,-0.085633184,-0.018435907,-0.015262218,-0.005702774,-0.012395619,-0.007409773,-0.013963172,-0.043411468,-0.028391326,-0.011693254,-0.003259359,-0.006653516,-0.014333762,2.19877E-05
BR5_main,3.587878788,0.022580625,-0.000271429,-0.022154801,-0.009777579,-0.026839499,-0.011099567,0.001325627,-0.020816979,-0.006588265,0.025897207,0.000441298,-0.174302506,-0.000167054,-0.019781781,0.015714723,-0.004377523,-0.011884913,-0.07617266,-0.018425085,-0.015254618,-0.005549211,-0.012994515,-0.007503773,-0.013344225,-0.04290219,-0.027223504,-0.011869268,-0.003355314,-0.006698601,-0.014617569,2.22666E-05
BR5_main,3.707474747,0.020828243,-0.000317768,-0.024891632,-0.009598858,-0.029190442,-0.010913471,0.001306214,-0.020045787,-0.006890975,0.02481456,0.000433687,-0.172587264,3.48514E-05,-0.01881034,0.013825642,-0.004554468,-0.0117936,-0.065331568,-0.018524068,-0.015321455,-0.00548958,-0.013033667,-0.00761207,-0.012801141,-0.042703408,-0.026143891,-0.012148613,-0.003469989,-0.006844216,-0.014947474,2.28971E-05
BR5_main,3.827070707,0.019618166,-0.000344414,-0.026790786,-0.009540368,-0.031328426,-0.01057342,0.00125728,-0.019254481,-0.007201763,0.023775248,0.000424624,-0.171246362,0.000200715,-0.017956122,0.01189506,-0.00469076,-0.01170968,-0.054198999,-0.018700835,-0.01542834,-0.005492789,-0.0123388,-0.00771739,-0.012304363,-0.042634992,-0.025100796,-0.012456652,-0.00359424,-0.007067891,-0.015283418,2.38438E-05
BR5_main,3.946666667,0.018812619,-0.000336261,-0.027565384,-0.009562753,-0.033263956,-0.009995312,0.001170061,-0.01840923,-0.00750473,0.022779385,0.000413871,-0.170302494,0.000358445,-0.017374412,0.010028097,-0.004797167,-0.011634362,-0.043691504,-0.018929299,-0.015548591,-0.005535241,-0.01083544,-0.007807006,-0.011835488,-0.042572041,-0.024063844,-0.012742811,-0.003719839,-0.007349953,-0.015594718,2.50013E-05
BR5_main,4.066262626,0.018280365,-0.000298571,-0.027065753,-0.009637037,-0.035006482,-0.009293593,0.001045671,-0.017497246,-0.007788704,0.02183517,0.000401433,-0.169802097,0.000526839,-0.017099811,0.008307838,-0.00487796,-0.011570038,-0.03442253,-0.019186925,-0.015660417,-0.005599442,-0.008612684,-0.007871803,-0.011383095,-0.042425657,-0.02301637,-0.01297135,-0.003838973,-0.007673184,-0.015857695,2.61854E-05
BR5_main,4.185858586,0.01792045,-0.000248436,-0.025352254,-0.00974051,-0.036550987,-0.008698925,0.000898538,-0.016528408,-0.008045708,0.020938807,0.00038751,-0.169776124,0.000713055,-0.017125777,0.006780001,-0.004925652,-0.011519078,-0.026717117,-0.019454058,-0.015746167,-0.005672336,-0.005934904,-0.007906105,-0.010940694,-0.042134253,-0.021951628,-0.013117746,-0.003943902,-0.008019833,-0.016055277,2.71715E-05
BR5_main,4.305454545,0.017662824,-0.000197461,-0.022692601,-0.009854528,-0.037885625,-0.008347124,0.000756119,-0.015531137,-0.008268067,0.020080218,0.000372441,-0.170226538,0.000901184,-0.017437067,0.00545439,-0.004928063,-0.011483021,-0.020639451,-0.019713556,-0.015792091,-0.005744001,-0.003153423,-0.007907588,-0.010505311,-0.041658985,-0.020870034,-0.013167642,-0.004027156,-0.008367813,-0.016176806,2.77278E-05
BR5_main,4.425050505,0.017461007,-0.000151202,-0.019480068,-0.009963405,-0.038998172,-0.008241346,0.000640026,-0.014541202,-0.008445302,0.019254384,0.000356644,-0.171127499,0.001038855,-0.018013812,0.00432114,-0.004879902,-0.011462006,-0.016013115,-0.01995062,-0.015788313,-0.005806791,-0.000551803,-0.00787706,-0.010076443,-0.040981133,-0.019776977,-0.013116631,-0.004082442,-0.008693672,-0.016217662,2.76615E-05
BR5_main,4.544646465,0.017284523,-0.000111917,-0.016117784,-0.010053786,-0.039878669,-0.008324362,0.000558184,-0.01359,-0.008563972,0.018461646,0.000340563,-0.172430158,0.001057146,-0.018828858,0.003366348,-0.00478656,-0.01145424,-0.012531401,-0.020152462,-0.015728609,-0.005854724,0.001738702,-0.007817876,-0.009655111,-0.040099671,-0.018680763,-0.012969625,-0.004105693,-0.008982384,-0.016178413,2.69033E-05
BR5_main,4.664242424,0.017112987,-7.9567E-05,-0.012926721,-0.010114153,-0.04051935,-0.008533815,0.000508904,-0.012699018,-0.008612303,0.017702917,0.000324609,-0.174065273,0.00094098,-0.019844379,0.002571791,-0.004660549,-0.011455431,-0.009881482,-0.020307628,-0.015609799,-0.00588297,0.003708739,-0.007735994,-0.00924297,-0.039028306,-0.017590678,-0.012739347,-0.00409565,-0.009230014,-0.016063429,2.55684E-05
BR5_main,4.783838384,0.016932032,-5.32989E-05,-0.010106889,-0.010134615,-0.040914117,-0.008822847,0.000484274,-0.011880231,-0.008585019,0.016977259,0.000309127,-0.175946003,0.00075358,-0.02100872,0.001911069,-0.004516756,-0.011458526,-0.007780877,-0.020405562,-0.01543119,-0.005887545,0.005402484,-0.007641287,-0.008841736,-0.037793026,-0.016515731,-0.012444367,-0.004053847,-0.009437651,-0.015879548,2.39266E-05
BR5_main,4.903434343,0.01673067,-3.23009E-05,-0.007745083,-0.010107143,-0.041059241,-0.009164556,0.000476798,-0.011138275,-0.008481671,0.016282895,0.000294386,-0.177974584,0.000568807,-0.022253967,0.001352824,-0.004370593,-0.011454009,-0.006011152,-0.020436806,-0.015194426,-0.005865289,0.006871099,-0.007544867,-0.00845308,-0.036430412,-0.015464284,-0.012107254,-0.00398412,-0.009607829,-0.015635239,2.23003E-05
BR5_main,5.023030303,0.016499496,-1.53744E-05,-0.005845862,-0.010026019,-0.040954967,-0.009551753,0.000481842,-0.01047171,-0.008301471,0.015619484,0.000280586,-0.180050903,0.000421819,-0.023494794,0.000871189,-0.004236881,-0.011430614,-0.004491346,-0.020393497,-0.014903492,-0.005814018,0.008153156,-0.007451043,-0.008078688,-0.034984624,-0.014444078,-0.011752896,-0.003891805,-0.009740011,-0.015340134,2.09681E-05
BR5_main,5.142626263,0.016229856,-8.39603E-07,-0.004365569,-0.009888097,-0.040606567,-0.009992239,0.000496313,-0.009874192,-0.008044681,0.01498942,0.000267861,-0.182077386,0.000316112,-0.024629177,0.00045706,-0.004125808,-0.01137602,-0.003230291,-0.020269407,-0.014564352,-0.005732605,0.009258687,-0.007357098,-0.007720218,-0.033501388,-0.013462047,-0.011406683,-0.003782744,-0.009817687,-0.015004483,2.0112E-05
BR5_main,5.262222222,0.015913257,1.19156E-05,-0.003239333,-0.009692863,-0.04002481,-0.010497009,0.000519622,-0.009338145,-0.007719448,0.014396912,0.000256289,-0.183961379,0.00024341,-0.02554287,0.000119049,-0.004040339,-0.011277548,-0.00221536,-0.020059592,-0.014184381,-0.005620978,0.010142343,-0.007261015,-0.007379195,-0.03202151,-0.012524053,-0.011092525,-0.003662429,-0.009809482,-0.014638657,1.98042E-05
BR5_main,5.381818182,0.015540756,2.22831E-05,-0.002398605,-0.009442333,-0.039226101,-0.011063316,0.000554354,-0.008860124,-0.00734377,0.013844554,0.000245899,-0.185616807,0.00019437,-0.026119733,-0.000130166,-0.003977382,-0.011122871,-0.001395895,-0.019759906,-0.013771779,-0.005480088,0.010728534,-0.007162836,-0.007056941,-0.030576461,-0.011634734,-0.010830283,-0.003535457,-0.00968694,-0.014252823,2.00042E-05
BR5_main,5.501414141,0.015102919,3.01369E-05,-0.001780632,-0.009140826,-0.038232279,-0.011657548,0.000605152,-0.008442372,-0.006940467,0.013328422,0.000236679,-0.186965778,0.000161717,-0.02625861,-0.000288753,-0.003929745,-0.010900742,-0.00072082,-0.019366596,-0.013334976,-0.005311831,0.011028405,-0.007059634,-0.006754539,-0.029186477,-0.010797451,-0.010632017,-0.00340534,-0.009433844,-0.013856618,2.05589E-05
BR5_main,5.621010101,0.014590009,3.61671E-05,-0.001332397,-0.008794601,-0.037069999,-0.012209254,0.000677511,-0.008088839,-0.006530905,0.012833471,0.00022858,-0.187940141,0.000140421,-0.025894305,-0.00036399,-0.00388718,-0.010601868,-0.000149207,-0.018876269,-0.012881899,-0.005118928,0.011156401,-0.006941198,-0.006472832,-0.02786066,-0.010014328,-0.010496746,-0.003274557,-0.009045821,-0.01345844,2.12506E-05
BR5_main,5.740606061,0.0139926,4.12982E-05,-0.00101132,-0.008411302,-0.035769399,-0.012631382,0.000776755,-0.007800895,-0.006131618,0.012330154,0.000221518,-0.188481243,0.000127171,-0.025016075,-0.000361055,-0.003834872,-0.010220289,0.000336174,-0.018286351,-0.012418715,-0.004904713,0.011190714,-0.006790949,-0.006212376,-0.026599598,-0.009286258,-0.010404423,-0.003144598,-0.008528391,-0.013063586,2.18959E-05
BR5_main,5.86020202,0.013302925,4.65694E-05,-0.0007844,-0.007999777,-0.03436427,-0.012860704,0.000906333,-0.007576937,-0.00575424,0.011774821,0.000215386,-0.18854945,0.000119847,-0.0236769,-0.000285902,-0.003751855,-0.009756412,0.000698145,-0.017597075,-0.011948536,-0.004673136,0.011149596,-0.006591775,-0.005973738,-0.025403404,-0.008613438,-0.010312239,-0.003015869,-0.007899255,-0.012671636,2.26088E-05
BR5_main,5.97979798,0.012517171,5.28349E-05,-0.000626693,-0.007569699,-0.032891503,-0.012878679,0.001064765,-0.007413997,-0.005406613,0.011122678,0.000210066,-0.188132065,0.000117131,-0.021985986,-0.000157582,-0.003618964,-0.009220439,0.000859423,-0.016813066,-0.011469278,-0.004428664,0.011091977,-0.006331935,-0.005757674,-0.024279351,-0.007995694,-0.010157174,-0.002887304,-0.007193885,-0.012272782,2.39023E-05
BR5_main,6.099393939,0.011638589,5.99808E-05,-0.00051962,-0.007130358,-0.031386858,-0.012689846,0.001241673,-0.007308426,-0.00509331,0.010356603,0.000205443,-0.187230428,0.00011825,-0.020084446,-1.02284E-05,-0.003432148,-0.008632935,0.000768384,-0.01594226,-0.010970091,-0.00417564,0.011100441,-0.006012365,-0.005564711,-0.023237336,-0.007431915,-0.009869772,-0.002756893,-0.006465502,-0.011844468,2.62586E-05
BR5_main,6.218989899,0.010680454,6.69892E-05,-0.000449528,-0.006689846,-0.029882037,-0.012291533,0.001415153,-0.00725576,-0.004816194,0.009504134,0.000201428,-0.185849075,0.000122811,-0.01811648,0.000120447,-0.003202948,-0.008021145,0.000486559,-0.014994522,-0.010430258,-0.003917874,0.011203499,-0.005648437,-0.005394901,-0.022273056,-0.006919883,-0.009400857,-0.002624073,-0.00577445,-0.011353962,2.97721E-05
BR5_main,6.338585859,0.009666309,7.29494E-05,-0.00040648,-0.006254514,-0.028402479,-0.011679964,0.001551641,-0.007249866,-0.004574882,0.008626509,0.00019796,-0.183985766,0.0001307,-0.016205477,0.000215621,-0.002949809,-0.007412039,0.000163221,-0.013980614,-0.009828237,-0.003658358,0.011379755,-0.005258873,-0.00524762,-0.021348427,-0.006456244,-0.008746998,-0.002489456,-0.005173054,-0.010770643,3.37214E-05
BR5_main,6.458181818,0.008626919,7.78434E-05,-0.000383323,-0.005829172,-0.026968448,-0.010885706,0.001609388,-0.007283591,-0.004367562,0.007790876,0.000194987,-0.181638178,0.000142028,-0.014442193,0.00027525,-0.002691079,-0.006827213,-0.00010398,-0.012913122,-0.009164134,-0.003399426,0.01159509,-0.004859366,-0.005121824,-0.020392207,-0.006037089,-0.007955143,-0.002352084,-0.004695586,-0.01008498,3.62056E-05
BR5_main,6.577777778,0.007595921,8.20113E-05,-0.000374944,-0.005417258,-0.025595909,-0.009975928,0.001556371,-0.00735135,-0.004191619,0.007035823,0.000192425,-0.178808883,0.000157111,-0.012882751,0.000307239,-0.00244154,-0.006281399,-0.000306075,-0.011807068,-0.008455127,-0.003142911,0.011819212,-0.00446125,-0.005016193,-0.019330066,-0.005658313,-0.007102007,-0.002208986,-0.004351835,-0.009319147,3.52036E-05
BR5_main,6.697373737,0.006605507,8.62386E-05,-0.000377712,-0.005020963,-0.024297017,-0.00902468,0.00139993,-0.007451407,-0.00404404,0.006368047,0.000190197,-0.175507312,0.000176471,-0.011553312,0.000319881,-0.002210969,-0.005783423,-0.000471336,-0.010680106,-0.007704707,-0.002890299,0.01202835,-0.004069493,-0.004929134,-0.018114553,-0.005315797,-0.006264673,-0.002057007,-0.004124485,-0.008519085,3.06354E-05
BR5_main,6.816969697,0.005682633,9.20076E-05,-0.000389054,-0.00464143,-0.023080671,-0.008097846,0.001189234,-0.007584201,-0.003921692,0.005790868,0.000188311,-0.171751682,0.000200853,-0.010457773,0.000320305,-0.002003759,-0.005337637,-0.000633695,-0.009553515,-0.006919513,-0.002642973,0.012206774,-0.003682931,-0.004858769,-0.016726423,-0.005005529,-0.005500181,-0.001894753,-0.003973412,-0.007732738,2.45035E-05
BR5_main,6.936565657,0.004846022,0.000100645,-0.000407154,-0.004279075,-0.021953142,-0.007250369,0.00098042,-0.007747562,-0.003821497,0.00531492,0.000186815,-0.167571043,0.000231255,-0.009585559,0.000315083,-0.001819783,-0.004944978,-0.000831061,-0.008454504,-0.006134185,-0.002402528,0.012349258,-0.00330154,-0.004802914,-0.015156469,-0.004723712,-0.004839146,-0.001724306,-0.003846022,-0.006995294,1.89036E-05
BR5_main,7.056161616,0.004104832,0.000112633,-0.000430727,-0.003934011,-0.020918386,-0.00652104,0.000805785,-0.007932146,-0.003740482,0.004941239,0.000185702,-0.163004336,0.00026898,-0.008917809,0.000310387,-0.001657278,-0.004603727,-0.00110333,-0.007418526,-0.005390871,-0.002171088,0.012458564,-0.002935629,-0.004759006,-0.013392392,-0.004466768,-0.004289435,-0.001552955,-0.003692092,-0.006328437,1.4751E-05
BR5_main,7.175757576,0.003460079,0.000127589,-0.000458857,-0.003606696,-0.019978534,-0.005925456,0.000672561,-0.008120151,-0.003675842,0.004656233,0.000184904,-0.158100922,0.000315697,-0.008431848,0.000311327,-0.001516566,-0.004310356,-0.001468319,-0.006492033,-0.004719886,-0.001951638,0.012539936,-0.002600993,-0.00472412,-0.01145114,-0.004231389,-0.003847878,-0.001393534,-0.003478865,-0.005743709,1.20188E-05
BR5_main,7.295353535,0.002907162,0.00014448,-0.000490876,-0.003298626,-0.01913416,-0.005454721,0.000574805,-0.008290818,-0.003624966,0.004443584,0.000184336,-0.152919696,0.000373497,-0.008103901,0.000320989,-0.001399659,-0.004060288,-0.001869141,-0.005738922,-0.004143139,-0.001748194,0.012597774,-0.002314812,-0.004695032,-0.009465189,-0.004014521,-0.003512064,-0.001262548,-0.003199867,-0.005245732,1.03545E-05
BR5_main,7.414949495,0.002437997,0.000161871,-0.000526275,-0.003012734,-0.018384456,-0.005085557,0.000504592,-0.008424758,-0.003585445,0.00429064,0.000183913,-0.147527884,0.000444847,-0.007910466,0.000339727,-0.001306958,-0.003848487,-0.002156376,-0.005237498,-0.003682829,-0.001565672,0.012635003,-0.002098265,-0.004668344,-0.007753582,-0.003813334,-0.003278802,-0.001175647,-0.002870796,-0.00483564,9.41653E-06
BR5_main,7.534545455,0.002043023,0.00017837,-0.000564653,-0.002753167,-0.017728025,-0.004795283,0.000457806,-0.008492348,-0.003555185,0.004187385,0.000183569,-0.142005779,0.000532104,-0.00782911,0.000364699,-0.001236513,-0.003669985,-0.002196371,-0.005031135,-0.003359585,-0.001409419,0.01265387,-0.001964549,-0.004640826,-0.006769751,-0.003625314,-0.003138736,-0.001137782,-0.002513856,-0.00451303,8.96297E-06
BR5_main,7.654141414,0.001712494,0.000192157,-0.000605666,-0.002524229,-0.017163359,-0.004569554,0.000431931,-0.008443298,-0.003532434,0.004124619,0.000183245,-0.136450033,0.000635515,-0.007838645,0.000389428,-0.001185271,-0.003520144,-0.001990813,-0.00506837,-0.003181195,-0.001284324,0.012656541,-0.001903338,-0.004609702,-0.006811814,-0.003448278,-0.003079537,-0.001138674,-0.00215042,-0.004273654,8.84482E-06
BR5_main,7.773737374,0.001437185,0.000200186,-0.000649016,-0.00232964,-0.016689589,-0.004400938,0.000422454,-0.008238689,-0.003515866,0.004093514,0.000182882,-0.130981457,0.000747606,-0.00791923,0.00040407,-0.001150064,-0.003394854,-0.001662081,-0.005224949,-0.003133346,-0.00119378,0.01264564,-0.001886183,-0.004572918,-0.007718581,-0.00328045,-0.003091544,-0.001161354,-0.00180553,-0.004106441,8.98157E-06
BR5_main,7.893333333,0.001208745,0.000199423,-0.000694411,-0.002173407,-0.016306354,-0.004284374,0.000422566,-0.007909496,-0.003504497,0.004085516,0.000182405,-0.125751694,0.000845146,-0.008052209,0.000397661,-0.001127909,-0.003290514,-0.00135501,-0.005378393,-0.00317954,-0.001138807,0.012624021,-0.001883625,-0.004529071,-0.008986713,-0.003120378,-0.003165539,-0.001190378,-0.001509343,-0.003996909,9.33866E-06
BR5_main,8.012929293,0.00101982,0.000190207,-0.000741552,-0.002061419,-0.016012786,-0.004214969,0.000425499,-0.007544579,-0.003497608,0.004092374,0.000181731,-0.120957315,0.000894199,-0.008219825,0.000361538,-0.00111602,-0.003204007,-0.001149912,-0.005461257,-0.003273142,-0.00111786,0.012594358,-0.001878359,-0.004477164,-0.010161668,-0.002966899,-0.003286623,-0.001214163,-0.001295225,-0.003933409,9.90835E-06
BR5_main,8.132525253,0.000863866,0.00017669,-0.00079011,-0.002000341,-0.015803939,-0.004188417,0.000428415,-0.007215828,-0.003494661,0.004106006,0.000180818,-0.116861726,0.000879654,-0.008404193,0.000293569,-0.001111686,-0.003132651,-0.001055362,-0.005465014,-0.003368706,-0.001127799,0.012558594,-0.001866632,-0.004416239,-0.011038906,-0.002819105,-0.003431591,-0.001226534,-0.001179425,-0.003907898,1.06894E-05
BR5_main,8.252121212,0.000735443,0.000163909,-0.000839715,-0.001992488,-0.015663627,-0.004202133,0.000434329,-0.006947134,-0.003495195,0.004117998,0.000179723,-0.113825756,0.000820559,-0.008584821,0.00021199,-0.001112231,-0.003074166,-0.001042971,-0.005413639,-0.003427707,-0.001165942,0.012517568,-0.001851398,-0.004345047,-0.011593511,-0.00267631,-0.003573682,-0.001227034,-0.001162646,-0.00391277,1.16658E-05
BR5_main,8.371717172,0.00063015,0.000155276,-0.000889934,-0.002028923,-0.015556045,-0.004253834,0.000448904,-0.006729376,-0.003498734,0.004119489,0.000178609,-0.112328248,0.000748884,-0.008735163,0.000170692,-0.001115309,-0.003026604,-0.001079258,-0.005338004,-0.003427425,-0.001230383,0.01247094,-0.001836486,-0.004261837,-0.011861062,-0.00253801,-0.0036873,-0.001218143,-0.001259544,-0.003939543,1.27979E-05
BR5_main,8.491313131,0.000544145,0.000151544,-0.000940251,-0.00208743,-0.015426642,-0.004331959,0.000476009,-0.006551072,-0.003504689,0.004102702,0.000177681,-0.112905113,0.000687299,-0.008823225,0.000225729,-0.001119299,-0.002988294,-0.001136167,-0.005262335,-0.003373137,-0.001314954,0.012417811,-0.001824813,-0.004164326,-0.011886182,-0.002403849,-0.003744189,-0.001202359,-0.001489011,-0.003981091,1.40263E-05
BR5_main,8.610909091,0.000474198,0.000151452,-0.00099004,-0.002143124,-0.015223936,-0.00440321,0.000516151,-0.006419537,-0.003512297,0.004063443,0.000177147,-0.115843077,0.000644423,-0.008822386,0.00037005,-0.001123234,-0.0029578,-0.001189416,-0.005200574,-0.003290948,-0.001404513,0.012358051,-0.001818591,-0.004049826,-0.011716013,-0.002273606,-0.003732648,-0.001180771,-0.001834329,-0.00403409,1.52708E-05
BR5_main,8.730505051,0.000417609,0.00015263,-0.001038543,-0.002179285,-0.014934923,-0.004435061,0.000566231,-0.006347379,-0.003520566,0.004001788,0.000177147,-0.120625651,0.000620678,-0.008725819,0.000546344,-0.001126673,-0.002933866,-0.001216887,-0.005158231,-0.003206302,-0.001479593,0.012293683,-0.001819679,-0.003915495,-0.011413428,-0.002147187,-0.003675286,-0.001155351,-0.002246499,-0.004098133,1.64255E-05
BR5_main,8.85010101,0.000372131,0.000152812,-0.001084847,-0.002184176,-0.014597603,-0.00443796,0.000618929,-0.006334077,-0.003528279,0.003920435,0.000177608,-0.125855465,0.000613991,-0.008548185,0.000713779,-0.001129653,-0.002915399,-0.001201265,-0.005135885,-0.003133567,-0.001525518,0.012229404,-0.001829682,-0.003758728,-0.011076933,-0.00202464,-0.003605452,-0.001130045,-0.002672366,-0.004172656,1.73744E-05
BR5_main,8.96969697,0.000335894,0.000151028,-0.001127866,-0.002154388,-0.014268474,-0.004440732,0.000663111,-0.006365545,-0.003534042,0.003822798,0.000178137,-0.130059497,0.000622192,-0.008314168,0.000866748,-0.001132416,-0.002901457,-0.001135158,-0.005131836,-0.003079012,-0.001538057,0.012170909,-0.001849882,-0.003577674,-0.010836679,-0.001906204,-0.003547409,-0.001108172,-0.003062359,-0.004255026,1.80397E-05
BR5_main,9.089292929,0.000307172,0.000147664,-0.001166311,-0.002104257,-0.013985568,-0.004452627,0.000687315,-0.006421803,-0.003536324,0.003712018,0.000178346,-0.132143755,0.000643555,-0.008047627,0.001014669,-0.001135191,-0.002891208,-0.001023683,-0.005143381,-0.003045589,-0.001524448,0.01212049,-0.001881074,-0.003371833,-0.010804883,-0.00179234,-0.003514542,-0.001091207,-0.003369591,-0.004340698,1.83944E-05
BR5_main,9.208888889,0.000284658,0.000144064,-0.001198661,-0.002058028,-0.01376215,-0.00446863,0.000685602,-0.006488032,-0.003533565,0.003590612,0.000178253,-0.131270707,0.000676753,-0.007768252,0.001165315,-0.001138143,-0.002883903,-0.000880884,-0.005167304,-0.003032846,-0.001496654,0.012072158,-0.001923299,-0.003142797,-0.011009404,-0.001683801,-0.003511197,-0.001079085,-0.003553129,-0.004424311,1.84317E-05
BR5_main,9.328484848,0.000267449,0.000142036,-0.00122313,-0.002031063,-0.013597467,-0.00448209,0.000661135,-0.006563646,-0.003524323,0.003460285,0.000178,-0.127272427,0.000720703,-0.007492851,0.001316718,-0.001141318,-0.002878848,-0.00072234,-0.005200016,-0.003038525,-0.001463306,0.012010887,-0.001975405,-0.002894995,-0.011397582,-0.001581738,-0.003534961,-0.001070647,-0.003583803,-0.004500606,1.81629E-05
BR5_main,9.448080808,0.00025467,0.00014418,-0.001237635,-0.002023857,-0.013486247,-0.004488282,0.00062325,-0.006658513,-0.003507466,0.003321844,0.000177434,-0.121534217,0.000774417,-0.007237435,0.001455287,-0.001144605,-0.002875366,-0.00055963,-0.005237632,-0.003060799,-0.001428119,0.011920001,-0.002034434,-0.002636285,-0.011879315,-0.001487831,-0.003579271,-0.001064046,-0.003451604,-0.004564911,1.76558E-05
BR5_main,9.567676768,0.000245579,0.00015392,-0.001239768,-0.002028972,-0.013422981,-0.004483842,0.000580441,-0.006779381,-0.003482422,0.003175231,0.000176349,-0.1166861,0.000836842,-0.007018686,0.001567965,-0.001147761,-0.002872786,-0.000399003,-0.005276072,-0.003098636,-0.001391835,0.011793821,-0.002095032,-0.002378172,-0.012370882,-0.001404478,-0.003635646,-0.001057123,-0.003188756,-0.004613355,1.7019E-05
BR5_main,9.687272727,0.000239559,0.000173745,-0.001226775,-0.002040187,-0.01340295,-0.004465731,0.000535678,-0.006921359,-0.003449363,0.003019628,0.000174929,-0.114991282,0.00090672,-0.006854827,0.001661677,-0.001150506,-0.002870421,-0.000242588,-0.00531116,-0.00315088,-0.001354132,0.011646662,-0.002149216,-0.002135362,-0.01282156,-0.001334982,-0.00369558,-0.00104785,-0.002875485,-0.004642917,1.63234E-05
BR5_main,9.806868687,0.0002361,0.000202519,-0.001195534,-0.002058635,-0.013422064,-0.00443058,0.000486905,-0.007070609,-0.003409271,0.002853585,0.000173672,-0.117459104,0.000982413,-0.006766244,0.001757553,-0.001152627,-0.002867532,-8.99031E-05,-0.005338712,-0.003214894,-0.001314641,0.011511418,-0.002186995,-0.001924587,-0.013206457,-0.001283628,-0.003751783,-0.001034848,-0.002593365,-0.004651438,1.55852E-05
BR5_main,9.926464646,0.000234775,0.000234642,-0.00114255,-0.002094835,-0.013476552,-0.004374351,0.000430776,-0.007213458,-0.003363882,0.002675185,0.000172756,-0.124046996,0.001061742,-0.006775894,0.001861325,-0.001154017,-0.002863302,6.13855E-05,-0.005354615,-0.003285233,-0.001273447,0.011427136,-0.002198112,-0.0017628,-0.013510878,-0.001255311,-0.00379817,-0.001017724,-0.002389576,-0.004637622,1.48326E-05
BR5_main,10.04606061,0.000235074,0.000262664,-0.001063975,-0.002166164,-0.013562767,-0.004292137,0.000366117,-0.007342445,-0.003315527,0.002482246,0.000171559,-0.133987651,0.001141813,-0.006909055,0.001961105,-0.00115459,-0.00285681,0.000215551,-0.005354897,-0.003352701,-0.001231086,0.011424723,-0.002174842,-0.001664963,-0.013723282,-0.001253856,-0.003829048,-0.000996978,-0.002270347,-0.004601013,1.41634E-05
BR5_main,10.16565657,0.000236689,0.000280921,-0.000955653,-0.002287769,-0.013677079,-0.004178125,0.000295747,-0.00745377,-0.003266901,0.002272666,0.000169369,-0.145799759,0.001218854,-0.00719122,0.002042144,-0.001154078,-0.002846979,0.000379265,-0.005335739,-0.003404487,-0.001188261,0.011524102,-0.002114922,-0.001641637,-0.013832891,-0.001277539,-0.003838509,-0.000973621,-0.002211447,-0.004541863,1.36819E-05
BR5_main,10.28525253,0.000239528,0.000289031,-0.000813242,-0.002454342,-0.013815976,-0.004025973,0.000226167,-0.007541617,-0.003220822,0.002045118,0.00016597,-0.157225875,0.001288064,-0.007642122,0.002097272,-0.001151786,-0.002832535,0.000561758,-0.005293504,-0.003426227,-0.00114563,0.011736574,-0.002022925,-0.001696503,-0.013828614,-0.001311733,-0.003820076,-0.000948875,-0.002186507,-0.004460836,1.34143E-05
BR5_main,10.40484848,0.000243399,0.000293426,-0.000632435,-0.002619181,-0.013976144,-0.003829981,0.000163421,-0.007595152,-0.003179945,0.001800417,0.000161284,-0.165537734,0.00134343,-0.008262611,0.002144458,-0.001146234,-0.002811977,0.000774087,-0.005224769,-0.003406384,-0.001103515,0.012055938,-0.001908998,-0.001824025,-0.013698532,-0.001325885,-0.003766172,-0.00092412,-0.002181974,-0.004358443,1.33086E-05
BR5_main,10.52444444,0.000248132,0.000300811,-0.0004094,-0.002701102,-0.014154084,-0.003587705,0.000108491,-0.007596562,-0.003146418,0.001544088,0.000155262,-0.168176459,0.001377489,-0.009011667,0.002204703,-0.001134634,-0.002783563,0.001026703,-0.005126422,-0.003341474,-0.001061636,0.012445905,-0.001785741,-0.002007898,-0.013429427,-0.001287307,-0.00366886,-0.000901024,-0.002191831,-0.004234034,1.32577E-05
BR5_main,10.6440404,0.000253581,0.000311007,-0.000141587,-0.002640703,-0.01434424,-0.003304703,5.85322E-05,-0.007519678,-0.003121571,0.001290286,0.000147695,-0.163624806,0.001381312,-0.009777,0.002261664,-0.001112247,-0.002745338,0.00132403,-0.004995842,-0.003238118,-0.001019366,0.012845381,-0.001664985,-0.002221526,-0.01300602,-0.001184972,-0.003523938,-0.00088173,-0.002205555,-0.00408428,1.31338E-05
BR5_main,10.76363636,0.000259629,0.000319575,0.000170734,-0.002444714,-0.014535956,-0.003001542,1.10805E-05,-0.007331915,-0.003105988,0.001063691,0.000138586,-0.152282928,0.001345862,-0.01035999,0.002285749,-0.001072009,-0.002695221,0.001656123,-0.004831232,-0.003109274,-0.000976548,0.013207011,-0.001555848,-0.002432338,-0.01241074,-0.001044547,-0.00333647,-0.00086906,-0.002196927,-0.003901443,1.28806E-05
BR5_main,10.88323232,0.000266173,0.00032708,0.000521587,-0.002163117,-0.014715026,-0.002720937,-3.35914E-05,-0.007002073,-0.00310023,0.000890544,0.000129618,-0.136173244,0.001265294,-0.01051423,0.002264157,-0.001005603,-0.002631147,0.001993528,-0.004632033,-0.002967769,-0.000934154,0.013552523,-0.001464386,-0.002611991,-0.011626512,-0.0009321,-0.003122254,-0.000866705,-0.002119574,-0.00367328,1.26611E-05
BR5_main,11.00282828,0.000273012,0.000341839,0.000893935,-0.001850376,-0.01487364,-0.00252883,-7.19057E-05,-0.006533997,-0.003105703,0.00078218,0.000123902,-0.11788787,0.00113928,-0.010052567,0.00219918,-0.000908746,-0.002551225,0.002296765,-0.004399307,-0.002822322,-0.000894122,0.013970217,-0.001394385,-0.002754351,-0.010647837,-0.000927531,-0.002904273,-0.000879372,-0.001916594,-0.003390386,1.29686E-05
BR5_main,11.12242424,0.000280043,0.000368134,0.001250051,-0.001549637,-0.015013762,-0.002498786,-9.8039E-05,-0.006038911,-0.00312486,0.000732943,0.000124611,-0.100015485,0.000971452,-0.00894966,0.002121301,-0.000793209,-0.002453964,0.002538488,-0.004136113,-0.002677307,-0.000858467,0.014510139,-0.001348797,-0.002902322,-0.009507449,-0.0010825,-0.002709715,-0.000912685,-0.001559111,-0.003071261,1.43708E-05
BR5_main,11.2420202,0.000287327,0.000392597,0.001515783,-0.001290806,-0.01513764,-0.00267191,-0.000106728,-0.005766738,-0.003160808,0.000733047,0.00013542,-0.085227667,0.000766753,-0.007333858,0.002095679,-0.000697769,-0.002338696,0.002721845,-0.003848432,-0.002534434,-0.000828311,0.015078063,-0.001331522,-0.003181373,-0.008317995,-0.001380333,-0.002572566,-0.000972445,-0.001134172,-0.00280065,1.68944E-05
BR5_main,11.36161616,0.000294844,0.000386943,0.001561822,-0.001093204,-0.015242494,-0.003016177,-9.59417E-05,-0.005991618,-0.003216088,0.000776981,0.000159801,-0.076898595,0.000531288,-0.005381971,0.00216916,-0.000673014,-0.002206552,0.002890762,-0.003547312,-0.002394608,-0.000803304,0.015472791,-0.001348606,-0.003825158,-0.007290858,-0.001670037,-0.002540945,-0.001062397,-0.000946403,-0.002715902,1.99793E-05
BR5_main,11.48121212,0.000302556,0.000329679,0.001210069,-0.000966563,-0.015322867,-0.003440733,-7.40238E-05,-0.006775341,-0.003288437,0.000857289,0.000196918,-0.079743948,0.000275166,-0.003240376,0.002296933,-0.000735659,-0.002062417,0.003100454,-0.003251311,-0.002259199,-0.000781489,0.015549706,-0.001406196,-0.005138941,-0.00664184,-0.001614472,-0.002677239,-0.001179457,-0.00142934,-0.002877998,2.30417E-05
BR5_main,11.60080808,0.000310427,0.00022984,0.000360189,-0.000907843,-0.015373393,-0.003856926,-7.35607E-05,-0.007740186,-0.003361373,0.00095811,0.000237647,-0.098299152,1.79764E-05,-0.00106204,0.002358242,-0.000848605,-0.001917538,0.003354636,-0.002987349,-0.002130501,-0.00075948,0.015330396,-0.001499891,-0.007277626,-0.00639454,-0.000851488,-0.003014658,-0.001306243,-0.002732379,-0.003181801,2.56907E-05
BR5_main,11.72040404,0.000318428,0.000124724,-0.000678366,-0.000898665,-0.015389817,-0.004214017,-0.000119594,-0.008029748,-0.003394321,0.001065459,0.000264616,-0.129960184,-0.000205899,0.000856133,0.002280894,-0.000959112,-0.001790279,0.00357252,-0.00278838,-0.002011431,-0.000733134,0.014999307,-0.001591424,-0.009776795,-0.006362359,0.000450135,-0.003430707,-0.001405473,-0.004474761,-0.003452637,2.75736E-05
BR5_main,11.84,0.000326534,5.47593E-05,-0.001106665,-0.000910085,-0.01536912,-0.004493836,-0.000171252,-0.006917113,-0.003332087,0.001177705,0.000261179,-0.158575377,-0.000353993,0.002050468,0.002097506,-0.00103768,-0.001700513,0.003603801,-0.002683999,-0.001904678,-0.000699046,0.014757775,-0.001600883,-0.01139931,-0.006382559,0.001408919,-0.003582732,-0.001429827,-0.006068862,-0.003562223,2.83403E-05
BR6_main,0,0.020682489,-0.002156571,-0.181258651,-0.095974524,0.577877139,0.083491533,-0.03323015,0.266020173,-0.060076153,-0.138820461,0.000832413,-0.829833751,-2.052116815,-0.07710951,0.357561594,-0.035140917,-0.165285736,1.200209588,-0.344459274,-0.096326553,-0.148460891,0.80121851,-0.064583246,-0.102472511,0.884666931,-0.719817323,-0.162996846,-0.072568443,-0.163758565,-0.112992943,0.000167566
BR6_main,0.11959596,0.027216092,-0.004258107,0.040104404,-0.091195222,0.087423622,0.060368409,-0.029009428,0.171983057,-0.055555849,0.051410881,0.000450888,-0.772759003,-1.872590099,-0.071719486,0.257489699,-0.034090019,-0.149438163,1.229055292,-0.31448536,-0.097109057,-0.129143313,0.524241109,-0.062047587,-0.095789046,0.159180568,-0.668870826,-0.147913251,-0.062844791,-0.109553178,-0.112228289,0.000156599
BR6_main,0.239191919,0.032308694,-0.006770948,0.199816508,-0.084127821,-0.190548947,0.036316637,-0.022771483,-0.008129141,-0.048793788,0.214343816,-4.57688E-05,-0.712531627,-1.335537083,-0.066492589,0.12949867,-0.032342523,-0.131006756,1.228288364,-0.266042338,-0.095651043,-0.099052407,0.361979428,-0.058573838,-0.087860242,-0.572888316,-0.572338949,-0.124168829,-0.046876965,-0.026832351,-0.108270844,0.000143818
BR6_main,0.358787879,0.036100255,-0.009409149,0.314076399,-0.076021329,-0.182533275,0.023653859,-0.017359275,-0.128034102,-0.041936718,0.303194325,-0.000476634,-0.653879817,-0.627100901,-0.054832309,0.035333506,-0.030097263,-0.111952907,1.180146681,-0.214370749,-0.092202271,-0.071967586,0.329409991,-0.05489265,-0.079461105,-0.871187317,-0.475534632,-0.100365392,-0.032706027,0.050633715,-0.102084619,0.000131271
BR6_main,0.478383838,0.038637162,-0.011323127,0.365797503,-0.067835801,-0.057178911,0.021348957,-0.013649368,-0.148931583,-0.03602208,0.321355819,-0.000650796,-0.600048101,-0.042545728,-0.039765837,-0.004743676,-0.027558643,-0.093826814,1.079682846,-0.169113053,-0.0871227,-0.052568447,0.355978041,-0.051242979,-0.071174495,-0.585862907,-0.394761163,-0.080891192,-0.023023673,0.095710125,-0.094402293,0.000120642
BR6_main,0.597979798,0.040215633,-0.011745913,0.316749188,-0.060079911,0.035572105,0.020214464,-0.011670722,-0.111567424,-0.0311389,0.292977289,-0.000576442,-0.552613699,0.197176094,-0.027415399,-0.00202769,-0.024902831,-0.077588012,0.9504885,-0.133129162,-0.080802114,-0.03967645,0.376413172,-0.04707905,-0.063255471,0.035679145,-0.325313484,-0.066311232,-0.017091517,0.104440197,-0.085633379,0.000112101
BR6_main,0.717575758,0.041153707,-0.010811286,0.194680135,-0.052950005,0.063628376,0.014275674,-0.010808873,-0.060723873,-0.027040282,0.241998311,-0.000454768,-0.511955063,0.141561619,-0.019867908,0.023324701,-0.022271527,-0.063681549,0.827833929,-0.105500639,-0.07365175,-0.030979376,0.370622665,-0.041623362,-0.055670146,0.532430597,-0.25966031,-0.055665014,-0.01348114,0.086114328,-0.076144634,0.000104756
BR6_main,0.837171717,0.041695881,-0.009180628,0.082886321,-0.046502898,0.047712696,0.004072667,-0.01009316,-0.016816361,-0.023549122,0.185524321,-0.000413895,-0.477699721,-0.006707529,-0.01590477,0.053585536,-0.019769288,-0.052169993,0.73101458,-0.084292907,-0.066092293,-0.024773186,0.346161869,-0.035130067,-0.048355686,0.606701835,-0.196003841,-0.04780228,-0.011126559,0.051859659,-0.066497891,9.76847E-05
BR6_main,0.956767677,0.042003909,-0.007314561,0.031829371,-0.040756982,0.011135185,-0.007327568,-0.008956623,0.017276088,-0.020652132,0.13277803,-0.000414481,-0.449050679,-0.127836752,-0.014738083,0.07361949,-0.017463469,-0.042864763,0.660829967,-0.067937306,-0.058526175,-0.020129382,0.316365596,-0.028837454,-0.041496755,0.330593838,-0.137395863,-0.041814833,-0.00946066,0.01295125,-0.057380501,9.04818E-05
BR6_main,1.076363636,0.042176774,-0.005457896,0.037952981,-0.035716874,-0.032360315,-0.017307432,-0.007305122,0.04160246,-0.018389377,0.087228005,-0.000384703,-0.424982502,-0.212555579,-0.015349106,0.073269387,-0.015387558,-0.035443826,0.608187966,-0.055392558,-0.051302656,-0.016607447,0.288076551,-0.023630648,-0.03542053,-0.030561838,-0.086729188,-0.037076513,-0.008226707,-0.019659284,-0.04934758,8.32663E-05
BR6_main,1.195959596,0.042272482,-0.003804815,0.076922236,-0.031375497,-0.0767755,-0.024263025,-0.005381556,0.053948217,-0.016807751,0.050084773,-0.000307254,-0.404487636,-0.289009582,-0.01620387,0.056030162,-0.013552471,-0.029559935,0.562787974,-0.045857868,-0.044711587,-0.013963115,0.259649869,-0.01964263,-0.030321525,-0.276280023,-0.046367927,-0.033186331,-0.00728763,-0.038277893,-0.042685049,7.65442E-05
BR6_main,1.315555556,0.042324128,-0.002495157,0.12630389,-0.027705633,-0.120053867,-0.027571998,-0.003603042,0.053542372,-0.015919551,0.022843508,-0.000199388,-0.386643237,-0.374429309,-0.016529142,0.035513902,-0.01195312,-0.024901902,0.521172099,-0.038623655,-0.038974474,-0.011999068,0.227710514,-0.016662275,-0.02620115,-0.357389746,-0.01976206,-0.029893188,-0.006548074,-0.041769144,-0.03743595,7.0968E-05
BR6_main,1.435151515,0.042350153,-0.00152488,0.169412242,-0.02466359,-0.160927587,-0.027629516,-0.002237189,0.043273708,-0.015569093,0.007463945,-7.76736E-05,-0.370656302,-0.45804635,-0.016349937,0.021138236,-0.010574639,-0.021222542,0.486574834,-0.033103167,-0.034222901,-0.010538883,0.192960196,-0.014451795,-0.022964378,-0.328215524,-0.008825207,-0.027040899,-0.005937161,-0.035165221,-0.033503886,6.68843E-05
BR6_main,1.554747475,0.042360425,-0.000784206,0.19337344,-0.022195983,-0.19654843,-0.025648089,-0.001273374,0.027784386,-0.015330879,0.004770872,5.0834E-05,-0.355884145,-0.501799913,-0.015940323,0.013956946,-0.009396828,-0.01833997,0.459754989,-0.028868816,-0.030452447,-0.009438865,0.159029566,-0.012843328,-0.020489638,-0.261256162,-0.01065645,-0.024531332,-0.005401199,-0.025152739,-0.030739441,6.39466E-05
BR6_main,1.674343434,0.042359646,-0.000168682,0.190472539,-0.020243283,-0.221179891,-0.023025524,-0.000560937,0.011808822,-0.01471401,0.012154484,0.00018262,-0.341836347,-0.470009964,-0.015540882,0.011610646,-0.00839697,-0.016126144,0.435291529,-0.025638625,-0.027551194,-0.008593692,0.128779627,-0.011745017,-0.018649951,-0.199275321,-0.018899239,-0.022300929,-0.00489934,-0.016631525,-0.028986195,6.14518E-05
BR6_main,1.793939394,0.04234908,0.000345423,0.163066309,-0.01874,-0.226823987,-0.020697654,3.66403E-05,-0.001369495,-0.013481901,0.0240142,0.000310209,-0.328167756,-0.37298485,-0.015300478,0.011934105,-0.00755166,-0.014492994,0.406526066,-0.023240952,-0.025430113,-0.00793147,0.102958329,-0.0111284,-0.017318727,-0.154804561,-0.02745522,-0.020306664,-0.004404562,-0.011897883,-0.028094063,5.8976E-05
BR6_main,1.913535354,0.042327181,0.000681365,0.123253405,-0.017620418,-0.206281941,-0.018936866,0.000585997,-0.010834963,-0.011764394,0.035435964,0.000420435,-0.314672258,-0.258722548,-0.015278717,0.01359991,-0.006838281,-0.01337953,0.370723464,-0.021586311,-0.024076827,-0.007405274,0.080966159,-0.011012108,-0.016374771,-0.125803513,-0.033365281,-0.018518383,-0.00390767,-0.010622955,-0.027908136,5.64594E-05
BR6_main,2.033131313,0.042289361,0.000735303,0.084090293,-0.016834375,-0.158144273,-0.017542938,0.00109612,-0.017079092,-0.009942596,0.043674735,0.000502851,-0.301154739,-0.164284964,-0.01545548,0.015871287,-0.006233704,-0.012731949,0.330158688,-0.020641647,-0.023450668,-0.006983332,0.061787067,-0.011423499,-0.01569763,-0.106917781,-0.036460027,-0.016907971,-0.003416844,-0.01132347,-0.028220094,5.39456E-05
BR6_main,2.152727273,0.042226899,0.000531446,0.052695791,-0.01636884,-0.091861178,-0.016159668,0.001539058,-0.020967139,-0.008374724,0.047648827,0.000561798,-0.287544909,-0.09922933,-0.01577296,0.018641988,-0.005718167,-0.012485024,0.286330617,-0.020413213,-0.023416584,-0.006647643,0.044510098,-0.012314869,-0.015170038,-0.093843205,-0.037531801,-0.015455243,-0.002952883,-0.012693285,-0.028708715,5.14716E-05
BR6_main,2.272323232,0.042124778,0.000243206,0.030370012,-0.016196641,-0.026221009,-0.014530727,0.001877276,-0.023447333,-0.00719245,0.047963007,0.000613629,-0.273889299,-0.058328563,-0.016178738,0.022130898,-0.00527585,-0.012523813,0.234375157,-0.020872139,-0.02372446,-0.006389673,0.028485259,-0.013398697,-0.014676834,-0.083939559,-0.037367133,-0.014146432,-0.002536886,-0.013886989,-0.028871451,4.90517E-05
BR6_main,2.391919192,0.041958063,1.18578E-05,0.015583846,-0.016175156,0.021142262,-0.012638397,0.002106627,-0.025336727,-0.00634054,0.046351715,0.000672037,-0.260297362,-0.033654881,-0.016630695,0.026118693,-0.004894362,-0.012645552,0.170707016,-0.021799186,-0.02398496,-0.006199957,0.013404909,-0.014028563,-0.014119404,-0.07576116,-0.036453139,-0.012971001,-0.002180209,-0.014487088,-0.028090027,4.66851E-05
BR6_main,2.511515152,0.041686384,-0.00013025,0.006186389,-0.015998474,0.043556655,-0.010677121,0.002257942,-0.026950856,-0.005710534,0.044185307,0.000741579,-0.246904004,-0.019109416,-0.017060909,0.029669916,-0.004564343,-0.012587163,0.102466266,-0.022686304,-0.023726944,-0.006053923,-0.000587266,-0.013491344,-0.013447399,-0.068565987,-0.034967792,-0.011920042,-0.001883359,-0.014294649,-0.025973365,4.43641E-05
BR6_main,2.631111111,0.041246567,-0.00020021,0.000332254,-0.015312059,0.045212508,-0.00889625,0.002361157,-0.027954401,-0.005234589,0.042267221,0.000818935,-0.233845545,-0.010721751,-0.017345281,0.031748634,-0.004278951,-0.012154922,0.041378656,-0.022953192,-0.022556609,-0.005913002,-0.012851875,-0.011701047,-0.012653524,-0.062018568,-0.03296572,-0.010985661,-0.00164077,-0.013333448,-0.022693078,4.20804E-05
BR6_main,2.750707071,0.040545269,-0.000224005,-0.00331379,-0.013994397,0.034675104,-0.00745678,0.00243926,-0.027869488,-0.004887885,0.040903093,0.000893782,-0.221208087,-0.005968812,-0.017289804,0.031948807,-0.004032492,-0.011315956,-0.005962924,-0.022247076,-0.02042399,-0.005751466,-0.02235293,-0.00935302,-0.011720891,-0.056014645,-0.030474037,-0.010159149,-0.00144539,-0.011930774,-0.018852943,3.98228E-05
BR6_main,2.87030303,0.039458184,-0.000229703,-0.005647827,-0.012318505,0.019939444,-0.006402446,0.002517573,-0.026773348,-0.004655567,0.039700323,0.000948008,-0.209271246,-0.003298384,-0.016718413,0.030534472,-0.003824361,-0.010174821,-0.039369544,-0.020560583,-0.017805417,-0.005563834,-0.027964232,-0.007228104,-0.010660756,-0.050623965,-0.027490926,-0.009442763,-0.001292635,-0.010460771,-0.01513146,3.76274E-05
BR6_main,2.98989899,0.037849805,-0.000237235,-0.007261034,-0.010734823,0.005970968,-0.005698818,0.002618139,-0.025239626,-0.004523158,0.038053445,0.000958724,-0.198494071,-0.001797425,-0.015693547,0.02826136,-0.003658379,-0.008927993,-0.061606874,-0.018327723,-0.015357118,-0.00530949,-0.029231786,-0.005664336,-0.009553586,-0.045982081,-0.024082713,-0.008848712,-0.001180587,-0.009044089,-0.012003381,3.55812E-05
BR6_main,3.109494949,0.035630541,-0.000248313,-0.00853387,-0.009532616,-0.005169351,-0.005280515,0.002748662,-0.023759177,-0.004486897,0.035939376,0.000911965,-0.189127603,-0.000944972,-0.014537945,0.025952489,-0.003535453,-0.007809944,-0.074966273,-0.016238211,-0.013460259,-0.004922879,-0.027055672,-0.004622235,-0.008468727,-0.042138234,-0.020520292,-0.008381616,-0.001107666,-0.007735293,-0.009628003,3.37543E-05
BR6_main,3.229090909,0.032845271,-0.000258206,-0.009708587,-0.008771201,-0.013162699,-0.005101624,0.00290682,-0.022521564,-0.00455626,0.033946086,0.000820303,-0.181283265,-0.000451123,-0.013599796,0.024086298,-0.003454745,-0.007004545,-0.080381083,-0.014769728,-0.012192657,-0.004434199,-0.023230416,-0.003941581,-0.007439232,-0.039074506,-0.01718149,-0.008042444,-0.001073407,-0.006678695,-0.00795059,3.22176E-05
BR6_main,3.348686869,0.029731958,-0.000266826,-0.010940429,-0.008390115,-0.018683535,-0.005143992,0.003084107,-0.021525146,-0.004740963,0.032598067,0.00071658,-0.175000213,-0.00015553,-0.013025625,0.022738355,-0.003414792,-0.006574361,-0.078689888,-0.013997203,-0.01147961,-0.003978182,-0.019290701,-0.003505464,-0.006510721,-0.036743326,-0.014288403,-0.007832401,-0.001079285,-0.005967533,-0.006843814,3.10585E-05
BR6_main,3.468282828,0.026664751,-0.00027519,-0.0123286,-0.008304226,-0.022536788,-0.005388369,0.00326376,-0.020714093,-0.005034298,0.032053233,0.000628443,-0.17028914,3.10355E-05,-0.012760159,0.021704495,-0.003414287,-0.006488148,-0.072041644,-0.013786269,-0.011214656,-0.003668533,-0.015973667,-0.003263092,-0.005747839,-0.035097943,-0.01185029,-0.007756647,-0.00112968,-0.005577182,-0.006192464,3.03721E-05
BR6_main,3.587878788,0.023990065,-0.000281898,-0.013927945,-0.008440173,-0.025257801,-0.005789474,0.003419253,-0.020037615,-0.005401442,0.032217078,0.000565638,-0.167117767,0.00015898,-0.012735128,0.020673559,-0.003452089,-0.00668623,-0.063779647,-0.013986806,-0.011310787,-0.00353184,-0.01340295,-0.003188943,-0.005206169,-0.034103183,-0.00976639,-0.007826164,-0.001232737,-0.005422414,-0.005923336,3.01763E-05
BR6_main,3.707474747,0.021888579,-0.000282682,-0.015725581,-0.008730376,-0.027329139,-0.006276747,0.003501962,-0.019436163,-0.005799593,0.032830979,0.000524853,-0.165166828,0.000257078,-0.012933466,0.019300627,-0.003523296,-0.007110138,-0.056441703,-0.014476418,-0.011692246,-0.003541612,-0.011406763,-0.00326685,-0.004922732,-0.033694275,-0.007982289,-0.008048424,-0.001398731,-0.005432792,-0.006006619,3.01971E-05
BR6_main,3.827070707,0.020361784,-0.000272781,-0.017642728,-0.009120169,-0.029137043,-0.006785849,0.003434668,-0.018866,-0.006222276,0.033550696,0.000499522,-0.164061781,0.000341954,-0.013383303,0.017322298,-0.003625799,-0.007717934,-0.050735804,-0.015171519,-0.012299563,-0.003669185,-0.009747985,-0.00350521,-0.004939277,-0.033828198,-0.00678845,-0.008439356,-0.001639427,-0.005577582,-0.006471251,2.98747E-05
BR6_main,3.946666667,0.019306108,-0.000250584,-0.019536721,-0.009568938,-0.030798083,-0.00727299,0.003153746,-0.018299545,-0.006686485,0.033902372,0.000484487,-0.1634985,0.00042353,-0.014129565,0.014667227,-0.003763269,-0.008482617,-0.046305044,-0.016017355,-0.013085598,-0.003899394,-0.008210561,-0.003949793,-0.00531835,-0.0345031,-0.007092444,-0.009031685,-0.00196623,-0.005837187,-0.007422162,2.88153E-05
BR6_main,4.066262626,0.018590785,-0.00021929,-0.021201064,-0.010043662,-0.032332846,-0.007715978,0.002689947,-0.017714035,-0.007204003,0.033017218,0.00047626,-0.163250511,0.000507225,-0.015147593,0.011495138,-0.00394006,-0.009381007,-0.042663747,-0.016971518,-0.014003753,-0.004228664,-0.00662011,-0.004690843,-0.00613871,-0.035739274,-0.010038242,-0.009871093,-0.002387875,-0.006198608,-0.009055444,2.72362E-05
BR6_main,4.185858586,0.018101211,-0.000184665,-0.022387774,-0.010514337,-0.033808444,-0.008117406,0.002170367,-0.01709602,-0.007770453,0.029716512,0.000472269,-0.163222062,0.000593064,-0.016320203,0.00815605,-0.004155936,-0.010382126,-0.03952566,-0.01799533,-0.015000693,-0.004660427,-0.004874746,-0.00585584,-0.007481158,-0.037557227,-0.01572776,-0.010998024,-0.002907405,-0.006647468,-0.011644502,2.56924E-05
BR6_main,4.305454545,0.017751677,-0.000151629,-0.02285894,-0.01095171,-0.035260396,-0.008488506,0.001717184,-0.016443089,-0.008346098,0.023970805,0.000470678,-0.16343548,0.000670778,-0.017535561,0.005084469,-0.004405078,-0.011435311,-0.036635619,-0.019049242,-0.016013011,-0.005203235,-0.00298807,-0.007542624,-0.009392019,-0.039947429,-0.022554997,-0.012410932,-0.003514205,-0.007166208,-0.01540332,2.45149E-05
BR6_main,4.425050505,0.017482797,-0.00012271,-0.022458953,-0.011327151,-0.036661425,-0.008833677,0.001375993,-0.015759632,-0.008842857,0.017811149,0.000470673,-0.163942291,0.000714817,-0.01874718,0.002617396,-0.004672393,-0.012461457,-0.033548168,-0.020090358,-0.016967009,-0.005852048,-0.001078125,-0.00964074,-0.011790303,-0.042816643,-0.028216318,-0.014009834,-0.004170951,-0.007758909,-0.020114202,2.37181E-05
BR6_main,4.544646465,0.017254837,-9.84623E-05,-0.021177674,-0.011613007,-0.037974751,-0.009148643,0.001134874,-0.015052565,-0.009144481,0.013471101,0.000472613,-0.164764301,0.000697092,-0.01994532,0.000878065,-0.004928575,-0.013356483,-0.029817648,-0.021071522,-0.017779586,-0.006545784,0.000711909,-0.011648251,-0.014395395,-0.045873643,-0.031038931,-0.015538321,-0.004803967,-0.008436834,-0.024681988,2.32014E-05
BR6_main,4.664242424,0.01704126,-7.86159E-05,-0.019167181,-0.011782021,-0.039191238,-0.00942593,0.000966527,-0.01432873,-0.009168165,0.011539887,0.000477618,-0.165896771,0.00061848,-0.021117923,-0.000158412,-0.005138159,-0.014015749,-0.025441374,-0.021942098,-0.018360398,-0.007161343,0.002285687,-0.012852948,-0.016796334,-0.048459144,-0.030720409,-0.016623928,-0.005307461,-0.009160701,-0.027301788,2.28595E-05
BR6_main,4.783838384,0.016823869,-6.30336E-05,-0.016696187,-0.011809844,-0.040329868,-0.009662249,0.000847615,-0.013593895,-0.008929882,0.011212199,0.000486539,-0.167324305,0.000509669,-0.022232916,-0.000645114,-0.00527569,-0.01437023,-0.020839251,-0.022649995,-0.018624796,-0.007549369,0.003613535,-0.012860443,-0.01855644,-0.049550448,-0.028215862,-0.016966256,-0.005570172,-0.009815434,-0.026745458,2.26167E-05
BR6_main,4.903434343,0.016589493,-5.20124E-05,-0.014066142,-0.011687431,-0.041420243,-0.009862041,0.000761848,-0.012853883,-0.0085257,0.011486595,0.000498955,-0.169026182,0.000400651,-0.023232174,-0.000854959,-0.00532567,-0.014407454,-0.016539588,-0.023145572,-0.018527373,-0.007607646,0.00471651,-0.011797649,-0.019294265,-0.048323196,-0.024750846,-0.016499983,-0.005529278,-0.010267394,-0.023624907,2.2461E-05
BR6_main,5.023030303,0.016327738,-4.57954E-05,-0.011533554,-0.01142906,-0.042483276,-0.010039814,0.000698678,-0.012117014,-0.008052438,0.011786257,0.000513064,-0.1709784,0.000306988,-0.024036159,-0.001003526,-0.005282216,-0.014163467,-0.012931136,-0.023387947,-0.018089299,-0.007347167,0.005641924,-0.010144286,-0.018830916,-0.04493997,-0.021139849,-0.015429382,-0.005216727,-0.01046324,-0.019724167,2.24205E-05
BR6_main,5.142626263,0.016029899,-4.34107E-05,-0.009268518,-0.01106012,-0.04351312,-0.010217437,0.000651766,-0.011394835,-0.007581754,0.011887414,0.000526356,-0.173153342,0.000233312,-0.02456817,-0.001151149,-0.005155154,-0.013699399,-0.010112401,-0.023351812,-0.017384069,-0.00687432,0.006444887,-0.008485325,-0.017338363,-0.04044941,-0.017826568,-0.014114678,-0.0047417,-0.010423177,-0.016389377,2.2504E-05
BR6_main,5.262222222,0.015688233,-4.13233E-05,-0.007351987,-0.010605334,-0.044449503,-0.010414725,0.000617799,-0.010699986,-0.007169699,0.011737538,0.000536432,-0.175516335,0.0001778,-0.024788592,-0.001288799,-0.004960712,-0.013081609,-0.007932254,-0.023032414,-0.016503103,-0.006316789,0.007178432,-0.007203658,-0.015266166,-0.035910894,-0.015078385,-0.012870621,-0.004224389,-0.010173161,-0.014061353,2.26894E-05
BR6_main,5.381818182,0.015295323,-3.44889E-05,-0.005796595,-0.010089351,-0.045122615,-0.010642607,0.000595521,-0.010043304,-0.006834959,0.011389646,0.000541566,-0.178023241,0.00013591,-0.024703705,-0.001405363,-0.004720687,-0.012371862,-0.006154612,-0.022447438,-0.015532401,-0.005777289,0.007889163,-0.006364665,-0.013061902,-0.031908972,-0.012960747,-0.01185873,-0.003750511,-0.009730413,-0.01265718,2.29414E-05
BR6_main,5.501414141,0.014844052,-2.1107E-05,-0.004573589,-0.009538885,-0.045192124,-0.010904059,0.000584815,-0.009432319,-0.006550916,0.010959286,0.000540786,-0.180620081,0.000103682,-0.024342552,-0.001492443,-0.004457741,-0.011624093,-0.004610844,-0.021635094,-0.014542171,-0.005305601,0.00861481,-0.005866227,-0.01104412,-0.028621045,-0.011342541,-0.011111729,-0.003366046,-0.00912856,-0.011932109,2.32234E-05
BR6_main,5.621010101,0.014327768,-4.33426E-06,-0.003635346,-0.008980635,-0.044232096,-0.01119811,0.000585686,-0.008871428,-0.006281019,0.01054813,0.000533608,-0.183244564,7.85462E-05,-0.023738008,-0.001550089,-0.004186784,-0.010883583,-0.003241076,-0.020648829,-0.01358427,-0.004903467,0.00938137,-0.005589021,-0.009403102,-0.026018201,-0.010065796,-0.010594623,-0.003087553,-0.008436091,-0.011649561,2.35001E-05
BR6_main,5.740606061,0.013740691,1.10876E-05,-0.002930266,-0.008437019,-0.042071099,-0.011521109,0.000597034,-0.008362774,-0.006006061,0.010201146,0.000520139,-0.185829334,5.87999E-05,-0.022929284,-0.001583258,-0.003920684,-0.01018677,-0.002046946,-0.019550089,-0.012693339,-0.00455636,0.010198816,-0.00544689,-0.008188361,-0.023999672,-0.009056007,-0.010243606,-0.002909726,-0.007735225,-0.011630166,2.37389E-05
BR6_main,5.86020202,0.013078589,2.26543E-05,-0.002410915,-0.007923338,-0.039027838,-0.011863428,0.000615396,-0.00790719,-0.005724124,0.009913749,0.000501508,-0.188308906,4.31966E-05,-0.021966827,-0.001591354,-0.003674309,-0.009561353,-0.001054247,-0.018401085,-0.011889498,-0.004256119,0.011055404,-0.005386646,-0.007359112,-0.022454493,-0.008296227,-0.009986176,-0.002809186,-0.00708674,-0.01174689,2.39124E-05
BR6_main,5.97979798,0.012339696,3.19711E-05,-0.002037458,-0.007448406,-0.035690021,-0.012202894,0.000632618,-0.007504724,-0.005442423,0.009652611,0.00047939,-0.19062628,3.07809E-05,-0.020905347,-0.001571384,-0.003458569,-0.009026208,-0.000270192,-0.017258439,-0.011181846,-0.004003863,0.011910687,-0.005377536,-0.006851548,-0.021283706,-0.007782706,-0.009763159,-0.002755047,-0.006518999,-0.011906901,2.40002E-05
BR6_main,6.099393939,0.011525899,4.28496E-05,-0.001778368,-0.007017114,-0.032536242,-0.012500156,0.0006381,-0.007154644,-0.005171056,0.009380246,0.000454952,-0.192733217,2.0815E-05,-0.019793414,-0.0015196,-0.003273016,-0.008590517,0.000325789,-0.016167772,-0.010571625,-0.003801661,0.012688364,-0.005401888,-0.006610958,-0.020405684,-0.007509052,-0.009542125,-0.002725325,-0.006038416,-0.012036639,2.39906E-05
BR6_main,6.218989899,0.010644379,5.77084E-05,-0.001609834,-0.006630688,-0.029786289,-0.012702536,0.000632179,-0.006855488,-0.004920012,0.009080697,0.000428658,-0.194583183,1.27318E-05,-0.018669648,-0.001424866,-0.003108761,-0.008252041,0.00074246,-0.015159981,-0.010053782,-0.003644783,0.013276591,-0.00544699,-0.006595437,-0.019755093,-0.007457856,-0.009303889,-0.002708904,-0.00564209,-0.012074803,2.38809E-05
BR6_main,6.338585859,0.009708725,7.58296E-05,-0.001514688,-0.006285174,-0.027450274,-0.012752633,0.000626093,-0.006605072,-0.004697022,0.008764274,0.000400868,-0.196126239,6.09807E-06,-0.017561584,-0.00127221,-0.002963167,-0.007995996,0.000983062,-0.014250126,-0.009617012,-0.003519819,0.013549603,-0.005498812,-0.006766126,-0.019280133,-0.007587859,-0.009030969,-0.002695875,-0.005324901,-0.011973282,2.36771E-05
BR6_main,6.458181818,0.008739079,9.45769E-05,-0.00148139,-0.005972951,-0.025416988,-0.012588644,0.000626647,-0.00640123,-0.00450529,0.008453629,0.000372405,-0.197316271,5.81353E-07,-0.016485997,-0.001064027,-0.002838209,-0.007796676,0.00106393,-0.013440326,-0.009244864,-0.003409844,0.013412885,-0.00554131,-0.007073467,-0.018940563,-0.007823275,-0.00871645,-0.002675817,-0.005080941,-0.011703523,2.33944E-05
BR6_main,6.577777778,0.007760907,0.000113061,-0.001503081,-0.005686391,-0.023552953,-0.012154309,0.000632104,-0.006242654,-0.00434335,0.008171002,0.000344546,-0.198111879,-4.0755E-06,-0.015450792,-0.000820647,-0.00272302,-0.007622075,0.001006094,-0.01272511,-0.008918405,-0.003299907,0.012846546,-0.00555715,-0.00744866,-0.018705252,-0.008060623,-0.008368033,-0.002639982,-0.004902082,-0.011262997,2.30555E-05
BR6_main,6.697373737,0.006801621,0.000135322,-0.001576827,-0.005419734,-0.021809448,-0.011453661,0.000638312,-0.006130155,-0.004207287,0.007929662,0.000318605,-0.198475418,-8.07706E-06,-0.01445753,-0.000558748,-0.002603514,-0.007443835,0.000837404,-0.012097829,-0.008620123,-0.003180184,0.011923876,-0.005526758,-0.007809819,-0.018549948,-0.008199908,-0.007998029,-0.00258213,-0.004777955,-0.010677959,2.26874E-05
BR6_main,6.816969697,0.005886268,0.000166147,-0.001703066,-0.005168361,-0.020241165,-0.010579397,0.000644214,-0.00606843,-0.004092207,0.007730303,0.000295601,-0.198371986,-1.1597E-05,-0.013504089,-0.000286067,-0.002479316,-0.007249672,0.000603242,-0.01155416,-0.008336763,-0.003049311,0.010801786,-0.005428939,-0.008082139,-0.018455458,-0.008173195,-0.00761487,-0.002503141,-0.004697619,-0.009999733,2.23167E-05
BR6_main,6.936565657,0.005034216,0.000207625,-0.001885177,-0.004928326,-0.01891977,-0.009653853,0.000650578,-0.006068234,-0.003992707,0.00756345,0.000276195,-0.197771215,-1.48023E-05,-0.012593211,-7.63041E-06,-0.002358936,-0.00704289,0.000354123,-0.011090784,-0.008056953,-0.0029162,0.00967168,-0.005243748,-0.008215267,-0.018406381,-0.007944231,-0.007221663,-0.002411956,-0.004651198,-0.009293816,2.19648E-05
BR6_main,7.056161616,0.004257631,0.000262312,-0.002129013,-0.004697295,-0.017866877,-0.008767273,0.000655792,-0.006148543,-0.003902045,0.007415908,0.000260646,-0.196649248,-1.78804E-05,-0.011742662,0.000272282,-0.002247494,-0.006819159,0.000125602,-0.010701561,-0.007761129,-0.002797874,0.008685087,-0.004959736,-0.008186987,-0.018390039,-0.00750243,-0.006821738,-0.002321048,-0.004630489,-0.008624999,2.16461E-05
BR6_main,7.175757576,0.003562194,0.000335656,-0.002442085,-0.004475721,-0.017058293,-0.007966498,0.000656116,-0.006337821,-0.003811009,0.007279136,0.000248425,-0.194994006,-2.10731E-05,-0.010976135,0.000551873,-0.00214126,-0.006555703,-6.87555E-05,-0.01037451,-0.007422024,-0.002712391,0.007915556,-0.004584626,-0.008005794,-0.018395786,-0.00687483,-0.00642518,-0.002245606,-0.004628632,-0.008044563,2.13671E-05
BR6_main,7.295353535,0.002948484,0.000436098,-0.002831729,-0.004264863,-0.016452273,-0.007268386,0.000647244,-0.006671508,-0.003711803,0.007153916,0.00023778,-0.192810497,-2.47088E-05,-0.010302168,0.000832054,-0.002036159,-0.006248069,-0.000231678,-0.010090651,-0.007037875,-0.002667541,0.007373907,-0.004151213,-0.007713008,-0.018414321,-0.006132755,-0.006047212,-0.002199819,-0.004638973,-0.007582563,2.11279E-05
BR6_main,7.414949495,0.002413173,0.000574331,-0.003300847,-0.004064033,-0.016007682,-0.006673327,0.000625839,-0.007179057,-0.003605939,0.007047147,0.000226548,-0.19012946,-2.92051E-05,-0.009715399,0.001114598,-0.001935249,-0.005934782,-0.000372262,-0.00982728,-0.00664199,-0.002652834,0.0070407,-0.003712686,-0.007362639,-0.018437219,-0.005369546,-0.005703752,-0.002188741,-0.004653326,-0.007244998,2.0924E-05
BR6_main,7.534545455,0.001950554,0.000757566,-0.003838781,-0.003873084,-0.01569005,-0.006173796,0.000591845,-0.007849966,-0.00350398,0.006965,0.000214391,-0.187021398,-3.49617E-05,-0.009201072,0.001400702,-0.001844848,-0.005659338,-0.000501204,-0.009566032,-0.006261973,-0.002645576,0.006889045,-0.003329336,-0.006986718,-0.018456811,-0.004665968,-0.00540867,-0.002202676,-0.004662811,-0.007016318,2.07481E-05
BR6_main,7.654141414,0.001553716,0.00097582,-0.004404485,-0.003696732,-0.015471649,-0.00575945,0.00054873,-0.00857995,-0.003417172,0.006908708,0.000203298,-0.183613804,-4.19767E-05,-0.008738017,0.001690625,-0.00176961,-0.005434188,-0.000630456,-0.00930123,-0.005903046,-0.002627744,0.006894696,-0.003061212,-0.00658281,-0.018465869,-0.004067882,-0.005173801,-0.002220307,-0.004665713,-0.006868129,2.05915E-05
BR6_main,7.773737374,0.001215345,0.001184133,-0.004906274,-0.003542217,-0.015330284,-0.00541984,0.000501677,-0.009151694,-0.003351544,0.006874273,0.000194906,-0.180112502,-4.90907E-05,-0.008324212,0.001984002,-0.001711746,-0.005249728,-0.000769335,-0.009047695,-0.005564518,-0.00259236,0.007038832,-0.002948475,-0.006147691,-0.018457742,-0.003585992,-0.005015527,-0.002220743,-0.004669711,-0.006770774,2.04459E-05
BR6_main,7.893333333,0.000928247,0.001301153,-0.005205645,-0.003413292,-0.015248031,-0.005145199,0.000456171,-0.009341045,-0.003306652,0.006854177,0.000188365,-0.176796818,-5.33078E-05,-0.00800228,0.002280876,-0.001671045,-0.00509743,-0.000919963,-0.008837509,-0.005252387,-0.002539358,0.007307512,-0.002977508,-0.005701227,-0.018426553,-0.003208006,-0.004951826,-0.002190464,-0.00467994,-0.006700646,2.03048E-05
BR6_main,8.012929293,0.000685663,0.001255738,-0.005186116,-0.003308507,-0.015210261,-0.004926256,0.00041657,-0.009093992,-0.003278373,0.006839903,0.000180858,-0.173906307,-5.04449E-05,-0.007822449,0.002583255,-0.001642487,-0.004973945,-0.001080532,-0.008694423,-0.004973168,-0.002470454,0.007689796,-0.003089782,-0.005268027,-0.018367341,-0.002913951,-0.004976411,-0.00212223,-0.004693073,-0.006639677,2.01651E-05
BR6_main,8.132525253,0.000481219,0.001061967,-0.004848126,-0.003223165,-0.015204849,-0.004754149,0.000384556,-0.00855361,-0.003263405,0.006824572,0.000169772,-0.171365956,-3.77117E-05,-0.007759853,0.002896599,-0.001619175,-0.004872064,-0.001252613,-0.008614236,-0.00472914,-0.002385495,0.008175183,-0.00321467,-0.004869582,-0.018276104,-0.002683837,-0.005045732,-0.002017933,-0.004702093,-0.006571476,2.0029E-05
BR6_main,8.252121212,0.000309393,0.000808797,-0.004308049,-0.003151393,-0.015221737,-0.004620661,0.00035928,-0.007912682,-0.003260716,0.006804255,0.000155119,-0.168765602,-1.60493E-05,-0.007747477,0.003228096,-0.00159664,-0.004781547,-0.001442518,-0.008577542,-0.004523322,-0.002284668,0.008750635,-0.003295945,-0.004519887,-0.018149945,-0.002495486,-0.005112994,-0.001894125,-0.004701372,-0.006480916,1.99064E-05
BR6_main,8.371717172,0.00016556,0.000570209,-0.003704918,-0.003087372,-0.015252765,-0.004518646,0.00033824,-0.007300223,-0.003269227,0.006777037,0.000140251,-0.166148767,1.06665E-05,-0.007761441,0.003576492,-0.001576187,-0.004698017,-0.001657296,-0.008564391,-0.004361751,-0.002172563,0.009397492,-0.003310337,-0.00422173,-0.017987329,-0.002323556,-0.005163141,-0.001775706,-0.004688741,-0.006357936,1.9818E-05
BR6_main,8.491313131,4.55329E-05,0.000369662,-0.003131858,-0.003026113,-0.015291234,-0.004442441,0.000319214,-0.006787032,-0.003285599,0.006740845,0.000130118,-0.164224824,3.86754E-05,-0.007820877,0.003922891,-0.001563477,-0.004625265,-0.001899522,-0.008540977,-0.004248674,-0.002057237,0.010088661,-0.003264012,-0.003972808,-0.017787833,-0.002141855,-0.005199175,-0.001681084,-0.004665854,-0.006201505,1.97962E-05
BR6_main,8.610909091,0.000001,0.000201212,-0.002629853,-0.002964281,-0.015331843,-0.004388326,0.000303182,-0.006402199,-0.003305584,0.006692503,0.00012895,-0.162962838,6.61638E-05,-0.007975313,0.004238792,-0.001557209,-0.004567807,-0.002161859,-0.008452191,-0.004181322,-0.00194565,0.010787874,-0.003177086,-0.003769558,-0.0175524,-0.00192449,-0.00520857,-0.001616103,-0.004638335,-0.006020296,1.98806E-05
BR6_main,8.730505051,0.000001,5.22202E-05,-0.002207726,-0.002900737,-0.015370212,-0.004354602,0.000293906,-0.00611867,-0.00332714,0.006628031,0.000138714,-0.161014664,9.29534E-05,-0.008285103,0.004500992,-0.001547331,-0.004522374,-0.002423153,-0.008256348,-0.004151179,-0.001841202,0.011452217,-0.003071975,-0.00360516,-0.0172831,-0.001654859,-0.005162119,-0.001576605,-0.004615295,-0.005827707,2.00953E-05
BR6_main,8.85010101,0.000001,-8.76431E-05,-0.001860124,-0.00283664,-0.015402906,-0.004341335,0.000292814,-0.005890562,-0.00335047,0.006543698,0.000157903,-0.157401162,0.000119554,-0.008719939,0.004700502,-0.001525555,-0.004478375,-0.00264861,-0.007963664,-0.004147313,-0.001744472,0.012039483,-0.00296791,-0.003468899,-0.016983551,-0.001354534,-0.00504072,-0.001553042,-0.004606813,-0.005635648,2.04009E-05
BR6_main,8.96969697,0.000001,-0.000225008,-0.001577369,-0.002774918,-0.015427463,-0.004349428,0.000294956,-0.005716545,-0.003375585,0.006436875,0.000181195,-0.152977933,0.000146571,-0.009109632,0.004844891,-0.001492517,-0.004424497,-0.002803784,-0.007623962,-0.004160374,-0.00165484,0.012518549,-0.002878109,-0.003348273,-0.016659354,-0.001093436,-0.004853731,-0.001537165,-0.004617848,-0.005452798,2.06457E-05
BR6_main,9.089292929,0.000001,-0.000364483,-0.001349724,-0.0027193,-0.015442142,-0.004379476,0.000289485,-0.005615555,-0.003401289,0.006306433,0.00020091,-0.149273506,0.000174492,-0.009240803,0.004949796,-0.001457089,-0.004352669,-0.002883406,-0.00729868,-0.004183031,-0.001572119,0.012878203,-0.002807249,-0.003232129,-0.016318283,-0.000926191,-0.00462734,-0.001528961,-0.004640024,-0.005287143,2.06093E-05
BR6_main,9.208888889,0.000001,-0.000511838,-0.001168998,-0.002673347,-0.015445805,-0.004431367,0.000265302,-0.005580781,-0.003425653,0.006152858,0.000208954,-0.147211589,0.000203662,-0.008985673,0.005027869,-0.001428289,-0.004258869,-0.002910948,-0.007036522,-0.004202571,-0.001496944,0.013129965,-0.00275143,-0.00311471,-0.015970683,-0.000850002,-0.004394647,-0.001534925,-0.004648387,-0.00514863,2.01759E-05
BR6_main,9.328484848,0.000001,-0.000670046,-0.001029033,-0.002639818,-0.015437719,-0.004504656,0.000218904,-0.005595257,-0.003446652,0.005978139,0.000199406,-0.147066431,0.000234293,-0.008473098,0.005091803,-0.001408833,-0.004142962,-0.002905004,-0.006849424,-0.004206063,-0.001429332,0.013303451,-0.00270289,-0.002997973,-0.015629795,-0.000842045,-0.004194356,-0.001558534,-0.004615976,-0.005049451,1.94721E-05
BR6_main,9.448080808,0.000001,-0.000826969,-0.000925864,-0.002620622,-0.015417348,-0.004597946,0.000155064,-0.005657103,-0.00346267,0.005785506,0.00017262,-0.148756579,0.000266485,-0.008006028,0.005164148,-0.001396452,-0.0040076,-0.002863499,-0.006713593,-0.00418911,-0.001367982,0.013437237,-0.002655619,-0.0028888,-0.015312021,-0.0008795,-0.004046149,-0.001592783,-0.004537783,-0.005002266,1.88053E-05
BR6_main,9.567676768,0.000001,-0.00094884,-0.000857851,-0.002617125,-0.01538425,-0.004705046,8.12766E-05,-0.005778911,-0.003472901,0.00557907,0.00013623,-0.152283278,0.000300229,-0.007766193,0.005273513,-0.001388243,-0.003857171,-0.002780802,-0.006583789,-0.004151539,-0.001311928,0.013569662,-0.002607429,-0.002793953,-0.015037119,-0.000938947,-0.003943264,-0.001621168,-0.004427486,-0.005017278,1.84615E-05
BR6_main,9.687272727,0.000001,-0.000991959,-0.000825924,-0.002629943,-0.015337998,-0.004809092,1.69652E-06,-0.005970489,-0.003477545,0.005363388,0.000100339,-0.157773947,0.000335395,-0.007784239,0.00543192,-0.001382365,-0.003697371,-0.002669064,-0.006412408,-0.00409508,-0.00126247,0.013732332,-0.002558957,-0.002717987,-0.014828025,-0.001003145,-0.003869465,-0.001627618,-0.004296817,-0.00509825,1.85505E-05
BR6_main,9.806868687,0.000001,-0.000931348,-0.000834005,-0.002657947,-0.015278048,-0.004879934,-7.91765E-05,-0.006225058,-0.003477728,0.005142964,7.35633E-05,-0.164581132,0.000371716,-0.008034896,0.005615102,-0.001377044,-0.00353473,-0.002552242,-0.006182418,-0.004024271,-0.001222867,0.013946843,-0.002511676,-0.002664211,-0.014709896,-0.001066102,-0.003812135,-0.001602984,-0.00414872,-0.00523706,1.90649E-05
BR6_main,9.926464646,0.000001,-0.000786519,-0.000889632,-0.002697144,-0.015203655,-0.004879522,-0.000150346,-0.006521029,-0.003475202,0.004921804,6.26349E-05,-0.17085996,0.000408768,-0.00842753,0.005788942,-0.001369868,-0.00337588,-0.002447918,-0.005915544,-0.003941556,-0.001195647,0.014224093,-0.002466057,-0.002635367,-0.014707965,-0.001129895,-0.003764142,-0.001546276,-0.003981612,-0.005407456,1.99012E-05
BR6_main,10.04606061,0.000001,-0.000606914,-0.001004612,-0.002738797,-0.015113836,-0.004774125,-0.000197726,-0.006832885,-0.003472012,0.004703053,7.18237E-05,-0.175283252,0.000445962,-0.008832083,0.005945419,-0.001358024,-0.003226896,-0.002361103,-0.005643336,-0.003843801,-0.001178794,0.014565035,-0.002421179,-0.002631609,-0.014843452,-0.001200555,-0.003721254,-0.001465947,-0.003797856,-0.005561801,2.07212E-05
BR6_main,10.16565657,0.000001,-0.000431598,-0.001195078,-0.002766484,-0.015007361,-0.004547164,-0.000217037,-0.007138984,-0.003470259,0.004488762,0.000100953,-0.17831763,0.000482567,-0.009169271,0.006095542,-0.001338702,-0.003092883,-0.002286639,-0.005387614,-0.003724944,-0.001164791,0.014961984,-0.002375699,-0.00264562,-0.015126485,-0.001288387,-0.003680042,-0.001373632,-0.003608247,-0.00563815,2.10674E-05
BR6_main,10.28525253,0.000001,-0.000272627,-0.001478852,-0.002755809,-0.014882743,-0.004206053,-0.000216432,-0.007424598,-0.003471889,0.004279731,0.000147242,-0.180658973,0.000517721,-0.009419252,0.00625162,-0.001309295,-0.00297773,-0.002213141,-0.005160136,-0.003579365,-0.001147453,0.015399925,-0.002328203,-0.002658693,-0.015544534,-0.001409004,-0.003637169,-0.001273525,-0.003424091,-0.005581971,2.06601E-05
BR6_main,10.40484848,0.000001,-0.000124463,-0.00186436,-0.002681952,-0.014738237,-0.003779262,-0.000203915,-0.007684299,-0.003478263,0.004075444,0.000208834,-0.181496865,0.000550288,-0.009566372,0.00642322,-0.001267393,-0.002883851,-0.002130972,-0.004966574,-0.003403301,-0.001128641,0.015857742,-0.002276512,-0.002646178,-0.016044756,-0.001575918,-0.003589537,-0.001164612,-0.0032413,-0.005372451,1.95E-05
BR6_main,10.52444444,0.000001,2.37439E-05,-0.002319584,-0.002531718,-0.014571862,-0.003304673,-0.000186355,-0.007923872,-0.003489338,0.003874068,0.000282363,-0.179633764,0.000578309,-0.009572429,0.006622061,-0.001210774,-0.002811838,-0.00204583,-0.004809433,-0.003195424,-0.001114837,0.016309498,-0.002217085,-0.002594036,-0.016510708,-0.001781354,-0.003534709,-0.001054335,-0.003035987,-0.005031862,1.77772E-05
BR6_main,10.6440404,0.000001,0.000185453,-0.002720109,-0.002309252,-0.014381458,-0.002815974,-0.000184927,-0.008155958,-0.003502608,0.003672474,0.000356543,-0.174840775,0.000598225,-0.009360364,0.006867205,-0.001137652,-0.002759968,-0.001971968,-0.004689981,-0.002957781,-0.00111416,0.016726071,-0.002145189,-0.002511872,-0.016744987,-0.001977289,-0.003471387,-0.00096041,-0.002791736,-0.004610398,1.57588E-05
BR6_main,10.76363636,0.000001,0.000379379,-0.002855012,-0.00203452,-0.014164828,-0.002335086,-0.000233997,-0.008382356,-0.003512326,0.003466258,0.000410041,-0.167740334,0.000605465,-0.008806787,0.007178549,-0.001047675,-0.00272374,-0.00188332,-0.004609495,-0.00269752,-0.001140015,0.017077372,-0.002055997,-0.002428281,-0.016494886,-0.002101093,-0.0034,-0.000898321,-0.002531536,-0.004163355,1.37474E-05
BR6_main,10.88323232,0.000001,0.000628578,-0.002609248,-0.001737965,-0.01391991,-0.001875204,-0.000340592,-0.008570401,-0.003509689,0.003249702,0.000422371,-0.159024368,0.00059773,-0.007797532,0.007543535,-0.000944062,-0.002695845,-0.001708344,-0.00456981,-0.002429213,-0.001212819,0.017335127,-0.001947177,-0.002374298,-0.015561263,-0.002154749,-0.003323539,-0.000875705,-0.002303128,-0.003739194,1.21013E-05
BR6_main,11.00282828,0.000001,0.000945038,-0.002107468,-0.001453903,-0.013645105,-0.00145567,-0.000458603,-0.008656451,-0.003484677,0.003015693,0.00039087,-0.148739613,0.00057763,-0.006347916,0.007884301,-0.000836824,-0.002667338,-0.001400856,-0.004572875,-0.002177165,-0.001356595,0.017476006,-0.001824353,-0.00237225,-0.013935151,-0.002206846,-0.003248564,-0.00089387,-0.002136158,-0.003381183,1.12447E-05
BR6_main,11.12242424,0.000001,0.001287561,-0.001554408,-0.001217712,-0.013339802,-0.001125121,-0.00052034,-0.008584837,-0.00342944,0.002755759,0.000331564,-0.13674928,0.000550694,-0.004690966,0.008110249,-0.000745587,-0.002630736,-0.000983207,-0.004618159,-0.001976582,-0.001594458,0.017484456,-0.001710707,-0.002434987,-0.01181184,-0.002296441,-0.003185775,-0.000947739,-0.002025529,-0.003134499,1.15746E-05
BR6_main,11.2420202,0.000001,0.001529134,-0.001066641,-0.001064512,-0.013005275,-0.000987549,-0.000472002,-0.008314576,-0.003341527,0.002460807,0.000265713,-0.124491861,0.000522028,-0.003188711,0.008181947,-0.000698212,-0.002584526,-0.000525459,-0.004694861,-0.001871556,-0.00194833,0.017354549,-0.001658181,-0.00256932,-0.009464539,-0.002382982,-0.003148794,-0.001028357,-0.001942592,-0.003047805,1.32237E-05
BR6_main,11.36161616,0.000001,0.001542291,-0.000674655,-0.001020887,-0.012646245,-0.001184459,-0.000281609,-0.007766987,-0.003224535,0.002124015,0.000212868,-0.117085509,0.000495425,-0.002159417,0.008049607,-0.00072068,-0.002535691,-9.77864E-05,-0.00476642,-0.001906114,-0.002448861,0.017090293,-0.001746452,-0.002776949,-0.007122783,-0.002396501,-0.003149805,-0.00113662,-0.001861654,-0.003158747,1.57369E-05
BR6_main,11.48121212,0.000001,0.001347103,-0.000372106,-0.00109221,-0.012273168,-0.001761174,4.97711E-05,-0.006831963,-0.003085638,0.001748231,0.000192645,-0.123250586,0.000473551,-0.001785272,0.007656735,-0.00082013,-0.002495074,0.000231135,-0.004762847,-0.002105412,-0.003141513,0.016704355,-0.002045229,-0.003049101,-0.004933685,-0.00229571,-0.003192497,-0.001290538,-0.001792683,-0.00346364,1.79624E-05
BR6_main,11.60080808,0.000001,0.001077791,-0.00014398,-0.001249656,-0.011904429,-0.00255876,0.000458443,-0.005518336,-0.002931979,0.001358906,0.000219453,-0.148895502,0.000456757,-0.002043391,0.007027557,-0.00097398,-0.002464927,0.000377551,-0.004623304,-0.002455012,-0.004014328,0.016215548,-0.002538429,-0.003353697,-0.002974833,-0.002075218,-0.003265601,-0.001496925,-0.001776242,-0.003895968,1.89163E-05
BR6_main,11.72040404,0.000001,0.000839479,2.37103E-05,-0.001416215,-0.011565536,-0.003306165,0.000819796,-0.004130249,-0.002768448,0.001014418,0.000280425,-0.185396107,0.000440358,-0.002585112,0.006269841,-0.001138055,-0.00242936,0.00032276,-0.004368267,-0.002898431,-0.00482895,0.015645851,-0.003069543,-0.003621215,-0.001277701,-0.001794925,-0.00334161,-0.001698149,-0.001823645,-0.004336176,1.98733E-05
BR6_main,11.84,0.000001,0.000656569,0.000142165,-0.001485627,-0.011281579,-0.003781929,0.000991592,-0.003222289,-0.002597917,0.00079003,0.000332758,-0.20976725,0.00041499,-0.002770892,0.005516794,-0.001269158,-0.002363062,0.000193784,-0.004077039,-0.003359947,-0.005099401,0.015017689,-0.003400134,-0.003757133,0.000153852,-0.001581413,-0.003385267,-0.001760068,-0.001902754,-0.004646801,2.41336E-05
BR7_main,0,0.020669254,-0.008057648,0.251566377,-0.061405473,-1.949009202,0.753852318,0.009970684,0.075918648,-0.058094666,0.482107098,0.004836075,-1.69064634,-0.840716096,-0.075593608,0.016430547,-0.037450817,-0.154485513,1.311906186,-0.128010358,-0.084293568,-0.034334131,0.68460168,-0.065723757,-0.148005777,-0.589407258,-0.678528675,-0.078610292,-0.099017387,0.259700492,-0.118633944,0.000125225
BR7_main,0.11959596,0.027211032,-0.007716475,0.266798638,-0.068579779,-1.527578559,0.526369769,0.005926339,0.068002931,-0.052788392,0.403382042,0.002746734,-1.500078971,-0.824705616,-0.063380813,0.027498677,-0.035061569,-0.140589062,1.315323735,-0.129773808,-0.081516864,-0.032958302,0.607841825,-0.05870705,-0.12858328,-0.49593398,-0.631739076,-0.087027068,-0.085386386,0.18432603,-0.115200617,0.000120259
BR7_main,0.239191919,0.032307321,-0.00685901,0.267100108,-0.070681683,-0.865814413,0.236291242,0.001592425,0.055504335,-0.04534925,0.297328924,0.000945898,-1.250520612,-0.780293049,-0.045621258,0.039382162,-0.031208033,-0.123113969,1.235534396,-0.12792524,-0.07760856,-0.031148181,0.542352314,-0.050483656,-0.107917972,-0.344618629,-0.589211469,-0.096121754,-0.064298664,0.076656382,-0.108005812,0.000112751
BR7_main,0.358787879,0.036097923,-0.006408709,0.256472851,-0.068271051,-0.103904243,-0.030884835,-0.002665091,0.041840079,-0.03747843,0.187322192,-0.000320655,-1.009013533,-0.723637957,-0.027661463,0.050097762,-0.026927651,-0.104415451,1.134690638,-0.123120835,-0.073064472,-0.02915152,0.492697073,-0.042254615,-0.088999534,-0.212936954,-0.498766696,-0.101986482,-0.045343897,-0.043002009,-0.09910902,0.000104581
BR7_main,0.478383838,0.038631213,-0.006555612,0.238690648,-0.062594987,0.559894724,-0.223332366,-0.0065633,0.029852681,-0.030314168,0.091569452,-0.001193949,-0.810579917,-0.663740367,-0.015192569,0.058340715,-0.023022011,-0.086448298,1.018439494,-0.116181793,-0.068306686,-0.027171932,0.454014887,-0.035021522,-0.073926253,-0.125890221,-0.344309635,-0.099028342,-0.031943189,-0.139571226,-0.08993268,9.68401E-05
BR7_main,0.597979798,0.040205416,-0.006860717,0.214914196,-0.055151562,0.958228409,-0.315789686,-0.009797061,0.020878607,-0.024373093,0.020408768,-0.001454329,-0.660332302,-0.600570434,-0.011547483,0.063603684,-0.019872242,-0.070475992,0.878683669,-0.107883624,-0.063621306,-0.025327253,0.419964828,-0.029352529,-0.063298181,-0.076570154,-0.177281319,-0.086493603,-0.023384794,-0.185291651,-0.080985191,8.98659E-05
BR7_main,0.717575758,0.041139705,-0.00680946,0.186955366,-0.04734254,1.035328824,-0.317386929,-0.011947204,0.01495021,-0.019766881,-0.019398022,-0.000925791,-0.551043997,-0.530227508,-0.014241513,0.065949135,-0.017532239,-0.057109737,0.737192862,-0.098890677,-0.059177673,-0.023652352,0.385185067,-0.025313377,-0.056320806,-0.052450136,-0.056121093,-0.070334796,-0.018055562,-0.17961283,-0.072239366,8.365E-05
BR7_main,0.837171717,0.041678941,-0.006261702,0.158394807,-0.04023785,0.859494598,-0.255138913,-0.012714956,0.011139024,-0.016385031,-0.025712587,0.000128751,-0.473509481,-0.452166613,-0.018095343,0.06576112,-0.015889145,-0.046460348,0.625194481,-0.089736846,-0.05505904,-0.02212711,0.346211002,-0.022583463,-0.051608895,-0.043862261,0.001868616,-0.056407947,-0.014690176,-0.143039975,-0.063612413,7.80837E-05
BR7_main,0.956767677,0.041984825,-0.005415652,0.132422385,-0.034448451,0.554940063,-0.159797645,-0.012196053,0.007848825,-0.014016274,-0.005033831,0.001128331,-0.419761428,-0.373028583,-0.02092832,0.063563216,-0.014780455,-0.038311741,0.555316084,-0.080824427,-0.051289725,-0.020713812,0.302209264,-0.020694071,-0.048025231,-0.044383426,0.013447387,-0.046450244,-0.01249694,-0.095612706,-0.055244321,7.30518E-05
BR7_main,1.076363636,0.042156108,-0.004489518,0.110708794,-0.030130304,0.224081143,-0.062218307,-0.010733674,0.003545516,-0.012423686,0.028057498,0.001521108,-0.383392483,-0.303680256,-0.022835274,0.059900915,-0.014050314,-0.032280289,0.523759161,-0.072428138,-0.047853431,-0.01937988,0.255061451,-0.019231187,-0.044976136,-0.049779041,0.00015849,-0.039707021,-0.011005057,-0.047529271,-0.0474628,6.84491E-05
BR7_main,1.195959596,0.042250511,-0.003558972,0.093691179,-0.027134552,-0.07681254,0.014747747,-0.008793458,-0.002142663,-0.011390862,0.058812794,0.001165653,-0.359347334,-0.252868025,-0.024023761,0.055296017,-0.013569925,-0.027945906,0.520365887,-0.064728437,-0.044720912,-0.018107202,0.208333047,-0.017924646,-0.042288694,-0.057261616,-0.023211501,-0.0350132,-0.00993383,-0.003060347,-0.04058914,6.41973E-05
BR7_main,1.315555556,0.042300808,-0.00268792,0.081104721,-0.025162881,-0.320796806,0.061345837,-0.006848697,-0.008224398,-0.010740337,0.079653541,0.000434649,-0.343615793,-0.22311251,-0.02464253,0.050213809,-0.013234864,-0.024915289,0.53301998,-0.057823585,-0.041858189,-0.016887016,0.165499175,-0.016638288,-0.039982863,-0.065072355,-0.047632821,-0.031522658,-0.009113286,0.035031963,-0.034786907,6.02364E-05
BR7_main,1.435151515,0.042325066,-0.002000458,0.072384052,-0.023863739,-0.486198398,0.073921178,-0.005174403,-0.013441811,-0.01033751,0.089966532,-0.000180005,-0.333057598,-0.211155795,-0.024881964,0.04504353,-0.012957367,-0.022845502,0.548007163,-0.051745425,-0.039232019,-0.015715554,0.128728038,-0.015326108,-0.038118139,-0.072188446,-0.067549178,-0.028739453,-0.00843956,0.061951699,-0.03005506,5.65193E-05
BR7_main,1.554747475,0.042332658,-0.001565533,0.066954805,-0.022906055,-0.545780424,0.056957775,-0.003820303,-0.017210049,-0.010086523,0.091781283,-0.000399284,-0.325296687,-0.211085197,-0.024909088,0.040086018,-0.012659709,-0.021450009,0.550019059,-0.046475826,-0.036812668,-0.014591818,0.098687542,-0.013992124,-0.036712919,-0.078082025,-0.080772854,-0.026397282,-0.007849424,0.072243118,-0.026295443,5.30078E-05
BR7_main,1.674343434,0.042327571,-0.001318882,0.064450701,-0.022038129,-0.482831847,0.027003184,-0.002733269,-0.019611342,-0.009922845,0.086757628,-0.000234478,-0.318631628,-0.216379655,-0.024833056,0.035550628,-0.012268896,-0.020498752,0.525160003,-0.041962085,-0.03457476,-0.013516572,0.074979696,-0.012667406,-0.035635752,-0.08253525,-0.087800985,-0.024358713,-0.007306132,0.065790357,-0.023379647,4.96696E-05
BR7_main,1.793939394,0.042309988,-0.001143723,0.064637699,-0.021113366,-0.327202553,0.000603588,-0.001843988,-0.020981245,-0.009805373,0.076596722,6.10927E-05,-0.311941534,-0.21943114,-0.024716731,0.03156288,-0.011710096,-0.019814884,0.467684,-0.038130775,-0.032497432,-0.01249196,0.056680588,-0.011404228,-0.03437746,-0.085514591,-0.089912287,-0.022554677,-0.006791237,0.04896717,-0.021190446,4.64769E-05
BR7_main,1.913535354,0.042276674,-0.000976907,0.066770732,-0.020085818,-0.157446277,-0.014954778,-0.00106036,-0.021627005,-0.009709908,0.064353663,0.000260731,-0.304601522,-0.212018599,-0.024603001,0.0281813,-0.010903859,-0.019270082,0.385008048,-0.034901268,-0.030565992,-0.011522067,0.042733529,-0.010281133,-0.032090662,-0.087097915,-0.088304911,-0.020952949,-0.006299272,0.029716282,-0.019643355,4.34086E-05
BR7_main,2.033131313,0.042220388,-0.000809233,0.068685564,-0.018975188,-0.0434055,-0.019790637,-0.000290151,-0.021754136,-0.009618195,0.053247469,0.000362186,-0.296219646,-0.189331691,-0.024517968,0.025401373,-0.009800855,-0.018767116,0.293488309,-0.032176575,-0.028756013,-0.010606983,0.032139173,-0.009399104,-0.028453523,-0.087382641,-0.083871605,-0.019530049,-0.005829842,0.012859499,-0.018686043,4.0429E-05
BR7_main,2.152727273,0.042128256,-0.000650955,0.067023952,-0.0178445,0.00168006,-0.017768205,0.000453061,-0.021532423,-0.009518728,0.045029588,0.000452233,-0.286711989,-0.153632562,-0.024478286,0.02319037,-0.008503232,-0.018243454,0.20847015,-0.029871007,-0.02705119,-0.009749764,0.024070654,-0.008867854,-0.024268489,-0.086506269,-0.077287661,-0.018274282,-0.005387656,-0.000366535,-0.018314192,3.75181E-05
BR7_main,2.272323232,0.041978861,-0.000511539,0.059434774,-0.016765153,0.008592507,-0.013325675,0.001075107,-0.021155602,-0.009404612,0.04010725,0.000536457,-0.276233199,-0.112771191,-0.024471393,0.021500236,-0.007261094,-0.017665484,0.137906621,-0.027913692,-0.025443644,-0.008956123,0.017876702,-0.008745626,-0.020544611,-0.084640074,-0.06920051,-0.017179943,-0.00497975,-0.010464237,-0.018571805,3.46786E-05
BR7_main,2.391919192,0.04173771,-0.000396468,0.046741163,-0.015789591,0.008388743,-0.009472099,0.001536627,-0.02083902,-0.009271483,0.03802362,0.000580989,-0.265058199,-0.075040316,-0.024436975,0.020272837,-0.006258037,-0.017019622,0.082826583,-0.026244764,-0.023928624,-0.008231918,0.013054285,-0.008939886,-0.017687703,-0.081967296,-0.060425917,-0.016239596,-0.004612617,-0.018240148,-0.019534368,3.19416E-05
BR7_main,2.511515152,0.041351012,-0.000311018,0.032162541,-0.014942657,0.011374974,-0.007369713,0.00186762,-0.020775215,-0.009117929,0.037752457,0.00058994,-0.253499651,-0.045279434,-0.024272397,0.019444565,-0.005515592,-0.016305613,0.040531677,-0.024813581,-0.022502708,-0.00758174,0.009219287,-0.009208296,-0.015611643,-0.078668433,-0.051850157,-0.015439645,-0.004290656,-0.024120318,-0.021245645,2.93797E-05
BR7_main,2.631111111,0.040738933,-0.000257309,0.01873226,-0.014220259,0.015198395,-0.006640963,0.002112122,-0.021051673,-0.008946361,0.038165861,0.000587592,-0.241856261,-0.02464557,-0.023857598,0.01894889,-0.004976277,-0.015531836,0.007171653,-0.023577784,-0.021166237,-0.007008266,0.006079587,-0.009352755,-0.01409067,-0.07491254,-0.044129753,-0.014758791,-0.004015412,-0.027589599,-0.023531454,2.71191E-05
BR7_main,2.750707071,0.039792878,-0.000228087,0.007896641,-0.013589112,0.015315936,-0.006780424,0.002304939,-0.021515851,-0.008760184,0.038345815,0.000584851,-0.230339959,-0.011974741,-0.023073582,0.018712552,-0.004578418,-0.014709526,-0.020801291,-0.022498238,-0.019923597,-0.006510911,0.003411909,-0.009350309,-0.012937988,-0.070839187,-0.037597659,-0.01416621,-0.00378469,-0.027329176,-0.025648463,2.53181E-05
BR7_main,2.87030303,0.038387454,-0.000211953,-0.000177469,-0.013024234,0.009783516,-0.00733845,0.002454286,-0.021809129,-0.008572614,0.037766762,0.00057982,-0.219372592,-0.005047157,-0.021853723,0.018677712,-0.004283386,-0.013870652,-0.04582344,-0.021568551,-0.01880231,-0.006094673,0.001047875,-0.009262401,-0.01204849,-0.066650432,-0.032367821,-0.013644142,-0.003598155,-0.023257931,-0.026246328,2.41327E-05
BR7_main,2.98989899,0.036422594,-0.000203905,-0.005892486,-0.012528797,0.000565319,-0.00784394,0.002518379,-0.021723499,-0.008403874,0.036459623,0.000570713,-0.209533395,-0.001642013,-0.020253588,0.018797509,-0.004072398,-0.013062501,-0.068641813,-0.020809868,-0.017830895,-0.00576861,-0.001150539,-0.009122836,-0.011369325,-0.062589679,-0.028410464,-0.013192021,-0.003457507,-0.01753886,-0.024454581,2.36179E-05
BR7_main,3.109494949,0.033899393,-0.000207883,-0.009812885,-0.012105142,-0.008896039,-0.008186245,0.0024404,-0.021407087,-0.008262752,0.034778562,0.000557685,-0.201085884,-0.000139096,-0.018497185,0.01898803,-0.003932129,-0.012316051,-0.087454018,-0.020223811,-0.017005585,-0.005533647,-0.003301595,-0.008942624,-0.010850473,-0.05879311,-0.0255832,-0.012806164,-0.003360095,-0.012542147,-0.021074716,2.36476E-05
BR7_main,3.229090909,0.030989221,-0.000228448,-0.012526017,-0.011767711,-0.016588183,-0.008481054,0.002227178,-0.021144817,-0.008151077,0.033035462,0.000538942,-0.194103554,0.000429108,-0.016897024,0.019124932,-0.00385303,-0.011652689,-0.098126388,-0.019802016,-0.016318882,-0.005386857,-0.005492196,-0.008752056,-0.010444542,-0.055328941,-0.023701697,-0.012486298,-0.003301822,-0.009219739,-0.01774138,2.40055E-05
BR7_main,3.348686869,0.028015958,-0.000261237,-0.014566317,-0.011538023,-0.02230737,-0.008829683,0.00195848,-0.02113375,-0.008067245,0.031361428,0.000514213,-0.188565146,0.000575165,-0.015661948,0.019048241,-0.00382821,-0.011088756,-0.097311791,-0.019532573,-0.015766167,-0.005324081,-0.007755997,-0.008583613,-0.010117029,-0.052228188,-0.022550902,-0.01222061,-0.003278512,-0.007395312,-0.015372303,2.45101E-05
BR7_main,3.468282828,0.025325122,-0.00029221,-0.016332792,-0.011407747,-0.026607482,-0.009227203,0.001718551,-0.021481967,-0.00800786,0.029777876,0.000488711,-0.184408939,0.000550259,-0.014853168,0.018587841,-0.003852447,-0.010637571,-0.086350938,-0.019402979,-0.015343316,-0.005340921,-0.010030325,-0.008451225,-0.009851892,-0.049502471,-0.021893527,-0.01198144,-0.003284484,-0.006577969,-0.014015162,2.50663E-05
BR7_main,3.587878788,0.023137716,-0.000305925,-0.018053912,-0.011341006,-0.030028917,-0.009604568,0.001542893,-0.022178454,-0.007967053,0.028272073,0.000467805,-0.18153122,0.00047017,-0.014449582,0.017612771,-0.003920577,-0.010308755,-0.070755026,-0.019398001,-0.015044038,-0.005431669,-0.012090763,-0.008353281,-0.009646974,-0.047145652,-0.021503363,-0.011769628,-0.003307593,-0.006361312,-0.013396593,2.56406E-05
BR7_main,3.707474747,0.021503158,-0.000295898,-0.019785259,-0.011291236,-0.032878724,-0.009905243,0.001424471,-0.022986254,-0.007929282,0.026805442,0.000452646,-0.179625705,0.000384468,-0.014389818,0.01607773,-0.004022483,-0.010099708,-0.055967598,-0.01948073,-0.014846489,-0.005582475,-0.013501524,-0.008273831,-0.009498684,-0.045096203,-0.021191961,-0.011618702,-0.003325676,-0.006482323,-0.013240747,2.62E-05
BR7_main,3.827070707,0.02035043,-0.000266814,-0.021441284,-0.011225357,-0.035279536,-0.010112832,0.001343758,-0.023437206,-0.007879491,0.025356713,0.000442126,-0.178404897,0.000312337,-0.014611992,0.014083074,-0.004146025,-0.010008937,-0.044675713,-0.019614624,-0.014731166,-0.005774575,-0.013744265,-0.008197145,-0.009406215,-0.04329944,-0.02085362,-0.011547166,-0.003324469,-0.006787779,-0.01335688,2.672E-05
BR7_main,3.946666667,0.019563079,-0.000229327,-0.022833452,-0.011127269,-0.037288136,-0.010248369,0.001284867,-0.023046009,-0.007807919,0.023929358,0.000434919,-0.177672533,0.000259345,-0.015070281,0.011853526,-0.004277922,-0.010039589,-0.037084015,-0.019771514,-0.014685718,-0.005984147,-0.012556369,-0.008112514,-0.009369067,-0.041723178,-0.020452803,-0.011545791,-0.003313025,-0.007191038,-0.01362669,2.71875E-05
BR7_main,4.066262626,0.019028744,-0.000193951,-0.023724407,-0.010992415,-0.038954398,-0.010385286,0.001238467,-0.021654903,-0.007710146,0.022541221,0.000429984,-0.177291355,0.000225111,-0.015733789,0.009644315,-0.004403207,-0.010193367,-0.03229738,-0.019928786,-0.014700449,-0.006179801,-0.010191581,-0.008013185,-0.009387014,-0.040345767,-0.019985961,-0.01161089,-0.003309696,-0.007641175,-0.013975931,2.75946E-05
BR7_main,4.185858586,0.018658675,-0.000164752,-0.023894252,-0.010823834,-0.040317395,-0.010615406,0.001200072,-0.01953891,-0.007586861,0.021217355,0.000426534,-0.177165421,0.000206937,-0.016576944,0.007648022,-0.004506519,-0.010457722,-0.029248363,-0.020068107,-0.014764944,-0.006321311,-0.007264203,-0.00789571,-0.009470169,-0.039149239,-0.019457384,-0.011739452,-0.003318533,-0.008105434,-0.014355522,2.79367E-05
BR7_main,4.305454545,0.018389347,-0.000139942,-0.023207123,-0.010629384,-0.041398218,-0.010913774,0.001167841,-0.017221732,-0.007442664,0.019984866,0.000423943,-0.177228345,0.000201495,-0.017572712,0.005958911,-0.004576044,-0.010788919,-0.027050574,-0.020174742,-0.014865688,-0.006369981,-0.004355615,-0.007759558,-0.009636443,-0.03811518,-0.018871841,-0.011905488,-0.003327349,-0.008559613,-0.014730742,2.82114E-05
BR7_main,4.425050505,0.01817722,-0.000117332,-0.021664525,-0.010419696,-0.042204158,-0.011148656,0.00114109,-0.01513776,-0.007284112,0.018869279,0.000421681,-0.177434961,0.000205551,-0.018688998,0.004590905,-0.004607761,-0.011108013,-0.025078043,-0.020237183,-0.014984846,-0.006316404,-0.001795513,-0.007606967,-0.009894131,-0.03722251,-0.018235251,-0.012070917,-0.003324888,-0.008982911,-0.015075439,2.8418E-05
BR7_main,4.544646465,0.017992836,-9.61504E-05,-0.019422353,-0.010206477,-0.042735568,-0.011243176,0.001119548,-0.0134604,-0.007117685,0.017891802,0.000419274,-0.177753621,0.000216235,-0.019889928,0.003512665,-0.004604893,-0.011331449,-0.022953879,-0.020246749,-0.015100524,-0.006189068,0.000316434,-0.00744302,-0.010235366,-0.036446322,-0.017555442,-0.012195197,-0.00331318,-0.009355246,-0.015368948,2.85574E-05
BR7_main,4.664242424,0.01781591,-7.60421E-05,-0.016753077,-0.010001005,-0.042990963,-0.011214191,0.001103126,-0.01217592,-0.006948353,0.01706709,0.000416269,-0.178159,0.000231125,-0.021139325,0.002675697,-0.004577197,-0.011425008,-0.020512811,-0.020197102,-0.015188799,-0.006025691,0.002007354,-0.0072761,-0.010640543,-0.035757582,-0.016841337,-0.012261934,-0.003301137,-0.009656134,-0.01559446,2.86306E-05
BR7_main,4.783838384,0.017631791,-5.70817E-05,-0.013964081,-0.009812658,-0.042969402,-0.01112849,0.001091962,-0.011203701,-0.006778953,0.016400993,0.000412223,-0.178623212,0.000248241,-0.022388961,0.002030314,-0.004539057,-0.011419918,-0.017750544,-0.020083483,-0.015226484,-0.005851236,0.00335043,-0.007118781,-0.011081597,-0.035123046,-0.016101539,-0.012289676,-0.003296564,-0.009864591,-0.01573803,2.86376E-05
BR7_main,4.903434343,0.01742908,-4.09177E-05,-0.011315796,-0.009648053,-0.042673991,-0.011035458,0.001086634,-0.01046141,-0.006610609,0.015889599,0.000406721,-0.179118107,0.000265978,-0.023554658,0.001532676,-0.004501156,-0.011368516,-0.014757041,-0.0199031,-0.015194119,-0.005679274,0.004423621,-0.006989146,-0.011522808,-0.03450774,-0.015344275,-0.012305387,-0.003304225,-0.00996071,-0.015788965,2.85779E-05
BR7_main,5.023030303,0.017197925,-2.91418E-05,-0.008976697,-0.009510138,-0.042114173,-0.010931031,0.001088247,-0.009884503,-0.006443416,0.015518264,0.000399424,-0.179617622,0.000282962,-0.02451071,0.001146677,-0.004467835,-0.011301048,-0.011638883,-0.01965535,-0.015077747,-0.005517271,0.005294222,-0.006909856,-0.011920502,-0.0338775,-0.014577502,-0.012314299,-0.003322398,-0.009928277,-0.015740374,2.84515E-05
BR7_main,5.142626263,0.016929235,-1.84232E-05,-0.00702151,-0.009397118,-0.041306393,-0.010802968,0.001098168,-0.009426773,-0.006277004,0.015260464,0.000390112,-0.18009739,0.000297907,-0.025124,0.000843518,-0.004440512,-0.011221094,-0.008486966,-0.019341521,-0.014869659,-0.005368255,0.006015522,-0.006900569,-0.012223589,-0.033200915,-0.013808833,-0.012290358,-0.003342261,-0.009758094,-0.01558947,2.82593E-05
BR7_main,5.262222222,0.016614065,-3.99553E-06,-0.005454918,-0.009301477,-0.0402738,-0.010653607,0.001117502,-0.009056062,-0.006110929,0.015076952,0.000378714,-0.180533597,0.00030957,-0.025300795,0.000600586,-0.004409971,-0.011118173,-0.005391999,-0.0189643,-0.014568379,-0.005231288,0.006627989,-0.006963517,-0.012377127,-0.032451017,-0.013045378,-0.012199202,-0.003356376,-0.009451472,-0.015337622,2.80034E-05
BR7_main,5.381818182,0.016242971,1.31888E-05,-0.004240566,-0.009209451,-0.039045404,-0.010481459,0.001146547,-0.008749985,-0.005944929,0.014915844,0.000365328,-0.180902256,0.000316858,-0.025042309,0.00040058,-0.004349187,-0.010978631,-0.002428091,-0.018527272,-0.014178075,-0.005102389,0.007161672,-0.00707332,-0.012330719,-0.031606779,-0.01229357,-0.012017837,-0.003365543,-0.009022516,-0.014990212,2.76877E-05
BR7_main,5.501414141,0.015805935,2.98422E-05,-0.003324272,-0.009101359,-0.037654823,-0.010277679,0.001183741,-0.008492768,-0.005779032,0.014714825,0.000350214,-0.181178991,0.000319021,-0.024429472,0.000231724,-0.004238384,-0.010790951,0.000333518,-0.018034496,-0.013707687,-0.004975844,0.007638566,-0.00717964,-0.012051645,-0.030654303,-0.011558997,-0.011734658,-0.003363826,-0.008497457,-0.014556236,2.7318E-05
BR7_main,5.621010101,0.015292475,4.43715E-05,-0.0026487,-0.008953275,-0.036138748,-0.010036594,0.001223123,-0.008273146,-0.005613578,0.014407059,0.000333766,-0.181339293,0.000315854,-0.023541813,8.96742E-05,-0.004082596,-0.010546959,0.002731455,-0.017490177,-0.013169704,-0.004845531,0.008074587,-0.007217251,-0.01153847,-0.029587551,-0.010846258,-0.011350611,-0.003326378,-0.007910431,-0.014047669,2.6901E-05
BR7_main,5.740606061,0.014692101,5.64764E-05,-0.002160872,-0.008740365,-0.034534963,-0.009761848,0.001251642,-0.008082952,-0.005449126,0.013931713,0.000316465,-0.181357574,0.000307809,-0.022441058,-2.17568E-05,-0.003896957,-0.010241221,0.004466451,-0.016898293,-0.012578278,-0.004706058,0.008481016,-0.007118118,-0.010825909,-0.028408229,-0.010158802,-0.010878408,-0.003235507,-0.007297127,-0.013478503,2.64429E-05
BR7_main,5.86020202,0.013995322,6.708E-05,-0.001815019,-0.008442154,-0.03288153,-0.009468533,0.001252062,-0.007916516,-0.005286517,0.013248857,0.000298838,-0.181212422,0.000295978,-0.021189088,-9.90054E-05,-0.00368863,-0.009871187,0.00519657,-0.016262863,-0.011947898,-0.004553819,0.008865843,-0.00684155,-0.009974992,-0.027126027,-0.009499202,-0.010337114,-0.003105988,-0.006689256,-0.012864113,2.59473E-05
BR7_main,5.97979798,0.01319541,7.75226E-05,-0.001572782,-0.008048096,-0.031215817,-0.009180401,0.001213614,-0.007770278,-0.005126926,0.012354426,0.000281417,-0.180891666,0.000281882,-0.019851942,-0.00015088,-0.003453838,-0.009438653,0.004811318,-0.015588161,-0.011292923,-0.004387625,0.009234861,-0.006417189,-0.009055288,-0.025758034,-0.008869456,-0.009747243,-0.002967277,-0.00611137,-0.012220453,2.54135E-05
BR7_main,6.099393939,0.012291168,8.80137E-05,-0.001402394,-0.007560946,-0.029572857,-0.008917378,0.001140733,-0.007642298,-0.004971881,0.011287712,0.00026469,-0.180392748,0.000267105,-0.018492917,-0.000192721,-0.003192727,-0.008951441,0.003672632,-0.014878522,-0.010627567,-0.004208535,0.0095923,-0.005932726,-0.00813296,-0.024326838,-0.00827106,-0.0091271,-0.002835725,-0.005580034,-0.011562882,2.48359E-05
BR7_main,6.218989899,0.011290701,9.81234E-05,-0.001278113,-0.006996353,-0.027982452,-0.008675049,0.001050257,-0.007531582,-0.004823165,0.010122856,0.000249056,-0.179713086,0.000252966,-0.017163931,-0.000231315,-0.002920985,-0.008422777,0.002368181,-0.014137461,-0.009965386,-0.004018715,0.0099407,-0.005457552,-0.0072643,-0.0228571,-0.007704735,-0.008490986,-0.002709998,-0.00510443,-0.010904504,2.42063E-05
BR7_main,6.338585859,0.010214211,0.000107991,-0.001180507,-0.006380255,-0.026467007,-0.008419546,0.00096019,-0.007437279,-0.004682958,0.008945116,0.000234794,-0.178838359,0.000240353,-0.01590121,-0.000261614,-0.002658284,-0.007868152,0.001258464,-0.013367121,-0.009318359,-0.003819702,0.010280513,-0.005018642,-0.006487537,-0.021372409,-0.007170361,-0.007851598,-0.002582562,-0.00468777,-0.010254791,2.35186E-05
BR7_main,6.458181818,0.009093723,0.000118034,-0.001097276,-0.005747987,-0.025042174,-0.00812996,0.000881112,-0.007358447,-0.004554094,0.007826204,0.000222072,-0.177744076,0.00022975,-0.014726311,-0.00027592,-0.002417029,-0.007302704,0.000401928,-0.012569047,-0.008694513,-0.003610519,0.01061025,-0.00462495,-0.005818655,-0.019894418,-0.006667529,-0.007224582,-0.002447728,-0.004329143,-0.009619304,2.27729E-05
BR7_main,6.577777778,0.007968836,0.000128202,-0.001023095,-0.005143228,-0.023718105,-0.007829636,0.00081567,-0.007294015,-0.004439154,0.006811757,0.000210968,-0.176401145,0.000221356,-0.013649326,-0.000275909,-0.002203398,-0.006740124,-0.000288616,-0.011745523,-0.00809123,-0.003385488,0.010926789,-0.004272844,-0.005256046,-0.018442664,-0.006196036,-0.006628617,-0.002302325,-0.004025131,-0.008999738,2.1971E-05
BR7_main,6.697373737,0.006879498,0.000137958,-0.000957643,-0.004605317,-0.022500574,-0.007536951,0.000762287,-0.007242786,-0.004339049,0.005922368,0.000201489,-0.174780618,0.000215208,-0.012672358,-0.000268761,-0.002019947,-0.006191907,-0.000934172,-0.010901073,-0.007488916,-0.003133435,0.011225686,-0.003942419,-0.004788431,-0.017034511,-0.005756116,-0.006080546,-0.002145948,-0.003770967,-0.008394031,2.11083E-05
BR7_main,6.816969697,0.005859283,0.000146495,-0.000902968,-0.004153364,-0.021391821,-0.007246122,0.000718307,-0.007203449,-0.004253447,0.005161566,0.000193589,-0.172856767,0.000211279,-0.011792589,-0.000253337,-0.001866392,-0.005665589,-0.001650288,-0.010044016,-0.006858987,-0.002843381,0.011501467,-0.003606514,-0.004400611,-0.01568515,-0.005348449,-0.005591243,-0.001983787,-0.003561307,-0.007796691,2.01648E-05
BR7_main,6.936565657,0.004931457,0.00015334,-0.000861622,-0.003786621,-0.020391136,-0.006973098,0.000681403,-0.007174586,-0.004181093,0.00452463,0.000187193,-0.170608225,0.000209538,-0.011004657,-0.000222932,-0.001740246,-0.005164712,-0.002524349,-0.009187778,-0.006182092,-0.002514936,0.011747864,-0.003259509,-0.004076621,-0.014407656,-0.00497402,-0.005164939,-0.001825138,-0.003390691,-0.00719978,1.91004E-05
BR7_main,7.056161616,0.004107905,0.000158632,-0.000835694,-0.003494339,-0.019495378,-0.006747123,0.000649916,-0.007154734,-0.004118274,0.004005409,0.0001822,-0.168018539,0.000210004,-0.010302374,-0.000178909,-0.001637792,-0.004694461,-0.003567093,-0.00835145,-0.005458827,-0.002160921,0.011958082,-0.002926544,-0.003801774,-0.013213204,-0.00463395,-0.004800515,-0.001676545,-0.003253806,-0.006595522,1.78533E-05
BR7_main,7.175757576,0.003391045,0.000162509,-0.00082655,-0.003263269,-0.018699341,-0.006570622,0.000622786,-0.007142443,-0.004058685,0.003600212,0.000178493,-0.165075657,0.000212781,-0.009679849,-0.000130209,-0.001555004,-0.004265528,-0.004631202,-0.00755894,-0.004720065,-0.0018099,0.012125042,-0.002637812,-0.003564322,-0.012111361,-0.004329337,-0.004493111,-0.001539978,-0.003145605,-0.005981755,1.63504E-05
BR7_main,7.295353535,0.002776582,0.000165048,-0.000835008,-0.003081086,-0.017996486,-0.006422595,0.0005994,-0.007136529,-0.003997164,0.003308582,0.000175948,-0.16177519,0.000218118,-0.009132378,-8.44503E-05,-0.001488143,-0.003890109,-0.005370465,-0.006836726,-0.004048134,-0.001515289,0.012241972,-0.002408316,-0.003356422,-0.011111039,-0.004061236,-0.004235785,-0.001415556,-0.003061435,-0.005370969,1.45461E-05
BR7_main,7.414949495,0.002255882,0.000166907,-0.000861599,-0.002937391,-0.017379369,-0.006281762,0.0005794,-0.007136194,-0.003933854,0.00313101,0.000174427,-0.158122034,0.000226506,-0.008656668,-4.45325E-05,-0.001434006,-0.003578844,-0.005440721,-0.006210352,-0.003567457,-0.001340251,0.012302919,-0.002238746,-0.003173937,-0.01022253,-0.003830458,-0.004020934,-0.001303455,-0.002997045,-0.004799196,1.25034E-05
BR7_main,7.534545455,0.001818423,0.000169629,-0.000906515,-0.002823778,-0.01684016,-0.006141016,0.00056252,-0.007141111,-0.003869665,0.003064874,0.000173786,-0.154133385,0.000238844,-0.008250683,-9.42383E-06,-0.001389966,-0.003336424,-0.004824492,-0.005700652,-0.0033485,-0.001308856,0.012303349,-0.002122166,-0.003015467,-0.009461895,-0.003637026,-0.003841411,-0.001204542,-0.002948608,-0.00432361,1.04859E-05
BR7_main,7.654141414,0.001453317,0.000174981,-0.000968801,-0.002733621,-0.016371343,-0.006008173,0.00054851,-0.00715143,-0.00380157,0.00310118,0.000173872,-0.149843429,0.000256754,-0.007913509,2.35503E-05,-0.001353944,-0.003152573,-0.003833463,-0.005320208,-0.003343401,-0.001378606,0.012240852,-0.002048636,-0.00288133,-0.008854243,-0.003478951,-0.003691241,-0.001121129,-0.002912774,-0.00399849,8.92702E-06
BR7_main,7.773737374,0.001150179,0.000183873,-0.001044647,-0.002661696,-0.015965608,-0.005894223,0.000537192,-0.007167005,-0.003727969,0.003224321,0.000174527,-0.145301058,0.000283108,-0.007644839,5.71864E-05,-0.001324297,-0.003005039,-0.002826262,-0.005070254,-0.003449436,-0.00147505,0.012115187,-0.002008368,-0.002772555,-0.008425357,-0.003349889,-0.003565864,-0.001057403,-0.002886589,-0.00384146,8.19681E-06
BR7_main,7.893333333,0.000899564,0.000195854,-0.001126579,-0.002603848,-0.015615817,-0.00579958,0.000528679,-0.007185963,-0.003652211,0.003414551,0.00017559,-0.140568243,0.000322806,-0.007444041,9.40172E-05,-0.001299711,-0.002878492,-0.001999632,-0.004939606,-0.003582155,-0.001544438,0.011928212,-0.001991629,-0.002690164,-0.008188856,-0.003236827,-0.003462274,-0.001017265,-0.00286743,-0.003822251,8.36304E-06
BR7_main,8.012929293,0.000693135,0.000209076,-0.001207031,-0.002556808,-0.015315478,-0.005711645,0.00052359,-0.007202903,-0.003578873,0.003650344,0.000176909,-0.135724299,0.000383479,-0.007308682,0.000136167,-0.001279159,-0.002776843,-0.001393311,-0.004907063,-0.003695421,-0.001569733,0.011684045,-0.001990372,-0.002634995,-0.008152422,-0.003121052,-0.003379163,-0.001001968,-0.002853041,-0.003885543,9.17708E-06
BR7_main,8.132525253,0.000523488,0.000220453,-0.00128409,-0.002518001,-0.015058803,-0.005616326,0.000523082,-0.007207344,-0.003509453,0.003908746,0.000178356,-0.130869114,0.000474418,-0.007233367,0.000185111,-0.001261839,-0.00271194,-0.000973709,-0.004946578,-0.00377203,-0.001557397,0.011388799,-0.002001937,-0.002607982,-0.008331852,-0.002985411,-0.003316862,-0.001012091,-0.002841524,-0.003985991,1.02615E-05
BR7_main,8.252121212,0.00038445,0.000226857,-0.001360736,-0.00248534,-0.014840463,-0.005510101,0.000528707,-0.007184303,-0.003444019,0.004164592,0.000179824,-0.126127406,0.000599427,-0.007210276,0.000241486,-0.001247086,-0.002690903,-0.000691903,-0.005032849,-0.003811156,-0.00152214,0.011049976,-0.002027095,-0.002610393,-0.008751494,-0.002824711,-0.00327709,-0.001049797,-0.002831277,-0.004111617,1.1357E-05
BR7_main,8.371717172,0.000271017,0.000227922,-0.001438576,-0.002457161,-0.014655926,-0.005398371,0.000542389,-0.007120031,-0.003385133,0.004390814,0.000181231,-0.121664288,0.000740255,-0.007230604,0.000304996,-0.001234364,-0.002714253,-0.000507172,-0.005145327,-0.003821076,-0.001477338,0.010676314,-0.002064454,-0.00264364,-0.009434408,-0.002649763,-0.003262707,-0.00111716,-0.002821044,-0.004279293,1.24301E-05
BR7_main,8.491313131,0.00017884,0.000228571,-0.001514619,-0.002432123,-0.014501487,-0.005285417,0.000566585,-0.007014842,-0.003336747,0.004560841,0.000182514,-0.117702361,0.000846731,-0.007285021,0.000374349,-0.001223224,-0.002778141,-0.000391652,-0.005269791,-0.003810767,-0.0014314,0.010277449,-0.002109113,-0.002708648,-0.010386568,-0.002480833,-0.003277185,-0.001211127,-0.002809912,-0.00449851,1.35888E-05
BR7_main,8.610909091,0.000104276,0.000235976,-0.001582237,-0.002409134,-0.014374171,-0.005169318,0.00060445,-0.006900111,-0.003300791,0.004652789,0.000183634,-0.11453021,0.000871439,-0.007364,0.000447451,-0.001213278,-0.00287556,-0.000326521,-0.005398142,-0.003785176,-0.001389099,0.009863631,-0.002155651,-0.002805134,-0.011570821,-0.002335684,-0.003323848,-0.001316936,-0.002797273,-0.004744328,1.49912E-05
BR7_main,8.730505051,4.42891E-05,0.000253155,-0.001633118,-0.002387308,-0.01427176,-0.005043285,0.000659755,-0.006832049,-0.003275807,0.00465385,0.000184596,-0.112478272,0.00082303,-0.007458732,0.000522437,-0.001204182,-0.002996039,-0.00029321,-0.00552722,-0.00375454,-0.001353528,0.009445725,-0.002200812,-0.002930914,-0.012873691,-0.002218403,-0.003405009,-0.001407341,-0.00278275,-0.004970638,1.66442E-05
BR7_main,8.85010101,0.000001,0.000277498,-0.001659033,-0.002365953,-0.01419283,-0.004899124,0.000735972,-0.006835593,-0.003257677,0.004562858,0.000185451,-0.111876563,0.000751894,-0.007561565,0.000599775,-0.001195633,-0.003125625,-0.000266679,-0.005657101,-0.00374637,-0.001326837,0.009035465,-0.002243957,-0.003081138,-0.01408596,-0.002113645,-0.003521052,-0.00145685,-0.002766051,-0.005135978,1.8279E-05
BR7_main,8.96969697,0.000001,0.000304496,-0.001653622,-0.00234454,-0.014136578,-0.00473073,0.000832646,-0.00687391,-0.003241536,0.004389856,0.000186289,-0.11310736,0.000698024,-0.007666579,0.000684073,-0.001187361,-0.003248387,-0.000225791,-0.005789199,-0.003788813,-0.001310598,0.008645869,-0.002286148,-0.003247493,-0.014926379,-0.001991854,-0.003669348,-0.001459206,-0.002746743,-0.005214957,1.95629E-05
BR7_main,9.089292929,0.000001,0.000331525,-0.001614022,-0.002322686,-0.014102645,-0.004537592,0.000938847,-0.006896873,-0.003224428,0.004153213,0.000187215,-0.116682463,0.000674575,-0.007773208,0.000782819,-0.00117912,-0.003349439,-0.000171242,-0.005924586,-0.003877503,-0.001306224,0.008292038,-0.002328826,-0.003417691,-0.015152324,-0.001833201,-0.003843006,-0.001424719,-0.002724084,-0.005198891,2.03498E-05
BR7_main,9.208888889,0.000001,0.000358279,-0.001541494,-0.002300153,-0.014090985,-0.004327024,0.001032139,-0.006875116,-0.00320727,0.003875493,0.00018833,-0.122923886,0.000679025,-0.007888249,0.000901872,-0.001170693,-0.003418354,-0.000118317,-0.006062853,-0.003981219,-0.001315238,0.00799253,-0.002372684,-0.003575782,-0.014704032,-0.001650704,-0.004029587,-0.001366653,-0.002697155,-0.005093246,2.0688E-05
BR7_main,9.328484848,0.000001,0.000385153,-0.001440625,-0.002276849,-0.014101657,-0.004111247,0.001086694,-0.006804636,-0.003194186,0.003579215,0.000189724,-0.131251392,0.000704563,-0.008016214,0.001042588,-0.001161891,-0.003451538,-7.63767E-05,-0.006201554,-0.004070308,-0.001339148,0.007771366,-0.002417125,-0.003703738,-0.013784215,-0.001473818,-0.004210342,-0.001297054,-0.002665385,-0.004913709,2.06946E-05
BR7_main,9.448080808,0.000001,0.000412474,-0.001317733,-0.002252839,-0.014134617,-0.0039029,0.001075821,-0.006712082,-0.003189703,0.00328348,0.000191473,-0.139578289,0.000745017,-0.008143764,0.001203632,-0.001152562,-0.003452853,-4.29149E-05,-0.006336155,-0.004126373,-0.001378833,0.007660872,-0.002460342,-0.003784521,-0.012763442,-0.001321501,-0.004361595,-0.001228055,-0.002629212,-0.004682716,2.04588E-05
BR7_main,9.567676768,0.000001,0.000440525,-0.001179438,-0.002228362,-0.014189489,-0.003715021,0.000968556,-0.006645181,-0.003196359,0.003002098,0.000193634,-0.144733082,0.000795874,-0.00824086,0.001384206,-0.001142588,-0.003432749,-6.55401E-06,-0.006460318,-0.004143239,-0.001433339,0.007705238,-0.002499743,-0.003806072,-0.011931141,-0.001199333,-0.004459968,-0.001169088,-0.002590377,-0.004427503,2.00215E-05
BR7_main,9.687272727,0.000001,0.000468583,-0.001031831,-0.002203882,-0.014265317,-0.003559963,0.000731585,-0.006649642,-0.003214122,0.002743328,0.000196254,-0.144696563,0.000853972,-0.008288087,0.001585503,-0.0011319,-0.003406174,4.26563E-05,-0.006566314,-0.004123947,-0.00149814,0.007963841,-0.002532413,-0.003764746,-0.011377561,-0.001106757,-0.004489899,-0.001122809,-0.002551622,-0.004179807,1.93906E-05
BR7_main,9.806868687,0.000001,0.000494146,-0.000880156,-0.002180129,-0.014360277,-0.003447699,0.000343431,-0.006741163,-0.003241057,0.002510818,0.000199366,-0.140511952,0.000916954,-0.008311916,0.001808765,-0.001120472,-0.003388456,0.000100882,-0.006645402,-0.004074663,-0.001563485,0.008510962,-0.002555436,-0.003666367,-0.011075124,-0.001042166,-0.00444841,-0.001086428,-0.002516192,-0.003977397,1.85647E-05
BR7_main,9.926464646,0.000001,0.000514624,-0.000728788,-0.002158173,-0.014471306,-0.00339142,-0.00015775,-0.0068865,-0.003274384,0.002305105,0.000203001,-0.135399022,0.000982822,-0.008398893,0.002047906,-0.001108328,-0.003388861,0.000159085,-0.006688113,-0.004001538,-0.00161445,0.009423334,-0.002565986,-0.003524066,-0.011010252,-0.001005264,-0.004344791,-0.001055967,-0.002487702,-0.003867699,1.75592E-05
BR7_main,10.04606061,0.000001,0.000529521,-0.000581314,-0.002139479,-0.014593722,-0.003420894,-0.000613497,-0.007021389,-0.003311039,0.002125102,0.000207191,-0.132683193,0.001049621,-0.008674157,0.002285203,-0.001095539,-0.00340489,0.000214448,-0.006684443,-0.003910204,-0.001634853,0.010739137,-0.002561195,-0.003354107,-0.011271801,-0.000998167,-0.004196963,-0.001028715,-0.002470641,-0.003912751,1.64271E-05
BR7_main,10.16565657,0.000001,0.000540609,-0.000440576,-0.002125893,-0.01472078,-0.003590144,-0.000793925,-0.007080932,-0.003346927,0.00196918,0.000211982,-0.134780687,0.001115232,-0.009261676,0.002505145,-0.001082215,-0.003422026,0.000270091,-0.006623994,-0.003805801,-0.001614609,0.012370844,-0.00253778,-0.00317178,-0.012024443,-0.001026115,-0.004025852,-0.00100299,-0.002471408,-0.004190802,1.52648E-05
BR7_main,10.28525253,0.000001,0.000550067,-0.000308539,-0.002119439,-0.01484334,-0.003964036,-0.000596421,-0.007002783,-0.003377469,0.001835852,0.000217448,-0.142659426,0.001177238,-0.010241849,0.002698342,-0.001068507,-0.003419167,0.000331964,-0.006496203,-0.003692899,-0.001555317,0.013994546,-0.002491545,-0.002988736,-0.013451831,-0.001097987,-0.003849342,-0.00097612,-0.002499608,-0.004779197,1.42013E-05
BR7_main,10.40484848,0.000001,0.000562106,-0.000185954,-0.002121674,-0.014949754,-0.004586003,-0.000164283,-0.006778604,-0.003403749,0.001724256,0.000223712,-0.155295182,0.001232861,-0.01156942,0.002835527,-0.001054598,-0.003375133,0.000407998,-0.006290855,-0.003575296,-0.001469122,0.015058697,-0.002416963,-0.002811803,-0.015646286,-0.00122541,-0.003678439,-0.000944928,-0.002568481,-0.00568264,1.33761E-05
BR7_main,10.52444444,0.000001,0.000587388,-7.21335E-05,-0.002132278,-0.015026176,-0.00543571,0.000240921,-0.006559242,-0.003433299,0.001634603,0.000230965,-0.168742995,0.001278971,-0.012864892,0.002858367,-0.00104071,-0.00327284,0.000509514,-0.005999155,-0.003455807,-0.00137121,0.015097123,-0.002307224,-0.002642753,-0.018389239,-0.001415851,-0.003516731,-0.00091101,-0.002690575,-0.006677066,1.291E-05
BR7_main,10.6440404,0.000001,0.000639626,3.43506E-05,-0.002146777,-0.0150575,-0.006355606,0.000435937,-0.006559326,-0.003469177,0.001568358,0.000239499,-0.17565418,0.001312171,-0.013197977,0.002699165,-0.00102711,-0.003101322,0.000653768,-0.005615761,-0.003336106,-0.001272152,0.014130368,-0.002155225,-0.00247871,-0.020909389,-0.001651598,-0.003362114,-0.000880625,-0.002860106,-0.007216422,1.28716E-05
BR7_main,10.76363636,0.000001,0.000723371,0.000134138,-0.002154435,-0.015028929,-0.006977676,0.000361102,-0.006851939,-0.003504404,0.001527874,0.000249729,-0.169290425,0.001328957,-0.011616046,0.002328551,-0.00101412,-0.002857177,0.000864651,-0.005142215,-0.003216628,-0.001175787,0.012663762,-0.001956139,-0.002313895,-0.021859846,-0.001864974,-0.003209297,-0.000859119,-0.003020912,-0.006794857,1.32434E-05
BR7_main,10.88323232,0.000001,0.000823169,0.000226986,-0.002139172,-0.014928107,-0.006855019,3.75293E-05,-0.007375987,-0.003524956,0.001517337,0.000262205,-0.150166732,0.001325929,-0.008426744,0.001824832,-0.001002142,-0.002546534,0.001164389,-0.004592013,-0.003096539,-0.001081391,0.011369004,-0.001712611,-0.002145287,-0.019892566,-0.001968418,-0.003052326,-0.000850347,-0.00307017,-0.005529831,1.38966E-05
BR7_main,11.00282828,0.000001,0.000907603,0.000312732,-0.00208603,-0.014747337,-0.005859754,-0.000435771,-0.008118247,-0.003514816,0.001550335,0.000277592,-0.125632133,0.001299987,-0.005040165,0.001402864,-0.00099169,-0.002187427,0.001550753,-0.003996726,-0.002973727,-0.00098664,0.010811383,-0.001443825,-0.00198606,-0.01473786,-0.001932675,-0.00288672,-0.000858533,-0.002961555,-0.004014587,1.45994E-05
BR7_main,11.12242424,0.000001,0.000947072,0.000390611,-0.001989292,-0.014485297,-0.00438932,-0.000842162,-0.009098749,-0.003464911,0.00165983,0.000296556,-0.104080353,0.001248415,-0.002538943,0.001352743,-0.000983405,-0.001811427,0.001977827,-0.003410705,-0.002844735,-0.000889727,0.01135282,-0.001197173,-0.001884505,-0.007720259,-0.001791972,-0.002710689,-0.000888076,-0.002775173,-0.00272756,1.51076E-05
BR7_main,11.2420202,0.000001,0.00092285,0.00045916,-0.001853104,-0.014147949,-0.002979356,-0.000894274,-0.009949123,-0.003389971,0.0018863,0.000319497,-0.090693599,0.001168907,-0.001292364,0.001843217,-0.000978027,-0.00146241,0.002390951,-0.002908925,-0.002704683,-0.000790566,0.013119212,-0.001051725,-0.001918362,-0.001112952,-0.00161194,-0.002525017,-0.000942655,-0.002623741,-0.001842876,1.5404E-05
BR7_main,11.36161616,0.000001,0.000831324,0.000517075,-0.001683521,-0.013748571,-0.001903074,-0.000466493,-0.009628423,-0.003343084,0.002243676,0.000346042,-0.086352878,0.001059865,-0.001340936,0.002749558,-0.000976184,-0.001190197,0.002813337,-0.002570812,-0.002547486,-0.00069137,0.01583326,-0.001091257,-0.002124991,0.002842877,-0.001465083,-0.002332001,-0.001025189,-0.00257077,-0.001358406,1.60485E-05
BR7_main,11.48121212,0.000001,0.000686901,0.00056288,-0.001482609,-0.013306989,-0.001205289,0.000274384,-0.007009189,-0.003397696,0.002702031,0.000374303,-0.08962309,0.000922026,-0.00260026,0.003809608,-0.000977785,-0.00103843,0.00333282,-0.002449207,-0.002367817,-0.000596704,0.018646375,-0.00134605,-0.002444241,0.002644448,-0.001392913,-0.002134706,-0.001135508,-0.002641183,-0.001213533,1.82271E-05
BR7_main,11.60080808,0.000001,0.000519734,0.000593777,-0.00125629,-0.012847721,-0.000842914,0.001061292,-0.001986576,-0.00358111,0.003192815,0.000400211,-0.099220637,0.000763594,-0.00481966,0.004823125,-0.00098072,-0.001030108,0.003963213,-0.002540018,-0.002167855,-0.000512929,0.020600429,-0.001759817,-0.002770312,-0.001801569,-0.001391251,-0.001937019,-0.00126009,-0.002831131,-0.001317041,2.28844E-05
BR7_main,11.72040404,0.000001,0.000374221,0.000605413,-0.001039131,-0.012396448,-0.000691932,0.001683323,0.003744459,-0.003799545,0.0036078,0.000417736,-0.113671221,0.000609472,-0.00753295,0.005613916,-0.000979394,-0.001158167,0.004550482,-0.002777634,-0.00196892,-0.000446894,0.021541622,-0.002219861,-0.003018275,-0.008406168,-0.001414429,-0.001743778,-0.001359275,-0.003059411,-0.00152562,2.94817E-05
BR7_main,11.84,0.000001,0.000298378,0.000593713,-0.000903554,-0.011974804,-0.0005144,0.00199223,0.007287642,-0.003879608,0.003815703,0.00042092,-0.129260952,0.000501103,-0.010150992,0.00598401,-0.000965879,-0.001387634,0.004818227,-0.003066418,-0.001810865,-0.000404053,0.02166196,-0.002613463,-0.003139127,-0.01322163,-0.001392203,-0.001560259,-0.00137495,-0.003131017,-0.001653411,3.61472E-05
BR8_main,0,0.020619054,0.0261264,0.55904639,-0.074351801,-0.006490457,-0.255585364,-0.043682707,0.002625477,-0.054424194,0.271481115,0.0078412,-1.18777095,-0.964436282,-1.534957319,0.060642265,-0.018842053,-0.100275998,1.572998949,-0.144258397,-0.068698192,-0.042876857,0.70265353,-0.047112395,-0.159484513,-0.225839457,-0.868403515,-0.072382383,-0.017656734,0.265024132,-0.068182351,0.000197981
BR8_main,0.11959596,0.027134474,-0.004679944,0.470191992,-0.061417814,-0.010452889,-0.150430117,-0.01578268,0.015560624,-0.046464302,0.168857468,0.003035174,-1.061012389,-0.914890313,-1.664826058,0.064785445,-0.017318977,-0.087739102,1.527260748,-0.134103914,-0.06045655,-0.038942967,0.621954548,-0.043844337,-0.13386653,-0.193890077,-0.505995452,-0.068305885,-0.016823821,0.217497004,-0.064344776,0.000170062
BR8_main,0.239191919,0.032218402,-0.01935967,0.333658892,-0.049115125,-0.016439517,-0.038689645,0.015898126,0.027767325,-0.039979625,0.079669299,-0.000453441,-0.933538356,-0.718337859,-1.046608359,0.068369101,-0.015273547,-0.072975328,1.381724023,-0.118276568,-0.052565155,-0.033934756,0.545936207,-0.040568018,-0.099995611,-0.135677039,-0.163937385,-0.061709525,-0.015817351,0.126375959,-0.057884515,0.000142735
BR8_main,0.358787879,0.036010757,-0.014482219,0.218474163,-0.038592796,-0.023358972,0.038636714,0.034227124,0.033987811,-0.034807524,0.04993178,-0.002038798,-0.813737445,-0.525886032,0.039821992,0.070662899,-0.013125991,-0.058190906,1.221189922,-0.101213008,-0.045844995,-0.028814849,0.480659465,-0.037261936,-0.074257571,-0.083236798,-0.064878964,-0.054337608,-0.014722975,0.010378621,-0.050567771,0.000117743
BR8_main,0.478383838,0.038553593,-0.00146133,0.147439147,-0.030399813,-0.030230486,0.074414989,0.036339345,0.036846244,-0.030634695,0.056947511,-0.002467884,-0.706910788,-0.424710157,0.986059347,0.071486076,-0.011192096,-0.045169284,1.056069584,-0.085645591,-0.040763663,-0.024235595,0.424789676,-0.033585902,-0.059405639,-0.049735834,-0.122300564,-0.047464836,-0.013610404,-0.097626378,-0.04373607,9.61236E-05
BR8_main,0.597979798,0.04013906,0.01019873,0.112394312,-0.024593908,-0.036110872,0.080968438,0.029135951,0.040996294,-0.027152506,0.071146094,-0.002399041,-0.615306487,-0.400204344,1.441845929,0.07091469,-0.009630908,-0.034920519,0.873030046,-0.072542663,-0.037410323,-0.02045403,0.375933207,-0.029355255,-0.05080825,-0.034011643,-0.168773553,-0.041652099,-0.012524958,-0.16642825,-0.03805011,7.82621E-05
BR8_main,0.717575758,0.04108309,0.015774966,0.098755742,-0.020941681,-0.039820224,0.070650783,0.019726056,0.047283524,-0.024135362,0.082705468,-0.002146765,-0.539066934,-0.392246656,1.402962233,0.068869263,-0.008482025,-0.027664362,0.691672506,-0.061946456,-0.035580276,-0.0174976,0.332401493,-0.02495023,-0.045452261,-0.030694468,-0.156070356,-0.036970226,-0.011493067,-0.180113451,-0.033691981,6.41028E-05
BR8_main,0.837171717,0.041629556,0.014434483,0.095624401,-0.019061464,-0.040638049,0.052115767,0.011554247,0.049696299,-0.021445559,0.089857099,-0.001747427,-0.477071571,-0.359290169,1.04617129,0.065107332,-0.007716076,-0.023042259,0.543950205,-0.053538491,-0.03489614,-0.015280345,0.293208568,-0.020978285,-0.042494983,-0.034833807,-0.117649484,-0.033269038,-0.010528246,-0.142448848,-0.030624851,5.33303E-05
BR8_main,0.956767677,0.041940257,0.00781238,0.096923026,-0.018512335,-0.039689858,0.031896642,0.005311307,0.042735172,-0.01900894,0.093565591,-0.001055517,-0.427539644,-0.306666307,0.574309579,0.059584503,-0.007271302,-0.020433402,0.443297419,-0.046905257,-0.034927474,-0.013644953,0.257774126,-0.017826794,-0.041033328,-0.042878672,-0.08313765,-0.030342859,-0.009635555,-0.077341582,-0.028762808,4.54983E-05
BR8_main,1.076363636,0.042114361,-0.001562904,0.099571806,-0.01885366,-0.038597448,0.013654422,0.000890226,0.028104877,-0.016788436,0.094647841,-6.07336E-05,-0.388399755,-0.262924425,0.132104807,0.052792919,-0.007074227,-0.019223126,0.38765709,-0.04165099,-0.035276667,-0.012417085,0.225689339,-0.015528827,-0.039836793,-0.052484154,-0.062062663,-0.027999936,-0.008814086,-0.018952701,-0.028050512,4.01103E-05
BR8_main,1.195959596,0.04220996,-0.009788441,0.101504505,-0.019691207,-0.037693284,-0.001206441,-0.002011117,0.012635121,-0.01477125,0.093050473,0.000812523,-0.35763336,-0.245345842,-0.205349458,0.045660845,-0.007052234,-0.018947604,0.370959546,-0.037453873,-0.035632819,-0.011457129,0.196660553,-0.013893869,-0.038094093,-0.062157034,-0.053435782,-0.026089395,-0.008061301,0.013985544,-0.028493348,3.66809E-05
BR8_main,1.315555556,0.042260025,-0.013313044,0.100681509,-0.020701998,-0.036869815,-0.012184765,-0.003771013,0.0023196,-0.012957618,0.089109772,0.001101112,-0.333394548,-0.25274666,-0.411618545,0.039076671,-0.007139225,-0.019315501,0.3876499,-0.034072347,-0.035782237,-0.010672732,0.170438343,-0.012705577,-0.035683247,-0.070973952,-0.052248586,-0.024498693,-0.007373764,0.025386577,-0.030134195,3.47596E-05
BR8_main,1.435151515,0.042282584,-0.01197546,0.095668542,-0.021644498,-0.036153625,-0.019426589,-0.004675596,-0.000735393,-0.011354086,0.083314138,0.000864344,-0.31407428,-0.27393102,-0.489496432,0.033557299,-0.007279234,-0.020164781,0.431188959,-0.031335714,-0.03559831,-0.010009111,0.146786105,-0.011808922,-0.032784417,-0.078395133,-0.054488152,-0.0231456,-0.006747375,0.025320049,-0.03296765,3.39455E-05
BR8_main,1.554747475,0.042286702,-0.008496576,0.08700688,-0.022357486,-0.035578095,-0.023711173,-0.005013087,0.002131626,-0.009968765,0.076220653,0.000573234,-0.298327179,-0.293791183,-0.462965211,0.029243403,-0.007428517,-0.021390478,0.488151354,-0.029130193,-0.035023464,-0.009435241,0.125468589,-0.011108907,-0.029501796,-0.084144826,-0.057957341,-0.02197034,-0.006177714,0.019164992,-0.036754958,3.38938E-05
BR8_main,1.674343434,0.042275706,-0.005335627,0.077385209,-0.022750829,-0.035119482,-0.025868736,-0.004828601,0.007176971,-0.008807416,0.068929773,0.000525686,-0.285072295,-0.297457593,-0.371245957,0.026050679,-0.007555904,-0.022850093,0.530688779,-0.027386441,-0.034051064,-0.008933384,0.10624972,-0.010548745,-0.025931235,-0.088132039,-0.060425146,-0.02092931,-0.005661369,0.008769633,-0.040754418,3.43175E-05
BR8_main,1.793939394,0.042248633,-0.003228336,0.069612791,-0.022791359,-0.034727865,-0.026170606,-0.003990607,0.009206934,-0.00787038,0.062457,0.000626631,-0.273481148,-0.276550009,-0.254849411,0.023808306,-0.007641669,-0.024249145,0.520411131,-0.026070991,-0.032711378,-0.008492843,0.088896359,-0.010093076,-0.022349387,-0.090396296,-0.060349679,-0.019990808,-0.005198462,-0.003377418,-0.043610719,3.4987E-05
BR8_main,1.913535354,0.0422004,-0.00193733,0.064623288,-0.022489409,-0.034361212,-0.024535459,-0.002657492,0.005258305,-0.007151145,0.057090524,0.000688821,-0.262980526,-0.234059851,-0.142965096,0.022337549,-0.007676256,-0.025068907,0.439937263,-0.025182913,-0.031064532,-0.008107423,0.073190286,-0.009719252,-0.019110399,-0.091076875,-0.058054111,-0.019133855,-0.004794533,-0.01362311,-0.043859311,3.57307E-05
BR8_main,2.033131313,0.04212087,-0.001080482,0.061137643,-0.021870808,-0.033975157,-0.021208598,-0.00121303,-0.002753546,-0.006631029,0.052667774,0.000637354,-0.253055628,-0.181284844,-0.053031809,0.021466565,-0.00765311,-0.024694665,0.319139576,-0.024732082,-0.029172942,-0.007768472,0.058888342,-0.009406164,-0.016410998,-0.090324471,-0.054711195,-0.018333799,-0.004454683,-0.020040631,-0.040878664,3.64076E-05
BR8_main,2.152727273,0.041992742,-0.000377446,0.056487755,-0.02098302,-0.0335462,-0.017001916,2.92878E-05,-0.01215724,-0.006285075,0.049016347,0.000513028,-0.243407226,-0.13014912,0.005632565,0.021051592,-0.007571888,-0.022897704,0.20465936,-0.024745725,-0.027117844,-0.007470086,0.045795528,-0.009138894,-0.01425264,-0.088340951,-0.051169016,-0.017574839,-0.004181507,-0.022771052,-0.035376081,3.69256E-05
BR8_main,2.272323232,0.041788016,0.000283036,0.048833667,-0.019890201,-0.033071546,-0.012919146,0.000929559,-0.021658256,-0.006083953,0.046016149,0.000417656,-0.233935728,-0.087917216,0.033268795,0.020972677,-0.007437718,-0.02014627,0.119035006,-0.025242527,-0.024992497,-0.007208988,0.033762881,-0.008908176,-0.012550031,-0.085371339,-0.047785519,-0.016849774,-0.003971604,-0.022332444,-0.028903456,3.72398E-05
BR8_main,2.391919192,0.041462877,0.000828798,0.039094619,-0.018662604,-0.03255903,-0.009686735,0.001504508,-0.029503386,-0.005995662,0.043525459,0.000408287,-0.224656291,-0.05664623,0.03805643,0.02112233,-0.007258502,-0.017215036,0.061011783,-0.026164845,-0.022886369,-0.006982593,0.022677405,-0.008707987,-0.011219947,-0.08167068,-0.044660786,-0.01615529,-0.00381583,-0.01931556,-0.022945726,3.73405E-05
BR8_main,2.511515152,0.040951459,0.00109964,0.029371067,-0.017368554,-0.032020054,-0.007579197,0.001838732,-0.034275535,-0.005988375,0.041326711,0.000446243,-0.215640214,-0.035179258,0.030023485,0.02139699,-0.007043061,-0.014640787,0.021480594,-0.027258788,-0.020874441,-0.006787942,0.012471538,-0.008534149,-0.010204197,-0.07748022,-0.041800211,-0.015489501,-0.003701856,-0.01519014,-0.018305359,3.72425E-05
BR8_main,2.631111111,0.040161053,0.001023371,0.020650941,-0.016068893,-0.031465243,-0.006533277,0.001999664,-0.036003979,-0.006033182,0.039141087,0.000474389,-0.206977198,-0.021203438,0.017240425,0.021692142,-0.006800011,-0.012611733,-0.007526239,-0.027959519,-0.019013053,-0.006621216,0.003145153,-0.008383464,-0.009464923,-0.073013219,-0.03918227,-0.014851152,-0.003615748,-0.011754479,-0.015088992,3.69761E-05
BR8_main,2.750707071,0.038975685,0.000703585,0.01290116,-0.014811296,-0.030897231,-0.006317739,0.002022858,-0.035567098,-0.006105029,0.036788166,0.000474186,-0.198720164,-0.01243959,0.005041862,0.021898503,-0.006536162,-0.011103902,-0.030770825,-0.027548019,-0.017339803,-0.006476575,-0.00520492,-0.008251721,-0.008965766,-0.068437339,-0.03677527,-0.014237487,-0.00354324,-0.009805958,-0.013039291,3.65753E-05
BR8_main,2.87030303,0.037280833,0.000331513,0.005967291,-0.013649223,-0.030354282,-0.006755579,0.001937727,-0.033893784,-0.006192156,0.034403971,0.000453708,-0.191151575,-0.007101616,-0.004003764,0.021938236,-0.006265463,-0.01002941,-0.050684283,-0.025781923,-0.015905116,-0.006355552,-0.012373496,-0.008144839,-0.008673777,-0.063967472,-0.034594461,-0.013664956,-0.003478398,-0.009034097,-0.011851497,3.61264E-05
BR8_main,2.98989899,0.03502065,3.66743E-05,-0.000155828,-0.012632721,-0.029901249,-0.007674215,0.001782805,-0.031603534,-0.006295357,0.032271201,0.000424543,-0.184685531,-0.003920193,-0.009577437,0.021767678,-0.006005697,-0.009300819,-0.068368687,-0.023226472,-0.014769683,-0.006265245,-0.018086939,-0.008075381,-0.008561287,-0.059826778,-0.032681568,-0.013162581,-0.003417819,-0.00876914,-0.011324725,3.57517E-05
BR8_main,3.109494949,0.032274058,-0.00016415,-0.005453106,-0.011782414,-0.029569583,-0.008739424,0.001608894,-0.029077193,-0.006414261,0.030513568,0.000394419,-0.179474034,-0.002048089,-0.012573907,0.021337188,-0.005765382,-0.008841509,-0.083684766,-0.020763176,-0.013973775,-0.006205827,-0.022044572,-0.008045209,-0.008596445,-0.056118538,-0.031033006,-0.01274372,-0.003330688,-0.008600461,-0.011405618,3.55336E-05
BR8_main,3.229090909,0.029289448,-0.000304173,-0.009986236,-0.01110273,-0.029374871,-0.009661287,0.001455493,-0.026658766,-0.006547924,0.029107178,0.000369084,-0.175517669,-0.000954708,-0.014180974,0.020604731,-0.005547445,-0.008601174,-0.095181437,-0.018961157,-0.013539468,-0.006173373,-0.024025479,-0.008048454,-0.008748404,-0.052877095,-0.029621972,-0.012413219,-0.003163503,-0.008419113,-0.012123077,3.55291E-05
BR8_main,3.348686869,0.026412966,-0.000402219,-0.013885203,-0.010590834,-0.029329322,-0.010298298,0.001324159,-0.02459613,-0.006695391,0.027978562,0.000350546,-0.172744496,-0.000319617,-0.015336618,0.019549127,-0.005351978,-0.008564855,-0.100591676,-0.017916317,-0.013470134,-0.006161665,-0.023967364,-0.008074112,-0.008987778,-0.050102842,-0.028412902,-0.012171775,-0.00291351,-0.008226264,-0.013385236,3.57752E-05
BR8_main,3.468282828,0.023939127,-0.000462459,-0.017285177,-0.010241139,-0.029446019,-0.010547207,0.001211152,-0.02299909,-0.006855782,0.027054351,0.000337252,-0.171051124,4.69666E-05,-0.01649231,0.018178978,-0.005177749,-0.008763254,-0.098225307,-0.017479069,-0.013739896,-0.006163308,-0.021988514,-0.008108451,-0.009286723,-0.047776243,-0.027368458,-0.012017457,-0.002654971,-0.008056047,-0.014865696,3.62744E-05
BR8_main,3.587878788,0.022004729,-0.000493726,-0.020261327,-0.010045651,-0.02973382,-0.01036493,0.001127981,-0.021847232,-0.007027321,0.026266409,0.000326864,-0.170301929,0.000256386,-0.017683764,0.016534032,-0.005022395,-0.009252068,-0.088565475,-0.017463836,-0.014270718,-0.006170084,-0.018421448,-0.008137014,-0.00961975,-0.045849526,-0.02644942,-0.011944438,-0.002464181,-0.007919534,-0.016124973,3.69494E-05
BR8_main,3.707474747,0.020594388,-0.000506629,-0.022767239,-0.009987755,-0.030175275,-0.009862858,0.001068258,-0.020939555,-0.007202897,0.025536248,0.00031889,-0.170238832,0.00037343,-0.018807124,0.014677876,-0.004880089,-0.010008093,-0.074380658,-0.017714729,-0.014927051,-0.006170592,-0.013821796,-0.008143232,-0.00996156,-0.044223343,-0.025601573,-0.011935816,-0.002369987,-0.007773973,-0.016854685,3.75707E-05
BR8_main,3.827070707,0.019610594,-0.000508313,-0.024640335,-0.010048339,-0.030748169,-0.009282594,0.001011325,-0.019976414,-0.007375614,0.024803268,0.000314714,-0.170631021,0.000435748,-0.019816363,0.012713088,-0.004746306,-0.010844867,-0.059148671,-0.01812278,-0.015526939,-0.006157405,-0.008910019,-0.0081177,-0.010297263,-0.042828427,-0.024780785,-0.011973854,-0.00236881,-0.00759143,-0.016995357,3.77888E-05
BR8_main,3.946666667,0.018937988,-0.000503074,-0.025652207,-0.010202905,-0.031431703,-0.008842152,0.000955862,-0.018843051,-0.007540539,0.024037102,0.000314858,-0.17131499,0.000465509,-0.020727563,0.010765197,-0.004618848,-0.011519624,-0.04541913,-0.018614878,-0.01586891,-0.006129468,-0.004334052,-0.008060175,-0.010623311,-0.04166083,-0.023958314,-0.012042898,-0.002444075,-0.007391367,-0.016692254,3.72875E-05
BR8_main,4.066262626,0.018476416,-0.000493674,-0.025610772,-0.010413912,-0.032203463,-0.008629269,0.000916035,-0.017670375,-0.00769381,0.023232794,0.000318516,-0.172172533,0.000475894,-0.021568247,0.008944874,-0.004496958,-0.011949594,-0.034372121,-0.019138484,-0.015886936,-0.006089592,-0.000455118,-0.007976345,-0.010939965,-0.040720277,-0.023116354,-0.012128397,-0.002571609,-0.007213535,-0.01618607,3.60117E-05
BR8_main,4.185858586,0.018150233,-0.00048113,-0.024495608,-0.010626562,-0.033039058,-0.008610984,0.000901504,-0.016575994,-0.007832017,0.022397961,0.000324499,-0.173118862,0.000474802,-0.022352116,0.007321934,-0.004380731,-0.012217404,-0.026181802,-0.019652409,-0.015753817,-0.006040635,0.002637765,-0.007874336,-0.011242067,-0.039981805,-0.022245398,-0.012217004,-0.002721466,-0.007100876,-0.015671998,3.42134E-05
BR8_main,4.305454545,0.017906121,-0.000463738,-0.022509501,-0.010775319,-0.033912638,-0.008707059,0.000909225,-0.015585377,-0.007951699,0.021540537,0.000331664,-0.174094746,0.000467006,-0.023076245,0.005924391,-0.004270692,-0.012392578,-0.020501771,-0.020121921,-0.015669281,-0.005983412,0.005004672,-0.007762109,-0.011512438,-0.039434976,-0.021342309,-0.012296957,-0.002863767,-0.007068388,-0.015256493,3.22426E-05
BR8_main,4.425050505,0.017707423,-0.000437995,-0.020001965,-0.010802208,-0.034797554,-0.008853655,0.000924516,-0.014681035,-0.008048928,0.0206647,0.000338907,-0.17506086,0.000455419,-0.023725871,0.004750939,-0.004167459,-0.012455641,-0.016778611,-0.02051665,-0.015645675,-0.005916834,0.006761051,-0.007646057,-0.011728027,-0.039056665,-0.020408773,-0.012358265,-0.002977478,-0.007107032,-0.014987951,3.03521E-05
BR8_main,4.544646465,0.017528945,-0.00040254,-0.017329693,-0.010678768,-0.035666141,-0.009022895,0.000933657,-0.013839818,-0.008118894,0.019773181,0.000345088,-0.175989858,0.000441845,-0.024279095,0.003783705,-0.004071426,-0.012388881,-0.014378801,-0.020809816,-0.015543581,-0.005839272,0.008030396,-0.007530361,-0.011877113,-0.038724776,-0.019449596,-0.012392279,-0.003056878,-0.007204158,-0.014858221,2.8657E-05
BR8_main,4.664242424,0.017352878,-0.00036137,-0.014750367,-0.010419683,-0.036489528,-0.009210251,0.000932658,-0.013080792,-0.008155798,0.0188711,0.000349035,-0.176860783,0.00042742,-0.02471046,0.002997289,-0.003982553,-0.012212917,-0.01265368,-0.020978632,-0.015252181,-0.005750465,0.008924039,-0.007417038,-0.011960157,-0.038211502,-0.018471441,-0.012391309,-0.003111594,-0.007339455,-0.014818606,2.71784E-05
BR8_main,4.783838384,0.017165924,-0.000320642,-0.012403222,-0.010073552,-0.037237726,-0.009414414,0.00092386,-0.012445387,-0.008153259,0.017966794,0.000349683,-0.177655637,0.000412881,-0.024993784,0.002364349,-0.003900284,-0.011962323,-0.011082867,-0.021005546,-0.014804851,-0.005652011,0.009534312,-0.007306429,-0.011968255,-0.037376047,-0.017482006,-0.012348623,-0.003157056,-0.007480223,-0.014809218,2.58937E-05
BR8_main,4.903434343,0.016957358,-0.000282503,-0.010343793,-0.009696871,-0.037880525,-0.009628115,0.000910757,-0.0119231,-0.008105307,0.017069279,0.000346295,-0.178360389,0.00039872,-0.025105086,0.001858777,-0.003823596,-0.01168209,-0.009421554,-0.020879987,-0.014327491,-0.005545917,0.009934061,-0.007197829,-0.011876696,-0.03632606,-0.016489691,-0.012258945,-0.003200859,-0.007597498,-0.014779049,2.47685E-05
BR8_main,5.023030303,0.016717622,-0.000243931,-0.008581779,-0.00933327,-0.038388799,-0.009841853,0.000895864,-0.0114564,-0.008007614,0.016185512,0.000338693,-0.17896696,0.000385279,-0.025025501,0.001457229,-0.003751089,-0.011399642,-0.007668803,-0.020599845,-0.013915883,-0.005433559,0.010178898,-0.007089783,-0.011664329,-0.035192321,-0.015503341,-0.01211886,-0.003240091,-0.007678997,-0.014700224,2.37725E-05
BR8_main,5.142626263,0.016437723,-0.000201236,-0.007102995,-0.009006792,-0.038735605,-0.010048126,0.000880462,-0.011003886,-0.007858485,0.015318527,0.000327379,-0.179472832,0.000372802,-0.024743683,0.001139708,-0.003681076,-0.011115657,-0.005897767,-0.020171877,-0.013583452,-0.005315555,0.010310151,-0.006979842,-0.011329259,-0.033966851,-0.014531752,-0.011926534,-0.003271164,-0.007720104,-0.014573816,2.28827E-05
BR8_main,5.262222222,0.016108724,-0.000154625,-0.005878692,-0.008724358,-0.038897459,-0.01024039,0.000865029,-0.010556299,-0.007659328,0.014463901,0.000313483,-0.179880113,0.000361463,-0.024257762,0.000889644,-0.003611708,-0.010828222,-0.004119314,-0.019611063,-0.013294232,-0.005190747,0.010357734,-0.006864155,-0.010887516,-0.032623469,-0.013583227,-0.011680852,-0.003298154,-0.007712841,-0.014417789,2.20837E-05
BR8_main,5.381818182,0.015721161,-0.000107453,-0.004869932,-0.008481295,-0.038855954,-0.010411637,0.000849922,-0.010118904,-0.007414468,0.013609939,0.000298486,-0.180194433,0.000351383,-0.023576575,0.000693724,-0.003541131,-0.010534856,-0.002283939,-0.018939004,-0.013007729,-0.00505775,0.010342624,-0.006737381,-0.010363052,-0.031193932,-0.012665216,-0.011380851,-0.003323028,-0.007641086,-0.014239214,2.13655E-05
BR8_main,5.501414141,0.015264937,-6.23699E-05,-0.004031666,-0.0082667,-0.038599647,-0.010555461,0.000835839,-0.009700045,-0.007130504,0.012758505,0.00028378,-0.18042412,0.000342649,-0.022719905,0.000541666,-0.003467678,-0.010228045,-0.000375774,-0.018181714,-0.012699353,-0.004917555,0.010278937,-0.006593284,-0.009779998,-0.029750571,-0.011784088,-0.011027017,-0.003333153,-0.007471561,-0.014016881,2.07222E-05
BR8_main,5.621010101,0.014729303,-1.98459E-05,-0.003317363,-0.008067464,-0.038125609,-0.01066586,0.000823656,-0.009309411,-0.006815563,0.011940509,0.000270192,-0.180579231,0.000335323,-0.021717404,0.000425925,-0.003390058,-0.009900764,0.001502931,-0.017367129,-0.012362291,-0.004771302,0.010175667,-0.006426017,-0.00916495,-0.028348556,-0.010944985,-0.010624354,-0.003310847,-0.00716609,-0.013733849,2.01501E-05
BR8_main,5.740606061,0.014103097,2.07753E-05,-0.002683492,-0.007870816,-0.03743963,-0.010734045,0.000813997,-0.008958078,-0.006478714,0.011189556,0.000257851,-0.18066963,0.000329446,-0.020606139,0.000341153,-0.003307482,-0.009549809,0.003161123,-0.016522665,-0.011999749,-0.004617379,0.010038205,-0.006231831,-0.008551279,-0.026995543,-0.010151714,-0.010183803,-0.003243638,-0.006728155,-0.01340303,1.96474E-05
BR8_main,5.86020202,0.013375558,6.01927E-05,-0.002093978,-0.007666338,-0.036557492,-0.01074807,0.000807326,-0.008655731,-0.006130158,0.010522372,0.000246843,-0.180717296,0.00032507,-0.01942874,0.00028281,-0.003219992,-0.009176327,0.004431552,-0.015674495,-0.011612385,-0.004452351,0.009870611,-0.006011071,-0.00797396,-0.025681395,-0.009407475,-0.009720354,-0.003131268,-0.00622021,-0.013026574,1.92147E-05
BR8_main,5.97979798,0.012538171,9.89001E-05,-0.001523212,-0.007446522,-0.035501449,-0.010696218,0.00080447,-0.008405275,-0.005780715,0.009945016,0.000237709,-0.180754891,0.000322262,-0.01822912,0.000244705,-0.003128395,-0.008784915,0.005237027,-0.014845836,-0.011190105,-0.004271096,0.009676864,-0.005768454,-0.00745761,-0.024402288,-0.008714665,-0.009248958,-0.002995781,-0.005718016,-0.012560482,1.88551E-05
BR8_main,6.099393939,0.011588528,0.000137347,-0.000955169,-0.007206969,-0.034297848,-0.01057112,0.000806801,-0.008201789,-0.005441152,0.009459591,0.000230609,-0.180826872,0.000321115,-0.017048855,0.000218344,-0.00303417,-0.008382887,0.005587302,-0.014056122,-0.010724169,-0.004068072,0.009461927,-0.005511681,-0.00700919,-0.023163926,-0.008074905,-0.008782755,-0.002871798,-0.005270836,-0.011951845,1.85738E-05
BR8_main,6.218989899,0.010536005,0.00017604,-0.000378847,-0.006945292,-0.032973937,-0.010369863,0.000815136,-0.008036057,-0.005120566,0.009062489,0.000224516,-0.180966285,0.000321704,-0.015921922,0.000197114,-0.002938885,-0.007978221,0.005547677,-0.013318858,-0.010218021,-0.003844818,0.00923092,-0.005248581,-0.006622433,-0.021973938,-0.007488116,-0.008332113,-0.002774838,-0.004898822,-0.011199168,1.83762E-05
BR8_main,6.338585859,0.009406728,0.00021559,0.000213481,-0.006660629,-0.031560251,-0.01009309,0.000828776,-0.007899838,-0.00482559,0.008743847,0.000218078,-0.181186206,0.000324081,-0.014873047,0.000178751,-0.002843884,-0.007578534,0.005207071,-0.012641594,-0.009672354,-0.003614891,0.008988568,-0.004985973,-0.006293819,-0.020838199,-0.006952593,-0.007904889,-0.002688823,-0.004602802,-0.010360269,1.8265E-05
BR8_main,6.458181818,0.008243741,0.000256721,0.00081983,-0.006353507,-0.030091838,-0.009744973,0.000846387,-0.007788659,-0.004560347,0.008490573,0.000211589,-0.181480797,0.000328281,-0.013918134,0.000163934,-0.002750242,-0.007190632,0.004652033,-0.012026853,-0.009081206,-0.003394712,0.00873887,-0.004729933,-0.006027659,-0.019762419,-0.006465493,-0.007506572,-0.002590953,-0.004372326,-0.009529141,1.82367E-05
BR8_main,6.577777778,0.007099051,0.000300305,0.001405794,-0.006025697,-0.028602376,-0.009334772,0.000866942,-0.00770091,-0.004326799,0.008289078,0.000207176,-0.181825643,0.000334307,-0.013065292,0.000154091,-0.002658733,-0.006820227,0.003942643,-0.011473039,-0.008455894,-0.003195198,0.008484728,-0.004485755,-0.005825011,-0.018756448,-0.006023185,-0.007140267,-0.002473968,-0.004193052,-0.00879914,1.82732E-05
BR8_main,6.697373737,0.006020698,0.000347367,0.001884692,-0.005680262,-0.027118514,-0.008879104,0.000889511,-0.007635643,-0.004125407,0.008126066,0.000206416,-0.18218091,0.000342139,-0.012316421,0.000146423,-0.002569895,-0.006471939,0.003097216,-0.01097569,-0.007827932,-0.003021953,0.008227881,-0.004257379,-0.005679317,-0.017837785,-0.005621608,-0.006807106,-0.00234388,-0.004054338,-0.00822266,1.83384E-05
BR8_main,6.816969697,0.00504276,0.000399069,0.002152426,-0.005321572,-0.025660667,-0.008401462,0.000913667,-0.007590658,-0.00395568,0.007988641,0.000209492,-0.182491263,0.000351714,-0.011668578,0.000136403,-0.002484076,-0.006149289,0.002119396,-0.010528755,-0.007229349,-0.00287686,0.007968943,-0.00404674,-0.005580625,-0.017026538,-0.005256403,-0.006506807,-0.002210141,-0.003952377,-0.007798856,1.83888E-05
BR8_main,6.936565657,0.004182369,0.000456676,0.002146328,-0.004955451,-0.024246166,-0.007928023,0.00094177,-0.007561788,-0.003816597,0.007865347,0.000215964,-0.182687673,0.000362917,-0.011115352,0.000124887,-0.002401513,-0.005854764,0.001033595,-0.010126153,-0.006689033,-0.002757997,0.00770764,-0.00385284,-0.005519046,-0.016331182,-0.004923021,-0.006238276,-0.00208142,-0.003885944,-0.007491019,1.84012E-05
BR8_main,7.056161616,0.003442049,0.000521551,0.001872378,-0.004589479,-0.0228889,-0.007482597,0.000979657,-0.007543627,-0.003707031,0.007747523,0.000225167,-0.182696609,0.000375575,-0.01064835,0.000116958,-0.002322474,-0.005590086,-0.000140796,-0.009763194,-0.006234999,-0.00266006,0.007443398,-0.003672185,-0.00548585,-0.015737963,-0.004616936,-0.00600012,-0.001965609,-0.003850666,-0.007250183,1.83844E-05
BR8_main,7.175757576,0.002814962,0.000595186,0.001396171,-0.004233128,-0.021598741,-0.007084439,0.001032114,-0.007530887,-0.003626068,0.007629762,0.000236082,-0.182453073,0.000389469,-0.010258533,0.000116397,-0.002247356,-0.005356458,-0.001399435,-0.009436903,-0.005887984,-0.002577803,0.007175951,-0.003504231,-0.005473607,-0.015219123,-0.004333803,-0.005790863,-0.001869697,-0.003838173,-0.007039792,1.83606E-05
BR8_main,7.295353535,0.00228961,0.000679234,0.000806354,-0.003897355,-0.02038497,-0.006748249,0.001099567,-0.007519822,-0.003573009,0.007509229,0.00024764,-0.181905785,0.000404323,-0.009936841,0.000124167,-0.002176575,-0.005154565,-0.002700189,-0.009145615,-0.005656007,-0.002508929,0.006905496,-0.00335629,-0.005475968,-0.014756601,-0.004069358,-0.0056088,-0.001798233,-0.003838753,-0.006849157,1.83416E-05
BR8_main,7.414949495,0.001852722,0.000775466,0.000169005,-0.003593783,-0.019267179,-0.006482104,0.001178782,-0.007511903,-0.003547051,0.007384356,0.000259467,-0.181010447,0.000419782,-0.009673993,0.00013993,-0.002110199,-0.004984296,-0.003879825,-0.008889049,-0.005533927,-0.00245135,0.006632356,-0.003242757,-0.005487176,-0.014361204,-0.003819129,-0.005451705,-0.001752359,-0.003843592,-0.00668762,1.83239E-05
BR8_main,7.534545455,0.001491304,0.000885638,-0.000490483,-0.003334561,-0.018295176,-0.006282285,0.001262481,-0.007519103,-0.00354721,0.007254629,0.00027163,-0.179740664,0.000435426,-0.009461154,0.000163391,-0.002047838,-0.004844978,-0.004642096,-0.008669616,-0.005501112,-0.002400033,0.006357326,-0.003180882,-0.005502197,-0.014076089,-0.003578932,-0.005317448,-0.001730863,-0.003846055,-0.006564581,1.82974E-05
BR8_main,7.654141414,0.001193516,0.00101078,-0.001177409,-0.003132783,-0.017540891,-0.006127271,0.001341918,-0.007554074,-0.003571971,0.007120332,0.000283878,-0.178090129,0.000450794,-0.009290116,0.000194754,-0.001988677,-0.004735262,-0.004776877,-0.008491242,-0.005520329,-0.002351019,0.006081612,-0.003173511,-0.005516664,-0.013944224,-0.003346097,-0.005204488,-0.001731832,-0.003842548,-0.006473881,1.82531E-05
BR8_main,7.773737374,0.000948972,0.001149067,-0.001909583,-0.003004013,-0.017034044,-0.00598272,0.001411116,-0.007609746,-0.003618903,0.006982206,0.000295643,-0.176075103,0.000465426,-0.009153399,0.000234804,-0.001931905,-0.004652914,-0.004386838,-0.00835456,-0.005549907,-0.002305216,0.005806809,-0.003191367,-0.005526851,-0.01395548,-0.003122258,-0.005111807,-0.001753335,-0.003833543,-0.006402607,1.81865E-05
BR8_main,7.893333333,0.000748749,0.001293076,-0.002695977,-0.002968398,-0.016727113,-0.005826697,0.00146485,-0.007654546,-0.003684305,0.006840592,0.000306352,-0.173736012,0.000478936,-0.009044271,0.000284981,-0.001877272,-0.004594529,-0.003748313,-0.008252261,-0.005555414,-0.002264275,0.005534844,-0.003190736,-0.005529637,-0.014046793,-0.002915901,-0.005036641,-0.001790323,-0.003823355,-0.006344371,1.80982E-05
BR8_main,8.012929293,0.000585282,0.001431915,-0.003505768,-0.003050878,-0.016525512,-0.005674321,0.001499309,-0.007638504,-0.003762868,0.006695169,0.000315598,-0.171136887,0.000491096,-0.00895664,0.000347647,-0.001825441,-0.00455528,-0.003082175,-0.008171438,-0.005512021,-0.002226798,0.005267882,-0.00316074,-0.005522386,-0.014157441,-0.002738431,-0.004970073,-0.001829366,-0.003817639,-0.006298613,1.79927E-05
BR8_main,8.132525253,0.00045203,0.00155811,-0.004234404,-0.00327265,-0.016316715,-0.005561533,0.001515857,-0.007526192,-0.003847217,0.006545937,0.000323116,-0.168368894,0.000501926,-0.008885094,0.000426747,-0.001777927,-0.004529177,-0.002497598,-0.008100618,-0.005408633,-0.002189632,0.005008361,-0.003123925,-0.005502916,-0.014264936,-0.002593606,-0.004900418,-0.00185039,-0.003820681,-0.006266151,1.78774E-05
BR8_main,8.252121212,0.000343671,0.001669258,-0.004722313,-0.003624802,-0.016023554,-0.005501264,0.001518915,-0.007332567,-0.003926829,0.006393869,0.000328637,-0.165556721,0.000511744,-0.00882503,0.000529066,-0.001736373,-0.00451005,-0.002025952,-0.008033094,-0.005250822,-0.002150738,0.004759131,-0.00308767,-0.005469553,-0.014371648,-0.002473919,-0.004829544,-0.001836324,-0.003834909,-0.006247435,1.77622E-05
BR8_main,8.371717172,0.00025599,0.001766198,-0.004871058,-0.004029873,-0.01568444,-0.005480613,0.001511295,-0.007112364,-0.003986527,0.006240525,0.000331781,-0.162862142,0.000521147,-0.008772582,0.000665909,-0.001701388,-0.004492822,-0.001660476,-0.007965588,-0.005056866,-0.002111533,0.004523502,-0.00303999,-0.005421069,-0.014473595,-0.002368309,-0.004771241,-0.001780017,-0.0038608,-0.006242273,1.76583E-05
BR8_main,8.491313131,0.000185357,0.001853522,-0.004730141,-0.004331372,-0.015404663,-0.00548353,0.001494883,-0.006932569,-0.004008187,0.006087374,0.000332135,-0.160487949,0.000530944,-0.008724553,0.00085342,-0.00167211,-0.004474449,-0.001380838,-0.007896436,-0.0048497,-0.002075549,0.004305381,-0.002977161,-0.005356621,-0.014559035,-0.00226962,-0.004729403,-0.001687995,-0.003896388,-0.006249872,1.75781E-05
BR8_main,8.610909091,0.000128759,0.001939001,-0.004439898,-0.004358891,-0.015257236,-0.005497885,0.00147197,-0.00682775,-0.003980025,0.00593552,0.000329524,-0.158684724,0.000542089,-0.008678563,0.001108585,-0.001646863,-0.004454327,-0.001164682,-0.00782471,-0.004650695,-0.002044922,0.004109607,-0.002908879,-0.005275839,-0.014624776,-0.002175716,-0.004699553,-0.001580236,-0.003938091,-0.006269001,1.7535E-05
BR8_main,8.730505051,8.37132E-05,0.002030668,-0.004129603,-0.004046754,-0.01524604,-0.0055161,0.001442588,-0.006794783,-0.003907019,0.005785599,0.000324213,-0.157749144,0.000555606,-0.008632993,0.001443147,-0.001622786,-0.004434365,-0.000991773,-0.007749821,-0.004477904,-0.002019598,0.003942337,-0.002853698,-0.00517876,-0.01467558,-0.002087406,-0.004683414,-0.001478215,-0.003982294,-0.006297932,1.75433E-05
BR8_main,8.85010101,4.81761E-05,0.002134658,-0.003869622,-0.003495815,-0.015311866,-0.005536047,0.00140258,-0.00681956,-0.003808566,0.005637931,0.000316832,-0.158012357,0.000572547,-0.008586941,0.001860802,-0.001595304,-0.004419108,-0.000844794,-0.007672064,-0.004347671,-0.001998462,0.003811641,-0.002827883,-0.005065778,-0.014715626,-0.002006543,-0.00468813,-0.001394878,-0.004026271,-0.006334375,1.76182E-05
BR8_main,8.96969697,2.04091E-05,0.002254929,-0.003679665,-0.00290211,-0.015394073,-0.005555615,0.001348193,-0.006864523,-0.003705669,0.005492846,0.000308149,-0.159810835,0.000593985,-0.008540257,0.002350187,-0.00156203,-0.004415316,-0.000708838,-0.007593292,-0.004276929,-0.001980317,0.0037278,-0.002831398,-0.004937616,-0.014749725,-0.001935055,-0.004718635,-0.001335143,-0.004068149,-0.006375466,1.77736E-05
BR8_main,9.089292929,0.000001,0.002393835,-0.003554747,-0.002429135,-0.015457768,-0.005569931,0.001281628,-0.006869008,-0.003612411,0.005350956,0.000298893,-0.163426174,0.000621014,-0.008493462,0.002885208,-0.001525942,-0.004430168,-0.000570927,-0.007516861,-0.004284076,-0.001964291,0.003701536,-0.002858469,-0.004795238,-0.014789878,-0.001874582,-0.004775456,-0.001299439,-0.004106695,-0.006417728,1.80185E-05
BR8_main,9.208888889,0.000001,0.002552691,-0.003484212,-0.002151143,-0.015474955,-0.005576484,0.001208557,-0.006797476,-0.003535725,0.005213359,0.000289689,-0.168989384,0.00065476,-0.008447695,0.00345198,-0.001490178,-0.004468618,-0.000421475,-0.007447424,-0.004388102,-0.001949791,0.003740133,-0.002916431,-0.004639765,-0.014857566,-0.001826435,-0.004856403,-0.001285944,-0.004142117,-0.006457107,1.83494E-05
BR8_main,9.328484848,0.000001,0.002732074,-0.003460321,-0.002079947,-0.015421168,-0.005575673,0.001135377,-0.00669087,-0.003478128,0.005081614,0.000281035,-0.176350452,0.000696393,-0.008404678,0.004040483,-0.00145845,-0.004531081,-0.000261033,-0.007391123,-0.004606549,-0.001936277,0.00384588,-0.003010684,-0.004472415,-0.014982652,-0.001791657,-0.004958302,-0.001291392,-0.004177731,-0.006489103,1.87452E-05
BR8_main,9.448080808,0.000001,0.002931883,-0.003479295,-0.002208702,-0.015296325,-0.005571768,0.001068428,-0.006614552,-0.003439892,0.004957301,0.000273326,-0.184917819,0.000747121,-0.008366657,0.004587742,-0.001444147,-0.004612048,-0.00011159,-0.007356325,-0.004951808,-0.001923116,0.004015305,-0.003123338,-0.004294424,-0.015203083,-0.001771107,-0.005077514,-0.001310851,-0.004218832,-0.006509006,1.91728E-05
BR8_main,9.567676768,0.000001,0.003151264,-0.003536782,-0.002530936,-0.015146993,-0.005575768,0.001011837,-0.006574428,-0.003420193,0.004841081,0.000266862,-0.193462558,0.000808157,-0.008336315,0.004967817,-0.001463531,-0.00469968,-1.13783E-05,-0.007354768,-0.0054218,-0.001909489,0.004233725,-0.003228924,-0.00410697,-0.015564104,-0.001765531,-0.005209336,-0.001337042,-0.004266206,-0.006512187,1.96018E-05
BR8_main,9.687272727,0.000001,0.003388519,-0.003618211,-0.003030683,-0.015058552,-0.005584027,0.000966694,-0.006607698,-0.003417673,0.004731487,0.000261876,-0.199944765,0.000880647,-0.008316625,0.005022466,-0.001520577,-0.004776403,2.50928E-05,-0.007402752,-0.005981197,-0.001894267,0.00447984,-0.003317568,-0.003911087,-0.016114537,-0.001775617,-0.0053469,-0.001359996,-0.004313849,-0.00649443,2.00066E-05
BR8_main,9.806868687,0.000001,0.003641026,-0.00368556,-0.003652521,-0.015104205,-0.005550405,0.000932174,-0.006800222,-0.003430706,0.004623818,0.000258556,-0.201765409,0.000965519,-0.008310633,0.004577265,-0.001600566,-0.004820794,2.77618E-05,-0.00752112,-0.006539901,-0.001875916,0.00474898,-0.003385882,-0.003707587,-0.016897338,-0.001802044,-0.005480154,-0.0013689,-0.004356078,-0.006452208,2.03513E-05
BR8_main,9.926464646,0.000001,0.003905205,-0.003672958,-0.004271258,-0.01531758,-0.005419353,0.000906253,-0.007124479,-0.00345748,0.004509494,0.000257066,-0.19714198,0.001063233,-0.008321108,0.003471297,-0.001675573,-0.004810937,3.84446E-05,-0.007730456,-0.006947521,-0.00185263,0.005069251,-0.003422431,-0.003497002,-0.017925142,-0.00184552,-0.005595173,-0.001356679,-0.004392334,-0.006382803,2.05802E-05
BR8_main,10.04606061,0.000001,0.00417656,-0.003517781,-0.004700524,-0.015715959,-0.005222285,0.00088587,-0.007435301,-0.003495978,0.004376094,0.000257564,-0.187123988,0.001173374,-0.008350005,0.001636773,-0.001722064,-0.004728807,8.25833E-05,-0.008034036,-0.007015211,-0.001822709,0.005474607,-0.0034205,-0.003279599,-0.019130298,-0.001906806,-0.005673716,-0.001322523,-0.004425794,-0.006284137,2.06253E-05
BR8_main,10.16565657,0.000001,0.004449786,-0.003213091,-0.004772571,-0.016317237,-0.005066489,0.000869127,-0.007645075,-0.003543867,0.00420806,0.000260198,-0.176075651,0.001294061,-0.00839763,-0.000614126,-0.001731503,-0.004564353,0.000169865,-0.008383235,-0.00659001,-0.001784808,0.005954385,-0.003375399,-0.003055535,-0.020322861,-0.001986603,-0.005693269,-0.001272057,-0.004460941,-0.006154166,2.04254E-05
BR8_main,10.28525253,0.000001,0.004718965,-0.00280276,-0.004447491,-0.017136402,-0.00500494,0.000859353,-0.00778394,-0.003598338,0.003986783,0.000265077,-0.169914719,0.001421195,-0.008461369,-0.002267608,-0.001703291,-0.004317709,0.000303711,-0.008648183,-0.005719877,-0.001737606,0.006441962,-0.003265911,-0.002825323,-0.021219188,-0.002084935,-0.005628207,-0.001214474,-0.004502064,-0.005989672,1.99546E-05
BR8_main,10.40484848,0.000001,0.004977897,-0.002321317,-0.003843392,-0.018153699,-0.005016658,0.000865186,-0.007930045,-0.003655964,0.003685912,0.000272176,-0.173641718,0.001547707,-0.008533947,-0.0020609,-0.001634745,-0.003998782,0.000487425,-0.00864849,-0.004702524,-0.001678924,0.006848059,-0.003074385,-0.002590775,-0.021486521,-0.00219884,-0.005452658,-0.00115651,-0.004551324,-0.005784342,1.92388E-05
BR8_main,10.52444444,0.000001,0.005220532,-0.001753421,-0.003150149,-0.019261369,-0.00507358,0.000894665,-0.008150005,-0.003712659,0.003256407,0.000281149,-0.189177887,0.001663326,-0.008601466,0.00046355,-0.001522835,-0.003624841,0.00072672,-0.008253787,-0.003838529,-0.001604667,0.007120306,-0.002817904,-0.002356473,-0.020826515,-0.002315979,-0.005145211,-0.001102763,-0.004603544,-0.005526053,1.83153E-05
BR8_main,10.6440404,0.000001,0.005441542,-0.001028079,-0.002518931,-0.020230068,-0.005153539,0.000945417,-0.008433289,-0.003763868,0.002604305,0.000291099,-0.213540857,0.001755731,-0.008642585,0.004542896,-0.001375305,-0.003217789,0.001029289,-0.007493561,-0.003233953,-0.001508015,0.007319689,-0.002534019,-0.002131317,-0.019141818,-0.002404174,-0.004695218,-0.001058692,-0.004634629,-0.005193916,1.72007E-05
BR8_main,10.76363636,0.000001,0.005636968,-4.20804E-05,-0.002018591,-0.020730446,-0.005226367,0.000993687,-0.008658508,-0.003805041,0.001586775,0.000300546,-0.238083168,0.001813729,-0.008631586,0.008833199,-0.00121656,-0.00280258,0.001398252,-0.006540826,-0.002853606,-0.001379394,0.00762725,-0.00224817,-0.001928909,-0.016537324,-0.002412808,-0.004110295,-0.001029011,-0.004588572,-0.004757775,1.593E-05
BR8_main,10.88323232,0.000001,0.00580482,0.001247638,-0.001654191,-0.020423563,-0.005256272,0.001000701,-0.008732599,-0.003832323,8.7667E-05,0.000308058,-0.250889689,0.001831488,-0.008547203,0.012236085,-0.001074727,-0.002407124,0.001813729,-0.005566595,-0.002627801,-0.001209308,0.008207794,-0.001965513,-0.001765856,-0.013210106,-0.00230996,-0.003424488,-0.001013441,-0.004393289,-0.004189385,1.4571E-05
BR8_main,11.00282828,0.000001,0.005945491,0.002625687,-0.001399958,-0.019101009,-0.005209564,0.000952229,-0.008626132,-0.003843268,-0.001741507,0.000313411,-0.243076235,0.00181094,-0.008382638,0.014143377,-0.000962056,-0.002062505,0.002206308,-0.004667835,-0.002499273,-0.000999072,0.00906118,-0.001687336,-0.001659395,-0.009482484,-0.002116284,-0.002705569,-0.001005549,-0.004016915,-0.003505639,1.32351E-05
BR8_main,11.12242424,6.17702E-06,0.006061663,0.003537338,-0.001222247,-0.016791949,-0.005052072,0.000879848,-0.008269171,-0.003837258,-0.003164244,0.000318129,-0.214985518,0.001760285,-0.008148,0.014195615,-0.000877301,-0.001801348,0.002454934,-0.003890174,-0.002430062,-0.00078274,0.009979294,-0.001439358,-0.001627767,-0.00584308,-0.001875411,-0.002057563,-0.00099485,-0.003475581,-0.002850701,1.22025E-05
BR8_main,11.2420202,1.33671E-05,0.006157255,0.003473387,-0.001091879,-0.013750857,-0.004737585,0.000821262,-0.007622516,-0.003815431,-0.003119341,0.000324916,-0.17598324,0.001689978,-0.007864034,0.012211133,-0.000824816,-0.00165236,0.002457618,-0.003260571,-0.002397148,-0.000637532,0.010634637,-0.001280553,-0.00169503,-0.002900017,-0.001611328,-0.001611639,-0.000975846,-0.002779469,-0.002506929,1.21797E-05
BR8_main,11.36161616,2.07207E-05,0.006234756,0.002342989,-0.000988329,-0.010344906,-0.004212497,0.000787542,-0.006749887,-0.003780152,-0.001262639,0.000336831,-0.137878714,0.001609138,-0.007553846,0.008332389,-0.000811453,-0.001631408,0.002234914,-0.002800339,-0.002387223,-0.000633826,0.010746017,-0.001262251,-0.001896745,-0.001480535,-0.001323592,-0.001497707,-0.000977326,-0.001919202,-0.00265944,1.43461E-05
BR8_main,11.48121212,2.82085E-05,0.006290448,0.000460169,-0.000898884,-0.006927505,-0.00345754,0.000771288,-0.005754466,-0.003734277,0.001892361,0.00035612,-0.108782452,0.001523834,-0.00723712,0.002889846,-0.000836136,-0.001733571,0.001905659,-0.002522158,-0.002391698,-0.000764223,0.010240037,-0.001392221,-0.00227286,-0.002694276,-0.001002596,-0.001795982,-0.00110287,-0.000902323,-0.00317147,1.97008E-05
BR8_main,11.60080808,3.58044E-05,0.006308474,-0.001617553,-0.00081647,-0.003747922,-0.00253437,0.00076145,-0.004768156,-0.003680505,0.00580375,0.000381426,-0.09144192,0.001437038,-0.006927707,-0.003684658,-0.000889157,-0.0019324,0.001565094,-0.002421038,-0.002400781,-0.000960369,0.009274058,-0.001634322,-0.002817542,-0.00727441,-0.000652587,-0.002487223,-0.001481729,0.000185152,-0.003749553,2.79529E-05
BR8_main,11.72040404,4.34864E-05,0.006258804,-0.003353264,-0.000737775,-0.000937148,-0.001601033,0.000750351,-0.004021902,-0.003621007,0.009771195,0.000403586,-0.084732058,0.001349497,-0.00663379,-0.010155583,-0.000948167,-0.002188,0.001251057,-0.002469783,-0.00239736,-0.001150336,0.008107777,-0.001906711,-0.003370088,-0.014450748,-0.000323742,-0.003439549,-0.002047016,0.001122498,-0.004193795,3.6117E-05
BR8_main,11.84,5.12364E-05,0.006108091,-0.004326094,-0.000661865,0.001438247,-0.000904596,0.000738607,-0.003822844,-0.003557322,0.012488683,0.000406688,-0.08571818,0.001260881,-0.006359178,-0.013926671,-0.000986569,-0.002458685,0.000977224,-0.002624379,-0.002358477,-0.001277279,0.00700665,-0.002112766,-0.003590536,-0.021796106,-0.00011589,-0.004453698,-0.002440824,0.001606716,-0.004441299,3.86279E-05
BR9_main,0,0.020484773,-0.003597928,0.034845991,-0.07564509,-0.030570501,0.285749272,-0.054330635,-0.138895023,-0.037560998,-0.250373323,-0.003879101,-1.123487687,-1.190483847,0.384606409,0.041146535,-0.05394621,-0.172865852,2.139314598,-0.184235164,-0.120965804,-0.056704271,0.672519661,-0.039032923,-0.194411362,-0.021546423,-1.118509712,-0.157095769,-0.031059498,-0.14074418,-0.217163533,0.000180848
BR9_main,0.11959596,0.027021509,-0.004813009,0.246453424,-0.06583009,-0.060618635,0.231132669,-0.046294811,-0.088526892,-0.033875742,-0.019196118,-0.002269639,-1.068092906,-1.141254181,0.173411972,0.052376243,-0.045412501,-0.156957578,1.929341305,-0.176678213,-0.11416482,-0.052731324,0.420344833,-0.036567229,-0.180519848,-0.314061105,-0.983858123,-0.141373027,-0.028703261,-0.114407036,-0.191197065,0.000165828
BR9_main,0.239191919,0.032141417,-0.006312492,0.380467104,-0.05528214,-0.091903642,0.148707419,-0.033958839,-0.00098878,-0.028343945,0.135927917,0.000275743,-0.997085864,-0.979653415,-0.061625636,0.064601108,-0.037249167,-0.131898175,1.558976523,-0.164387083,-0.103658966,-0.046858877,0.35367555,-0.033609126,-0.161905962,-0.376709491,-0.773765653,-0.116278512,-0.024835475,-0.061568611,-0.147506331,0.000144753
BR9_main,0.358787879,0.035968898,-0.007038046,0.365600978,-0.044929659,-0.124068372,0.068406498,-0.022233544,0.077405071,-0.022721187,0.214762127,0.002466876,-0.918037458,-0.778858235,-0.198544597,0.071956212,-0.030003726,-0.105558121,1.224935634,-0.150038493,-0.091615179,-0.040231002,0.393946438,-0.030464323,-0.141762652,-0.308982961,-0.565937526,-0.091485371,-0.02060046,-0.022511162,-0.10704294,0.000122619
BR9_main,0.478383838,0.038537523,-0.006789707,0.253614224,-0.035618323,-0.149425189,0.008079849,-0.012968005,0.120555817,-0.017950491,0.255006751,0.003448647,-0.837437356,-0.58585709,-0.218757241,0.07319122,-0.023963745,-0.082611581,1.001885889,-0.134851769,-0.079758644,-0.033786938,0.441060096,-0.027404832,-0.122423249,-0.240661466,-0.396931302,-0.071367121,-0.016783956,-0.00471618,-0.07792413,0.000102881
BR9_main,0.597979798,0.040138769,-0.006197924,0.144429144,-0.028043138,-0.158599894,-0.029344527,-0.006129439,0.12236926,-0.014280535,0.273740865,0.003275515,-0.75984539,-0.435370577,-0.170311674,0.070600822,-0.019186976,-0.064423115,0.877646348,-0.118612724,-0.069044663,-0.028073071,0.45243331,-0.024634432,-0.105038785,-0.203051391,-0.271409815,-0.056342193,-0.013687855,0.000136586,-0.0592393,8.69279E-05
BR9_main,0.717575758,0.041091222,-0.005810421,0.089450641,-0.022694987,-0.147741597,-0.048629325,-0.001408212,0.090768064,-0.01164755,0.268275344,0.00243087,-0.688118166,-0.33673483,-0.101546204,0.066664621,-0.01558119,-0.05070336,0.813211892,-0.101378651,-0.059831377,-0.023298513,0.427555376,-0.022284457,-0.089938571,-0.178972944,-0.182580733,-0.045532116,-0.011311675,-0.001087379,-0.047769671,7.48183E-05
BR9_main,0.837171717,0.041641582,-0.005625637,0.082389417,-0.0197553,-0.121992282,-0.055568387,0.001383135,0.043041721,-0.009880593,0.236224031,0.00134662,-0.62369018,-0.279438449,-0.040299129,0.062531114,-0.012974995,-0.040642236,0.760779056,-0.084622799,-0.052138017,-0.019467225,0.380518906,-0.020409306,-0.077042727,-0.153564071,-0.121977516,-0.037913428,-0.009533817,-0.004092182,-0.040767762,6.59988E-05
BR9_main,0.956767677,0.041953653,-0.005342182,0.0997806,-0.019001041,-0.092001241,-0.054600351,0.002603959,-0.002373564,-0.00877899,0.183373527,0.000342363,-0.566759538,-0.249146417,0.002046368,0.058413524,-0.011169484,-0.033394706,0.678543201,-0.070235152,-0.04582972,-0.016488279,0.324261107,-0.018986292,-0.066114397,-0.125271781,-0.082338539,-0.032565782,-0.008211933,-0.005488495,-0.036416633,5.97138E-05
BR9_main,1.076363636,0.042127828,-0.004772727,0.124123576,-0.01983857,-0.066808514,-0.049195739,0.002839585,-0.031890146,-0.008146927,0.120394353,-0.000351461,-0.516576664,-0.236324896,0.024682697,0.054246642,-0.009970299,-0.028236004,0.55996221,-0.059097077,-0.040716106,-0.014233164,0.266726101,-0.017929649,-0.056875604,-0.099228331,-0.057948307,-0.028737094,-0.007221973,-0.0038454,-0.033618137,5.5244E-05
BR9_main,1.195959596,0.042222917,-0.003945849,0.145780514,-0.021508064,-0.049571231,-0.04227638,0.002597499,-0.040949887,-0.007829724,0.059624066,-0.000656114,-0.472251723,-0.241386555,0.032293453,0.049998233,-0.009207727,-0.024597621,0.436850385,-0.050997633,-0.03661027,-0.012565759,0.212573085,-0.01712684,-0.049095362,-0.079374359,-0.044310619,-0.025949149,-0.006469378,-0.000268506,-0.031734034,5.20288E-05
BR9_main,1.315555556,0.042272351,-0.003039201,0.159293019,-0.0233267,-0.038991675,-0.035595683,0.002169762,-0.036457142,-0.00773139,0.01157448,-0.00064963,-0.43323236,-0.266834869,0.030015315,0.045734988,-0.008742597,-0.022049264,0.342375768,-0.045270526,-0.033345086,-0.011357226,0.164842722,-0.016472069,-0.042629494,-0.066521416,-0.037823938,-0.023927512,-0.005886154,0.002956824,-0.030394063,4.96502E-05
BR9_main,1.435151515,0.042294533,-0.002221675,0.160852594,-0.024834044,-0.032756119,-0.029675353,0.001684689,-0.028769182,-0.007792632,-0.018976008,-0.000466109,-0.399110727,-0.306272147,0.021108094,0.04160453,-0.008465801,-0.020271835,0.287298771,-0.041271606,-0.030776494,-0.01049708,0.125294019,-0.015887133,-0.037383551,-0.060416601,-0.035695657,-0.022451781,-0.005425183,0.003990929,-0.029379998,4.7801E-05
BR9_main,1.554747475,0.042298953,-0.00156652,0.148364506,-0.025808702,-0.029130625,-0.024566217,0.00121727,-0.023072586,-0.007960735,-0.028809165,-0.00022157,-0.369296268,-0.34152797,0.007554399,0.037769552,-0.008294615,-0.019031808,0.265491793,-0.038533182,-0.028780731,-0.009898406,0.09431045,-0.015325947,-0.033195059,-0.06034829,-0.035927978,-0.021334047,-0.005054878,0.002427533,-0.028559848,4.62717E-05
BR9_main,1.674343434,0.042289545,-0.00108783,0.124004029,-0.026208501,-0.027104094,-0.019983889,0.000873362,-0.019989137,-0.008184302,-0.016531161,6.39503E-06,-0.343069936,-0.349339901,-0.008422538,0.034342252,-0.00816839,-0.018159923,0.261878357,-0.036740866,-0.027248961,-0.009496948,0.071176631,-0.014768655,-0.029797437,-0.064024903,-0.037214386,-0.020443614,-0.00475494,-0.000795818,-0.027851266,4.49355E-05
BR9_main,1.793939394,0.042266296,-0.000773479,0.094845413,-0.026094213,-0.026141528,-0.015433988,0.000746464,-0.018804742,-0.008421506,0.008903175,0.000193705,-0.319785966,-0.318146423,-0.023766307,0.031360319,-0.008045072,-0.01753457,0.258460662,-0.035652488,-0.026081764,-0.009245098,0.054642066,-0.014212579,-0.026951344,-0.068427249,-0.038766709,-0.019702188,-0.004513148,-0.004345256,-0.027201382,4.37261E-05
BR9_main,1.913535354,0.042225663,-0.000589414,0.068108919,-0.025571781,-0.025945326,-0.010887603,0.000848989,-0.01882008,-0.008645307,0.033714477,0.000348134,-0.29898836,-0.258613042,-0.035325667,0.028793293,-0.007899392,-0.017070822,0.244349874,-0.035016228,-0.02518775,-0.009102383,0.043400132,-0.013665435,-0.024550051,-0.071830866,-0.040151726,-0.019066988,-0.004323089,-0.007327898,-0.026578122,4.26194E-05
BR9_main,2.033131313,0.04216002,-0.000487209,0.047195624,-0.024742704,-0.026289407,-0.006983423,0.001133205,-0.019429845,-0.008837682,0.050697364,0.000469541,-0.28024627,-0.19105854,-0.041091855,0.026548893,-0.007716679,-0.016702448,0.220885435,-0.034470871,-0.024471431,-0.009020213,0.03624449,-0.013132754,-0.022503906,-0.073963577,-0.041143287,-0.018506321,-0.004179396,-0.00944836,-0.025950371,4.15961E-05
BR9_main,2.152727273,0.042056127,-0.000425856,0.03221467,-0.023698996,-0.026969563,-0.004696254,0.001485751,-0.020130832,-0.008989911,0.059244392,0.000550836,-0.263268366,-0.130540936,-0.041173529,0.024549843,-0.00749461,-0.016383036,0.194918249,-0.03356958,-0.023850725,-0.008944615,0.031900127,-0.012621243,-0.020650403,-0.074921036,-0.041652677,-0.018000464,-0.004077366,-0.01078251,-0.025297308,4.06501E-05
BR9_main,2.272323232,0.041892441,-0.000383448,0.021867072,-0.022521017,-0.027799411,-0.004747681,0.001804689,-0.020645215,-0.009101116,0.061386333,0.000592038,-0.247900791,-0.083746017,-0.037555951,0.022806212,-0.007242363,-0.016083463,0.169504252,-0.032011782,-0.023268204,-0.008831984,0.028563672,-0.012138868,-0.018863307,-0.074792604,-0.041680229,-0.017540255,-0.004012129,-0.011524214,-0.024610284,3.97871E-05
BR9_main,2.391919192,0.041635057,-0.000351837,0.014639477,-0.021273037,-0.028618929,-0.006691965,0.002072652,-0.020919719,-0.00917486,0.059537351,0.000601205,-0.234052438,-0.051100182,-0.032513593,0.021383738,-0.006976146,-0.015785549,0.142602731,-0.029842536,-0.02268664,-0.008669848,0.024003507,-0.011691771,-0.017136719,-0.073777968,-0.041273792,-0.017121948,-0.003979064,-0.011846669,-0.023887306,3.9011E-05
BR9_main,2.511515152,0.041232311,-0.000328369,0.009292971,-0.020003065,-0.02931823,-0.009122792,0.00231359,-0.021017952,-0.00921674,0.055547562,0.000589359,-0.22165519,-0.029994239,-0.02728854,0.020317042,-0.006711654,-0.015477678,0.108668061,-0.02738175,-0.02207809,-0.008467888,0.017197677,-0.011282566,-0.015532312,-0.072072678,-0.040501847,-0.016744389,-0.003976688,-0.01187926,-0.023129592,3.83127E-05
BR9_main,2.631111111,0.040609259,-0.000311666,0.005060723,-0.018744858,-0.02985243,-0.011020306,0.002525825,-0.020965216,-0.009232802,0.050581711,0.000566454,-0.210645744,-0.017091794,-0.022384717,0.019586003,-0.006453467,-0.015151909,0.06394974,-0.025027986,-0.021432466,-0.00823189,0.009626736,-0.010909394,-0.014116262,-0.069783814,-0.039437128,-0.016407669,-0.004006052,-0.011717005,-0.022339658,3.76585E-05
BR9_main,2.750707071,0.039666008,-0.000299437,0.001613351,-0.017517821,-0.030219343,-0.012248644,0.00265087,-0.020702702,-0.009226985,0.045384714,0.000539553,-0.200926133,-0.009505239,-0.018368764,0.019134314,-0.006189413,-0.014799793,0.012563251,-0.023060147,-0.020766277,-0.00796358,0.003704911,-0.010563517,-0.012910387,-0.067007463,-0.038141223,-0.01611004,-0.004057918,-0.011426597,-0.021516909,3.6973E-05
BR9_main,2.87030303,0.038288901,-0.000287661,-0.001196732,-0.016347435,-0.03045126,-0.013013339,0.002587384,-0.020346953,-0.00921003,0.040531842,0.00051339,-0.192565951,-0.005175761,-0.015720872,0.018901077,-0.005906408,-0.01442649,-0.035427679,-0.021574072,-0.02008949,-0.007667891,0.000615119,-0.010239609,-0.011916834,-0.063945911,-0.036698703,-0.015864014,-0.004102791,-0.011063559,-0.020679236,3.61684E-05
BR9_main,2.98989899,0.036387409,-0.000273561,-0.003540853,-0.015274355,-0.030599598,-0.013413234,0.002290229,-0.020171914,-0.009205847,0.036472285,0.000491374,-0.18591156,-0.002768804,-0.014468745,0.018831285,-0.005605889,-0.014059451,-0.071426853,-0.020551468,-0.019387804,-0.007362402,7.33822E-05,-0.009942078,-0.011166968,-0.060900327,-0.035235538,-0.015706141,-0.004101317,-0.010684125,-0.019874166,3.51637E-05
BR9_main,3.109494949,0.033959979,-0.000260417,-0.005622675,-0.014313326,-0.030686198,-0.013425793,0.001860765,-0.020283787,-0.00922798,0.03334911,0.000475009,-0.181100274,-0.001453982,-0.014276196,0.018824318,-0.005296498,-0.013711151,-0.092580563,-0.019905667,-0.018658744,-0.007070262,0.001034189,-0.009660325,-0.01068054,-0.058056127,-0.033822699,-0.01565251,-0.004017741,-0.010320668,-0.019125294,3.38003E-05
BR9_main,3.229090909,0.031155288,-0.000256937,-0.007622551,-0.013463921,-0.030802397,-0.013060903,0.001466896,-0.02069011,-0.009281483,0.030956926,0.000464506,-0.178147022,-0.00074061,-0.014705921,0.01874068,-0.00500094,-0.013384153,-0.1002856,-0.019547718,-0.017955194,-0.00681029,0.002264158,-0.009376458,-0.010437221,-0.055499169,-0.032491527,-0.01568935,-0.00384481,-0.009988947,-0.018440716,3.19547E-05
BR9_main,3.348686869,0.028260684,-0.000271316,-0.009672944,-0.012719758,-0.031050345,-0.012391062,0.001195485,-0.021389837,-0.009365126,0.028904295,0.000458832,-0.177014495,-0.000351597,-0.015409861,0.018424679,-0.004749286,-0.013076951,-0.097678144,-0.019408259,-0.017323447,-0.006581806,0.002766628,-0.009076172,-0.010367241,-0.053252912,-0.031250703,-0.015747886,-0.003618669,-0.009695174,-0.017821643,2.97508E-05
BR9_main,3.468282828,0.025592845,-0.00030892,-0.01185444,-0.012073367,-0.031433865,-0.01155286,0.001037678,-0.022278423,-0.009471555,0.027019672,0.000455638,-0.177624331,-0.00013514,-0.01618861,0.017743548,-0.004561462,-0.012787515,-0.088961953,-0.019440028,-0.016768318,-0.006376857,0.001952179,-0.008758023,-0.010356921,-0.051307022,-0.030096816,-0.01568272,-0.003399029,-0.009440415,-0.017267249,2.75151E-05
BR9_main,3.587878788,0.023369145,-0.000371595,-0.014192078,-0.011517147,-0.031913906,-0.010706264,0.00095121,-0.023131223,-0.009584335,0.025422049,0.000451645,-0.179783761,-8.42297E-06,-0.016948557,0.016634759,-0.004439661,-0.012514094,-0.078094344,-0.019610146,-0.016266714,-0.006200794,-0.00048431,-0.008435008,-0.010289067,-0.04963097,-0.029018048,-0.015335787,-0.003229472,-0.009222356,-0.016775553,2.55124E-05
BR9_main,3.707474747,0.021656852,-0.000451954,-0.016631221,-0.011033618,-0.032440423,-0.009962052,0.000898863,-0.023767951,-0.009665545,0.024165313,0.000443576,-0.182874527,7.50742E-05,-0.017635307,0.01512622,-0.004373491,-0.01224472,-0.067128825,-0.019864587,-0.015788397,-0.006060519,-0.004618735,-0.0081205,-0.010109276,-0.048139731,-0.027971997,-0.014674644,-0.00312034,-0.009028392,-0.016329205,2.38412E-05
BR9_main,3.827070707,0.020407787,-0.00052476,-0.019030329,-0.010606083,-0.032972982,-0.009372344,0.000860026,-0.024090583,-0.009664329,0.023161179,0.000431098,-0.185834778,0.000143684,-0.018220046,0.013345682,-0.004349821,-0.011968355,-0.056578915,-0.020126714,-0.015342016,-0.005955664,-0.009872253,-0.007826357,-0.009860916,-0.046744563,-0.026915174,-0.013850889,-0.003062696,-0.008844565,-0.015910677,2.25116E-05
BR9_main,3.946666667,0.019521705,-0.000549177,-0.021170694,-0.010225188,-0.033487889,-0.008945586,0.000829444,-0.023911785,-0.009537874,0.022300877,0.000417423,-0.187405904,0.000217706,-0.018706687,0.011475759,-0.004356076,-0.011682706,-0.046537553,-0.020315055,-0.014966005,-0.005879509,-0.014316143,-0.007562162,-0.009630049,-0.045387337,-0.025823404,-0.013062383,-0.003043099,-0.00866209,-0.01551263,2.15059E-05
BR9_main,4.066262626,0.018893647,-0.000498593,-0.022771565,-0.009885829,-0.033970213,-0.008656851,0.00080972,-0.022970969,-0.009273888,0.021509221,0.000405458,-0.18676294,0.000313837,-0.019122222,0.009682696,-0.004381918,-0.011390968,-0.037151423,-0.020366458,-0.014681449,-0.005822023,-0.015279929,-0.007332422,-0.009479541,-0.04403174,-0.02468645,-0.012409082,-0.003049145,-0.008475864,-0.015133777,2.07951E-05
BR9_main,4.185858586,0.018436079,-0.000394397,-0.02351754,-0.009585319,-0.034413654,-0.008460221,0.000802404,-0.021228796,-0.008898366,0.020744106,0.000396352,-0.184161386,0.000442905,-0.019496031,0.008074544,-0.00441829,-0.011099313,-0.028706008,-0.020266219,-0.014480517,-0.005774081,-0.01200507,-0.007137302,-0.009436205,-0.042657892,-0.023504428,-0.011895997,-0.003070833,-0.008283549,-0.014776093,2.03484E-05
BR9_main,4.305454545,0.018083614,-0.000284772,-0.023135347,-0.009322183,-0.034821525,-0.008302854,0.00080337,-0.01905283,-0.008458358,0.019984716,0.000391038,-0.180681093,0.000597818,-0.019852798,0.006696659,-0.004453479,-0.010814924,-0.021510906,-0.020044607,-0.014340343,-0.005729497,-0.006503558,-0.00697422,-0.009485273,-0.041258437,-0.022284953,-0.01149338,-0.003100439,-0.008084905,-0.014442849,2.01387E-05
BR9_main,4.425050505,0.01778987,-0.000198884,-0.021593847,-0.009095323,-0.035205745,-0.008140458,0.000810043,-0.016916825,-0.007998608,0.019223127,0.000390571,-0.177358455,0.000737948,-0.020220998,0.005548955,-0.004471762,-0.010544591,-0.015700113,-0.019739758,-0.014233554,-0.005684136,-0.001186233,-0.006839211,-0.009568722,-0.039835419,-0.021040708,-0.011171493,-0.003132133,-0.007881242,-0.014137301,2.01458E-05
BR9_main,4.544646465,0.017522638,-0.000140332,-0.019199478,-0.008903327,-0.035581252,-0.007950231,0.000829058,-0.015064344,-0.007549907,0.018459058,0.000394692,-0.174726654,0.00080239,-0.020629914,0.004606936,-0.00445792,-0.010293736,-0.011197348,-0.019379062,-0.014129133,-0.005631622,0.002803363,-0.006727762,-0.009626347,-0.038397152,-0.019787069,-0.010908862,-0.003161589,-0.007674856,-0.013861736,2.03575E-05
BR9_main,4.664242424,0.017259418,-0.000102478,-0.016380616,-0.008743801,-0.035953978,-0.007739335,0.000864897,-0.013508622,-0.00712954,0.017695967,0.000400838,-0.172903609,0.000763451,-0.021087334,0.00383727,-0.004405055,-0.010065692,-0.007798324,-0.01898226,-0.013991711,-0.005559589,0.005406567,-0.006635144,-0.009628095,-0.036954771,-0.018539774,-0.010690739,-0.003185623,-0.00746839,-0.01361665,2.07691E-05
BR9_main,4.783838384,0.016984034,-7.79765E-05,-0.013500549,-0.008613507,-0.036309821,-0.007554536,0.000909877,-0.012195365,-0.006746235,0.016939456,0.00040531,-0.171819611,0.000648372,-0.021569426,0.003206824,-0.004316189,-0.009862104,-0.005258747,-0.01856487,-0.013791994,-0.00545914,0.006986188,-0.006556979,-0.009572425,-0.035521966,-0.017314391,-0.010506988,-0.003202111,-0.007264816,-0.013401229,2.13832E-05
BR9_main,4.903434343,0.016684303,-6.12748E-05,-0.010815104,-0.008508254,-0.036616313,-0.007475681,0.000949781,-0.011085041,-0.006403696,0.016195605,0.000405361,-0.171353115,0.000508289,-0.022041566,0.002686372,-0.004199749,-0.009683071,-0.003354407,-0.018136063,-0.013524511,-0.005336588,0.007925683,-0.006489348,-0.009474564,-0.034113324,-0.016125207,-0.010350196,-0.003209833,-0.007067149,-0.013213409,2.22069E-05
BR9_main,5.023030303,0.016350401,-4.86966E-05,-0.008471999,-0.008422864,-0.036847833,-0.007565336,0.000974758,-0.010152368,-0.006102544,0.015469899,0.00040014,-0.171384798,0.000386745,-0.022479082,0.002251512,-0.00406761,-0.009527348,-0.001906493,-0.017697287,-0.013210763,-0.00520395,0.008505884,-0.006428783,-0.00935405,-0.03274281,-0.014984371,-0.010214464,-0.003208323,-0.006878167,-0.013049958,2.32475E-05
BR9_main,5.142626263,0.015974212,-3.78625E-05,-0.006526939,-0.008351429,-0.037005715,-0.007817589,0.000982577,-0.009390455,-0.005841493,0.014767026,0.000390399,-0.171814733,0.000300582,-0.02285521,0.001882388,-0.003933051,-0.00939274,-0.00078199,-0.017247194,-0.012881183,-0.005068996,0.008907057,-0.006372305,-0.009224626,-0.031423168,-0.013901644,-0.01009489,-0.003197765,-0.006700322,-0.01290684,2.45031E-05
BR9_main,5.262222222,0.015548906,-2.67184E-05,-0.004971655,-0.008287661,-0.037104351,-0.008164555,0.000974206,-0.008798976,-0.005618098,0.01409102,0.000377868,-0.172564108,0.000240778,-0.023125907,0.001562972,-0.003806051,-0.009276443,0.000115549,-0.016793357,-0.012558229,-0.00493611,0.009239322,-0.006317419,-0.009090047,-0.030165483,-0.012884319,-0.009987292,-0.003178876,-0.006535686,-0.012779538,2.59485E-05
BR9_main,5.381818182,0.015068577,-1.31336E-05,-0.003762518,-0.008225308,-0.0371485,-0.008529699,0.00095147,-0.008364998,-0.005429267,0.013445529,0.000364708,-0.173572289,0.000192298,-0.023242334,0.001280314,-0.003690908,-0.009175331,0.000855591,-0.016350986,-0.012254083,-0.004807819,0.009566554,-0.006262095,-0.008947075,-0.028978941,-0.011937294,-0.009888072,-0.003152768,-0.006385925,-0.01266335,2.75149E-05
BR9_main,5.501414141,0.0145285,2.91905E-06,-0.002842263,-0.00815856,-0.037123646,-0.008887136,0.000917304,-0.008063947,-0.005271625,0.012833907,0.000352969,-0.174793169,0.000150054,-0.023175241,0.001023917,-0.003587911,-0.009086183,0.001486808,-0.015922915,-0.011975071,-0.004684197,0.009916673,-0.006204738,-0.008795467,-0.027870742,-0.011063274,-0.009794145,-0.003120803,-0.006252299,-0.012553632,2.90709E-05
BR9_main,5.621010101,0.013925521,1.78309E-05,-0.002153368,-0.008082386,-0.036992293,-0.00925388,0.000876123,-0.007869188,-0.005141772,0.012259003,0.00034397,-0.176192044,0.000116611,-0.022923815,0.000785287,-0.00349597,-0.009005857,0.002037547,-0.015522422,-0.011723812,-0.004563845,0.010280816,-0.006144164,-0.008652883,-0.026846171,-0.010263036,-0.009702911,-0.003084459,-0.006135688,-0.012446013,3.04214E-05
BR9_main,5.740606061,0.013258615,2.92722E-05,-0.001644802,-0.007992815,-0.03670072,-0.009631864,0.000833815,-0.00775552,-0.005036474,0.011722937,0.000337935,-0.177744137,9.36058E-05,-0.022496836,0.000557691,-0.003414122,-0.008931463,0.002510496,-0.015209105,-0.01149694,-0.004448006,0.010610545,-0.006079603,-0.008558778,-0.025908888,-0.009535803,-0.009612288,-0.003045246,-0.006036665,-0.012336629,3.13454E-05
BR9_main,5.86020202,0.012529568,3.94706E-05,-0.001274499,-0.007887277,-0.036211558,-0.009999195,0.000796609,-0.007695502,-0.004952904,0.011227391,0.00033424,-0.17943795,7.94419E-05,-0.021895169,0.000336188,-0.003341978,-0.008860698,0.002882843,-0.015035925,-0.011280786,-0.004338481,0.010828901,-0.006010831,-0.008546414,-0.025061826,-0.008879782,-0.009520956,-0.003004724,-0.005955694,-0.012222585,3.16741E-05
BR9_main,5.97979798,0.011743548,5.13728E-05,-0.001009347,-0.007764238,-0.035543713,-0.010343206,0.000769218,-0.007656921,-0.004888414,0.010773309,0.000331966,-0.181264587,7.13245E-05,-0.021137086,0.000117903,-0.003279346,-0.008791412,0.00312247,-0.014967263,-0.01104996,-0.004237587,0.010865937,-0.005937808,-0.008619291,-0.024305935,-0.008291908,-0.009427787,-0.002964322,-0.005892839,-0.012101378,3.13587E-05
BR9_main,6.099393939,0.010909697,6.58991E-05,-0.000824234,-0.007622908,-0.034771145,-0.010664803,0.000754058,-0.007613918,-0.004840359,0.010361103,0.000330138,-0.183208187,6.69159E-05,-0.020276938,-9.72144E-05,-0.003225773,-0.008721245,0.003201645,-0.014910504,-0.010777841,-0.00415075,0.010705001,-0.005860388,-0.008761088,-0.023639487,-0.007767865,-0.009331443,-0.002925204,-0.005847557,-0.011970393,3.04769E-05
BR9_main,6.218989899,0.010041271,8.30738E-05,-0.000700812,-0.007463344,-0.033964928,-0.010957466,0.000751749,-0.007562754,-0.004806149,0.009991356,0.000327633,-0.185245906,6.47117E-05,-0.019363494,-0.000305356,-0.003180383,-0.008647736,0.003107455,-0.014805201,-0.010457067,-0.004078508,0.010399302,-0.005778351,-0.008937576,-0.023058738,-0.007302534,-0.00923044,-0.002888322,-0.005818793,-0.011827068,2.91866E-05
BR9_main,6.338585859,0.009154733,0.000103263,-0.000626341,-0.007286438,-0.03313055,-0.011186957,0.000761818,-0.007520847,-0.004783251,0.009664943,0.000323437,-0.187347715,6.38599E-05,-0.018407738,-0.000498115,-0.003141776,-0.008568374,0.002861513,-0.014642511,-0.010113411,-0.004016283,0.010038827,-0.00569142,-0.009103718,-0.022558364,-0.006890325,-0.009123171,-0.002854422,-0.005805038,-0.011668988,2.76754E-05
BR9_main,6.458181818,0.00826826,0.000127036,-0.000592913,-0.007093784,-0.032211635,-0.011301417,0.000783149,-0.007517593,-0.004769159,0.009381996,0.000317091,-0.189475275,6.39098E-05,-0.017412721,-0.000662833,-0.003107844,-0.008480602,0.002528122,-0.014423916,-0.009794225,-0.003961265,0.009701923,-0.005599247,-0.009221185,-0.022131662,-0.006525374,-0.00900791,-0.002823989,-0.005804334,-0.011493907,2.61201E-05
BR9_main,6.577777778,0.007399977,0.000154803,-0.000597297,-0.006887599,-0.031174473,-0.011275172,0.000814279,-0.00758576,-0.004761453,0.009140525,0.000308684,-0.191585087,6.46413E-05,-0.016408832,-0.000784186,-0.00307561,-0.008381998,0.002179199,-0.014140079,-0.009533958,-0.003909908,0.009431447,-0.005501518,-0.009267305,-0.021771148,-0.006201822,-0.008882994,-0.002797199,-0.005814392,-0.011300008,2.46559E-05
BR9_main,6.697373737,0.00656623,0.00018694,-0.000641423,-0.00667052,-0.030023189,-0.011123393,0.000853703,-0.007745492,-0.004757846,0.008935624,0.0002985,-0.193631599,6.59646E-05,-0.015432845,-0.000846132,-0.003041317,-0.008270435,0.001856287,-0.013797024,-0.009327583,-0.003856554,0.009238191,-0.00539804,-0.009228197,-0.021469017,-0.005913988,-0.008746976,-0.00277385,-0.005832693,-0.011086106,2.33637E-05
BR9_main,6.816969697,0.005780374,0.000224046,-0.00073349,-0.006445264,-0.028698725,-0.010874268,0.000900229,-0.007977255,-0.004756189,0.008760276,0.000286872,-0.195568291,6.78677E-05,-0.01450448,-0.00083461,-0.003001033,-0.008144129,0.00157183,-0.013437558,-0.009135852,-0.003800601,0.0091146,-0.005288739,-0.009092007,-0.021217282,-0.005656438,-0.008598659,-0.002753268,-0.005856526,-0.010851679,2.22762E-05
BR9_main,6.936565657,0.005052244,0.000267131,-0.000889736,-0.006214284,-0.027115954,-0.0105495,0.00095258,-0.00820227,-0.004754457,0.008607671,0.000274307,-0.197348506,7.03916E-05,-0.013636103,-0.000742001,-0.00295147,-0.008001657,0.001324232,-0.01312494,-0.008926296,-0.00374547,0.009046437,-0.00517366,-0.008858503,-0.021007856,-0.005424015,-0.008437102,-0.002734269,-0.005883022,-0.010596857,2.13938E-05
BR9_main,7.056161616,0.004387949,0.000317817,-0.001137059,-0.005979501,-0.02532755,-0.010165808,0.001007814,-0.008338812,-0.004750734,0.008473374,0.000261492,-0.198925928,7.36217E-05,-0.012840449,-0.000570926,-0.002890272,-0.007841953,0.001106781,-0.012904427,-0.008706196,-0.003690183,0.009019242,-0.005052932,-0.008546751,-0.020832576,-0.005211858,-0.008261598,-0.002715186,-0.005909177,-0.010322363,2.07002E-05
BR9_main,7.175757576,0.003790466,0.000377968,-0.001516307,-0.005742192,-0.02353155,-0.009740128,0.001060343,-0.008384095,-0.004743201,0.00835566,0.000249026,-0.200254805,7.76879E-05,-0.012125547,-0.000334206,-0.002815914,-0.00766429,0.000911162,-0.012782067,-0.008492565,-0.003626508,0.009020825,-0.00492674,-0.008187728,-0.020683197,-0.005015416,-0.00807163,-0.002693956,-0.005931886,-0.010029422,2.01716E-05
BR9_main,7.295353535,0.003259976,0.000447824,-0.002084117,-0.005503139,-0.021907499,-0.009290315,0.001102637,-0.008374657,-0.004730141,0.008253927,0.000237147,-0.201291241,8.27695E-05,-0.011492555,-5.08244E-05,-0.002727815,-0.007468289,0.00072859,-0.012721745,-0.008264907,-0.003543648,0.009041689,-0.004795319,-0.007812541,-0.020551481,-0.004830491,-0.007866868,-0.002668288,-0.00594801,-0.00971972,1.97828E-05
BR9_main,7.414949495,0.002793934,0.000522707,-0.002905339,-0.005263003,-0.020521119,-0.008832964,0.001126117,-0.00832527,-0.00470999,0.008166536,0.000225804,-0.20199599,8.90955E-05,-0.010938392,0.000259994,-0.002626583,-0.007253974,0.000549875,-0.012635257,-0.00797561,-0.003434656,0.009074697,-0.004658984,-0.00744454,-0.020429423,-0.004653313,-0.007647206,-0.002635915,-0.005954503,-0.00939541,1.951E-05
BR9_main,7.534545455,0.002387937,0.000590341,-0.004015096,-0.005022743,-0.019374525,-0.008381422,0.001123324,-0.008237727,-0.004681377,0.008089489,0.000215004,-0.202336854,9.69243E-05,-0.010458704,0.000583903,-0.002514022,-0.007021815,0.000364875,-0.012410037,-0.007612877,-0.003299265,0.009114588,-0.004518144,-0.00709461,-0.020309393,-0.004480591,-0.00741277,-0.002594889,-0.005948536,-0.009059096,1.93316E-05
BR9_main,7.654141414,0.002036534,0.000632847,-0.005317882,-0.004783916,-0.018454049,-0.007945298,0.001091146,-0.008103671,-0.004643149,0.008016314,0.000205068,-0.202290826,0.00010644,-0.01004945,0.000914161,-0.002392889,-0.006772755,0.000161355,-0.011980328,-0.007218158,-0.003142434,0.009157501,-0.004373322,-0.006759052,-0.020184218,-0.004309549,-0.007163908,-0.002543866,-0.005927618,-0.008713799,1.92289E-05
BR9_main,7.773737374,0.001733902,0.000634512,-0.006450266,-0.00454875,-0.017722846,-0.007531048,0.001031703,-0.007903776,-0.004594427,0.007938784,0.000196474,-0.201847128,0.000117431,-0.009707574,0.001252013,-0.002266649,-0.006508268,-7.6799E-05,-0.011361233,-0.006826409,-0.002970517,0.009200688,-0.004225199,-0.006424839,-0.02004733,-0.004137967,-0.006901203,-0.002482312,-0.005889729,-0.008362956,1.91858E-05
BR9_main,7.893333333,0.001474304,0.000591324,-0.006859051,-0.004319964,-0.017132852,-0.007142689,0.000950622,-0.007653714,-0.004534641,0.007847844,0.000189435,-0.20100915,0.000128567,-0.009430948,0.00160493,-0.00213924,-0.006230424,-0.000372128,-0.010617642,-0.006457768,-0.002788624,0.009242326,-0.004074643,-0.006083257,-0.019892808,-0.003964188,-0.006625487,-0.002410558,-0.00583342,-0.008010365,1.91887E-05
BR9_main,8.012929293,0.001252348,0.000515583,-0.006308367,-0.004100403,-0.016640535,-0.006782391,0.000854673,-0.007415461,-0.004463535,0.007734472,0.000183686,-0.199795264,0.000136814,-0.009217392,0.001982473,-0.002014765,-0.005941933,-0.000756702,-0.009811715,-0.006137616,-0.002600703,0.009281337,-0.00392272,-0.005737598,-0.019715361,-0.003787091,-0.006337879,-0.002329694,-0.005757862,-0.007660117,1.92262E-05
BR9_main,8.132525253,0.001062935,0.00042635,-0.00517311,-0.003892607,-0.01621511,-0.006451099,0.00074987,-0.00724033,-0.00438114,0.007590381,0.000178738,-0.198237568,0.000139223,-0.009062277,0.002391047,-0.001897092,-0.005646201,-0.001274087,-0.009001052,-0.005867055,-0.00241123,0.009317194,-0.003770669,-0.005396256,-0.019510312,-0.003605999,-0.006039897,-0.002241381,-0.005662813,-0.007316477,1.92886E-05
BR9_main,8.252121212,0.000901662,0.000336183,-0.003995274,-0.003698584,-0.015840047,-0.006149061,0.00063946,-0.007140255,-0.004287854,0.007408851,0.000174225,-0.196385791,0.000136417,-0.008954866,0.00283062,-0.001789509,-0.005347531,-0.00197358,-0.008273063,-0.005628809,-0.00222725,0.009350047,-0.00361997,-0.005064803,-0.019274382,-0.003420692,-0.005733822,-0.002147704,-0.005548716,-0.006983987,1.93675E-05
BR9_main,8.371717172,0.000764839,0.00024962,-0.003061966,-0.003519647,-0.015506047,-0.005874949,0.00052339,-0.007100553,-0.004184426,0.007185368,0.000169977,-0.194305996,0.000131667,-0.008875353,0.003294458,-0.001694498,-0.005050953,-0.002880245,-0.007734142,-0.005418452,-0.002058719,0.009380663,-0.003472337,-0.004745227,-0.019006231,-0.003231312,-0.00542268,-0.002051004,-0.005416628,-0.006667431,1.94562E-05
BR9_main,8.491313131,0.000649076,0.000168295,-0.002419275,-0.003356427,-0.015216963,-0.00562664,0.000403849,-0.007097508,-0.004071881,0.006918152,0.000165928,-0.192075959,0.000127488,-0.008796637,0.003770434,-0.001613675,-0.004761338,-0.003923416,-0.007441936,-0.005240282,-0.001915153,0.009410283,-0.003329696,-0.00443814,-0.018706715,-0.003038212,-0.005110438,-0.001953717,-0.005268049,-0.00637176,1.95482E-05
BR9_main,8.610909091,0.000551406,9.56377E-05,-0.002015117,-0.003209166,-0.014993873,-0.005407054,0.00029132,-0.007108224,-0.003951567,0.006608867,0.000162067,-0.189785387,0.00012499,-0.008689957,0.004242857,-0.001547904,-0.004482696,-0.004865842,-0.007356647,-0.005088296,-0.001801107,0.009440733,-0.003194395,-0.004144683,-0.018379284,-0.002841924,-0.004804945,-0.001858293,-0.005104888,-0.00610224,1.96379E-05
BR9_main,8.730505051,0.000469252,3.82971E-05,-0.001782752,-0.003077999,-0.0148515,-0.005225205,0.000200729,-0.007112454,-0.00382517,0.006263016,0.00015843,-0.187533131,0.000124582,-0.008529273,0.004693309,-0.001497389,-0.004221049,-0.005378258,-0.007365984,-0.004949915,-0.001716039,0.009474443,-0.003069538,-0.003867216,-0.01802962,-0.002643086,-0.004521262,-0.00176711,-0.004929371,-0.005864392,1.97201E-05
BR9_main,8.85010101,0.00040039,1.53633E-06,-0.001668104,-0.0029631,-0.014761904,-0.005084161,0.000142876,-0.007092999,-0.003694739,0.005889998,0.00015508,-0.185422826,0.000126437,-0.008303896,0.005099519,-0.001461667,-0.003991382,-0.005279446,-0.007367317,-0.004822625,-0.0016563,0.009514484,-0.00295943,-0.00360894,-0.017664764,-0.002442391,-0.004277586,-0.001682403,-0.004743919,-0.005663538,1.97898E-05
BR9_main,8.96969697,0.000342844,-1.64039E-05,-0.001633179,-0.002864669,-0.014657021,-0.004971359,0.000118604,-0.007040308,-0.003562765,0.005503098,0.000152088,-0.183558596,0.000130685,-0.008037483,0.005437578,-0.001439517,-0.003817824,-0.004668386,-0.007326379,-0.004708484,-0.001615726,0.009564681,-0.002869852,-0.003373266,-0.017292326,-0.002240558,-0.004088391,-0.001606216,-0.004551078,-0.005503914,1.98429E-05
BR9_main,9.089292929,0.000294837,-2.0594E-05,-0.001652772,-0.002782788,-0.014490222,-0.004868114,0.000119171,-0.00695881,-0.003432303,0.005120089,0.000149545,-0.182039083,0.000137498,-0.00777243,0.005694364,-0.001428836,-0.003722579,-0.003824956,-0.007265582,-0.004596692,-0.001587282,0.009629754,-0.002807451,-0.003163492,-0.016919899,-0.002038336,-0.003967878,-0.001540347,-0.004353462,-0.005387786,1.98758E-05
BR9_main,9.208888889,0.000255005,-1.18903E-05,-0.001710456,-0.002717215,-0.01428136,-0.004764365,0.000133965,-0.006869475,-0.003307105,0.004764774,0.000147571,-0.180948181,0.000147127,-0.007534093,0.00587746,-0.001426612,-0.003716033,-0.003015597,-0.007216605,-0.004460751,-0.001566073,0.009715408,-0.002777455,-0.002982615,-0.016554656,-0.001836515,-0.003933954,-0.001486256,-0.00415368,-0.005315288,1.98856E-05
BR9_main,9.328484848,0.000222262,1.05755E-05,-0.001795458,-0.002667254,-0.014100657,-0.004660867,0.00015688,-0.006806122,-0.003191794,0.004467393,0.000146299,-0.180343425,0.000159921,-0.007327196,0.00600519,-0.001429161,-0.003793545,-0.002374739,-0.007196856,-0.004285745,-0.001550866,0.009828424,-0.00278101,-0.002833057,-0.016203163,-0.00163598,-0.003988493,-0.00144494,-0.003954295,-0.005285094,1.98705E-05
BR9_main,9.448080808,0.000195583,4.1609E-05,-0.001900496,-0.002631765,-0.014027033,-0.00456245,0.000185916,-0.006806621,-0.003092078,0.004258166,0.000145854,-0.180244175,0.000176334,-0.007156045,0.006092845,-0.001432677,-0.003923833,-0.001925823,-0.0072134,-0.004130332,-0.001542471,0.009976847,-0.002815384,-0.002716369,-0.015871408,-0.001437858,-0.004088605,-0.001416826,-0.00375786,-0.005294809,1.98292E-05
BR9_main,9.567676768,0.000174083,7.33302E-05,-0.002020367,-0.002609246,-0.014092412,-0.004471398,0.000220009,-0.006902812,-0.00301481,0.004149023,0.000146345,-0.180617724,0.000196908,-0.007036139,0.006153225,-0.001433846,-0.004040424,-0.001644407,-0.00726968,-0.004098339,-0.001539543,0.010170065,-0.002872806,-0.002633078,-0.015564709,-0.001243765,-0.004173067,-0.0014017,-0.003566975,-0.005340026,1.97605E-05
BR9_main,9.687272727,0.000157004,0.000100236,-0.002151013,-0.002597891,-0.014253373,-0.004384174,0.000257763,-0.007109523,-0.002967714,0.004112958,0.000147864,-0.181364403,0.000222252,-0.006986005,0.006204892,-0.001430294,-0.004072111,-0.001497099,-0.007363766,-0.004206976,-0.001535813,0.010418672,-0.002931227,-0.002582885,-0.015287359,-0.001056248,-0.004220872,-0.001398682,-0.003384385,-0.005412328,1.96626E-05
BR9_main,9.806868687,0.000143701,0.000117247,-0.002288945,-0.002595574,-0.014443104,-0.004291918,0.000299921,-0.007398951,-0.002958755,0.00409058,0.000150494,-0.182307019,0.000252957,-0.007015409,0.006275968,-0.001420688,-0.003987767,-0.001456188,-0.007475499,-0.004360363,-0.001524047,0.010734031,-0.00295019,-0.002565006,-0.015042174,-0.000879545,-0.004221883,-0.001406265,-0.0032132,-0.005497725,1.95327E-05
BR9_main,9.926464646,0.00013362,0.000117938,-0.002430907,-0.0025997,-0.014629122,-0.004183765,0.000351409,-0.007659078,-0.002995786,0.004041182,0.00015432,-0.183189287,0.000289462,-0.007130427,0.006392219,-0.001404147,-0.003818195,-0.001502552,-0.007555827,-0.004441748,-0.001503134,0.011127252,-0.002888073,-0.002577959,-0.014829947,-0.000720768,-0.004151409,-0.001422398,-0.00305729,-0.005578644,1.93683E-05
BR9_main,10.04606061,0.000126132,9.86279E-05,-0.002573672,-0.002606979,-0.014793885,-0.004049894,0.000416554,-0.007737692,-0.003086249,0.003998806,0.000159442,-0.18368856,0.000331788,-0.007345089,0.006547659,-0.001379314,-0.003644232,-0.001624337,-0.007541473,-0.004377532,-0.001479646,0.011607036,-0.002725739,-0.002618283,-0.014648794,-0.00059135,-0.004024738,-0.001444595,-0.002921929,-0.005641249,1.91688E-05
BR9_main,10.16565657,0.000120819,6.41087E-05,-0.002713845,-0.002613245,-0.014921152,-0.003881028,0.000493189,-0.007622796,-0.003230657,0.00408093,0.000165976,-0.183448748,0.000379125,-0.007680404,0.00668261,-0.001344664,-0.003539694,-0.001814353,-0.007397368,-0.004163375,-0.001463415,0.012175709,-0.002477332,-0.002679297,-0.014493536,-0.000507645,-0.00390123,-0.001470066,-0.002814591,-0.005682522,1.89351E-05
BR9_main,10.28525253,0.000117499,2.54772E-05,-0.002847331,-0.002613469,-0.015005636,-0.003663817,0.000569724,-0.007471723,-0.003409597,0.004458349,0.000174051,-0.182138202,0.000429249,-0.008153584,0.006686371,-0.001300302,-0.003529846,-0.0020668,-0.007157029,-0.003878312,-0.00146206,0.012823037,-0.002207834,-0.002752715,-0.01435541,-0.000487843,-0.003835847,-0.001495838,-0.00274516,-0.005706639,1.8665E-05
BR9_main,10.40484848,0.000115895,-6.28254E-06,-0.002967766,-0.002602057,-0.015073977,-0.003376001,0.000625955,-0.007444722,-0.003582005,0.005284008,0.000183753,-0.179531595,0.000477932,-0.00876722,0.006417929,-0.001249478,-0.003604065,-0.002372966,-0.006896676,-0.003618817,-0.001476006,0.013519055,-0.002047862,-0.002835075,-0.014222421,-0.000542987,-0.003869264,-0.00151887,-0.00272259,-0.005708942,1.83467E-05
BR9_main,10.52444444,0.000115755,-2.36945E-05,-0.003063085,-0.002573483,-0.015216936,-0.002986868,0.000642717,-0.00764806,-0.003694892,0.006537572,0.000195039,-0.17560925,0.000518793,-0.009496903,0.005772596,-0.001198285,-0.003738521,-0.002715145,-0.006668732,-0.003441964,-0.001496409,0.01421151,-0.002132264,-0.002936577,-0.014080618,-0.000667891,-0.004030901,-0.001536157,-0.002742369,-0.005670132,1.79698E-05
BR9_main,10.6440404,0.000116867,-2.32346E-05,-0.003111749,-0.002523233,-0.015550226,-0.002463504,0.000599547,-0.008108757,-0.003708709,0.007847302,0.000207627,-0.170658981,0.000544363,-0.010266987,0.00480345,-0.001153848,-0.003899312,-0.003058673,-0.006483885,-0.003376969,-0.001506065,0.014838067,-0.0024808,-0.003086608,-0.013916286,-0.000842316,-0.00429184,-0.001544825,-0.002769394,-0.005574542,1.75672E-05
BR9_main,10.76363636,0.000119047,-6.70347E-06,-0.003086952,-0.002448984,-0.016161744,-0.001788105,0.000457779,-0.008692168,-0.003634005,0.008522963,0.000221057,-0.165357855,0.000548517,-0.010920029,0.003786888,-0.001122431,-0.004042536,-0.003344652,-0.006331982,-0.00341885,-0.001483689,0.01535736,-0.002963108,-0.00333045,-0.013718648,-0.00103878,-0.004525474,-0.001542269,-0.002762049,-0.005424287,1.72497E-05
BR9_main,10.88323232,0.00012214,1.80698E-05,-0.00297409,-0.002351849,-0.017090602,-0.001011006,0.000168084,-0.009101472,-0.003526641,0.008054866,0.000234963,-0.160793501,0.000528581,-0.011240013,0.003112552,-0.001108448,-0.004122137,-0.003491347,-0.006199114,-0.003534371,-0.001415452,0.015780246,-0.003379356,-0.003712,-0.013482195,-0.001225727,-0.004586487,-0.001526372,-0.002749434,-0.005233647,1.71165E-05
BR9_main,11.00282828,0.000125886,3.82153E-05,-0.002781553,-0.002237459,-0.018253463,-0.000339411,-0.000300243,-0.00898562,-0.003434462,0.006618029,0.000249304,-0.158346848,0.000484887,-0.011045126,0.003094369,-0.001114292,-0.004097427,-0.00341684,-0.006073614,-0.003687985,-0.001302173,0.016171123,-0.003551893,-0.004240518,-0.013207694,-0.001367769,-0.00441139,-0.001495803,-0.002820096,-0.005018693,1.70446E-05
BR9_main,11.12242424,0.000130145,4.19024E-05,-0.002528875,-0.002116568,-0.019259392,-0.000180173,-0.000930698,-0.008101691,-0.003358538,0.004797979,0.000264352,-0.159297735,0.000418713,-0.010177723,0.00384551,-0.001140343,-0.003936867,-0.003087068,-0.005947069,-0.003857608,-0.001154164,0.016616873,-0.003392263,-0.004854554,-0.012901505,-0.001436728,-0.004049418,-0.001450422,-0.003034745,-0.004793092,1.66428E-05
BR9_main,11.2420202,0.00013494,2.19509E-05,-0.002230758,-0.002004809,-0.019266454,-0.001090444,-0.001624359,-0.006505695,-0.003277305,0.003013841,0.000280526,-0.1640056,0.000330979,-0.008487168,0.005216855,-0.001184747,-0.003625088,-0.002551798,-0.005814473,-0.004025465,-0.00099802,0.017190139,-0.00293306,-0.005425665,-0.012573452,-0.001431287,-0.003635049,-0.001391708,-0.003417598,-0.004568382,1.55477E-05
BR9_main,11.36161616,0.000140218,-2.99891E-05,-0.001893532,-0.001920832,-0.017306691,-0.003616404,-0.002162029,-0.00456321,-0.003227478,0.00136506,0.000298019,-0.170908186,0.000221756,-0.006063052,0.006813122,-0.001243073,-0.003184003,-0.001913538,-0.005675221,-0.004166537,-0.000879397,0.017923271,-0.002290905,-0.005842836,-0.012234181,-0.001377183,-0.003324827,-0.001323122,-0.003983198,-0.004355112,1.39614E-05
BR9_main,11.48121212,0.000145908,-0.000122338,-0.001523319,-0.001880762,-0.013050278,-0.007769718,-0.002297122,-0.002803872,-0.003330674,-0.000188056,0.000316142,-0.177017082,9.11748E-05,-0.003358809,0.008152539,-0.001308374,-0.002708004,-0.001270562,-0.00553471,-0.004252073,-0.000831058,0.018784305,-0.001625978,-0.006103234,-0.011892932,-0.001296583,-0.003259664,-0.001250183,-0.004728164,-0.004162376,1.31633E-05
BR9_main,11.60080808,0.000151948,-0.000248441,-0.00114024,-0.001884468,-0.007246569,-0.012625227,-0.00198825,-0.002079495,-0.003652773,-0.001612689,0.000332569,-0.182983523,-5.43858E-05,-0.000926435,0.008925205,-0.001372048,-0.002379357,-0.000694442,-0.005401969,-0.004270074,-0.00084297,0.019643187,-0.001146759,-0.006267711,-0.011556283,-0.001211735,-0.003500449,-0.001180034,-0.005578265,-0.003992643,1.49697E-05
BR9_main,11.72040404,0.000158286,-0.000373618,-0.000793598,-0.001892724,-0.001478725,-0.016809917,-0.001450758,-0.003063911,-0.003998433,-0.002684156,0.000343052,-0.198902335,-0.000189457,0.000923035,0.009142611,-0.001425353,-0.002399722,-0.000223421,-0.005273728,-0.004234563,-0.000878972,0.020249008,-0.001075664,-0.006341945,-0.011227954,-0.001269538,-0.003923777,-0.001120302,-0.006311909,-0.003836508,1.97096E-05
BR9_main,11.84,0.000164876,-0.000437234,-0.000555348,-0.001826011,0.002454357,-0.01908688,-0.00093892,-0.005162667,-0.003969899,-0.003072985,0.000342671,-0.232186555,-0.000268128,0.002152764,0.008969363,-0.001461075,-0.002838077,0.000138487,-0.005117682,-0.00416515,-0.000908917,0.020298159,-0.001509214,-0.006284,-0.010909356,-0.001738961,-0.004249462,-0.001077416,-0.006584539,-0.003678489,2.54995E-05
BR10_main,0,0.019311731,-0.017253658,0.333796846,-0.12075622,1.020238224,0.028593163,0.010297452,-0.081710634,-0.028619636,-0.337882592,0.023715241,-1.557034883,-1.312037901,-0.160290539,-0.006933422,-0.069511355,-0.19966118,1.166322289,-0.213029396,-0.162807678,-0.083838768,0.702784166,-0.077351904,-0.265445343,-0.652887796,-0.85797033,-0.197962662,-0.055248182,-0.118075566,-0.126274537,0.000139399
BR10_main,0.11959596,0.025631062,-0.015087572,0.319779957,-0.109632578,0.614523955,0.016746246,0.007786697,0.086353533,-0.028595159,-0.222972001,0.005815551,-1.451231924,-1.218340361,-0.14219585,0.008847733,-0.061571539,-0.173038547,1.166200632,-0.197688653,-0.148137564,-0.07252539,0.521605899,-0.069627873,-0.252051852,-1.054636314,-0.934116543,-0.179490759,-0.049773329,-0.097174786,-0.124376262,0.000124455
BR10_main,0.239191919,0.030745335,-0.011992498,0.272307695,-0.093043934,0.067620485,-0.004260223,0.00389056,0.169161037,-0.027907495,-0.046846331,-0.005180094,-1.29367347,-0.949399534,-0.116547529,0.02383363,-0.049892366,-0.143251198,1.083581466,-0.179290759,-0.125782977,-0.058958147,0.395313337,-0.066204504,-0.233701797,-0.93562082,-0.830112455,-0.149568423,-0.040447482,-0.065797734,-0.11982199,0.000108276
BR10_main,0.358787879,0.034731622,-0.008871817,0.216581491,-0.075631695,-0.374339099,-0.022747693,-0.000393333,0.116408136,-0.026688786,0.155424236,-0.006410902,-1.12012592,-0.651002776,-0.088443696,0.032892062,-0.038636847,-0.114361873,0.961307244,-0.1598406,-0.101906972,-0.04658994,0.333177029,-0.066497452,-0.198408459,-0.378685795,-0.575339254,-0.119753767,-0.031343313,-0.036686648,-0.113042705,9.26313E-05
BR10_main,0.478383838,0.037521714,-0.006223815,0.159365272,-0.060309641,-0.629295537,-0.033539197,-0.004561544,0.023674511,-0.025066455,0.312429389,-0.003048049,-0.956520009,-0.433115352,-0.062289116,0.036036558,-0.029971405,-0.089821891,0.836710536,-0.140469148,-0.080822684,-0.037081104,0.315139463,-0.067056841,-0.151459525,0.174288228,-0.276207384,-0.094942925,-0.024100309,-0.01593602,-0.104598335,7.89801E-05
BR10_main,0.597979798,0.039330863,-0.004173389,0.10644131,-0.048048123,-0.727728333,-0.037160069,-0.008553109,-0.031569646,-0.023138581,0.372484424,-0.000247052,-0.81494164,-0.314870287,-0.040740579,0.03576187,-0.02402463,-0.071413724,0.742472993,-0.12154976,-0.064227299,-0.03034359,0.317200106,-0.064909262,-0.106854646,0.441720176,-0.030490942,-0.07539387,-0.018673712,-0.003912643,-0.095167925,6.81823E-05
BR10_main,0.717575758,0.040446087,-0.002665752,0.072992868,-0.038790771,-0.712975654,-0.036075126,-0.011900938,-0.044038951,-0.020994775,0.340729901,0.000785991,-0.698184878,-0.255154187,-0.02483926,0.033979131,-0.020063768,-0.059084634,0.689780609,-0.103707663,-0.05209756,-0.025558328,0.320442689,-0.05913773,-0.074612724,0.421122641,0.115514895,-0.060532128,-0.014605813,0.001289043,-0.085586192,6.02125E-05
BR10_main,0.837171717,0.041111255,-0.00159378,0.063007322,-0.032105392,-0.616891952,-0.03255049,-0.013446103,-0.037751461,-0.018742707,0.259156189,0.001004673,-0.604496521,-0.220680408,-0.014470816,0.031695013,-0.017345894,-0.051594056,0.662312138,-0.088026715,-0.043664821,-0.021985205,0.312058645,-0.051117805,-0.056361143,0.241455364,0.162070554,-0.049635183,-0.011521247,0.002021305,-0.076700836,5.40738E-05
BR10_main,0.956767677,0.04149856,-0.000862637,0.066889088,-0.027449643,-0.464539909,-0.028100794,-0.012406212,-0.030049582,-0.016512319,0.168499544,0.001168635,-0.530453134,-0.203865332,-0.008736643,0.029497341,-0.015379013,-0.047241963,0.633811754,-0.075165422,-0.038008565,-0.019204502,0.28607795,-0.043113302,-0.048059285,0.039726293,0.137022784,-0.041700412,-0.009186143,0.000268904,-0.069039481,4.88041E-05
BR10_main,1.076363636,0.041718377,-0.000403198,0.076368488,-0.024273736,-0.277030614,-0.023585912,-0.00945524,-0.025430654,-0.014429922,0.091145891,0.001221843,-0.472291753,-0.204998138,-0.006322503,0.02778005,-0.013893467,-0.044295151,0.587372038,-0.065028989,-0.034316441,-0.01699417,0.244832535,-0.036397849,-0.044430645,-0.101953383,0.078091358,-0.035802432,-0.007454406,-0.002675376,-0.062560863,4.45903E-05
BR10_main,1.195959596,0.041837449,-0.000151169,0.088308472,-0.02210035,-0.074671686,-0.019444313,-0.006119112,-0.022723533,-0.012590624,0.033502994,0.000849611,-0.426603982,-0.223666998,-0.005928405,0.026815297,-0.012751907,-0.041386745,0.519593121,-0.057192386,-0.031964355,-0.015220846,0.196889054,-0.031126622,-0.041860678,-0.171489557,0.018163406,-0.031291226,-0.006226557,-0.006030971,-0.056825465,4.19186E-05
BR10_main,1.315555556,0.041894222,-3.8951E-05,0.101151439,-0.020573067,0.115916991,-0.015872817,-0.003433736,-0.02113086,-0.011042225,-0.005340826,5.47653E-05,-0.390512601,-0.254984185,-0.00657637,0.026790441,-0.011861288,-0.037867119,0.438765182,-0.051250994,-0.0305022,-0.013802795,0.151167778,-0.027021729,-0.038859065,-0.193267459,-0.024041915,-0.027748985,-0.005434015,-0.009281573,-0.05139903,4.06031E-05
BR10_main,1.435151515,0.041909234,-1.03391E-05,0.11220018,-0.019459271,0.257355275,-0.012935363,-0.00159616,-0.020645932,-0.009787956,-0.027392569,-0.000689728,-0.361610769,-0.286942768,-0.00767626,0.027803142,-0.011129761,-0.033835399,0.362406849,-0.046910543,-0.029611652,-0.012672241,0.112775235,-0.023734189,-0.035299919,-0.192120745,-0.045792197,-0.024904812,-0.005036363,-0.012139138,-0.046079726,4.01075E-05
BR10_main,1.554747475,0.041891276,-2.7019E-05,0.116980413,-0.018619654,0.312661508,-0.010624286,-0.000386766,-0.020602109,-0.008801434,-0.034060756,-0.000949471,-0.337855698,-0.303799003,-0.008929848,0.029750156,-0.01047946,-0.029860944,0.306531194,-0.043925765,-0.029065994,-0.011754484,0.082911378,-0.021000501,-0.031600299,-0.177918339,-0.053017828,-0.02257772,-0.005013332,-0.014500832,-0.04087901,3.99935E-05
BR10_main,1.674343434,0.041840459,-6.41144E-05,0.111174232,-0.017968395,0.273203424,-0.00889383,0.000431035,-0.020166068,-0.008042577,-0.027001729,-0.000744044,-0.31747716,-0.294319821,-0.010206932,0.032053161,-0.009868654,-0.026527253,0.274400064,-0.041964458,-0.028696426,-0.010973691,0.060623449,-0.018760647,-0.028091954,-0.154526668,-0.053063301,-0.020645143,-0.005324112,-0.016293629,-0.035923908,4.00132E-05
BR10_main,1.793939394,0.041748988,-0.000106128,0.094828273,-0.017443706,0.176760857,-0.007678854,0.000989202,-0.01923704,-0.007468967,-0.010160647,-0.000344331,-0.298946739,-0.259061967,-0.011458654,0.033433052,-0.009285116,-0.023900698,0.257822072,-0.040504406,-0.028358644,-0.010250094,0.044285285,-0.01702656,-0.024836173,-0.128375253,-0.051080599,-0.019025346,-0.005806367,-0.017332441,-0.031376626,4.00526E-05
BR10_main,1.913535354,0.041600013,-0.0001447,0.073602571,-0.017000271,0.077776138,-0.006907427,0.001353046,-0.018114702,-0.007043389,0.010309379,4.09302E-05,-0.281086376,-0.209044601,-0.012673829,0.032627022,-0.008723254,-0.02150959,0.247711709,-0.038893608,-0.027894987,-0.009503249,0.032336615,-0.015661182,-0.021843196,-0.104514748,-0.049038274,-0.017669029,-0.006093444,-0.017347416,-0.027385277,4.00776E-05
BR10_main,2.033131313,0.041364725,-0.000176566,0.053759822,-0.016601229,0.004239031,-0.006502739,0.001568353,-0.016898798,-0.00673129,0.02895016,0.000332706,-0.262978858,-0.156851279,-0.013849674,0.029923194,-0.008167513,-0.018986426,0.240057951,-0.036455821,-0.027083588,-0.00870055,0.023503787,-0.014399006,-0.019152918,-0.084680133,-0.046901581,-0.01653787,-0.005812772,-0.016233053,-0.024025848,4.00657E-05
BR10_main,2.152727273,0.040997959,-0.000201449,0.038241241,-0.016230038,-0.042040283,-0.006390481,0.001681347,-0.015654955,-0.006504636,0.04237732,0.000527553,-0.244230078,-0.110473695,-0.01498855,0.026886274,-0.007610975,-0.016387664,0.23073571,-0.032862279,-0.025714225,-0.007907208,0.016852975,-0.013033848,-0.016807105,-0.069046235,-0.044379974,-0.015605896,-0.004996676,-0.01429243,-0.021299659,4.00039E-05
BR10_main,2.272323232,0.04043352,-0.000220923,0.02727273,-0.015889352,-0.066091222,-0.006505649,0.001736426,-0.014651328,-0.006344904,0.049650728,0.000650756,-0.225154609,-0.073274286,-0.01610088,0.024596232,-0.007068811,-0.01395316,0.211193524,-0.028459125,-0.023778027,-0.0072286,0.011737649,-0.011547682,-0.014832495,-0.057912357,-0.04149005,-0.014862637,-0.004014368,-0.012099697,-0.019157849,3.99007E-05
BR10_main,2.391919192,0.039583121,-0.000237445,0.019991574,-0.015576885,-0.072744355,-0.006790977,0.001763633,-0.014052805,-0.006239361,0.052152469,0.000723397,-0.206520158,-0.045784941,-0.017197818,0.023186151,-0.006563714,-0.011898486,0.174186895,-0.023977814,-0.021530965,-0.006720161,0.007711207,-0.010054015,-0.013181065,-0.051224908,-0.038392728,-0.014302379,-0.003159577,-0.010131231,-0.017522313,3.97659E-05
BR10_main,2.511515152,0.038347473,-0.000253792,0.01521487,-0.015271146,-0.067817121,-0.007194479,0.001768217,-0.013798308,-0.006178163,0.051855691,0.000754529,-0.189232607,-0.026983158,-0.018279522,0.02238772,-0.006112156,-0.010376318,0.122191322,-0.020178605,-0.019341743,-0.006375899,0.004463324,-0.008697037,-0.011791389,-0.048120584,-0.035366703,-0.013918,-0.002541219,-0.008594694,-0.01630732,3.9596E-05
BR10_main,2.631111111,0.036651068,-0.000272816,0.011647335,-0.014934403,-0.057830292,-0.007666079,0.001735149,-0.013765612,-0.006152901,0.050052739,0.000750793,-0.174080337,-0.015125843,-0.019318744,0.021918593,-0.005719609,-0.009450259,0.066415428,-0.01748146,-0.017484855,-0.006162552,0.001776289,-0.007603074,-0.010694414,-0.047731955,-0.032733522,-0.013697823,-0.002158847,-0.00749475,-0.015432427,3.93626E-05
BR10_main,2.750707071,0.034501487,-0.000297357,0.00814829,-0.014529188,-0.047980302,-0.008157104,0.001657688,-0.013876048,-0.006157938,0.047380167,0.000722626,-0.161626328,-0.008198903,-0.020242472,0.02155311,-0.005383105,-0.009047103,0.016454174,-0.015865554,-0.016068362,-0.006046226,-0.000504026,-0.006811778,-0.009964135,-0.049571546,-0.030661771,-0.013624094,-0.001968646,-0.006749716,-0.014831417,3.89985E-05
BR10_main,2.87030303,0.032039776,-0.000330198,0.004159011,-0.014038879,-0.041103621,-0.008626771,0.001555574,-0.014101174,-0.006193486,0.044207096,0.000683134,-0.15221317,-0.004371545,-0.020922854,0.02110767,-0.005099185,-0.008978753,-0.024606369,-0.015133881,-0.015096418,-0.006001559,-0.002488554,-0.006282372,-0.009626186,-0.052119839,-0.029120307,-0.013668812,-0.001924637,-0.00627218,-0.014456645,3.83745E-05
BR10_main,2.98989899,0.02952218,-0.000373271,-0.000139782,-0.013468463,-0.037689628,-0.009044182,0.001455649,-0.014430896,-0.00626135,0.040845831,0.000644105,-0.145871594,-0.002313382,-0.021186598,0.020496561,-0.00486386,-0.009058504,-0.056244749,-0.015111296,-0.014524333,-0.006006212,-0.004253801,-0.005946351,-0.009635739,-0.053546293,-0.027963394,-0.013772225,-0.00199379,-0.006010651,-0.014260489,3.72826E-05
BR10_main,3.109494949,0.027219296,-0.000426672,-0.004251876,-0.012848762,-0.036516963,-0.009394915,0.00137288,-0.014864387,-0.006364022,0.037575072,0.00061258,-0.142467038,-0.001211468,-0.02090988,0.01975796,-0.004672277,-0.009210966,-0.077874361,-0.015705357,-0.014294286,-0.006039622,-0.005843175,-0.005745751,-0.009893879,-0.053475078,-0.027045682,-0.013844404,-0.002157594,-0.00596729,-0.014194697,3.55894E-05
BR10_main,3.229090909,0.025307278,-0.000487602,-0.007957128,-0.012228155,-0.035846332,-0.009676936,0.00130841,-0.01540853,-0.006502606,0.034574224,0.000590032,-0.141795138,-0.000616443,-0.02011082,0.018925801,-0.004517273,-0.009481467,-0.090029182,-0.016882817,-0.014347131,-0.00608262,-0.007270219,-0.005643115,-0.01026291,-0.052492999,-0.026267859,-0.013794058,-0.002406386,-0.006168294,-0.014215231,3.3363E-05
BR10_main,3.348686869,0.023832196,-0.000548876,-0.011344664,-0.011655022,-0.034722606,-0.009888408,0.001256776,-0.016077091,-0.006673807,0.03192498,0.000574777,-0.143604885,-0.000290329,-0.018971462,0.017981698,-0.004391961,-0.009988829,-0.094310712,-0.018585631,-0.014621883,-0.006116554,-0.008522141,-0.005617618,-0.010602638,-0.051176882,-0.025572049,-0.01357564,-0.002729704,-0.006601411,-0.014285256,3.07933E-05
BR10_main,3.468282828,0.022746221,-0.000596844,-0.01453995,-0.011164206,-0.033209272,-0.01001979,0.001210809,-0.01689057,-0.006869342,0.029644295,0.000564409,-0.147580274,-0.000108275,-0.017763657,0.016899786,-0.004290675,-0.010794711,-0.092148389,-0.020592237,-0.015051567,-0.00612374,-0.009563931,-0.005657265,-0.010822983,-0.049806477,-0.024924473,-0.013211678,-0.003104103,-0.00717861,-0.014375677,2.80881E-05
BR10_main,3.587878788,0.021962659,-0.000611706,-0.017540484,-0.010772199,-0.03166052,-0.010054628,0.001163738,-0.01787679,-0.007078367,0.027707778,0.000556835,-0.153288599,-4.21812E-06,-0.016709276,0.015675367,-0.004202841,-0.011686463,-0.085226929,-0.022397437,-0.015560115,-0.006090083,-0.010343524,-0.005751926,-0.010873311,-0.048470574,-0.02430171,-0.012772213,-0.003482616,-0.007760539,-0.014464067,2.54356E-05
BR10_main,3.707474747,0.021393934,-0.000576995,-0.02017811,-0.010481768,-0.030470034,-0.009977791,0.001112636,-0.019076642,-0.007291429,0.026073026,0.00055059,-0.160171829,5.75235E-05,-0.015921902,0.01433169,-0.004114925,-0.012216256,-0.075775186,-0.023362988,-0.016066208,-0.00601091,-0.010801774,-0.005890982,-0.010729834,-0.0471998,-0.023689828,-0.012337129,-0.003797917,-0.008193072,-0.014537978,2.29913E-05
BR10_main,3.827070707,0.020967811,-0.000495676,-0.022199938,-0.010287752,-0.030029882,-0.009782336,0.001060819,-0.020530561,-0.007501669,0.024693491,0.000544809,-0.167536193,9.70307E-05,-0.01543335,0.012913336,-0.004017161,-0.012140307,-0.065560866,-0.02323739,-0.016482831,-0.005895839,-0.010886027,-0.006063475,-0.010424687,-0.046017281,-0.023083688,-0.011963418,-0.003985901,-0.008324086,-0.014597137,2.08709E-05
BR10_main,3.946666667,0.020630187,-0.000392164,-0.023422726,-0.010178209,-0.030462115,-0.009469697,0.001015844,-0.022173967,-0.007702042,0.023515981,0.000538912,-0.174420078,0.000126435,-0.015229752,0.011470877,-0.003906502,-0.011633503,-0.055577277,-0.022307042,-0.016712121,-0.005766247,-0.010560454,-0.006257785,-0.010047132,-0.044929908,-0.022477425,-0.011674831,-0.004012559,-0.008117219,-0.014647936,1.91432E-05
BR10_main,4.066262626,0.020342246,-0.000293404,-0.023797741,-0.010138444,-0.031578222,-0.009051079,0.000985441,-0.023630785,-0.007885166,0.022485363,0.000532501,-0.179631414,0.000153761,-0.015279627,0.010052169,-0.003795095,-0.011016934,-0.046299461,-0.021007721,-0.016680991,-0.005647,-0.009802498,-0.006463357,-0.009710329,-0.043930276,-0.021864205,-0.011473452,-0.003886046,-0.007754236,-0.014701463,1.78415E-05
BR10_main,4.185858586,0.020076644,-0.000213294,-0.023402501,-0.010153599,-0.033078935,-0.00854735,0.000972087,-0.024193106,-0.008043619,0.02154897,0.000525308,-0.182267974,0.000184018,-0.015547535,0.008695724,-0.003707571,-0.010492994,-0.037832833,-0.019691238,-0.016397395,-0.005556698,-0.008591715,-0.006672038,-0.009507334,-0.043000575,-0.021236693,-0.011352446,-0.003658787,-0.007446899,-0.014771129,1.69758E-05
BR10_main,4.305454545,0.019813982,-0.000153492,-0.022404849,-0.010209564,-0.034712702,-0.007987525,0.000972021,-0.023346876,-0.00817024,0.020663333,0.000517152,-0.182465705,0.000217247,-0.015999097,0.007426415,-0.003663498,-0.010110957,-0.03020767,-0.018549694,-0.015939425,-0.005504215,-0.006973316,-0.006879059,-0.009484118,-0.042116991,-0.020587598,-0.011303385,-0.003415149,-0.007260061,-0.014870513,1.65439E-05
BR10_main,4.425050505,0.019539941,-0.00011032,-0.020979376,-0.010292647,-0.036312159,-0.007406488,0.000980897,-0.021286547,-0.008258433,0.019801001,0.000507927,-0.181335169,0.000245608,-0.016601969,0.006253992,-0.003670758,-0.009840429,-0.023582655,-0.017652583,-0.015390293,-0.005490767,-0.005132796,-0.007082377,-0.009641162,-0.041253418,-0.019910332,-0.011318162,-0.003227424,-0.0071672,-0.015011992,1.65384E-05
BR10_main,4.544646465,0.019243499,-7.93089E-05,-0.01925774,-0.010388622,-0.03777438,-0.00684264,0.000995511,-0.018674522,-0.008302405,0.018950341,0.000497589,-0.17995283,0.000258389,-0.017324968,0.005174752,-0.003732065,-0.009652358,-0.018114278,-0.017055576,-0.014811878,-0.005512995,-0.003297178,-0.007280086,-0.009945361,-0.040383555,-0.019199516,-0.011387902,-0.003127001,-0.007133509,-0.015204053,1.6951E-05
BR10_main,4.664242424,0.018915718,-5.68135E-05,-0.017338104,-0.010481541,-0.039033725,-0.006336158,0.001009127,-0.016101153,-0.008297143,0.018107149,0.000486137,-0.178986445,0.000254663,-0.018135874,0.004176066,-0.003850887,-0.009569046,-0.013868835,-0.016818459,-0.014257124,-0.005564578,-0.001600109,-0.00746818,-0.010342974,-0.039480366,-0.018450717,-0.011501629,-0.003115518,-0.00715265,-0.015443748,1.77724E-05
BR10_main,4.783838384,0.018548987,-4.02412E-05,-0.015307081,-0.010554156,-0.040046215,-0.005929249,0.00101042,-0.013882289,-0.008239208,0.017268398,0.000473641,-0.178929983,0.000243601,-0.019000751,0.003242246,-0.004031183,-0.009655915,-0.010781633,-0.016951627,-0.013780909,-0.00563695,-7.84104E-05,-0.007640013,-0.010780155,-0.038518873,-0.017661892,-0.011647745,-0.00318006,-0.00722812,-0.01570748,1.89904E-05
BR10_main,4.903434343,0.018136599,-2.78397E-05,-0.013247858,-0.010589279,-0.040782955,-0.005667327,0.000994534,-0.01211079,-0.008127671,0.016431313,0.000460277,-0.180224495,0.000233899,-0.01988409,0.002358509,-0.00426929,-0.009959894,-0.008650629,-0.017377815,-0.013433977,-0.005719427,0.001276735,-0.007785023,-0.011199798,-0.037478983,-0.016834908,-0.011816008,-0.003297415,-0.007340325,-0.015945811,2.05859E-05
BR10_main,5.023030303,0.017672431,-1.84517E-05,-0.011238591,-0.010571073,-0.041226847,-0.005599846,0.000970526,-0.010755065,-0.007964474,0.015594587,0.000446319,-0.183242916,0.000229079,-0.020748709,0.001514658,-0.004536942,-0.010468912,-0.007217504,-0.0179511,-0.013238763,-0.005799023,0.00248817,-0.007886527,-0.011524108,-0.036346302,-0.015975541,-0.011996165,-0.003435192,-0.007450184,-0.016087588,2.25256E-05
BR10_main,5.142626263,0.017151206,-1.13186E-05,-0.009347248,-0.010485639,-0.041368137,-0.005778535,0.000949719,-0.009738166,-0.007753843,0.014758504,0.000432082,-0.187648869,0.000228981,-0.021554107,0.000710932,-0.004768494,-0.011115964,-0.006254526,-0.018524225,-0.013171587,-0.005860309,0.003581684,-0.007920654,-0.011695609,-0.035109631,-0.01509172,-0.012171696,-0.003557535,-0.007518302,-0.016059172,2.47509E-05
BR10_main,5.262222222,0.016568672,-5.94923E-06,-0.007627344,-0.01032201,-0.041202708,-0.006249318,0.000936208,-0.00898124,-0.007501777,0.013924936,0.000417881,-0.192329273,0.000232247,-0.022255971,-3.809E-05,-0.004888443,-0.011774262,-0.005601088,-0.019000037,-0.01318032,-0.005886264,0.004582775,-0.007859627,-0.01173139,-0.033760455,-0.014192492,-0.012314769,-0.003636476,-0.007519471,-0.015827368,2.71647E-05
BR10_main,5.381818182,0.015921622,-2.03852E-06,-0.006114658,-0.010073395,-0.040732668,-0.007034071,0.000929011,-0.008418904,-0.007215626,0.013097222,0.000404013,-0.196296855,0.000237828,-0.02280708,-0.000707147,-0.004867322,-0.012276925,-0.005154949,-0.019313544,-0.013219711,-0.005860154,0.005515433,-0.007679594,-0.011687835,-0.03229434,-0.013287568,-0.012388897,-0.003661375,-0.007450548,-0.015434919,2.96216E-05
BR10_main,5.501414141,0.015208365,5.84571E-07,-0.004825321,-0.009738201,-0.039967794,-0.008108693,0.000925888,-0.008001273,-0.006903642,0.012279865,0.000390737,-0.199112774,0.000245181,-0.02315969,-0.001269347,-0.004720416,-0.012488773,-0.004850684,-0.019417031,-0.013265523,-0.005768049,0.006401515,-0.007371004,-0.01158884,-0.030713055,-0.012387015,-0.012357942,-0.003638356,-0.007329948,-0.014967316,3.19247E-05
BR10_main,5.621010101,0.014429172,1.99355E-06,-0.003756744,-0.009320343,-0.038926428,-0.009401787,0.000924863,-0.007691574,-0.006574403,0.01147803,0.000378272,-0.200773106,0.000254027,-0.023269402,-0.001704084,-0.004473042,-0.012359972,-0.004642973,-0.019309756,-0.013290344,-0.00560138,0.00726036,-0.006943848,-0.011412758,-0.029026256,-0.011500838,-0.012194242,-0.003581617,-0.007188523,-0.0144806,3.38375E-05
BR10_main,5.740606061,0.013586715,2.19713E-06,-0.002892066,-0.008828736,-0.037635565,-0.010825957,0.000924487,-0.007463077,-0.006236253,0.010697046,0.000366797,-0.201505254,0.000264215,-0.023100908,-0.001998602,-0.004151049,-0.011922178,-0.004496674,-0.019025682,-0.013249776,-0.005358878,0.008108557,-0.006434501,-0.011119457,-0.027252336,-0.010638582,-0.011882492,-0.003505137,-0.007056992,-0.013975586,3.51148E-05
BR10_main,5.86020202,0.012686454,1.1817E-06,-0.002206551,-0.008276264,-0.036130451,-0.012302404,0.000923757,-0.007296514,-0.00589691,0.009942086,0.000356459,-0.201618618,0.000275669,-0.022635446,-0.002144164,-0.003766579,-0.011247173,-0.004382209,-0.018586459,-0.013091205,-0.005047287,0.008959922,-0.005908955,-0.010672618,-0.025418269,-0.009809128,-0.011420786,-0.003418508,-0.006954896,-0.013443234,3.55523E-05
BR10_main,5.97979798,0.011736723,-1.01687E-06,-0.0016735,-0.007678535,-0.034453312,-0.013730868,0.000921982,-0.00717815,-0.005563231,0.009217952,0.000347379,-0.201117496,0.000288381,-0.021877643,-0.002138132,-0.003337801,-0.010410658,-0.004275432,-0.017982174,-0.012754405,-0.004680406,0.009825595,-0.005417746,-0.010046999,-0.023557968,-0.009020537,-0.010820199,-0.003324741,-0.006880888,-0.012900566,3.50374E-05
BR10_main,6.099393939,0.010749002,-4.2218E-06,-0.001268169,-0.007052686,-0.03265137,-0.014902525,0.000918525,-0.007098424,-0.005241143,0.008528955,0.000339659,-0.19952771,0.0003024,-0.020858352,-0.002001429,-0.002910667,-0.009478039,-0.004160365,-0.017155447,-0.012174624,-0.004276712,0.010714225,-0.004954054,-0.009234997,-0.021709315,-0.008279911,-0.010102995,-0.003217892,-0.006803455,-0.012335189,3.35823E-05
BR10_main,6.218989899,0.009737694,-8.16141E-06,-0.000969338,-0.006415651,-0.030772058,-0.015464237,0.000912353,-0.007050443,-0.004935278,0.007878202,0.000333351,-0.196051637,0.000317814,-0.019629316,-0.001779336,-0.002531018,-0.008503711,-0.004029747,-0.016012121,-0.011309639,-0.003856025,0.011631352,-0.004484844,-0.008273021,-0.019908986,-0.007592641,-0.00929866,-0.003081344,-0.006657253,-0.011652944,3.13214E-05
BR10_main,6.338585859,0.008719128,-1.28909E-05,-0.000759049,-0.005782947,-0.028860592,-0.015081305,0.000901808,-0.007029215,-0.004649079,0.007267636,0.000328466,-0.189887927,0.00033474,-0.01825371,-0.001511792,-0.002217812,-0.007533884,-0.003878923,-0.014521905,-0.01017931,-0.003436717,0.01257916,-0.004012362,-0.007255099,-0.018189005,-0.006962325,-0.008439709,-0.002892777,-0.006359382,-0.010736742,2.84778E-05
BR10_main,6.458181818,0.007710576,-1.92188E-05,-0.000620988,-0.005167571,-0.026957297,-0.013693501,0.000884962,-0.00703085,-0.004384832,0.006697949,0.000324963,-0.180885775,0.000353313,-0.016795046,-0.001219651,-0.00196503,-0.006605788,-0.003697235,-0.01278902,-0.008879458,-0.003033681,0.013555763,-0.003564137,-0.006284173,-0.016573771,-0.006390589,-0.007557317,-0.002638962,-0.005851797,-0.009554887,2.53106E-05
BR10_main,6.577777778,0.006728991,-2.80905E-05,-0.000538401,-0.004579538,-0.025096212,-0.011591614,0.000860441,-0.007052023,-0.004143708,0.006168711,0.000322751,-0.16981249,0.000373674,-0.015309356,-0.000910329,-0.001757852,-0.00574551,-0.003471842,-0.010973414,-0.007540332,-0.002657461,0.014554521,-0.003157577,-0.00540936,-0.015078816,-0.005877196,-0.006678267,-0.002329802,-0.005144665,-0.008218205,2.20649E-05
BR10_main,6.697373737,0.005789687,-3.92175E-05,-0.000492675,-0.004025722,-0.023303771,-0.009200615,0.000828109,-0.007089309,-0.003925567,0.005678428,0.000321692,-0.157622512,0.000395944,-0.013840997,-0.000583255,-0.001583508,-0.004967097,-0.003201956,-0.009216409,-0.006260833,-0.002314244,0.015562807,-0.002803744,-0.004625799,-0.013710618,-0.005420129,-0.00582342,-0.001996051,-0.004318185,-0.006922507,1.89358E-05
BR10_main,6.816969697,0.004905235,-4.98093E-05,-0.000463819,-0.003510362,-0.021600332,-0.006873559,0.000789193,-0.00713924,-0.003729002,0.005225201,0.000321609,-0.144983187,0.000420237,-0.012422962,-0.000232431,-0.001433484,-0.004274128,-0.002902438,-0.007621931,-0.005095323,-0.002006687,0.016562094,-0.002507549,-0.003926791,-0.012468709,-0.005016246,-0.005008268,-0.001673087,-0.003479384,-0.005807147,1.60558E-05
BR10_main,6.936565657,0.004084805,-5.2736E-05,-0.000433326,-0.003035643,-0.020001672,-0.004890796,0.00074612,-0.007198404,-0.003551356,0.004807344,0.000322313,-0.13237734,0.000446666,-0.011078527,0.000151319,-0.001302348,-0.003662138,-0.002594708,-0.006246945,-0.004080428,-0.001734892,0.017528538,-0.002261317,-0.003319543,-0.011347771,-0.00466179,-0.004244321,-0.001386058,-0.002714671,-0.004895744,1.34979E-05
BR10_main,7.056161616,0.003333783,-3.67393E-05,-0.000388587,-0.002602399,-0.018520521,-0.003444615,0.000702092,-0.007263657,-0.003389145,0.004424074,0.000323612,-0.120239425,0.000475364,-0.009823388,0.000576064,-0.001186513,-0.003121236,-0.002296119,-0.005107188,-0.003239412,-0.001497326,0.018434392,-0.002050727,-0.002804319,-0.010339472,-0.00435279,-0.003540775,-0.001145829,-0.002074995,-0.004143956,1.12891E-05
BR10_main,7.175757576,0.002654448,5.12344E-06,-0.000326182,-0.002210696,-0.017167424,-0.002557335,0.000659722,-0.007332165,-0.003239319,0.004076242,0.000325315,-0.108973532,0.000506495,-0.008667376,0.001040327,-0.001083527,-0.002639227,-0.002013863,-0.004189536,-0.002574853,-0.001291522,0.019249595,-0.001863905,-0.002372418,-0.009433498,-0.004085198,-0.002905774,-0.000952791,-0.001579981,-0.00349996,9.4256E-06
BR10_main,7.295353535,0.00204655,6.7142E-05,-0.0002509,-0.001860327,-0.015951918,-0.002120444,0.000619591,-0.007401532,-0.003101743,0.003767342,0.00032724,-0.09892353,0.000540272,-0.007616227,0.001519691,-0.00099181,-0.002207135,-0.001746109,-0.003464265,-0.002072337,-0.001114606,0.019944078,-0.001695091,-0.002013285,-0.008618332,-0.003855001,-0.002347032,-0.000801943,-0.001223049,-0.002935448,7.88813E-06
BR10_main,7.414949495,0.001507522,0.000138143,-0.000171003,-0.00155105,-0.014883981,-0.00201,0.000580515,-0.007469888,-0.002981533,0.003503759,0.000329212,-0.090335212,0.000577002,-0.006673264,0.001954284,-0.000910532,-0.001827101,-0.001486212,-0.002897554,-0.001710467,-0.000963644,0.020490499,-0.001545465,-0.001716195,-0.007881911,-0.003658279,-0.001871526,-0.000686318,-0.000980965,-0.002449668,6.65312E-06
BR10_main,7.534545455,0.001033297,0.000212153,-9.36196E-05,-0.001282555,-0.013975803,-0.00213292,0.000541237,-0.00753568,-0.002887813,0.003290811,0.000331071,-0.083321176,0.000617185,-0.00584085,0.002254596,-0.000839404,-0.001514692,-0.001225357,-0.002462055,-0.001468295,-0.000835832,0.020866851,-0.001421707,-0.001470744,-0.007212932,-0.003491179,-0.001484313,-0.000598878,-0.000823713,-0.002060263,5.7012E-06
BR10_main,7.654141414,0.000618895,0.000289377,-2.25519E-05,-0.001054236,-0.013244191,-0.002396856,0.000501561,-0.007597022,-0.002827312,0.003119833,0.000332667,-0.077835975,0.000661755,-0.005121407,0.002343415,-0.00077838,-0.001286977,-0.000952839,-0.00214213,-0.001323519,-0.000728572,0.021058534,-0.001330541,-0.001267825,-0.006604396,-0.003349856,-0.001186968,-0.000533345,-0.000721106,-0.001786903,5.02167E-06
BR10_main,7.773737374,0.000258876,0.000372919,4.17903E-05,-0.000864907,-0.012714268,-0.00268027,0.00046188,-0.007650731,-0.002798341,0.002954961,0.000333864,-0.073701981,0.000712598,-0.004517419,0.0022144,-0.000727356,-0.001144127,-0.000654791,-0.001929274,-0.001250388,-0.000639489,0.021059911,-0.0012723,-0.001100165,-0.00606019,-0.003230436,-0.000976439,-0.000484275,-0.000648812,-0.001626959,4.61289E-06
BR10_main,7.893333333,0.000001,0.000466607,0.000101637,-0.000712602,-0.012424443,-0.0028605,0.000421869,-0.007691726,-0.00279242,0.002752172,0.000334543,-0.070753473,0.000773283,-0.004028886,0.001944301,-0.000685985,-0.001062564,-0.000311801,-0.001807671,-0.001224254,-0.000566485,0.020874906,-0.001237768,-0.000962234,-0.005598723,-0.00312901,-0.000844968,-0.000446906,-0.000590124,-0.001549549,4.4771E-06
BR10_main,8.012929293,0.000001,0.000574254,0.000161064,-0.000594562,-0.012431135,-0.002865445,0.000379713,-0.007714072,-0.002800687,0.00250004,0.000334603,-0.069030874,0.00084898,-0.003646917,0.001636291,-0.000653581,-0.001010475,0.000104445,-0.001747305,-0.001226632,-0.000507894,0.020516442,-0.001212622,-0.000849841,-0.005248385,-0.003041655,-0.000781244,-0.000417186,-0.000535037,-0.00152172,4.61181E-06
BR10_main,8.132525253,0.000001,0.000699464,0.000224343,-0.000507423,-0.01280567,-0.002684037,0.000332654,-0.007714082,-0.002817442,0.002212131,0.00033397,-0.068640521,0.000943146,-0.003346074,0.001362299,-0.000629085,-0.000968377,0.000634825,-0.001718446,-0.001246404,-0.000462794,0.020005369,-0.001186251,-0.000759701,-0.005050995,-0.002964591,-0.000772359,-0.00039203,-0.000482464,-0.001529201,4.99955E-06
BR10_main,8.252121212,0.000001,0.000845424,0.000294418,-0.000447465,-0.013597003,-0.002355112,0.000278237,-0.007692422,-0.002840557,0.001898265,0.000332591,-0.069420203,0.00105243,-0.003085745,0.001152135,-0.000610967,-0.000932521,0.001333378,-0.001705352,-0.001278563,-0.000431113,0.019368326,-0.001156472,-0.000689037,-0.005043829,-0.00289436,-0.000805756,-0.000369635,-0.000437532,-0.001570566,5.58218E-06
BR10_main,8.371717172,0.000001,0.001014446,0.00037439,-0.000410864,-0.01471524,-0.00195245,0.000214393,-0.007652025,-0.002872038,0.001584274,0.000330441,-0.071068536,0.001168797,-0.002831562,0.001008817,-0.000597125,-0.000906556,0.002254544,-0.001701252,-0.001321711,-0.000412602,0.018635402,-0.001126719,-0.000635335,-0.00515521,-0.00282807,-0.000870558,-0.000349462,-0.000404073,-0.001649806,6.24494E-06
BR10_main,8.491313131,0.000001,0.001207297,0.000470373,-0.000393957,-0.015764868,-0.001555167,0.000137459,-0.007591306,-0.002919473,0.001324557,0.000327518,-0.073339283,0.001287,-0.002581533,0.00092405,-0.000584879,-0.000895348,0.003408937,-0.001703949,-0.00137566,-0.000404568,0.01783792,-0.001099233,-0.000596269,-0.005188347,-0.00276365,-0.000958119,-0.00033171,-0.000382306,-0.001765287,6.88749E-06
BR10_main,8.610909091,0.000001,0.001422531,0.000593675,-0.000393559,-0.016122118,-0.001219506,4.02463E-05,-0.007498927,-0.002996136,0.001156824,0.000323848,-0.075959579,0.001406426,-0.002360131,0.000886959,-0.000571278,-0.000902008,0.004690237,-0.001719098,-0.001440246,-0.000401708,0.017006623,-0.001072923,-0.00056975,-0.005015551,-0.002700042,-0.001061904,-0.000316729,-0.00037033,-0.001889526,7.49249E-06
BR10_main,8.730505051,0.000001,0.001656229,0.000762379,-0.000407343,-0.015483947,-0.000968774,-8.71773E-05,-0.007367345,-0.00311531,0.001065797,0.000319485,-0.07863126,0.001528296,-0.00218884,0.000887651,-0.000553902,-0.000925949,0.005852612,-0.001758922,-0.001514526,-0.0004,0.0161702,-0.001046394,-0.000554014,-0.004685384,-0.002637228,-0.00117696,-0.000304805,-0.00036566,-0.001976356,8.08327E-06
BR10_main,8.85010101,0.000001,0.00190212,0.000999396,-0.000434147,-0.014229435,-0.00080019,-0.000254201,-0.007226336,-0.003275622,0.001012768,0.000314506,-0.081258709,0.001653587,-0.002073331,0.000918049,-0.00053196,-0.000963071,0.006602896,-0.00183593,-0.001596009,-0.000399459,0.015354171,-0.001020052,-0.000547703,-0.004332892,-0.002576079,-0.001299202,-0.000296192,-0.000366036,-0.001991881,8.67217E-06
BR10_main,8.96969697,0.000001,0.002151635,0.001316991,-0.000474072,-0.012985512,-0.000698535,-0.000465161,-0.007139561,-0.003443798,0.000971189,0.000309013,-0.083954196,0.001782566,-0.002010932,0.000971508,-0.00050688,-0.001008,0.006724204,-0.0019593,-0.001680843,-0.000402326,0.014580378,-0.000995587,-0.000549897,-0.004057589,-0.002518098,-0.00142475,-0.000291188,-0.000369766,-0.001936275,9.25466E-06
BR10_main,9.089292929,0.000001,0.002394047,0.001677373,-0.000528227,-0.012115206,-0.000647059,-0.000711714,-0.007153242,-0.00355145,0.000931556,0.000303134,-0.086836998,0.001914939,-0.001999427,0.001042021,-0.000481449,-0.001056173,0.006220373,-0.002134824,-0.001764852,-0.00041008,0.013866812,-0.000974585,-0.000560046,-0.003890037,-0.002465107,-0.001549425,-0.000290119,-0.000375867,-0.001837959,9.8305E-06
BR10_main,9.208888889,0.000001,0.002618182,0.001962323,-0.000598193,-0.011692339,-0.000632013,-0.000956745,-0.007247535,-0.003530238,0.000894272,0.000297026,-0.089966411,0.002050062,-0.002034827,0.001123439,-0.00045822,-0.001104694,0.005387684,-0.002364421,-0.001844661,-0.000422439,0.013227706,-0.00095787,-0.000577846,-0.003824572,-0.002418963,-0.001668556,-0.000293201,-0.000384099,-0.001736092,1.04109E-05
BR10_main,9.328484848,0.000001,0.002816732,0.002054958,-0.000685351,-0.011669233,-0.000642736,-0.001112924,-0.007350212,-0.003381263,0.000862594,0.000290887,-0.093377387,0.002187044,-0.002099563,0.001209044,-0.000438808,-0.001153122,0.004598503,-0.002644058,-0.001918692,-0.000438028,0.01267372,-0.000946151,-0.000603101,-0.003850525,-0.002381343,-0.001777184,-0.000300161,-0.000394869,-0.001664074,1.09533E-05
BR10_main,9.448080808,0.000001,0.002990504,0.00198951,-0.000790199,-0.01198092,-0.000670648,-0.001050469,-0.00740868,-0.003188209,0.000834723,0.000284968,-0.09708697,0.002324794,-0.002160612,0.001291785,-0.000424162,-0.001205399,0.00405453,-0.002961384,-0.001987377,-0.000455705,0.012212181,-0.000941302,-0.000635647,-0.003964285,-0.002353603,-0.001870686,-0.000309496,-0.000408792,-0.001634477,1.13219E-05
BR10_main,9.567676768,0.000001,0.003147472,0.001906217,-0.000911777,-0.012576301,-0.000708953,-0.000691627,-0.007417324,-0.003045187,0.000797652,0.000279618,-0.101035063,0.00246204,-0.002194152,0.001365324,-0.00041504,-0.001271155,0.003787947,-0.003292281,-0.002051205,-0.000475517,0.011847207,-0.000946754,-0.000675301,-0.004171593,-0.002336685,-0.001945652,-0.00031784,-0.000425936,-0.001639117,1.14237E-05
BR10_main,9.687272727,0.000001,0.003295658,0.001887442,-0.001047323,-0.013418766,-0.0007536,-0.00014916,-0.007400183,-0.0029898,0.000738969,0.000275336,-0.105008149,0.002597321,-0.002223715,0.00142558,-0.000412259,-0.001360549,0.003761196,-0.003594898,-0.002108935,-0.000498334,0.01157957,-0.00096646,-0.000721824,-0.004488118,-0.002331023,-0.002000692,-0.000321089,-0.000446337,-0.001663528,1.13307E-05
BR10_main,9.806868687,0.000001,0.003433658,0.001922682,-0.001192342,-0.014478861,-0.000805127,0.000294845,-0.007370344,-0.002989476,0.000666537,0.000272897,-0.108640465,0.002728992,-0.002357861,0.001471904,-0.000416768,-0.001471489,0.00392876,-0.003806821,-0.00215911,-0.000525084,0.011406245,-0.001003544,-0.000774926,-0.004941481,-0.002336438,-0.002036716,-0.000318039,-0.000473375,-0.001699476,1.11859E-05
BR10_main,9.926464646,0.000001,0.003542951,0.001970863,-0.001341002,-0.015725925,-0.000869282,0.000443228,-0.007313386,-0.002986346,0.000597726,0.000273538,-0.111527602,0.002855238,-0.002798358,0.001507047,-0.000429646,-0.001586185,0.004256931,-0.003862138,-0.002201639,-0.000556665,0.011319604,-0.001059553,-0.000834359,-0.00557607,-0.002351984,-0.002056462,-0.000312573,-0.000515285,-0.001752076,1.09768E-05
BR10_main,10.04606061,0.000001,0.003588763,0.002020229,-0.001486405,-0.017119698,-0.000952964,0.00033721,-0.007228087,-0.002962276,0.00054071,0.000279286,-0.113368088,0.002974102,-0.003722965,0.00153585,-0.000452085,-0.001687366,0.004724566,-0.003742399,-0.002237377,-0.000594081,0.011306141,-0.001134254,-0.000900147,-0.006461705,-0.002375767,-0.002063355,-0.000310528,-0.000580411,-0.001843647,1.04813E-05
BR10_main,10.16565657,0.000001,0.003541294,0.002089958,-0.001620276,-0.018601816,-0.001056226,0.000122462,-0.007154894,-0.00293391,0.000495322,0.000293388,-0.114030667,0.003083511,-0.005110767,0.001563483,-0.000485369,-0.001765106,0.005317888,-0.003510547,-0.002267346,-0.000638421,0.011344915,-0.001225441,-0.000972918,-0.007706718,-0.002404739,-0.002060168,-0.00031528,-0.000672511,-0.00201097,9.54975E-06
BR10_main,10.28525253,0.000001,0.003415828,0.002195229,-0.001732267,-0.020087342,-0.001168654,-9.57795E-05,-0.007162692,-0.002902878,0.00045927,0.00032059,-0.113531347,0.003181333,-0.006717038,0.001594108,-0.000530808,-0.001809901,0.006023627,-0.003263131,-0.002292372,-0.000690665,0.011405923,-0.001328692,-0.001054293,-0.009470564,-0.002434527,-0.002047949,-0.000327406,-0.000791778,-0.002288985,8.35983E-06
BR10_main,10.40484848,0.000001,0.003296403,0.002334269,-0.001809808,-0.021457533,-0.001274768,-0.000270389,-0.007345502,-0.002852912,0.000430722,0.000366072,-0.11196727,0.003265417,-0.008184162,0.001630324,-0.000589572,-0.001811528,0.006820964,-0.003065196,-0.002313019,-0.000751239,0.011448883,-0.001437734,-0.001147108,-0.011947589,-0.002459337,-0.00202548,-0.000346911,-0.000937955,-0.002676332,7.2642E-06
BR10_main,10.52444444,0.000001,0.00330049,0.002497307,-0.00183938,-0.022556685,-0.001361553,-0.000390397,-0.007790239,-0.002769332,0.000409258,0.000430022,-0.109448791,0.003333639,-0.009193758,0.001673197,-0.000662334,-0.001762141,0.007671832,-0.002939276,-0.002329622,-0.000818999,0.011423201,-0.001545634,-0.001254901,-0.015229899,-0.002471816,-0.001989436,-0.000374698,-0.001112877,-0.003081482,6.49642E-06
BR10_main,10.6440404,0.000001,0.003495091,0.002675261,-0.001809326,-0.023197518,-0.001421379,-0.000463093,-0.008438938,-0.002645679,0.000397508,0.000496204,-0.106042244,0.003383913,-0.009531098,0.001722548,-0.00074832,-0.001660028,0.008510167,-0.002884715,-0.002342362,-0.000889307,0.011270628,-0.001646241,-0.001379051,-0.018897135,-0.002462311,-0.001935533,-0.000412767,-0.001323159,-0.003314158,6.10461E-06
BR10_main,10.76363636,0.000001,0.003842738,0.002861982,-0.001713607,-0.023179922,-0.001451349,-0.000500182,-0.009075686,-0.002484695,0.000403246,0.000529765,-0.101725378,0.003414162,-0.009037915,0.001777285,-0.000842974,-0.001514862,0.009234129,-0.002893166,-0.002351423,-0.000952002,0.010933636,-0.001735527,-0.0015113,-0.021502957,-0.002417941,-0.001861338,-0.000463768,-0.001581038,-0.003234451,6.04219E-06
BR10_main,10.88323232,0.000001,0.004226193,0.003051761,-0.001555785,-0.022324268,-0.001452174,-0.000512698,-0.009476537,-0.002300971,0.000440065,0.000508997,-0.096372287,0.003422211,-0.007572405,0.001835816,-0.000934836,-0.001353774,0.009710387,-0.002954277,-0.002357288,-0.00099312,0.010374616,-0.001812821,-0.001626283,-0.021114587,-0.00232709,-0.001771896,-0.000529695,-0.001899831,-0.00292521,6.23638E-06
BR10_main,11.00282828,0.000001,0.004509185,0.003237318,-0.001353064,-0.020512483,-0.001426827,-0.000516921,-0.009573637,-0.002124707,0.000524544,0.000453217,-0.089822211,0.003405536,-0.005030518,0.001896784,-0.001007704,-0.001224132,0.009799094,-0.003055456,-0.002361368,-0.001003631,0.009611933,-0.001882457,-0.00169574,-0.017264633,-0.002189248,-0.001689056,-0.000608671,-0.002278194,-0.002600711,6.6036E-06
BR10_main,11.12242424,0.000001,0.004588024,0.003412051,-0.00114043,-0.017723077,-0.00137966,-0.000546309,-0.009455043,-0.002003389,0.000666738,0.000397477,-0.082109389,0.003360843,-0.001441559,0.001960271,-0.001052553,-0.001186549,0.009390912,-0.003180666,-0.002367348,-0.000987938,0.008777613,-0.001957222,-0.00172434,-0.011362054,-0.002012682,-0.001659191,-0.00068956,-0.002672331,-0.002407262,7.05851E-06
BR10_main,11.2420202,0.000001,0.004426924,0.003572731,-0.000973208,-0.014048443,-0.001324192,-0.000635431,-0.009052749,-0.002000684,0.000851235,0.000361349,-0.073791118,0.003283486,0.002810725,0.002029155,-0.001075464,-0.001294632,0.008425033,-0.00331618,-0.002383823,-0.000961917,0.008204019,-0.002061087,-0.001752171,-0.004868156,-0.001805132,-0.001737,-0.000750321,-0.002988212,-0.002390532,7.56185E-06
BR10_main,11.36161616,0.000001,0.004065252,0.003719242,-0.000921621,-0.009696004,-0.001301444,-0.000773898,-0.008155119,-0.00219152,0.001026776,0.000347876,-0.065974763,0.003167172,0.00660532,0.002109237,-0.001091662,-0.001569423,0.00687238,-0.003465321,-0.002428487,-0.00094481,0.00851477,-0.002217559,-0.001822046,0.001663263,-0.001573672,-0.001936035,-0.00077271,-0.003148476,-0.002561882,8.2222E-06
BR10_main,11.48121212,0.000001,0.003597486,0.003851708,-0.001046604,-0.004985294,-0.001371078,-0.000913949,-0.006672667,-0.002640603,0.001149437,0.000353123,-0.059765611,0.003005864,0.007866156,0.002205143,-0.001116092,-0.001986503,0.004728011,-0.003648984,-0.002530486,-0.000953215,0.010461537,-0.002424021,-0.00196171,0.008158432,-0.001328269,-0.002209426,-0.000761285,-0.003176575,-0.002924542,9.3864E-06
BR10_main,11.60080808,0.000001,0.003138278,0.003964439,-0.001356703,-0.000343598,-0.001543565,-0.001015929,-0.004997564,-0.003331174,0.001243909,0.0003702,-0.055594966,0.00280291,0.004593798,0.002309034,-0.001156141,-0.002486485,0.002112353,-0.003871202,-0.002714731,-0.000992804,0.013999322,-0.002645043,-0.002172204,0.01437147,-0.001083812,-0.002492231,-0.00073469,-0.003155182,-0.00342694,1.14713E-05
BR10_main,11.72040404,0.000001,0.002764359,0.004037288,-0.001778106,0.003729356,-0.001742117,-0.001061062,-0.004085312,-0.004030906,0.001342231,0.000388054,-0.052901764,0.002590926,-0.002500506,0.002386573,-0.001207581,-0.002999875,-0.000472649,-0.004064515,-0.002941313,-0.001039991,0.016984969,-0.002824752,-0.002392838,0.019470376,-0.000859722,-0.002738004,-0.000705275,-0.003118009,-0.003902074,1.44124E-05
BR10_main,11.84,0.000001,0.002457268,0.00403732,-0.002180336,0.006775939,-0.001861203,-0.001040375,-0.004554031,-0.004274556,0.001368234,0.000392175,-0.050379267,0.002437366,-0.009108242,0.00238299,-0.001256375,-0.003468689,-0.002094263,-0.004082965,-0.003056909,-0.001036156,0.016155166,-0.002904811,-0.002487749,0.022194193,-0.00067515,-0.002923234,-0.000674546,-0.003025574,-0.004107533,1.74282E-05
BR11_main,0,0.020615741,-0.024442443,0.154369599,-0.072406268,-0.839944919,-0.045073524,-0.036081107,-0.242072261,-0.03639873,0.21058401,-0.073523279,-1.870441763,-1.649471444,0.804668894,0.15257702,-0.042781357,-0.190590218,1.124235736,-0.495130892,-0.17770555,-0.042447656,0.640350244,-0.06828341,-0.143912214,0.429835282,-1.655121833,-0.09970784,-0.019676966,-0.114883576,-0.093815704,0.000102479
BR11_main,0.11959596,0.027088171,-0.021326905,0.186532043,-0.064549786,-0.675335636,-0.019240441,-0.035313886,-0.17539146,-0.034621146,0.24990422,-0.047131145,-1.724516778,-1.465880043,0.408347761,0.139490977,-0.038851923,-0.170145253,1.275099417,-0.414422063,-0.157195238,-0.041243106,0.343841737,-0.058436333,-0.132227946,0.132910343,-1.529195662,-0.094036647,-0.018173928,-0.092533526,-0.09175636,0.000105106
BR11_main,0.239191919,0.032146034,-0.016400416,0.217145605,-0.054927715,-0.411916524,0.012881611,-0.031429512,-0.098232327,-0.031980672,0.222353972,-0.012745167,-1.511136995,-1.051378453,-0.045062859,0.102806415,-0.034432932,-0.138027153,1.354608965,-0.27870504,-0.132940817,-0.03869626,0.272097171,-0.046878859,-0.117291937,-0.157666376,-1.100717755,-0.086677605,-0.016190192,-0.060093417,-0.087998523,0.000104515
BR11_main,0.358787879,0.035933257,-0.011679513,0.238052638,-0.045697921,-0.127195455,0.036163409,-0.026095562,-0.034083745,-0.028821187,0.167855192,0.013353367,-1.275586635,-0.634609793,-0.296662838,0.059112834,-0.02993653,-0.105287116,1.311488609,-0.164140659,-0.109497035,-0.03532217,0.303665558,-0.036065008,-0.101869767,-0.389253668,-0.610613947,-0.078536491,-0.014022219,-0.033521838,-0.083186358,0.000101315
BR11_main,0.478383838,0.038484516,-0.008102383,0.238529339,-0.038337964,0.12141749,0.044433632,-0.020623922,0.002599675,-0.025459512,0.116839679,0.027017075,-1.0537099,-0.351394207,-0.333330265,0.028064822,-0.025700138,-0.078117761,1.177604598,-0.092850436,-0.090038484,-0.031556496,0.347226535,-0.027629091,-0.087782588,-0.516159858,-0.263061351,-0.070420728,-0.011919123,-0.016718089,-0.077916249,9.62401E-05
BR11_main,0.597979798,0.040082983,-0.005703276,0.217892531,-0.033355851,0.290497453,0.041597891,-0.016077363,0.025336364,-0.022141718,0.078652701,0.031405858,-0.864523538,-0.210487607,-0.261363683,0.016019303,-0.021939956,-0.057843338,1.02397792,-0.055312306,-0.075551537,-0.027692841,0.374180403,-0.022076925,-0.075691975,-0.521761259,-0.08873055,-0.06287953,-0.010039738,-0.007437515,-0.072616237,8.99738E-05
BR11_main,0.717575758,0.041039065,-0.004189031,0.187825825,-0.030510105,0.350489712,0.034109566,-0.012879583,0.052006767,-0.019054558,0.05728598,0.030319448,-0.71327735,-0.170409123,-0.165992567,0.017204447,-0.018754515,-0.043539006,0.892691937,-0.037872282,-0.065096518,-0.023947805,0.383833808,-0.019066732,-0.065564594,-0.417545427,-0.024932735,-0.056157368,-0.008466444,-0.00342382,-0.067544569,8.31257E-05
BR11_main,0.837171717,0.041594514,-0.00324497,0.160396618,-0.029179748,0.307808154,0.026007745,-0.010782318,0.072549817,-0.016332937,0.051480271,0.025499673,-0.597291239,-0.181808939,-0.085191455,0.023827698,-0.01614354,-0.033776464,0.787616469,-0.031101058,-0.057061981,-0.020519594,0.378943064,-0.017853603,-0.057117195,-0.244174444,-0.010286724,-0.050262163,-0.00723066,-0.003240547,-0.062823006,7.62219E-05
BR11_main,0.956767677,0.04191088,-0.002623027,0.140902807,-0.028699033,0.203801213,0.018777289,-0.009107751,0.071031064,-0.014054322,0.055838194,0.017543011,-0.510816323,-0.206736109,-0.028198599,0.031160031,-0.014037843,-0.027297315,0.697494889,-0.029646705,-0.050535167,-0.017556156,0.359238398,-0.017642403,-0.050040448,-0.071579171,-0.011066138,-0.045104426,-0.006331562,-0.00546165,-0.058477597,6.96215E-05
BR11_main,1.076363636,0.042087777,-0.002114787,0.129214185,-0.0285486,0.083514171,0.012674019,-0.007227316,0.051396527,-0.012243638,0.062708052,0.008261841,-0.447814158,-0.227864412,0.007444584,0.037348608,-0.012336304,-0.02315823,0.612600882,-0.030666858,-0.045363834,-0.01511026,0.32361481,-0.017786869,-0.044046446,0.027916544,-0.013683861,-0.040586262,-0.005745853,-0.008195117,-0.054470806,6.34608E-05
BR11_main,1.195959596,0.042183839,-0.001568382,0.122824893,-0.028406026,-0.025276669,0.007603338,-0.005085491,0.028681498,-0.010899948,0.065700107,-0.000218022,-0.40298572,-0.245918213,0.027163973,0.042043145,-0.010944028,-0.020707905,0.529242893,-0.032669603,-0.041488876,-0.013156753,0.274365764,-0.017891203,-0.038873383,0.032830878,-0.015160145,-0.036633913,-0.005432741,-0.010154334,-0.050743448,5.77931E-05
BR11_main,1.315555556,0.042232445,-0.001022503,0.118676456,-0.028106161,-0.110482339,0.003383502,-0.003078186,0.014306135,-0.010021526,0.065295452,-0.007122067,-0.371736405,-0.269719221,0.035914927,0.045417401,-0.009790817,-0.019520653,0.45025211,-0.034850163,-0.038803806,-0.011630349,0.218493177,-0.017809636,-0.034336419,-0.006017358,-0.017293627,-0.033190107,-0.005331455,-0.011347513,-0.047232613,5.26845E-05
BR11_main,1.435151515,0.042251821,-0.000599061,0.114000546,-0.027583532,-0.169630949,-0.00019346,-0.001566574,0.010049556,-0.0096205,0.064261059,-0.012364881,-0.350137422,-0.304327406,0.037194894,0.047695652,-0.008831434,-0.019334358,0.38153967,-0.036747581,-0.037298927,-0.010455052,0.164605536,-0.017524666,-0.030363947,-0.037798168,-0.021678919,-0.030204427,-0.005361752,-0.012210226,-0.043882403,4.81952E-05
BR11_main,1.554747475,0.042250997,-0.00032939,0.106807906,-0.026828336,-0.204813591,-0.003313138,-0.000617451,0.011539045,-0.009712157,0.062243822,-0.015367376,-0.335007902,-0.339741469,0.033126187,0.048961637,-0.008035909,-0.019983098,0.326179874,-0.038076986,-0.036932175,-0.009558024,0.118790253,-0.017023703,-0.026910894,-0.056747265,-0.027612563,-0.027624745,-0.005439088,-0.01295934,-0.0406502,4.43524E-05
BR11_main,1.674343434,0.042233017,-0.000177265,0.096313254,-0.025860404,-0.214106362,-0.006097066,-5.43259E-05,0.013794037,-0.010256575,0.058135974,-0.015202361,-0.323938282,-0.350111323,0.025056422,0.049034674,-0.007380538,-0.021283855,0.282971866,-0.038656838,-0.037280779,-0.008873571,0.083195459,-0.016272578,-0.023902377,-0.068238323,-0.033695765,-0.025386943,-0.005493598,-0.013658918,-0.037510427,4.11461E-05
BR11_main,1.793939394,0.04219633,-9.90907E-05,0.083158246,-0.024715871,-0.194487676,-0.008572912,0.000326053,0.013459177,-0.011056815,0.053417391,-0.011962511,-0.315209832,-0.316935574,0.014281385,0.047412549,-0.006844967,-0.02284975,0.24838671,-0.038390307,-0.037527064,-0.008344507,0.0571489,-0.015256626,-0.021255674,-0.073802629,-0.039038889,-0.023404688,-0.005477121,-0.01432434,-0.03445786,3.85348E-05
BR11_main,1.913535354,0.042134861,-6.36584E-05,0.069046142,-0.023443258,-0.152677531,-0.010671554,0.000585398,0.009605917,-0.011704228,0.050347054,-0.007146377,-0.307700217,-0.252790573,0.002380169,0.043664768,-0.006414427,-0.023990181,0.217673879,-0.037279991,-0.03684282,-0.007925946,0.038795088,-0.014039615,-0.018910092,-0.075311511,-0.043274932,-0.021573708,-0.005363578,-0.014871979,-0.031514128,3.64571E-05
BR11_main,2.033131313,0.042036934,-5.18428E-05,0.055766404,-0.0220825,-0.097127416,-0.01228183,0.000744687,0.003319342,-0.011695056,0.048385698,-0.002471178,-0.300528008,-0.184952901,-0.009048543,0.03816016,-0.006076144,-0.024026636,0.186976622,-0.035416829,-0.034514547,-0.007582721,0.026126678,-0.012768712,-0.016831843,-0.074325263,-0.046072208,-0.019789862,-0.005146029,-0.015131515,-0.028704917,3.4815E-05
BR11_main,2.152727273,0.041882972,-5.27695E-05,0.044507345,-0.020677909,-0.036795384,-0.013368913,0.000880252,-0.003770782,-0.010787201,0.046244362,0.001062713,-0.293147157,-0.127906829,-0.018784659,0.032143139,-0.005821571,-0.022830103,0.155212857,-0.033003066,-0.030417044,-0.007293336,0.017471519,-0.011616074,-0.015038511,-0.071627081,-0.047065469,-0.018022406,-0.004840132,-0.014952918,-0.02607571,3.35097E-05
BR11_main,2.272323232,0.041641825,-6.05558E-05,0.035693508,-0.019278306,0.010615586,-0.014018235,0.001030435,-0.010613141,-0.009254037,0.044411166,0.0032052,-0.285310067,-0.083105941,-0.026120156,0.026798641,-0.005642947,-0.020723108,0.123095281,-0.030319041,-0.025506184,-0.007045904,0.011574376,-0.010686976,-0.013585005,-0.068018557,-0.046287061,-0.016331671,-0.004479101,-0.01430776,-0.02367824,3.24585E-05
BR11_main,2.391919192,0.041265795,-7.22588E-05,0.029033166,-0.01792783,0.032458896,-0.014354679,0.001167286,-0.016905563,-0.007631493,0.043383524,0.004104148,-0.276927883,-0.050035024,-0.030752884,0.022660321,-0.005528263,-0.01809706,0.091349903,-0.027644153,-0.021185682,-0.006833574,0.007537755,-0.009999972,-0.012500612,-0.064803887,-0.044185707,-0.014808114,-0.004104107,-0.013351417,-0.02154516,3.15954E-05
BR11_main,2.511515152,0.040685415,-8.66919E-05,0.02350687,-0.016660499,0.031170638,-0.014467433,0.001243278,-0.022653283,-0.006322571,0.042218009,0.004065724,-0.267975388,-0.028185866,-0.032716608,0.019751556,-0.005459623,-0.015368297,0.060640083,-0.025190877,-0.018218,-0.006654485,0.00473823,-0.009494498,-0.011738,-0.062992435,-0.041359859,-0.013514212,-0.003757649,-0.012371405,-0.01968118,3.08705E-05
BR11_main,2.631111111,0.039807547,-0.000103775,0.017755253,-0.01549808,0.01666379,-0.014410041,0.001231232,-0.027601334,-0.005462355,0.040320067,0.003465026,-0.258433389,-0.015272661,-0.032389835,0.0178842,-0.005415101,-0.012928001,0.032876422,-0.023080924,-0.016568065,-0.006509974,0.00274937,-0.009055131,-0.011193297,-0.062013136,-0.038329739,-0.012475323,-0.003476163,-0.011635539,-0.018070845,3.02468E-05
BR11_main,2.750707071,0.038524765,-0.000124178,0.011145585,-0.01444843,-0.001806876,-0.014228305,0.001190375,-0.030968772,-0.005008127,0.038359806,0.002668879,-0.248229167,-0.008174561,-0.0304435,0.016843963,-0.005372184,-0.011000262,0.009313054,-0.021354197,-0.015835682,-0.006399299,0.00128035,-0.008593492,-0.010760448,-0.060708802,-0.035410235,-0.01169391,-0.003280005,-0.011229666,-0.016689294,2.96923E-05
BR11_main,2.87030303,0.036747834,-0.000149332,0.004186342,-0.013525203,-0.018061088,-0.013991888,0.001204475,-0.03203457,-0.004875963,0.036901506,0.001943127,-0.237549479,-0.004404194,-0.027695875,0.016453043,-0.005319094,-0.009631543,-0.010877269,-0.020020507,-0.01556505,-0.006324673,0.000131974,-0.008106705,-0.010392322,-0.058863367,-0.032787735,-0.01117889,-0.003172509,-0.011004552,-0.015530778,2.92128E-05
BR11_main,2.98989899,0.034465929,-0.000181483,-0.002249808,-0.01274847,-0.029206696,-0.013785608,0.001277035,-0.031215734,-0.004992382,0.035670748,0.001412357,-0.226848465,-0.002416786,-0.02485203,0.01650644,-0.005257963,-0.008768386,-0.028255572,-0.019079705,-0.015451544,-0.006292141,-0.000840932,-0.007667053,-0.010103063,-0.05689775,-0.030580068,-0.010955232,-0.003142525,-0.010701202,-0.014607283,2.88536E-05
BR11_main,3.109494949,0.031808255,-0.000223297,-0.007516092,-0.012115288,-0.034958431,-0.013649697,0.001351133,-0.029686506,-0.00528967,0.034343395,0.001086553,-0.216303435,-0.001356479,-0.022296393,0.016686612,-0.005190432,-0.008318319,-0.041959318,-0.018490976,-0.015408357,-0.006297484,-0.001751922,-0.007372811,-0.009902675,-0.055136271,-0.028794306,-0.011041987,-0.003166336,-0.010208128,-0.013910142,2.86271E-05
BR11_main,3.229090909,0.029043681,-0.000277263,-0.011324292,-0.011614504,-0.03636609,-0.013540473,0.001388194,-0.0280767,-0.005748196,0.032982432,0.000915174,-0.206002775,-0.000776786,-0.020163761,0.016691032,-0.005117199,-0.00819973,-0.051521653,-0.0181975,-0.015469989,-0.006330232,-0.002693659,-0.007299884,-0.009786868,-0.053699559,-0.027377963,-0.011450992,-0.003221606,-0.009672988,-0.013420954,2.85243E-05
BR11_main,3.348686869,0.02648251,-0.000344173,-0.013882621,-0.011238933,-0.035211338,-0.013305637,0.001379219,-0.026553852,-0.006401549,0.031731277,0.000834596,-0.196080908,-0.000448757,-0.018495337,0.016394287,-0.005038018,-0.008354575,-0.058056214,-0.01814048,-0.015641906,-0.006377036,-0.003745771,-0.007440547,-0.009775443,-0.05258148,-0.026257793,-0.012162199,-0.003296763,-0.009268904,-0.013118802,2.8521E-05
BR11_main,3.468282828,0.024345159,-0.000420592,-0.015777673,-0.010991178,-0.033485791,-0.01280212,0.001337791,-0.025363919,-0.00723203,0.030613361,0.00079527,-0.186744338,-0.000254016,-0.017349984,0.015799095,-0.004952125,-0.008744866,-0.063346039,-0.018264727,-0.015862645,-0.006423706,-0.004974949,-0.007708071,-0.009926724,-0.051719355,-0.025360456,-0.013080518,-0.003390684,-0.009002256,-0.012982769,2.85786E-05
BR11_main,3.587878788,0.022702209,-0.000495638,-0.01755152,-0.010878529,-0.03241718,-0.012073212,0.001286995,-0.024675052,-0.008114666,0.02955376,0.000767774,-0.178221031,-0.000129394,-0.016733535,0.014929601,-0.004858811,-0.009344865,-0.068043153,-0.018520028,-0.016049602,-0.006456396,-0.006418606,-0.008021582,-0.010302458,-0.051028139,-0.02461877,-0.013995901,-0.003504446,-0.008761611,-0.012991412,2.86473E-05
BR11_main,3.707474747,0.02150653,-0.000547006,-0.019424294,-0.010890144,-0.032240043,-0.011256353,0.001235472,-0.024342811,-0.008875815,0.028451792,0.000739616,-0.170669379,-3.86557E-05,-0.016492179,0.013819938,-0.004756888,-0.010131608,-0.070907113,-0.018858701,-0.016126857,-0.006461568,-0.008035568,-0.008346842,-0.010923822,-0.050405335,-0.023967727,-0.014603923,-0.003631884,-0.008462049,-0.013119545,2.86735E-05
BR11_main,3.827070707,0.020658958,-0.000545901,-0.021310279,-0.010986153,-0.032723965,-0.010428251,0.001183187,-0.023961108,-0.009373845,0.027266725,0.000708798,-0.16424361,4.25084E-05,-0.01645235,0.012532387,-0.004647649,-0.011078971,-0.069771559,-0.019247614,-0.016041077,-0.006431136,-0.009617999,-0.008645958,-0.01173556,-0.049767512,-0.023358102,-0.01467645,-0.003758911,-0.008094676,-0.013345572,2.86282E-05
BR11_main,3.946666667,0.020057048,-0.000482492,-0.022938493,-0.011113676,-0.033602023,-0.009620319,0.001132543,-0.0230946,-0.009548747,0.026058839,0.000676326,-0.15908782,0.0001353,-0.016550944,0.011145461,-0.004534882,-0.012129082,-0.063520241,-0.019669771,-0.015771915,-0.006363993,-0.010701909,-0.008854153,-0.012600917,-0.049056457,-0.022756474,-0.014201117,-0.003867727,-0.007685169,-0.013653418,2.85088E-05
BR11_main,4.066262626,0.019616431,-0.000381808,-0.023986291,-0.01122435,-0.03469039,-0.008860848,0.001087672,-0.021582888,-0.009417993,0.024927898,0.000642808,-0.155311509,0.000262489,-0.016780533,0.009730674,-0.004424051,-0.013130667,-0.053288321,-0.020118278,-0.015340543,-0.006265008,-0.010662601,-0.008928238,-0.013342367,-0.048232991,-0.022140448,-0.013361729,-0.003942034,-0.007270812,-0.014031596,2.83243E-05
BR11_main,4.185858586,0.019274814,-0.000279597,-0.024208328,-0.011264026,-0.035874324,-0.008171571,0.001052353,-0.019663832,-0.009046675,0.023873872,0.00060919,-0.152985375,0.000446057,-0.017129,0.008340739,-0.004322251,-0.013813412,-0.041729849,-0.020587429,-0.01481074,-0.006143375,-0.009185021,-0.008868091,-0.013810196,-0.047273389,-0.021495881,-0.012443675,-0.003970978,-0.006896559,-0.014470513,2.80789E-05
BR11_main,4.305454545,0.018988542,-0.000195356,-0.02352136,-0.011173837,-0.03707701,-0.007556584,0.001025548,-0.017735738,-0.008536389,0.022811039,0.000577093,-0.152142298,0.000688207,-0.017580841,0.007015771,-0.004238198,-0.013941072,-0.031226724,-0.021062038,-0.014274404,-0.006010426,-0.00668547,-0.008697021,-0.013920316,-0.046166619,-0.020814979,-0.011702417,-0.003950823,-0.006596177,-0.014955842,2.77589E-05
BR11_main,4.425050505,0.018727393,-0.000131397,-0.02201457,-0.010940296,-0.038239343,-0.007003462,0.001004945,-0.016055433,-0.008006404,0.021697923,0.00054809,-0.152778531,0.000934989,-0.018124568,0.005795051,-0.004180599,-0.013531456,-0.02286147,-0.021507443,-0.013820803,-0.005877347,-0.003963102,-0.008440992,-0.013636027,-0.044911994,-0.020094876,-0.011265259,-0.003884744,-0.006380136,-0.015459107,2.73263E-05
BR11_main,4.544646465,0.018470266,-8.31129E-05,-0.019902332,-0.01061726,-0.039308985,-0.006498449,0.000992992,-0.01468297,-0.007560524,0.020556524,0.000523786,-0.154849473,0.00107798,-0.018747453,0.004719472,-0.004154235,-0.012810044,-0.016629747,-0.021862402,-0.013509639,-0.005753078,-0.001557124,-0.008120928,-0.012986786,-0.043515885,-0.019335983,-0.011127743,-0.003781259,-0.006242749,-0.015929511,2.67189E-05
BR11_main,4.664242424,0.018201944,-4.64284E-05,-0.017451717,-0.01026983,-0.040235445,-0.006031774,0.000994013,-0.013577085,-0.007256177,0.019425308,0.000505616,-0.158263684,0.001050354,-0.019429301,0.003823655,-0.004156697,-0.012011085,-0.012088036,-0.022039751,-0.013363674,-0.005642885,0.000387185,-0.007754482,-0.012100313,-0.041988961,-0.0185407,-0.011209919,-0.003652034,-0.006172459,-0.016292979,2.5865E-05
BR11_main,4.783838384,0.017910878,-1.99024E-05,-0.014909492,-0.009930135,-0.040971262,-0.005580185,0.001006701,-0.012675271,-0.007098279,0.018335606,0.000493678,-0.162885276,0.00088905,-0.020141683,0.003127278,-0.0041781,-0.01127983,-0.00881562,-0.021943002,-0.01337829,-0.005548137,0.00192822,-0.007363117,-0.011129117,-0.040346804,-0.017713677,-0.011410313,-0.00350978,-0.006156398,-0.016463174,2.47225E-05
BR11_main,4.903434343,0.017587744,-2.78773E-06,-0.012458897,-0.009602774,-0.041473868,-0.005105009,0.001022742,-0.011924336,-0.007055866,0.01730948,0.000487072,-0.168531305,0.000678064,-0.020849879,0.002629823,-0.004203497,-0.010670599,-0.006507003,-0.021498986,-0.013538253,-0.00546667,0.003172732,-0.006978905,-0.010177052,-0.038609075,-0.016861471,-0.011636632,-0.003366396,-0.006181796,-0.016361739,2.33429E-05
BR11_main,5.023030303,0.017224415,6.19334E-06,-0.010216522,-0.009283582,-0.041707594,-0.004589251,0.001036586,-0.011285522,-0.007081008,0.016362202,0.000484754,-0.174966646,0.00048835,-0.021516197,0.002304406,-0.004219819,-0.010185787,-0.004910503,-0.020692952,-0.01382827,-0.005393715,0.004215274,-0.006641951,-0.009296881,-0.036798002,-0.015991901,-0.011795925,-0.003231902,-0.006238947,-0.015942468,2.19332E-05
BR11_main,5.142626263,0.016813691,8.4105E-06,-0.008245301,-0.008973677,-0.041646153,-0.004124869,0.001049862,-0.010732,-0.007121609,0.015502522,0.000485556,-0.181900478,0.000350586,-0.022103705,0.002089502,-0.004221278,-0.009811776,-0.00381944,-0.019582801,-0.014218159,-0.005323298,0.005126366,-0.006384766,-0.008517636,-0.034937149,-0.01511353,-0.011787098,-0.003114362,-0.006324251,-0.015214847,2.08537E-05
BR11_main,5.262222222,0.016349078,6.53526E-06,-0.006567917,-0.008689589,-0.041275039,-0.003982743,0.001062482,-0.010245279,-0.007133615,0.014729478,0.000488094,-0.188985833,0.000262871,-0.022578436,0.001902705,-0.00420721,-0.009534358,-0.003077818,-0.018286843,-0.01462239,-0.005249692,0.005955917,-0.00622078,-0.00787291,-0.033050286,-0.01423519,-0.011549514,-0.003020266,-0.006438808,-0.014265388,2.05253E-05
BR11_main,5.381818182,0.015824492,4.1213E-06,-0.005180421,-0.008463445,-0.040593427,-0.004422747,0.001069879,-0.009812505,-0.007092567,0.014027759,0.000490813,-0.195824555,0.000212455,-0.022908979,0.001689422,-0.004176896,-0.009342417,-0.00257313,-0.016960696,-0.01488947,-0.00516853,0.006738994,-0.006148102,-0.007397702,-0.031160407,-0.013365566,-0.011115454,-0.002954626,-0.006582353,-0.01326058,2.1315E-05
BR11_main,5.501414141,0.015234483,3.26118E-06,-0.004064666,-0.008325628,-0.039615131,-0.005454931,0.001068494,-0.009424968,-0.006993181,0.013366246,0.000491872,-0.201980152,0.000187068,-0.023064698,0.001431982,-0.004125833,-0.009227323,-0.002226605,-0.015774473,-0.014901133,-0.005077253,0.007500493,-0.006157498,-0.007109712,-0.029288907,-0.012512848,-0.010587099,-0.002920564,-0.006745936,-0.012403673,2.34266E-05
BR11_main,5.621010101,0.014574522,4.18009E-06,-0.003194219,-0.008285318,-0.038368075,-0.006917214,0.00105887,-0.009077412,-0.00683741,0.012703652,0.000488891,-0.206999151,0.000177436,-0.023015821,0.001111267,-0.004045947,-0.009180848,-0.001984867,-0.014889936,-0.014669832,-0.004974795,0.008258303,-0.006235219,-0.007006421,-0.027454803,-0.011684394,-0.010070622,-0.002918605,-0.006906806,-0.011876324,2.67615E-05
BR11_main,5.740606061,0.013841411,6.35435E-06,-0.002528357,-0.008322286,-0.036891694,-0.008583967,0.001042322,-0.008767507,-0.006625326,0.011998691,0.000479104,-0.210438252,0.00017738,-0.022737769,0.000714319,-0.003928519,-0.009195066,-0.001812917,-0.014435347,-0.014249286,-0.004860524,0.00902514,-0.006360038,-0.007066856,-0.025673683,-0.010886293,-0.009655121,-0.002945606,-0.007028895,-0.011817955,3.07882E-05
BR11_main,5.86020202,0.013033856,9.3284E-06,-0.002010055,-0.008387093,-0.035237724,-0.010253012,0.001016852,-0.008496168,-0.006354929,0.011220643,0.000460428,-0.211926009,0.000183231,-0.022220666,0.000272438,-0.003767606,-0.00926428,-0.001688735,-0.014478558,-0.013645762,-0.004733207,0.009810713,-0.006498219,-0.007254786,-0.023960101,-0.010124348,-0.009428861,-0.002993492,-0.007070439,-0.012299994,3.45905E-05
BR11_main,5.97979798,0.012153031,1.29503E-05,-0.001585079,-0.008421683,-0.033464786,-0.011798763,0.000977487,-0.008266951,-0.006031947,0.010355495,0.000432643,-0.211199779,0.000193024,-0.021472333,-0.000142617,-0.00356173,-0.009378539,-0.001599489,-0.014993012,-0.012838253,-0.004588895,0.010622489,-0.006597822,-0.007531615,-0.022326305,-0.009403514,-0.009449619,-0.003047498,-0.006993473,-0.013219968,3.71682E-05
BR11_main,6.099393939,0.011203763,1.73845E-05,-0.00121869,-0.008375263,-0.031631387,-0.013123398,0.000919312,-0.008085711,-0.005676076,0.009413204,0.000397848,-0.208125272,0.000205813,-0.020513682,-0.000457472,-0.003314583,-0.009511043,-0.001539688,-0.015820615,-0.011797213,-0.004418736,0.011465474,-0.006590187,-0.007857586,-0.020780374,-0.008727148,-0.009647239,-0.003085012,-0.006771815,-0.014194104,3.78104E-05
BR11_main,6.218989899,0.010195772,2.30354E-05,-0.000890885,-0.008165105,-0.029790988,-0.014087392,0.000840537,-0.007959294,-0.005309759,0.00843046,0.000360209,-0.20270998,0.00022123,-0.019372157,-0.000631379,-0.003035122,-0.009608038,-0.001510891,-0.016649499,-0.01051561,-0.004208704,0.01234186,-0.00640852,-0.008157218,-0.019325762,-0.008096839,-0.009784466,-0.0030768,-0.006397736,-0.014625896,3.63217E-05
BR11_main,6.338585859,0.009144705,3.0233E-05,-0.000588278,-0.00767004,-0.02798923,-0.014450088,0.000743268,-0.007886944,-0.004950098,0.007459539,0.0003243,-0.195105558,0.000239237,-0.018079053,-0.000667293,-0.002736544,-0.009564136,-0.001523069,-0.017049155,-0.009079471,-0.003943773,0.013250669,-0.006019717,-0.008288493,-0.017961827,-0.007512641,-0.009584358,-0.002994507,-0.005886441,-0.013995105,3.30086E-05
BR11_main,6.458181818,0.008072994,3.87146E-05,-0.000304367,-0.006852665,-0.026262905,-0.013931105,0.000637224,-0.007844152,-0.004609984,0.00654891,0.0002929,-0.185595411,0.000259995,-0.016674023,-0.000595049,-0.002433909,-0.00920065,-0.001597469,-0.016607984,-0.007660498,-0.003616749,0.014187534,-0.005444758,-0.00808366,-0.016684727,-0.006973513,-0.008885962,-0.002824737,-0.005276013,-0.012183861,2.85051E-05
BR11_main,6.577777778,0.007008434,4.80269E-05,-4.2799E-05,-0.005832274,-0.024640116,-0.012499104,0.000538566,-0.00778133,-0.004299138,0.005729864,0.000266676,-0.174567607,0.000283811,-0.015211439,-0.000445547,-0.002141187,-0.008359807,-0.001769296,-0.015146165,-0.006395285,-0.003236126,0.015144743,-0.00474953,-0.00745419,-0.015488432,-0.006477773,-0.00774751,-0.002576435,-0.004618422,-0.009629342,2.35709E-05
BR11_main,6.697373737,0.005979509,5.89326E-05,0.000181542,-0.0047834,-0.023140643,-0.010515188,0.000457635,-0.007662507,-0.004024097,0.005014701,0.000245203,-0.162473472,0.000311107,-0.013755443,-0.000243893,-0.001868996,-0.007092683,-0.002082358,-0.01285049,-0.005327909,-0.002825254,0.016111165,-0.00401644,-0.006464588,-0.014365243,-0.006023347,-0.006417839,-0.002274754,-0.0039603,-0.007096293,1.89005E-05
BR11_main,6.816969697,0.005009826,7.2179E-05,0.000349086,-0.003829044,-0.021776588,-0.008459185,0.000395792,-0.007503453,-0.003788036,0.004402172,0.000227822,-0.14978223,0.00034242,-0.012363734,-1.82739E-05,-0.001623775,-0.005649167,-0.002562855,-0.010179775,-0.004448254,-0.002412919,0.017072186,-0.003316133,-0.005305654,-0.013306103,-0.005607914,-0.005165902,-0.001951377,-0.003327755,-0.005118076,1.49558E-05
BR11_main,6.936565657,0.004115245,8.61379E-05,0.000450414,-0.003017664,-0.020553164,-0.006645992,0.000350664,-0.007352162,-0.003589271,0.003884105,0.000213981,-0.136940331,0.000378407,-0.011074851,0.000212561,-0.001408208,-0.004279692,-0.003185255,-0.007609204,-0.003731105,-0.002023329,0.018009673,-0.0026919,-0.004179108,-0.01230081,-0.005228994,-0.004136087,-0.001635925,-0.002726385,-0.003776217,1.19056E-05
BR11_main,7.056161616,0.003303978,9.80937E-05,0.000490605,-0.002351144,-0.019470202,-0.005185253,0.000317601,-0.007247704,-0.003421775,0.003450326,0.000203306,-0.124345931,0.00041987,-0.00990711,0.000457174,-0.001222266,-0.003129437,-0.003864181,-0.005438247,-0.003150203,-0.001671689,0.018902598,-0.002160121,-0.003205087,-0.011338607,-0.004884164,-0.003345819,-0.001349523,-0.00215322,-0.002920297,9.68951E-06
BR11_main,7.175757576,0.002578598,0.000107038,0.000478766,-0.00181373,-0.018523306,-0.004062211,0.000289804,-0.007205275,-0.003279666,0.003091375,0.000195598,-0.112334425,0.000467805,-0.008864407,0.000747473,-0.001064225,-0.002246684,-0.004431421,-0.003765582,-0.00268163,-0.001364855,0.019727768,-0.001719793,-0.002418133,-0.010408719,-0.004571145,-0.002753941,-0.001102826,-0.001609715,-0.002379591,8.12382E-06
BR11_main,7.295353535,0.001937706,0.000114495,0.000425439,-0.001384828,-0.017704867,-0.003216348,0.000260574,-0.007230778,-0.003161294,0.002799877,0.000190807,-0.101176517,0.00052346,-0.007942749,0.001121249,-0.000931425,-0.001618831,-0.004635563,-0.002562573,-0.002304706,-0.001103949,0.020460784,-0.001362365,-0.001806942,-0.009501152,-0.004287817,-0.002308445,-0.000898057,-0.001109427,-0.002031682,7.00428E-06
BR11_main,7.414949495,0.00137687,0.000123118,0.000347216,-0.001044699,-0.017005342,-0.002583464,0.000223446,-0.007315052,-0.00307021,0.002571202,0.000188942,-0.091089344,0.00058843,-0.007134859,0.001593927,-0.000820776,-0.001202142,-0.004315342,-0.001752683,-0.002002143,-0.00088689,0.021077701,-0.001077879,-0.001347723,-0.008608255,-0.004032236,-0.001965923,-0.000732473,-0.00068756,-0.001801366,6.17307E-06
BR11_main,7.534545455,0.000889884,0.000133463,0.000264698,-0.000778795,-0.016414215,-0.0021104,0.000176041,-0.007422396,-0.00301348,0.002402981,0.000189763,-0.082253939,0.000664569,-0.006432545,0.002122792,-0.000729073,-0.000939488,-0.003569428,-0.001258421,-0.001759763,-0.000710199,0.021556625,-0.000857574,-0.001017223,-0.007727051,-0.003802421,-0.001698265,-0.000601278,-0.000395981,-0.001645069,5.53509E-06
BR11_main,7.654141414,0.000469656,0.000144063,0.000194708,-0.000579348,-0.015921072,-0.001757326,0.000122545,-0.007519005,-0.002996526,0.002291062,0.000192349,-0.074839982,0.000753049,-0.005827908,0.002580305,-0.000653231,-0.000781789,-0.002640154,-0.001013696,-0.001566126,-0.000570117,0.021879526,-0.000694469,-0.000791802,-0.006863408,-0.003596149,-0.00149049,-0.000499495,-0.000262794,-0.001537669,5.04102E-06
BR11_main,7.773737374,0.000108846,0.000155077,0.000145591,-0.000442382,-0.015517047,-0.00149542,6.6095E-05,-0.007607864,-0.003017254,0.002219595,0.000195508,-0.069037534,0.000850918,-0.005313968,0.002778923,-0.000590499,-0.000699833,-0.001718265,-0.000950478,-0.001412199,-0.000463094,0.022034586,-0.000582586,-0.000646559,-0.006038569,-0.003411433,-0.001335154,-0.000422902,-0.000268457,-0.001464046,4.66458E-06
BR11_main,7.893333333,0.000001,0.000168703,0.000118613,-0.000362282,-0.015194916,-0.001302695,5.74843E-06,-0.007730233,-0.003062882,0.002155337,0.000199047,-0.065092646,0.000945129,-0.004884491,0.002614528,-0.000538606,-0.000678505,-0.000892081,-0.000981263,-0.001290932,-0.000385651,0.022016689,-0.000514919,-0.000560219,-0.005294669,-0.003247916,-0.001228097,-0.000368215,-0.000367404,-0.001415005,4.38884E-06
BR11_main,8.012929293,0.000001,0.000187298,0.000110656,-0.000328717,-0.014948912,-0.001160961,-6.28401E-05,-0.007925906,-0.003109609,0.002066329,0.000203595,-0.063370859,0.001015012,-0.00453398,0.002193546,-0.000495901,-0.000707414,-0.000171982,-0.001014859,-0.00119691,-0.000334013,0.021827704,-0.000482117,-0.000518478,-0.004691381,-0.003106749,-0.001165664,-0.00033299,-0.000513055,-0.001386101,4.20232E-06
BR11_main,8.132525253,0.000001,0.000212373,0.000114996,-0.000328401,-0.014773955,-0.001055303,-0.000148548,-0.008171374,-0.003125361,0.001943185,0.000209337,-0.064428108,0.001053867,-0.004257971,0.001737081,-0.000461427,-0.000774105,0.000485319,-0.001010389,-0.001126358,-0.000303943,0.021476676,-0.000473865,-0.000510093,-0.004285497,-0.002984217,-0.001142911,-0.000315731,-0.000669566,-0.001376309,4.09808E-06
BR11_main,8.252121212,0.000001,0.000244852,0.000123424,-0.000350208,-0.014663489,-0.000973922,-0.000262275,-0.008388065,-0.00308326,0.001796058,0.000215856,-0.068823764,0.001078322,-0.004053132,0.001390917,-0.000434839,-0.000858216,0.001150446,-0.00099103,-0.001077497,-0.000290963,0.020979078,-0.000481588,-0.000521682,-0.00410139,-0.002867698,-0.001153012,-0.000316241,-0.000817054,-0.001385515,4.07334E-06
BR11_main,8.371717172,0.000001,0.000285528,0.000133933,-0.00038915,-0.014607027,-0.000906809,-0.000406291,-0.008486381,-0.002985163,0.00164928,0.000222457,-0.076404377,0.001107171,-0.003915847,0.001179523,-0.000416063,-0.000931129,0.001898443,-0.000992931,-0.001050414,-0.000290852,0.020355527,-0.000499995,-0.000537966,-0.004117962,-0.002745293,-0.00118795,-0.000335846,-0.000949619,-0.001412813,4.13455E-06
BR11_main,8.491313131,0.000001,0.000335282,0.00015704,-0.000444133,-0.014589695,-0.000843984,-0.0005609,-0.008372915,-0.002863022,0.001523105,0.000228909,-0.085672297,0.001148586,-0.003835679,0.00107052,-0.000404748,-0.000972703,0.002780124,-0.0010312,-0.001045647,-0.000300132,0.019630112,-0.000526723,-0.000549264,-0.004283699,-0.002614941,-0.001239859,-0.000376971,-0.001065888,-0.001456675,4.30168E-06
BR11_main,8.610909091,0.000001,0.000395108,0.000213845,-0.000511128,-0.014596008,-0.000774271,-0.000685841,-0.008040185,-0.002751839,0.001399471,0.00023553,-0.093985543,0.001204129,-0.003781562,0.001025829,-0.000399886,-0.000985658,0.003762441,-0.001104738,-0.001062412,-0.00031626,0.018828981,-0.000560604,-0.000556924,-0.00454186,-0.002482017,-0.001302182,-0.000440727,-0.001156728,-0.001516111,4.60077E-06
BR11_main,8.730505051,0.000001,0.000466021,0.000332178,-0.000582143,-0.01461568,-0.000685304,-0.000746913,-0.00761209,-0.00267081,0.001240815,0.000242506,-0.098864104,0.001273666,-0.003699641,0.00101786,-0.000399904,-0.000985532,0.004670846,-0.001207585,-0.00109835,-0.000337476,0.017978913,-0.000599078,-0.000567944,-0.004846749,-0.00235392,-0.001370058,-0.000520276,-0.00119819,-0.001591946,5.05367E-06
BR11_main,8.85010101,0.000001,0.000548845,0.000545216,-0.000651026,-0.014644243,-0.000565137,-0.000732593,-0.007227288,-0.002628415,0.001069523,0.000249918,-0.099564193,0.001357061,-0.003556243,0.00103011,-0.000403185,-0.000985999,0.005247962,-0.001333513,-0.001151527,-0.000362568,0.017106158,-0.000635729,-0.000587989,-0.005168803,-0.002236696,-0.001440105,-0.00059262,-0.001167922,-0.001688315,5.66902E-06
BR11_main,8.96969697,0.000001,0.000644161,0.000885849,-0.000716247,-0.014667185,-0.000405103,-0.00065395,-0.006952982,-0.002628108,0.000957074,0.000257994,-0.097258478,0.001454341,-0.003375929,0.001053793,-0.000408673,-0.000995855,0.005356037,-0.001476879,-0.00122298,-0.000390719,0.01623522,-0.000661756,-0.000620381,-0.005493247,-0.002133585,-0.001510073,-0.000623252,-0.001075336,-0.001815062,6.43976E-06
BR11_main,9.089292929,0.000001,0.00075266,0.001364867,-0.000779122,-0.014625618,-0.000203581,-0.000541435,-0.00679747,-0.002668973,0.000917308,0.00026705,-0.093726411,0.001565534,-0.003205926,0.001084238,-0.000416149,-0.001020379,0.005111215,-0.001633239,-0.001317187,-0.00042141,0.015388206,-0.00067394,-0.000667571,-0.005816263,-0.002045457,-0.001578695,-0.000595713,-0.00095926,-0.001991757,7.35525E-06
BR11_main,9.208888889,0.000001,0.000875361,0.001931694,-0.000841451,-0.014426301,2.74836E-05,-0.000426749,-0.006743728,-0.002749954,0.000905157,0.000277277,-0.090121455,0.001690486,-0.003074128,0.001118424,-0.000426029,-0.001061739,0.004764021,-0.001799843,-0.001439304,-0.000454331,0.014584398,-0.000679248,-0.000731881,-0.006140789,-0.00197192,-0.001645646,-0.000533681,-0.000857648,-0.002252184,8.3921E-06
BR11_main,9.328484848,0.000001,0.00101268,0.002439226,-0.000904185,-0.014076552,0.000249708,-0.000327553,-0.006765243,-0.002870169,0.000888841,0.000288546,-0.086791932,0.001828733,-0.002986909,0.001154162,-0.000438953,-0.001119921,0.004515563,-0.001975485,-0.001590438,-0.0004893,0.01384004,-0.000687397,-0.0008155,-0.006473048,-0.001912176,-0.00171146,-0.000474454,-0.000790877,-0.002640939,9.47445E-06
BR11_main,9.448080808,0.000001,0.001162584,0.0026735,-0.000966933,-0.013727789,0.000384356,-0.000247566,-0.006834168,-0.003023911,0.000863897,0.000300258,-0.083848484,0.001979378,-0.002940839,0.001190589,-0.000455514,-0.0011941,0.004444578,-0.002160095,-0.001763657,-0.0005262,0.013168279,-0.000702252,-0.00092037,-0.00682007,-0.001865502,-0.001777354,-0.000437327,-0.000764124,-0.003179012,1.04577E-05
BR11_main,9.567676768,0.000001,0.001319612,0.002554933,-0.001028179,-0.013546459,0.000328039,-0.000186676,-0.006938885,-0.003195061,0.000835723,0.000311329,-0.081645148,0.002140991,-0.002930814,0.001228763,-0.000476199,-0.001283576,0.004538225,-0.002354602,-0.001943362,-0.000564955,0.01257913,-0.000721919,-0.001048176,-0.007188014,-0.001831466,-0.001845056,-0.000424432,-0.000775488,-0.00377876,1.11596E-05
BR11_main,9.687272727,0.000001,0.001475392,0.002270723,-0.001086294,-0.013651043,2.20425E-05,-0.000148913,-0.007109351,-0.00335079,0.000809852,0.00032044,-0.080650556,0.002311519,-0.002953843,0.001270141,-0.000501431,-0.001388127,0.004745193,-0.002561201,-0.002109125,-0.000605541,0.012079513,-0.000744087,-0.001200377,-0.007581081,-0.001810019,-0.001916686,-0.000432036,-0.00082016,-0.004183063,1.14307E-05
BR11_main,9.806868687,0.000001,0.001619041,0.002015276,-0.001140875,-0.01403393,-0.000504579,-0.000138918,-0.00742239,-0.003442559,0.000790379,0.000326585,-0.081018071,0.002488194,-0.00301055,0.001312648,-0.000531626,-0.001508015,0.005004185,-0.002783745,-0.002244573,-0.00064804,0.011673021,-0.000771425,-0.001378128,-0.008000673,-0.001801524,-0.001994719,-0.000456385,-0.00088524,-0.004135261,1.12282E-05
BR11_main,9.926464646,0.000001,0.001736328,0.001765933,-0.001193156,-0.014562194,-0.001192039,-0.000155063,-0.007943036,-0.003429628,0.000780864,0.000329637,-0.082514199,0.002667482,-0.00310548,0.001349052,-0.000567204,-0.001643913,0.005254822,-0.003027881,-0.00235037,-0.000692724,0.011359424,-0.000812405,-0.001581973,-0.008444697,-0.001806726,-0.002082016,-0.000495116,-0.000949928,-0.003698124,1.06297E-05
BR11_main,10.04606061,0.000001,0.001811931,0.001433562,-0.00124526,-0.015088249,-0.001948795,-0.000190746,-0.008585374,-0.003308676,0.000785419,0.000330493,-0.08486943,0.002845077,-0.003246777,0.001368753,-0.000608564,-0.001796792,0.005445277,-0.00330063,-0.00244852,-0.000740147,0.011133758,-0.000877077,-0.001811339,-0.008906998,-0.001826625,-0.002181913,-0.000547117,-0.001014288,-0.003186929,9.78067E-06
BR11_main,10.16565657,0.000001,0.001839734,0.001054019,-0.001301283,-0.015531946,-0.002619908,-0.000239086,-0.009066644,-0.003116603,0.000809499,0.000330581,-0.088041804,0.003015951,-0.003445659,0.001360651,-0.000656005,-0.001967711,0.005542181,-0.003609301,-0.002566946,-0.000791212,0.010984917,-0.000974153,-0.00206415,-0.009376904,-0.001862128,-0.002298349,-0.000611972,-0.001120151,-0.002814968,8.83282E-06
BR11_main,10.28525253,0.000001,0.001828579,0.000727762,-0.00137081,-0.015895493,-0.003068137,-0.000293774,-0.009174863,-0.002907761,0.000859993,0.000331111,-0.092172019,0.003174467,-0.003715551,0.001316856,-0.000709619,-0.002157469,0.005537501,-0.003959853,-0.002721958,-0.000847194,0.010894096,-0.0011112,-0.002337018,-0.009838816,-0.001913271,-0.002436015,-0.000689244,-0.001320523,-0.002610115,7.91143E-06
BR11_main,10.40484848,0.000001,0.001798547,0.000507042,-0.001467003,-0.016235945,-0.003242696,-0.000350715,-0.009020874,-0.002729289,0.000943565,0.000332527,-0.097416546,0.003314544,-0.004069838,0.001228423,-0.000769161,-0.002366084,0.005441095,-0.004354778,-0.002916821,-0.000909744,0.010834302,-0.001295067,-0.002625838,-0.010271465,-0.001977854,-0.002600501,-0.000777633,-0.001652298,-0.002528992,7.10136E-06
BR11_main,10.52444444,0.000001,0.001774799,0.000391642,-0.001599563,-0.016614689,-0.003161395,-0.000408911,-0.008893848,-0.002610068,0.00106124,0.000334229,-0.103760581,0.003429854,-0.004515922,0.001063616,-0.000833957,-0.002592139,0.005260844,-0.004790517,-0.003146939,-0.000980882,0.010773401,-0.001530307,-0.002925772,-0.010646284,-0.002049746,-0.0027984,-0.000874072,-0.002139586,-0.002530775,6.45021E-06
BR11_main,10.6440404,0.000001,0.00178072,0.000363916,-0.001771201,-0.017044249,-0.002848675,-0.000464217,-0.009009942,-0.002557773,0.001198393,0.0003346,-0.110802653,0.00351407,-0.00504242,0.000755751,-0.000902942,-0.002832017,0.004979585,-0.005254487,-0.003402301,-0.001062994,0.010683421,-0.001814163,-0.003230254,-0.010926075,-0.002118146,-0.003037221,-0.000972929,-0.002789655,-0.002592995,5.99288E-06
BR11_main,10.76363636,0.000001,0.0018261,0.000405935,-0.001976837,-0.017459869,-0.002322847,-0.000508063,-0.009415538,-0.002557854,0.001316144,0.000332244,-0.117540257,0.003561114,-0.005599762,0.000249406,-0.000974896,-0.003079069,0.004537492,-0.005722119,-0.003668307,-0.001158671,0.010555792,-0.00212746,-0.003529964,-0.011070099,-0.002168288,-0.003324544,-0.001065668,-0.00355391,-0.002709171,5.77969E-06
BR11_main,10.88323232,0.000001,0.00189311,0.000497469,-0.002201902,-0.017748327,-0.001647609,-0.000536131,-0.009917769,-0.002578813,0.00135515,0.000329886,-0.122324597,0.003565322,-0.006091168,-0.000379404,-0.001048891,-0.00332283,0.003842428,-0.006155039,-0.003927002,-0.001269824,0.010416697,-0.002426285,-0.003812841,-0.011050569,-0.002182912,-0.00366463,-0.001141419,-0.004276575,-0.002886157,5.8902E-06
BR11_main,11.00282828,0.000001,0.001939667,0.000602863,-0.002419112,-0.017826036,-0.001012214,-0.000549553,-0.010203989,-0.002595958,0.001259482,0.000335988,-0.123270957,0.00352114,-0.006412782,-0.000819626,-0.001124757,-0.003548474,0.002831707,-0.006502442,-0.004159281,-0.001394899,0.010334707,-0.002650051,-0.004065191,-0.010867322,-0.002152734,-0.004047946,-0.001188658,-0.004753556,-0.003144687,6.42894E-06
BR11_main,11.12242424,0.000001,0.001912425,0.000658396,-0.002585916,-0.017686995,-0.000747322,-0.000551631,-0.010035922,-0.002611605,0.001023347,0.000353743,-0.119215308,0.00342181,-0.006535599,-0.000695583,-0.001203182,-0.003737067,0.001608854,-0.006708148,-0.004347724,-0.001523497,0.010418673,-0.002752525,-0.004273321,-0.010544311,-0.002090073,-0.004428409,-0.00119769,-0.00493646,-0.00352192,7.51202E-06
BR11_main,11.2420202,0.000001,0.001762291,0.000595453,-0.002652442,-0.017383715,-0.001154419,-0.000547772,-0.009249919,-0.00263815,0.000704383,0.000373968,-0.110694331,0.003256841,-0.006523028,9.35553E-05,-0.001285063,-0.003867976,0.000488991,-0.006724172,-0.004479414,-0.001633131,0.010809549,-0.002727018,-0.004425007,-0.01011605,-0.002018468,-0.004705443,-0.001163347,-0.004949424,-0.004071793,9.23397E-06
BR11_main,11.36161616,0.000001,0.001490444,0.000406045,-0.002590119,-0.01701169,-0.002260203,-0.000541552,-0.007826259,-0.00267862,0.000371204,0.000388048,-0.100071231,0.003009703,-0.006462123,0.0013654,-0.001369891,-0.003925003,-0.000322547,-0.006526903,-0.004547987,-0.001700561,0.011664668,-0.002605057,-0.004510324,-0.009617411,-0.001954717,-0.004778575,-0.001087443,-0.004862543,-0.004853334,1.15933E-05
BR11_main,11.48121212,0.000001,0.001182007,0.000147691,-0.002414678,-0.016740711,-0.003785732,-0.0005308,-0.005986082,-0.002729232,7.32947E-05,0.000395443,-0.090556535,0.002661751,-0.006407055,0.002828834,-0.001453491,-0.003903333,-0.001021393,-0.006127166,-0.004554201,-0.001724169,0.01311191,-0.002435554,-0.004521792,-0.00907798,-0.001905098,-0.004662529,-0.000979579,-0.00463934,-0.005888843,1.44064E-05
BR11_main,11.60080808,0.000001,0.000939698,-0.000119134,-0.002169079,-0.016779133,-0.005277016,-0.000512941,-0.004035741,-0.002779978,-0.000147485,0.000398787,-0.08462141,0.002216457,-0.00636146,0.004204665,-0.001526154,-0.003810399,-0.001839558,-0.005567521,-0.004504637,-0.001721811,0.015097885,-0.002260024,-0.004454355,-0.008517046,-0.001868297,-0.004467709,-0.000854488,-0.004283181,-0.007076553,1.72847E-05
BR11_main,11.72040404,0.000001,0.000795791,-0.000354704,-0.001894506,-0.017161175,-0.006257585,-0.000485845,-0.002294954,-0.002804958,-0.000270275,0.000399387,-0.082323557,0.001751595,-0.00627752,0.005276993,-0.001573196,-0.00366166,-0.002498296,-0.004908823,-0.004409138,-0.001701643,0.01703405,-0.002100068,-0.004306035,-0.007938171,-0.001838133,-0.004268399,-0.000727534,-0.003885204,-0.008099345,1.97182E-05
BR11_main,11.84,0.000001,0.000734853,-0.00053243,-0.001619874,-0.017627077,-0.006511719,-0.000432816,-0.001123089,-0.002763429,-0.000336484,0.000396867,-0.080813158,0.001433279,-0.006080247,0.005911285,-0.001579856,-0.003477095,-0.002570521,-0.004213761,-0.004278206,-0.001649303,0.017645594,-0.001959786,-0.004079576,-0.007331335,-0.001806867,-0.004061147,-0.000611266,-0.00352063,-0.008496301,2.12417E-05
BR12_main,0,0.020757137,-0.026499969,0.465379382,-0.071184067,0.90384207,-0.009172302,0.000613233,0.04458812,-0.076966546,0.205333926,-0.000678715,-0.859840787,-0.883718782,0.516633571,0.040056541,-0.015814113,-0.170550611,2.486141253,-0.22162629,-0.10656431,-0.096163901,0.55745975,-0.025430062,-0.238020947,0.132746581,-0.790171358,-0.037651485,-0.037423059,-0.156061935,-0.248090663,0.000309631
BR12_main,0.11959596,0.027317081,-0.02358061,0.436426703,-0.064585239,0.371105029,-0.015587527,-0.00090391,0.039279294,-0.068422811,0.156462578,-0.000571796,-0.836979759,-0.983899318,0.652546568,0.043657251,-0.015410289,-0.159094115,2.139580801,-0.193392537,-0.100908218,-0.083517387,0.61615058,-0.025534719,-0.220849072,-0.007422504,-0.76446958,-0.037928074,-0.03293701,-0.129946803,-0.201705983,0.000280439
BR12_main,0.239191919,0.032412892,-0.01875924,0.316053349,-0.05804007,-0.172874592,-0.022060709,-0.003040536,0.034037456,-0.055073013,0.103907589,-0.000332645,-0.802376885,-0.958596897,0.49665124,0.051253857,-0.014646059,-0.133788073,1.596724544,-0.14690033,-0.098971493,-0.063336877,0.656464832,-0.025308741,-0.173016275,-0.169896502,-0.620300704,-0.037958598,-0.026821689,-0.091169964,-0.150886143,0.000244018
BR12_main,0.358787879,0.036188936,-0.01415717,0.201020591,-0.05203275,-0.475532033,-0.0280549,-0.004933867,0.032945369,-0.04194065,0.112759066,-0.00013125,-0.760533324,-0.840473233,0.066409766,0.056644907,-0.013606315,-0.107993604,1.134855696,-0.106101669,-0.102750987,-0.044509711,0.665039058,-0.024904621,-0.129275543,-0.318881244,-0.453609547,-0.037785118,-0.020813355,-0.055233046,-0.105571961,0.000207217
BR12_main,0.478383838,0.038702611,-0.010735696,0.149134138,-0.046843801,-0.463568494,-0.032827841,-0.006107783,0.037923763,-0.03154683,0.150450569,-1.78783E-05,-0.715421611,-0.685879425,-0.428573903,0.058565006,-0.012372803,-0.088030559,0.851695783,-0.078552591,-0.111670354,-0.030611784,0.631435812,-0.024464631,-0.101654836,-0.400300306,-0.350626955,-0.037454864,-0.015787777,-0.028367437,-0.073688952,0.000174248
BR12_main,0.597979798,0.040258565,-0.008355433,0.146705447,-0.042558862,-0.2264286,-0.035356808,-0.006530283,0.04627311,-0.02421987,0.167457053,3.46606E-05,-0.669838366,-0.544625058,-0.795512609,0.058027118,-0.011016884,-0.073801603,0.715447073,-0.061923005,-0.118436691,-0.021411095,0.558302281,-0.024083852,-0.084392672,-0.379273363,-0.312632991,-0.036998787,-0.011916035,-0.010438072,-0.056739975,0.000146563
BR12_main,0.717575758,0.041178439,-0.006662646,0.160923388,-0.039134251,0.073620315,-0.034550391,-0.006394373,0.050016984,-0.0193997,0.152050076,6.48452E-05,-0.625554535,-0.441786569,-0.93829705,0.056340338,-0.009623765,-0.062478136,0.664394827,-0.052283232,-0.111555304,-0.015645261,0.46214966,-0.023793985,-0.070758384,-0.286222262,-0.28896617,-0.036435372,-0.009136241,0.000445866,-0.050070817,0.000124223
BR12_main,0.837171717,0.041707145,-0.00549975,0.172041572,-0.036455212,0.281033916,-0.030610561,-0.00588113,0.042659015,-0.016341793,0.116793187,9.81394E-05,-0.583571692,-0.37163475,-0.837984901,0.054718337,-0.008340643,-0.051318918,0.651659633,-0.046764048,-0.090021834,-0.01218002,0.362413315,-0.023547546,-0.058684955,-0.18626087,-0.24011259,-0.035775387,-0.00736433,0.006076944,-0.047913412,0.000106808
BR12_main,0.956767677,0.042005556,-0.004730196,0.17437601,-0.034377296,0.31807278,-0.025351235,-0.005047713,0.028127322,-0.014357677,0.076837665,0.000145598,-0.544348388,-0.321545066,-0.558108353,0.05359319,-0.007417152,-0.040444483,0.648653824,-0.043633336,-0.06639328,-0.010213601,0.27245559,-0.023183638,-0.048251147,-0.116060736,-0.174659769,-0.035024603,-0.006485025,0.007843936,-0.046724824,9.37323E-05
BR12_main,1.076363636,0.042171513,-0.004119757,0.168539598,-0.032750187,0.214774092,-0.020340992,-0.003949397,0.013806096,-0.012905777,0.043678542,0.000207408,-0.507944674,-0.284741326,-0.214138195,0.052296929,-0.007121574,-0.031345666,0.636906879,-0.041886002,-0.05051527,-0.009212554,0.198452698,-0.022414533,-0.039455454,-0.078102476,-0.123251633,-0.034182981,-0.006287925,0.006886265,-0.045143247,8.42825E-05
BR12_main,1.195959596,0.042262017,-0.003523646,0.157013414,-0.031439399,0.05507489,-0.0161064,-0.002789912,0.001887008,-0.011761917,0.024696085,0.000276527,-0.474277212,-0.260062942,0.09326179,0.050275933,-0.00747695,-0.024625529,0.603394119,-0.040931651,-0.042773015,-0.008824492,0.141580628,-0.021072502,-0.032221361,-0.062637046,-0.096001891,-0.033253686,-0.006483851,0.004251264,-0.042939639,7.76401E-05
BR12_main,1.315555556,0.042309386,-0.002942244,0.141799345,-0.030330319,-0.097843495,-0.012728521,-0.001777739,-0.00769472,-0.010965388,0.021177915,0.000343457,-0.443184636,-0.251320038,0.304673914,0.047636615,-0.008162634,-0.020131041,0.544441217,-0.040406703,-0.039645877,-0.008812375,0.100241379,-0.019412452,-0.026553739,-0.060165589,-0.082485326,-0.032242914,-0.006801427,0.000881386,-0.040263725,7.29411E-05
BR12_main,1.435151515,0.042331467,-0.002365795,0.12343747,-0.029327533,-0.217308904,-0.010183748,-0.000983951,-0.014583128,-0.010524128,0.028245055,0.000401316,-0.414477015,-0.259900827,0.394059657,0.044648684,-0.00881053,-0.017418572,0.47212064,-0.040077506,-0.03842929,-0.009013377,0.071711785,-0.017845795,-0.022415924,-0.064176552,-0.072014605,-0.031160012,-0.007064447,-0.002504614,-0.037327114,6.93968E-05
BR12_main,1.554747475,0.042337669,-0.001774719,0.102752061,-0.02835107,-0.290049608,-0.008374346,-0.000393511,-0.018699515,-0.010341425,0.038869555,0.000448109,-0.387964623,-0.278959585,0.366660273,0.041496761,-0.00924363,-0.015862247,0.403741581,-0.039791587,-0.037831318,-0.009313676,0.053061886,-0.016570133,-0.019639345,-0.070505556,-0.061496858,-0.030017214,-0.007197377,-0.005450897,-0.034337249,6.64024E-05
BR12_main,1.674343434,0.042332309,-0.001239615,0.082237762,-0.027332168,-0.306124662,-0.007166701,2.17081E-05,-0.02064427,-0.010299849,0.048168701,0.00048577,-0.363471125,-0.294017667,0.259650655,0.03831013,-0.009446161,-0.014900978,0.346810852,-0.039451865,-0.03720283,-0.009632814,0.041612843,-0.015581455,-0.017941867,-0.0763115,-0.052162044,-0.028828957,-0.007190337,-0.007693167,-0.031498199,6.35745E-05
BR12_main,1.793939394,0.042316316,-0.000844045,0.06449307,-0.026212137,-0.269369985,-0.006435709,0.000284146,-0.021623309,-0.010313459,0.054400191,0.000518115,-0.340839486,-0.289197399,0.129162259,0.035170271,-0.009464219,-0.014252471,0.300416952,-0.039001258,-0.036126641,-0.009913964,0.035575588,-0.014806714,-0.017000405,-0.080026408,-0.045543875,-0.02761113,-0.007063944,-0.009156063,-0.028978682,6.07216E-05
BR12_main,1.913535354,0.042287863,-0.000595433,0.050474756,-0.024948594,-0.20197214,-0.006082275,0.000428559,-0.022762831,-0.010333056,0.057682884,0.000549332,-0.319947507,-0.257220639,0.020774694,0.032121616,-0.009350817,-0.013858252,0.261496706,-0.038413545,-0.034380469,-0.010118616,0.034216983,-0.014175427,-0.016526423,-0.081510396,-0.041705644,-0.026381491,-0.006848164,-0.010008978,-0.026851943,5.77857E-05
BR12_main,2.033131313,0.042242197,-0.000453086,0.039754475,-0.023518858,-0.128664196,-0.006028575,0.000510221,-0.024086303,-0.010330001,0.058699122,0.000582903,-0.300600502,-0.204676313,-0.047866994,0.02925327,-0.0091458,-0.013690661,0.226868066,-0.037672018,-0.031982171,-0.010219968,0.03637978,-0.01363316,-0.016300072,-0.081126892,-0.039653693,-0.025150121,-0.006570052,-0.010516566,-0.025063366,5.4766E-05
BR12_main,2.152727273,0.042170706,-0.00037558,0.031522947,-0.021941801,-0.065370442,-0.006205956,0.000579421,-0.024955775,-0.010286853,0.058131814,0.000621028,-0.282654798,-0.146686498,-0.078637704,0.026732543,-0.008878028,-0.013692152,0.193349108,-0.036776766,-0.029183245,-0.010204828,0.038928083,-0.013145296,-0.016175696,-0.0792169,-0.038425782,-0.023928986,-0.006252822,-0.010847743,-0.023499108,5.17003E-05
BR12_main,2.272323232,0.042059092,-0.000336496,0.025074056,-0.020280274,-0.018509608,-0.006522577,0.00066106,-0.025141094,-0.010192799,0.056526106,0.000663632,-0.266029535,-0.096350109,-0.081317988,0.02468733,-0.008568792,-0.013791648,0.158186427,-0.035742626,-0.026338312,-0.010073131,0.037491532,-0.012692137,-0.016064972,-0.076272598,-0.037410681,-0.022732966,-0.005915627,-0.011070567,-0.022086128,4.86437E-05
BR12_main,2.391919192,0.041884362,-0.000319739,0.019873887,-0.018621868,0.010995528,-0.006813693,0.000759208,-0.024841122,-0.010044945,0.054287949,0.000707058,-0.250669789,-0.059014216,-0.068578803,0.023147403,-0.008233656,-0.01392309,0.119751561,-0.034591834,-0.023744548,-0.009835343,0.030388988,-0.012262667,-0.015918458,-0.072922815,-0.036371069,-0.021576731,-0.005573275,-0.011214252,-0.020847672,4.56509E-05
BR12_main,2.511515152,0.041610319,-0.000314202,0.015518535,-0.017051332,0.022663487,-0.006887841,0.000869163,-0.024318373,-0.009850924,0.051708057,0.000744002,-0.236525873,-0.034130232,-0.051690033,0.022081779,-0.00788391,-0.014036122,0.078347722,-0.033349001,-0.021558618,-0.009510654,0.020585558,-0.011850443,-0.015712821,-0.06966563,-0.035314441,-0.020472889,-0.005236576,-0.011292968,-0.019876898,4.27671E-05
BR12_main,2.631111111,0.041181529,-0.000315843,0.011702897,-0.01562998,0.017958392,-0.006770314,0.000987806,-0.023763232,-0.009626331,0.048975852,0.000766694,-0.223543211,-0.018950104,-0.037022368,0.021427193,-0.007527652,-0.014097826,0.036951862,-0.032038035,-0.019806389,-0.00912468,0.01194931,-0.011451147,-0.015441775,-0.066724039,-0.03419866,-0.019431039,-0.004912956,-0.011302269,-0.01924551,4.00254E-05
BR12_main,2.750707071,0.04051694,-0.000326149,0.008215145,-0.014388822,0.003721307,-0.006745871,0.001118935,-0.023301407,-0.009385553,0.046178034,0.000771225,-0.211642193,-0.010295772,-0.02699878,0.02107878,-0.007170033,-0.014088734,-0.000379599,-0.030678125,-0.018434678,-0.008702874,0.006010341,-0.011060338,-0.015108033,-0.064091025,-0.03294223,-0.018455982,-0.004606765,-0.011215924,-0.018910621,3.74442E-05
BR12_main,2.87030303,0.03950757,-0.000344159,0.004934442,-0.013343474,-0.01108399,-0.007083294,0.001273192,-0.023014703,-0.009138912,0.043338781,0.000757234,-0.200857839,-0.005541433,-0.021590529,0.020883429,-0.006818623,-0.014008599,-0.031415878,-0.029303371,-0.017372876,-0.008268498,0.00244334,-0.010680171,-0.014728437,-0.061680186,-0.031575037,-0.017559884,-0.00432297,-0.011007218,-0.018718202,3.50534E-05
BR12_main,2.98989899,0.038028475,-0.000364073,0.00179049,-0.012506369,-0.021524227,-0.007922952,0.00146583,-0.022924262,-0.008891587,0.040480473,0.000722846,-0.191400269,-0.002961655,-0.019042681,0.020644935,-0.006485879,-0.013878995,-0.056042475,-0.027971724,-0.016566754,-0.007842009,0.000439182,-0.010322587,-0.014335883,-0.059435294,-0.03020548,-0.016767623,-0.004068779,-0.010678149,-0.018517139,3.29052E-05
BR12_main,3.109494949,0.035980205,-0.000377827,-0.001291256,-0.01187582,-0.027607802,-0.009318129,0.00171475,-0.022976965,-0.00863584,0.037649256,0.000665786,-0.183376377,-0.001556638,-0.01771245,0.02014006,-0.006179744,-0.01372132,-0.074582593,-0.02672333,-0.015966245,-0.007433566,-0.000650659,-0.00999448,-0.013956463,-0.057309336,-0.028915339,-0.016092117,-0.003847903,-0.01025608,-0.018245494,3.10258E-05
BR12_main,3.229090909,0.033363352,-0.000381346,-0.004404907,-0.011441786,-0.03118146,-0.011153423,0.002044012,-0.023100798,-0.008365787,0.034953633,0.000593408,-0.176815279,-0.00078192,-0.016902066,0.019210784,-0.005904547,-0.013554221,-0.086752724,-0.025583005,-0.015530117,-0.007052981,-0.001191209,-0.009698343,-0.013608879,-0.055297911,-0.027750098,-0.015536058,-0.003661558,-0.009781463,-0.017929566,2.94225E-05
BR12_main,3.348686869,0.030347322,-0.000380988,-0.007651126,-0.011187384,-0.033649866,-0.012875168,0.002475856,-0.023223446,-0.008091199,0.032490423,0.000521032,-0.171706845,-0.000346773,-0.016503853,0.017846373,-0.005662398,-0.013393534,-0.092123542,-0.024565576,-0.01522741,-0.006717692,-0.001341394,-0.009433985,-0.01330609,-0.053427785,-0.026730882,-0.015094574,-0.003509608,-0.009296426,-0.01761968,2.80922E-05
BR12_main,3.468282828,0.027254836,-0.000389578,-0.011106518,-0.011087616,-0.035583959,-0.013632569,0.002974035,-0.023245996,-0.007837924,0.030275885,0.000460078,-0.16803107,-9.56869E-05,-0.016535362,0.01617472,-0.00545427,-0.013252858,-0.091439246,-0.023680298,-0.015036987,-0.006450301,-0.001188688,-0.009200117,-0.013057058,-0.051721929,-0.025865649,-0.014756913,-0.003391392,-0.008844114,-0.017354489,2.70277E-05
BR12_main,3.587878788,0.024434113,-0.000411637,-0.014782589,-0.011108158,-0.037118844,-0.012987663,0.003361112,-0.023043795,-0.007633773,0.028285175,0.000414471,-0.165765422,5.56873E-05,-0.016899162,0.014372842,-0.005280314,-0.013143205,-0.08634294,-0.022932213,-0.014945324,-0.006268933,-0.00083446,-0.008995021,-0.012867133,-0.050179012,-0.025154321,-0.014506424,-0.003306008,-0.008458221,-0.017156651,2.62196E-05
BR12_main,3.707474747,0.022112875,-0.000433269,-0.018553051,-0.011191469,-0.038256933,-0.011262185,0.003367186,-0.02251074,-0.007483338,0.026496905,0.000383315,-0.164672129,0.000154029,-0.017414219,0.012571793,-0.005133262,-0.013055618,-0.07776815,-0.022293661,-0.014924858,-0.006171501,-0.000383631,-0.008805551,-0.012721486,-0.048716617,-0.024559042,-0.014302471,-0.003248189,-0.00814181,-0.016996633,2.56239E-05
BR12_main,3.827070707,0.020348216,-0.0004291,-0.022099566,-0.011265157,-0.039022811,-0.009237265,0.002907158,-0.021623278,-0.007372026,0.024917822,0.000363979,-0.164391295,0.000225719,-0.01797062,0.010856956,-0.005002115,-0.012969004,-0.066458035,-0.021720521,-0.014940134,-0.006138555,8.6413E-05,-0.00861356,-0.012593018,-0.047226499,-0.024021741,-0.01409224,-0.00321035,-0.007879604,-0.016794079,2.51788E-05
BR12_main,3.946666667,0.019074767,-0.000384995,-0.024949933,-0.01126561,-0.039506176,-0.007583167,0.002215588,-0.02043659,-0.007283516,0.023548865,0.000353807,-0.164660284,0.000286538,-0.018569935,0.009295537,-0.004879368,-0.012868637,-0.054115984,-0.021183631,-0.014966636,-0.006147661,0.000530142,-0.008408939,-0.012460395,-0.045661807,-0.023499331,-0.013836763,-0.003186898,-0.007659541,-0.01648716,2.48397E-05
BR12_main,4.066262626,0.018178588,-0.000312496,-0.02661018,-0.011151668,-0.039804247,-0.006527622,0.001582012,-0.019042405,-0.007202485,0.022355235,0.00035046,-0.165293321,0.000346376,-0.019234151,0.007926955,-0.004760233,-0.012745465,-0.04263324,-0.020665406,-0.01498808,-0.006167915,0.000931877,-0.008188503,-0.012307551,-0.044032504,-0.022960901,-0.013516289,-0.003173681,-0.007474239,-0.016062007,2.45745E-05
BR12_main,4.185858586,0.017547381,-0.000233751,-0.026741849,-0.01091597,-0.039987293,-0.005991927,0.001128213,-0.017558695,-0.007120827,0.021289984,0.000351997,-0.166161369,0.000410335,-0.019952698,0.006758515,-0.004641884,-0.012594776,-0.033101376,-0.020156487,-0.014993557,-0.006150373,0.001303864,-0.007954127,-0.012123351,-0.042382591,-0.022384925,-0.013131716,-0.003167511,-0.007318136,-0.015498472,2.43598E-05
BR12_main,4.305454545,0.017090789,-0.000163685,-0.025291247,-0.010585213,-0.040094345,-0.005817979,0.000841442,-0.016113781,-0.0070432,0.020314236,0.000356852,-0.167177999,0.00047641,-0.020690477,0.005775565,-0.004522924,-0.012414481,-0.025629316,-0.019653315,-0.014975434,-0.006055239,0.001671986,-0.007710802,-0.011901724,-0.040764446,-0.021757534,-0.012700084,-0.003165857,-0.007184135,-0.014800019,2.41781E-05
BR12_main,4.425050505,0.016742759,-0.000109077,-0.022540098,-0.010208208,-0.04013884,-0.005873028,0.000668536,-0.014809908,-0.006977421,0.019401788,0.000363756,-0.168287941,0.000531161,-0.02140777,0.004950911,-0.004402982,-0.012203057,-0.019757563,-0.019156246,-0.014928047,-0.005882306,0.002056835,-0.007464829,-0.011641624,-0.039222583,-0.021071305,-0.012245913,-0.003166645,-0.007062442,-0.014082848,2.4017E-05
BR12_main,4.544646465,0.016457321,-7.01671E-05,-0.019030222,-0.009838312,-0.040119405,-0.006068554,0.000565297,-0.01369618,-0.006919802,0.018536872,0.000371678,-0.169457508,0.000552333,-0.022069542,0.00425057,-0.004282392,-0.01195586,-0.015002817,-0.01866803,-0.014847094,-0.00566311,0.002465999,-0.007222425,-0.011346425,-0.037787367,-0.020324285,-0.011792846,-0.003168128,-0.006943951,-0.013508706,2.38674E-05
BR12_main,4.664242424,0.016203065,-4.29765E-05,-0.01535671,-0.009518568,-0.040036757,-0.006351732,0.000506823,-0.012774502,-0.006856815,0.017711638,0.000379785,-0.170674076,0.00052787,-0.022647831,0.003647473,-0.004162107,-0.011669403,-0.011114167,-0.01819339,-0.014730106,-0.005427892,0.002898687,-0.006989138,-0.011023252,-0.036475173,-0.019519945,-0.011359194,-0.003168917,-0.006826311,-0.01316635,2.37241E-05
BR12_main,4.783838384,0.015958458,-2.29908E-05,-0.011964451,-0.00927348,-0.039902848,-0.006693318,0.00047827,-0.012023027,-0.006782476,0.016923334,0.000387428,-0.171940662,0.000470022,-0.023121092,0.003128141,-0.004043468,-0.011353197,-0.007996416,-0.017737988,-0.014576438,-0.005196464,0.003353371,-0.006769403,-0.010681505,-0.035288666,-0.018666116,-0.010956593,-0.003167933,-0.006715136,-0.013054399,2.35851E-05
BR12_main,4.903434343,0.015708406,-6.7911E-06,-0.009081677,-0.0091074,-0.03973174,-0.007077553,0.000468063,-0.011412209,-0.006702245,0.016170992,0.000394089,-0.173257771,0.000401695,-0.023471453,0.002679409,-0.003927681,-0.011021304,-0.005541317,-0.017306225,-0.014385995,-0.004997029,0.00383189,-0.006565895,-0.010330645,-0.03421554,-0.017772386,-0.01059009,-0.003164098,-0.006618025,-0.013130163,2.3449E-05
BR12_main,5.023030303,0.015441801,7.38475E-06,-0.006768076,-0.009008026,-0.039525171,-0.007495597,0.000467981,-0.010898553,-0.00662014,0.015454587,0.000399381,-0.17462249,0.000338677,-0.023684505,0.002280551,-0.00381576,-0.010681555,-0.003627706,-0.016901087,-0.014159339,-0.004856641,0.004340573,-0.006379796,-0.009979368,-0.033231731,-0.01684953,-0.010260172,-0.003156356,-0.006538949,-0.013348234,2.33151E-05
BR12_main,5.142626263,0.015150243,1.97424E-05,-0.004987515,-0.008950038,-0.039262374,-0.007941363,0.000473562,-0.010423581,-0.00653437,0.014774613,0.000403038,-0.17602964,0.000286579,-0.023749701,0.001913023,-0.003708519,-0.010337391,-0.002142503,-0.016524246,-0.01389781,-0.004780455,0.004890302,-0.006211186,-0.009635167,-0.032305013,-0.015909044,-0.009964704,-0.003143733,-0.006477174,-0.013667335,2.3183E-05
BR12_main,5.262222222,0.014827135,2.99978E-05,-0.003662211,-0.008898327,-0.038904129,-0.008408954,0.000483022,-0.009972931,-0.006442616,0.014131729,0.0004049,-0.177472139,0.000245325,-0.023660805,0.001577178,-0.003606552,-0.009991369,-0.000977425,-0.016176113,-0.013603484,-0.004751369,0.005496268,-0.00605935,-0.009304063,-0.031399194,-0.014962553,-0.009700273,-0.003125398,-0.006428865,-0.014044838,2.30531E-05
BR12_main,5.381818182,0.014466886,3.82839E-05,-0.002704406,-0.008815457,-0.038414094,-0.008891176,0.000495871,-0.009593342,-0.006345408,0.013526563,0.000404889,-0.178941716,0.000213035,-0.02341637,0.001293421,-0.003510243,-0.009646318,-5.69284E-05,-0.01585599,-0.013279103,-0.004745441,0.006177232,-0.005923057,-0.008990552,-0.030480224,-0.014021288,-0.009463063,-0.003100731,-0.00638774,-0.014428175,2.29256E-05
BR12_main,5.501414141,0.014064744,4.52738E-05,-0.002032129,-0.008673532,-0.037780309,-0.009378854,0.000512056,-0.009318058,-0.006243634,0.012959588,0.000402995,-0.18042949,0.000187724,-0.023020075,0.001068934,-0.003419773,-0.009305541,0.000658247,-0.015562247,-0.012927989,-0.004745357,0.006953928,-0.005800773,-0.008697696,-0.02952384,-0.013095652,-0.009249337,-0.003069393,-0.006343707,-0.01474487,2.28014E-05
BR12_main,5.621010101,0.013616741,5.20185E-05,-0.001575392,-0.008461592,-0.037012759,-0.009861037,0.000531659,-0.009144603,-0.006136063,0.012431078,0.000399261,-0.181926714,0.00016776,-0.022480855,0.000873455,-0.003335153,-0.008972877,0.001228337,-0.015292543,-0.012553961,-0.004730028,0.007847032,-0.005690831,-0.008427316,-0.028522723,-0.012194914,-0.0090557,-0.003031379,-0.006283302,-0.014895868,2.2681E-05
BR12_main,5.740606061,0.013119784,5.97484E-05,-0.001277455,-0.008185422,-0.036124053,-0.010325875,0.000554851,-0.009051595,-0.00602092,0.011941066,0.000393775,-0.183424916,0.000151894,-0.021812653,0.000672206,-0.003256246,-0.008652597,0.00174257,-0.015044009,-0.012161223,-0.004677964,0.008875167,-0.005591537,-0.008180216,-0.027489646,-0.011326976,-0.008879172,-0.002987037,-0.006197229,-0.014767155,2.25652E-05
BR12_main,5.86020202,0.01257188,6.94669E-05,-0.001094161,-0.007865001,-0.035119387,-0.010761491,0.000582018,-0.008992786,-0.005896823,0.011489347,0.00038667,-0.184915977,0.000139183,-0.021033841,0.00046061,-0.003182795,-0.008349087,0.002259887,-0.014813431,-0.011754256,-0.004579444,0.010050363,-0.005501245,-0.007956397,-0.026453487,-0.010498268,-0.008717197,-0.002937052,-0.006088713,-0.014275971,2.24546E-05
BR12_main,5.97979798,0.011972332,8.1571E-05,-0.00099294,-0.007528348,-0.034000719,-0.011155933,0.000613966,-0.008903331,-0.00576071,0.011075476,0.000378113,-0.186391938,0.00012892,-0.020166277,0.000265674,-0.003114448,-0.008066306,0.00279313,-0.014597408,-0.011337699,-0.00442972,0.011365436,-0.005418393,-0.007755245,-0.025449277,-0.009713736,-0.008567597,-0.002882396,-0.00596943,-0.013434226,2.235E-05
BR12_main,6.099393939,0.011322423,9.59215E-05,-0.000951841,-0.007200783,-0.032776299,-0.011496891,0.00065193,-0.008762281,-0.005610105,0.010699473,0.000368322,-0.187856982,0.000120583,-0.019235294,0.000132481,-0.003050977,-0.007807737,0.003324057,-0.014393406,-0.010916948,-0.004235912,0.012785164,-0.005341879,-0.007576202,-0.024509892,-0.008977464,-0.008429052,-0.00282443,-0.005849547,-0.012365144,2.2253E-05
BR12_main,6.218989899,0.010625926,0.000111972,-0.000957865,-0.006896833,-0.031462517,-0.011770279,0.00069648,-0.008611567,-0.005448561,0.010361207,0.000357521,-0.189317679,0.00011378,-0.01826705,0.000100821,-0.002992119,-0.007575592,0.003805371,-0.014199037,-0.010497345,-0.004020588,0.014266094,-0.005270763,-0.007418448,-0.023659533,-0.008292156,-0.00830055,-0.002764636,-0.005734104,-0.011248565,2.21656E-05
BR12_main,6.338585859,0.009889146,0.000128908,-0.00100391,-0.006620676,-0.030082069,-0.011959878,0.000744876,-0.008489661,-0.005283892,0.010059803,0.000345901,-0.19077143,0.00010821,-0.017286039,0.000178053,-0.002937415,-0.007370398,0.00414998,-0.014011322,-0.010083467,-0.003809384,0.015761309,-0.005203959,-0.007280565,-0.022911905,-0.007658841,-0.00818085,-0.002704365,-0.005625022,-0.010256112,2.20883E-05
BR12_main,6.458181818,0.009121025,0.000146967,-0.001084842,-0.006370872,-0.028662554,-0.012049931,0.000790808,-0.008402336,-0.005122271,0.009793903,0.000333602,-0.192210421,0.000103638,-0.016314442,0.000332495,-0.002886314,-0.007191448,0.00424493,-0.013827147,-0.00967937,-0.003626922,0.017160461,-0.00514036,-0.007160828,-0.02227238,-0.007077398,-0.008068647,-0.00264484,-0.005523517,-0.009510421,2.20209E-05
BR12_main,6.577777778,0.00833278,0.000168884,-0.001195164,-0.006143936,-0.027233132,-0.012029172,0.000831312,-0.008341694,-0.004967285,0.009561581,0.000320699,-0.193621607,9.98782E-05,-0.015371269,0.000517029,-0.00283818,-0.007037125,0.004031703,-0.013643358,-0.009288582,-0.003489821,0.018251001,-0.005078847,-0.007057302,-0.021739788,-0.006546808,-0.007962559,-0.002587111,-0.005430898,-0.009047889,2.19625E-05
BR12_main,6.697373737,0.007537093,0.000198136,-0.001329173,-0.00593604,-0.025821047,-0.011894526,0.000868327,-0.008306381,-0.004821639,0.009360082,0.000307181,-0.194985646,9.67761E-05,-0.0144718,0.000696466,-0.002792301,-0.006905141,0.003581096,-0.013456761,-0.008914061,-0.003391979,0.018737292,-0.005018267,-0.006967856,-0.021307686,-0.006065348,-0.007861059,-0.00253201,-0.005348637,-0.00881426,2.19114E-05
BR12_main,6.816969697,0.006747099,0.000236459,-0.001483088,-0.005743734,-0.024450178,-0.011652347,0.000899695,-0.008297787,-0.004685518,0.009185648,0.000292952,-0.196280503,9.41972E-05,-0.013627748,0.000855114,-0.002747944,-0.006792863,0.003040152,-0.01326443,-0.008558365,-0.003313555,0.018264967,-0.004957527,-0.006890322,-0.020965655,-0.005630884,-0.007762616,-0.002480183,-0.00527846,-0.008717949,2.18655E-05
BR12_main,6.936565657,0.005975398,0.000283792,-0.001658566,-0.005564034,-0.023141425,-0.011316037,0.000917535,-0.008279641,-0.00455529,0.009033093,0.00027784,-0.197481301,9.20132E-05,-0.012847348,0.000989905,-0.002704364,-0.006697431,0.002526371,-0.013063714,-0.008223628,-0.003245565,0.0164282,-0.004895585,-0.006822501,-0.02069987,-0.005240944,-0.007665661,-0.002432061,-0.005222275,-0.008677796,2.18223E-05
BR12_main,7.056161616,0.005233074,0.000337862,-0.001861614,-0.005394385,-0.021914715,-0.010902504,0.000913212,-0.008176762,-0.004428786,0.008895649,0.000261638,-0.198561714,9.00868E-05,-0.012135747,0.001102826,-0.002660818,-0.006615875,0.002099826,-0.012852348,-0.00791161,-0.003190003,0.01279527,-0.004831475,-0.006762207,-0.020493685,-0.004892784,-0.007568626,-0.002387855,-0.005181934,-0.008642383,2.17792E-05
BR12_main,7.175757576,0.004529549,0.000391918,-0.00209357,-0.005232567,-0.020787991,-0.010429595,0.000883006,-0.007979429,-0.004309422,0.008765339,0.000244182,-0.19949551,8.82513E-05,-0.011495486,0.001197748,-0.002616587,-0.006545214,0.001776979,-0.012628543,-0.007623748,-0.003145182,0.007025876,-0.004764335,-0.006707312,-0.020328272,-0.004583369,-0.007469987,-0.002347531,-0.005158718,-0.008592881,2.17333E-05
BR12_main,7.295353535,0.003872304,0.000434404,-0.002343751,-0.005076512,-0.019767716,-0.009914812,0.000831519,-0.007775622,-0.004201573,0.008633936,0.000225488,-0.200254297,8.62796E-05,-0.010926805,0.001280009,-0.002570943,-0.006482416,0.001538146,-0.01239083,-0.007361062,-0.00310626,-0.000728853,-0.004693347,-0.006655644,-0.020183111,-0.004309201,-0.007368158,-0.002310755,-0.005152858,-0.008529656,2.16817E-05
BR12_main,7.414949495,0.003266325,0.000455812,-0.002592844,-0.004924317,-0.018841503,-0.009375054,0.000768381,-0.007631819,-0.004105083,0.008494773,0.000205934,-0.200811002,8.38588E-05,-0.010428264,0.001356351,-0.002523195,-0.006424546,0.00133681,-0.012138254,-0.007124303,-0.003070078,-0.00903752,-0.004617811,-0.006605094,-0.020037525,-0.004066221,-0.007261621,-0.002276946,-0.005163428,-0.008456135,2.16214E-05
BR12_main,7.534545455,0.002714301,0.000455621,-0.002820253,-0.004774255,-0.018002782,-0.008826255,0.000702562,-0.007553705,-0.004014743,0.008344427,0.000186411,-0.201140504,8.05964E-05,-0.009997077,0.001434308,-0.002472696,-0.00636882,0.001127646,-0.011870367,-0.006913987,-0.003034888,-0.014631029,-0.00453716,-0.006553625,-0.019872339,-0.00384963,-0.007148939,-0.002245345,-0.005187348,-0.008372331,2.15495E-05
BR12_main,7.654141414,0.002216829,0.000439647,-0.003007631,-0.004624858,-0.017287735,-0.00828303,0.000639781,-0.007537801,-0.003926087,0.008183695,0.000168278,-0.201220085,7.61658E-05,-0.009629383,0.001521345,-0.00241885,-0.006312647,0.000899828,-0.011587226,-0.006730431,-0.002997846,-0.014030481,-0.004450964,-0.006499267,-0.01967183,-0.003653777,-0.007028779,-0.002215139,-0.00521797,-0.008275933,2.14632E-05
BR12_main,7.773737374,0.001772745,0.000412549,-0.003140803,-0.004475047,-0.016748797,-0.007758574,0.000582872,-0.007549172,-0.003843317,0.008017371,0.000153042,-0.201030404,7.07598E-05,-0.009320484,0.001624281,-0.002361131,-0.006253694,0.000667609,-0.011289405,-0.006573786,-0.002954234,-0.007633485,-0.004358951,-0.006440142,-0.01942578,-0.00347229,-0.006899952,-0.002185577,-0.005245449,-0.008164628,2.13601E-05
BR12_main,7.893333333,0.001379538,0.000375274,-0.003213209,-0.004324228,-0.016383379,-0.007264762,0.000532785,-0.007494121,-0.003777194,0.007852684,0.000141933,-0.200556173,6.57853E-05,-0.009065015,0.001749079,-0.002299099,-0.006189933,0.000436802,-0.010977993,-0.006444005,-0.00290073,0.000372412,-0.004261026,-0.006374468,-0.019131173,-0.003298576,-0.006761447,-0.002156027,-0.005259119,-0.008037291,2.1238E-05
BR12_main,8.012929293,0.001033712,0.000328114,-0.00322914,-0.004172324,-0.016099753,-0.006812033,0.000489344,-0.007329117,-0.003730063,0.007696776,0.000135736,-0.199786488,6.39188E-05,-0.008857067,0.001900768,-0.002232418,-0.006119676,0.000195339,-0.01065458,-0.006340558,-0.002837816,0.006771631,-0.004157276,-0.006300565,-0.018793085,-0.003126716,-0.006612464,-0.002125974,-0.005251324,-0.007894197,2.10952E-05
BR12_main,8.132525253,0.000731167,0.000275755,-0.003203407,-0.00401983,-0.015822091,-0.006408848,0.000451855,-0.007108658,-0.003687991,0.007554296,0.000134821,-0.198718743,6.75744E-05,-0.008690455,0.00208328,-0.002160923,-0.00604172,-7.97901E-05,-0.010321426,-0.006261657,-0.002767394,0.011000222,-0.004048056,-0.006216965,-0.01842487,-0.002952602,-0.006452571,-0.002095082,-0.005220534,-0.007736969,2.09305E-05
BR12_main,8.252121212,0.000467789,0.000225273,-0.003156793,-0.003867812,-0.015607439,-0.006060921,0.000419503,-0.006869265,-0.003637274,0.007425929,0.000138604,-0.197361291,7.67163E-05,-0.008558993,0.002298817,-0.002084671,-0.005955427,-0.000418158,-0.009981547,-0.006202209,-0.00269032,0.013733007,-0.003934036,-0.006122484,-0.018047097,-0.002774743,-0.006281813,-0.002063263,-0.005170275,-0.007568333,2.0744E-05
BR12_main,8.371717172,0.000239561,0.00018065,-0.003110005,-0.003717809,-0.015529638,-0.005771019,0.000391519,-0.00662826,-0.00357859,0.00730771,0.000144674,-0.19573165,8.88432E-05,-0.008456738,0.002546239,-0.002003954,-0.005860672,-0.000855571,-0.009638578,-0.006150025,-0.002606848,0.015719977,-0.003816155,-0.006016153,-0.017685103,-0.002594271,-0.006100668,-0.002030665,-0.005105039,-0.007391716,2.05367E-05
BR12_main,8.491313131,4.25104E-05,0.000144051,-0.003079135,-0.003571772,-0.01556836,-0.005539494,0.000367207,-0.006421192,-0.003520664,0.007190092,0.000149491,-0.193855668,0.000101492,-0.008378356,0.002818231,-0.001919337,-0.005757766,-0.001432328,-0.009296668,-0.006082284,-0.002517878,0.017382273,-0.003695602,-0.005897172,-0.017365941,-0.002414139,-0.005910051,-0.001997479,-0.00502711,-0.007210899,2.03101E-05
BR12_main,8.610909091,0.000001,0.000115821,-0.003073557,-0.003432075,-0.015642273,-0.005364661,0.000345935,-0.006275064,-0.003471683,0.007057504,0.000151037,-0.191769081,0.00011368,-0.00831962,0.003097579,-0.001831735,-0.005647432,-0.002181045,-0.008960491,-0.005970314,-0.002424989,0.01870777,-0.003573825,-0.005764925,-0.017115042,-0.002237992,-0.005711379,-0.001963645,-0.004936302,-0.007029804,2.00672E-05
BR12_main,8.730505051,0.000001,9.31842E-05,-0.00309549,-0.003301613,-0.015671614,-0.005242583,0.00032711,-0.006197814,-0.003436681,0.006895056,0.000150196,-0.189518934,0.000125495,-0.008277758,0.003353133,-0.001742505,-0.005530708,-0.003087279,-0.008635195,-0.005799609,-0.002329278,0.019308502,-0.003452534,-0.005618991,-0.016952078,-0.002069201,-0.005506623,-0.001928976,-0.004833195,-0.006852258,1.98116E-05
BR12_main,8.85010101,0.000001,7.25891E-05,-0.003140382,-0.003184028,-0.015611747,-0.005166391,0.000310195,-0.006180634,-0.003418153,0.00670336,0.000149108,-0.187161341,0.000137394,-0.008251341,0.003537352,-0.001653509,-0.005408651,-0.004011841,-0.008326124,-0.005582577,-0.002230168,0.018822406,-0.003333613,-0.005459023,-0.01688532,-0.001910287,-0.005298232,-0.001894026,-0.004726781,-0.006681549,1.95479E-05
BR12_main,8.96969697,0.000001,5.41324E-05,-0.003198028,-0.003084285,-0.015450815,-0.005124574,0.000294782,-0.006210157,-0.00341649,0.006506604,0.000149569,-0.184762753,0.000149855,-0.00824001,0.003592429,-0.001567233,-0.005282068,-0.004657343,-0.008038629,-0.005343,-0.00212739,0.017404119,-0.003219093,-0.005284726,-0.016906017,-0.001762828,-0.005089149,-0.001860441,-0.004645826,-0.006519949,1.92816E-05
BR12_main,9.089292929,0.000001,4.22991E-05,-0.003254664,-0.0030094,-0.015190711,-0.005096603,0.00028078,-0.006291337,-0.003429473,0.006344284,0.000152549,-0.182400127,0.000163272,-0.008243975,0.003479202,-0.001486889,-0.0051512,-0.004777291,-0.007777732,-0.005099038,-0.002024935,0.015576448,-0.003111078,-0.005095779,-0.016986242,-0.001627589,-0.004882759,-0.001829938,-0.004639918,-0.006368018,1.90184E-05
BR12_main,9.208888889,0.000001,4.09608E-05,-0.003296304,-0.002968429,-0.01485037,-0.005045514,0.000268706,-0.00645346,-0.003450674,0.00624549,0.000158276,-0.180166171,0.000177945,-0.008263657,0.003235815,-0.001416524,-0.005015666,-0.004469481,-0.00754782,-0.004861357,-0.001928472,0.013787298,-0.003011729,-0.004891886,-0.017084708,-0.001504792,-0.004682942,-0.001803523,-0.004743046,-0.006224163,1.87647E-05
BR12_main,9.328484848,0.000001,5.0264E-05,-0.003312588,-0.00296849,-0.014487694,-0.004914084,0.00025982,-0.006718438,-0.00347128,0.006205109,0.000166668,-0.178171469,0.000194075,-0.008299184,0.003028865,-0.001360976,-0.004874655,-0.004041465,-0.007351949,-0.004636334,-0.001839819,0.012267068,-0.002923149,-0.00467273,-0.017157107,-0.001394328,-0.004493963,-0.001781259,-0.004913496,-0.006084909,1.85266E-05
BR12_main,9.448080808,0.000001,6.97719E-05,-0.003299719,-0.00300408,-0.014184537,-0.004642198,0.000255889,-0.007067658,-0.003485675,0.006193412,0.00017758,-0.176549658,0.00021175,-0.00835003,0.003107272,-0.001325606,-0.004727543,-0.003683432,-0.007190991,-0.004428011,-0.001756956,0.011090464,-0.00284724,-0.004438001,-0.017166585,-0.001295999,-0.004320378,-0.001761643,-0.005057201,-0.005946874,1.83099E-05
BR12_main,9.567676768,0.000001,0.000101243,-0.003260806,-0.003049789,-0.014001464,-0.004190301,0.000258841,-0.007442185,-0.003495846,0.006181487,0.000190662,-0.175464251,0.000230908,-0.008414742,0.003613342,-0.001315547,-0.004574639,-0.003411174,-0.007062623,-0.004238728,-0.001676263,0.010332372,-0.002785471,-0.004187511,-0.01709174,-0.001209774,-0.004166902,-0.001741268,-0.005111304,-0.005809718,1.81188E-05
BR12_main,9.687272727,0.000001,0.0001466,-0.00320328,-0.00307405,-0.013961126,-0.00356634,0.000270624,-0.007777675,-0.003511047,0.006147652,0.000205138,-0.175112456,0.000251272,-0.008490646,0.004428408,-0.001334126,-0.004417454,-0.003181344,-0.006960405,-0.004069354,-0.001594644,0.010071044,-0.002738472,-0.003921367,-0.016929848,-0.001136122,-0.004038172,-0.001716358,-0.005056755,-0.005677668,1.7955E-05
BR12_main,9.806868687,0.000001,0.000203544,-0.003135018,-0.003052129,-0.014061379,-0.002913908,0.000292777,-0.008040969,-0.003541788,0.00606839,0.000219697,-0.175719946,0.000272241,-0.008573605,0.005273147,-0.001380227,-0.004258342,-0.00298845,-0.006873579,-0.003919496,-0.001510877,0.010258867,-0.002705476,-0.003640283,-0.016695164,-0.001076563,-0.003938405,-0.001685795,-0.004888178,-0.005558486,1.78161E-05
BR12_main,9.926464646,0.000001,0.000263791,-0.003061421,-0.002962156,-0.014289355,-0.00258602,0.000325352,-0.008243141,-0.0035926,0.005909011,0.000232432,-0.17750762,0.000292748,-0.008657742,0.005935932,-0.001445135,-0.004099775,-0.002869207,-0.00678796,-0.003787656,-0.001424231,0.010781143,-0.002683766,-0.003346041,-0.016413063,-0.001034636,-0.003870892,-0.001652283,-0.004610612,-0.005460795,1.76943E-05
BR12_main,10.04606061,0.000001,0.000319398,-0.002984738,-0.002801575,-0.014627159,-0.003037146,0.000365792,-0.008400444,-0.003659199,0.005618736,0.000240983,-0.180603639,0.000311061,-0.008735187,0.006370713,-0.001511384,-0.00394375,-0.002835437,-0.006687743,-0.003671359,-0.001334826,0.011504309,-0.00266879,-0.003042107,-0.016111844,-0.001017574,-0.003837301,-0.001619875,-0.004250191,-0.005390857,1.75742E-05
BR12_main,10.16565657,0.000001,0.000368807,-0.002905649,-0.002604956,-0.015052287,-0.004499329,0.000407804,-0.008483832,-0.003730819,0.005135736,0.000242745,-0.184888135,0.000324593,-0.008795911,0.006646453,-0.001557026,-0.003791586,-0.00284987,-0.006557942,-0.003567332,-0.001243507,0.012324638,-0.002655774,-0.002734381,-0.015815526,-0.00103894,-0.003836779,-0.001590496,-0.003848605,-0.005349819,1.74316E-05
BR12_main,10.28525253,0.000001,0.000415644,-0.002826691,-0.002417828,-0.015535853,-0.006631137,0.000436036,-0.008433961,-0.003797053,0.0044089,0.000234681,-0.189834419,0.00032994,-0.008827715,0.006860792,-0.001564014,-0.003644051,-0.002870536,-0.006387639,-0.003471932,-0.001149443,0.013192275,-0.002641372,-0.002431876,-0.015539934,-0.001121505,-0.003864935,-0.001560895,-0.00345548,-0.005331802,1.72328E-05
BR12_main,10.40484848,0.000001,0.000468137,-0.002756887,-0.002263914,-0.016039744,-0.008457245,0.000414147,-0.008224861,-0.003849559,0.003423692,0.000213718,-0.194492605,0.000323764,-0.008816506,0.007082977,-0.001523468,-0.003501867,-0.002811526,-0.00617449,-0.003382074,-0.001054708,0.01406272,-0.002621395,-0.002146909,-0.015291751,-0.001295568,-0.003912894,-0.001523827,-0.003106752,-0.005321423,1.69351E-05
BR12_main,10.52444444,0.000001,0.000539585,-0.002716073,-0.002144545,-0.016513956,-0.008725433,0.000269639,-0.007923407,-0.003875197,0.002215631,0.000179094,-0.197705229,0.000305729,-0.008746922,0.007341307,-0.001435187,-0.00336707,-0.002614169,-0.005930527,-0.003296826,-0.000964562,0.014874896,-0.00258721,-0.001894226,-0.015069082,-0.001577711,-0.003966766,-0.001474748,-0.002796391,-0.005288975,1.64883E-05
BR12_main,10.6440404,0.000001,0.000644726,-0.002734809,-0.00205233,-0.016896619,-0.006691677,-0.000113446,-0.007682447,-0.003856342,0.000908059,0.000135583,-0.198597837,0.000283687,-0.008603381,0.007639194,-0.00130587,-0.003245112,-0.002432226,-0.005686598,-0.003219229,-0.000884242,0.015624963,-0.002523905,-0.001688553,-0.014862415,-0.001911818,-0.004007983,-0.001417407,-0.002496711,-0.005183119,1.58391E-05
BR12_main,10.76363636,0.000001,0.000794474,-0.00284182,-0.001979634,-0.01711972,-0.002735065,-0.00085732,-0.007663539,-0.003790582,-0.000260795,9.55232E-05,-0.197280172,0.000274919,-0.008371495,0.007964258,-0.001149065,-0.003144367,-0.002490358,-0.005487162,-0.003156767,-0.000820719,0.016399231,-0.002412792,-0.001540926,-0.014655607,-0.002127035,-0.004014995,-0.001361468,-0.002206685,-0.004926381,1.49368E-05
BR12_main,10.88323232,0.000001,0.000987831,-0.003020878,-0.001920872,-0.017121352,0.001995981,-0.001947433,-0.007937159,-0.003702131,-0.001090254,7.60761E-05,-0.195008017,0.000292862,-0.008039681,0.008292154,-0.000987548,-0.003069255,-0.00286165,-0.00536897,-0.003118336,-0.000784981,0.017254147,-0.002239507,-0.001455288,-0.014426843,-0.002078158,-0.003966691,-0.001311982,-0.001967875,-0.004434567,1.37403E-05
BR12_main,11.00282828,0.000001,0.001198346,-0.003120852,-0.001872326,-0.016860936,0.006151481,-0.003010425,-0.008390737,-0.003623243,-0.001566039,8.98147E-05,-0.19335792,0.000331223,-0.007600604,0.008590127,-0.000856337,-0.00301485,-0.00344889,-0.00533904,-0.00310827,-0.00078814,0.018109531,-0.002002393,-0.001427249,-0.014149626,-0.001848525,-0.003847617,-0.001267225,-0.001836339,-0.003706701,1.22449E-05
BR12_main,11.12242424,0.000001,0.001370021,-0.002833311,-0.001831465,-0.016330893,0.008277434,-0.003369225,-0.008711265,-0.003577577,-0.001679248,0.000136375,-0.193234404,0.000371708,-0.007052102,0.008775748,-0.000795201,-0.002972057,-0.004030814,-0.005376973,-0.003122552,-0.000836704,0.018790724,-0.001729417,-0.001445718,-0.013794449,-0.001641215,-0.003655464,-0.001229556,-0.001857539,-0.00299412,1.05992E-05
BR12_main,11.2420202,0.000001,0.001443151,-0.001955255,-0.0017963,-0.015559412,0.006930146,-0.0026917,-0.008519846,-0.003583941,-0.001204353,0.000205931,-0.194306151,0.000401575,-0.006397578,0.008657045,-0.000828433,-0.002934529,-0.004320409,-0.005481798,-0.003151396,-0.000929939,0.019089005,-0.001497916,-0.001496187,-0.013333043,-0.001576937,-0.003416007,-0.001211347,-0.002096682,-0.00281152,9.34516E-06
BR12_main,11.36161616,0.000001,0.001395851,-0.000675288,-0.001764818,-0.014603346,0.001393949,-0.001469813,-0.007689544,-0.003667285,7.02914E-05,0.00028824,-0.19468325,0.000417707,-0.005646613,0.007989841,-0.000962153,-0.002899461,-0.004094736,-0.005756248,-0.003185065,-0.001059423,0.0188232,-0.001440303,-0.001563817,-0.012749107,-0.001681679,-0.003207449,-0.001226757,-0.002657205,-0.003477384,9.58975E-06
BR12_main,11.48121212,0.000001,0.001272126,0.000588953,-0.001734495,-0.013534341,-0.007626789,-0.000549995,-0.006366914,-0.003850881,0.001592111,0.000375866,-0.190751985,0.000421995,-0.004818637,0.006755417,-0.001195582,-0.002865738,-0.003327523,-0.006416562,-0.003216681,-0.001218805,0.017920718,-0.001727865,-0.001635238,-0.012059673,-0.001939655,-0.003158165,-0.001274271,-0.00358693,-0.004703969,1.29455E-05
BR12_main,11.60080808,0.000001,0.001147534,0.0015452,-0.001702027,-0.01242257,-0.018014499,-0.000347239,-0.00467632,-0.004122277,0.001691903,0.000460241,-0.17779987,0.000417334,-0.003955233,0.005503146,-0.001498687,-0.002832765,-0.002173279,-0.007565069,-0.003239577,-0.001426747,0.016452153,-0.002496867,-0.001699208,-0.011337754,-0.002299513,-0.003372304,-0.001332374,-0.004733537,-0.005938083,2.07594E-05
BR12_main,11.72040404,0.000001,0.0010526,0.002152713,-0.001663585,-0.011323264,-0.026396243,-0.000626518,-0.002868343,-0.004396957,-0.000701916,0.000526763,-0.152475912,0.000406007,-0.003141184,0.005120797,-0.001771991,-0.002800148,-0.00097115,-0.008712643,-0.003241804,-0.001715539,0.014640067,-0.003638348,-0.001746851,-0.010690198,-0.002642737,-0.003819144,-0.001373784,-0.005716991,-0.006849855,3.15789E-05
BR12_main,11.84,0.000001,0.000963805,0.002495732,-0.001615816,-0.01027278,-0.029487948,-0.000947141,-0.001478235,-0.00452843,-0.003904611,0.0005578,-0.1165748,0.000389533,-0.00249924,0.005842974,-0.00188405,-0.002767651,-0.000157416,-0.008726973,-0.003206258,-0.002013927,0.012813701,-0.004604216,-0.001772117,-0.010170774,-0.002793793,-0.004322371,-0.001379146,-0.00614186,-0.00737973,4.03217E-05