BR,time,vcd,ac,ala,arg,asn,asp,cit,cys,cyst,form,fum,glc,gln,glu,gly,his,ile,lac,leu,lys,met,nh4,phe,pro,ser,succ,thr,trp,tyr,val,titer
BR1_main,0,0.01660727,-0.083603841,-0.172239518,-0.133904774,-1.14549609,-1.532519393,-0.182779692,-1.155910416,-0.066572066,-2.908561241,0.000418639,-2.867947612,-1.217084592,-3.23684643,-0.112129817,-0.098593046,-0.293181808,0.883923994,-0.13727376,-0.124397209,-0.091631531,0.191785368,-0.071706437,-0.129806644,-1.734124038,-2.730027634,-0.346966266,-0.061963201,-0.228856698,-0.413805365,1.82887E-05
BR1_main,0.11969697,0.022851916,-0.069630641,-0.021306964,-0.110151391,-0.893040964,-0.824932481,-0.138911312,-1.005874649,-0.065013389,-2.077924187,-0.000624183,-2.585558646,-1.027315795,-2.158107455,-0.079514655,-0.083344724,-0.255491001,1.003484287,-0.130654062,-0.111023265,-0.083808766,0.229972302,-0.077346034,-0.117642768,-1.243547472,-2.165677611,-0.283234904,-0.052636015,-0.204344826,-0.354759362,2.47182E-05
BR1_main,0.239393939,0.027869243,-0.045893839,0.067401443,-0.079438921,-0.591398412,-0.3201072,-0.08722898,-0.65594023,-0.062838139,-1.054983761,-0.002255034,-2.10100679,-0.734547167,-0.952323086,-0.03311081,-0.056314786,-0.190700155,1.037216295,-0.114132802,-0.098929751,-0.071631653,0.257181748,-0.094854148,-0.105348443,-0.698283494,-1.315256576,-0.191369711,-0.045063432,-0.25277351,-0.255448438,2.88701E-05
BR1_main,0.359090909,0.031971142,-0.028294224,-0.088303281,-0.053536956,-0.425219804,-0.173329524,-0.075356308,-0.542514382,-0.059628757,-0.280320339,-0.005183045,-1.606272011,-0.690685159,-0.126518728,-0.159274352,-0.036955083,-0.130247355,0.882066112,-0.102126477,-0.088832554,-0.061973146,0.300420198,-0.099548664,-0.095493836,-0.606306352,-0.690292752,-0.128000442,-0.034674734,-0.254707184,-0.163534894,2.91891E-05
BR1_main,0.478787879,0.034907241,-0.023072358,-0.251981607,-0.042927051,-0.264144186,-0.077051051,-0.077051954,-0.610861233,-0.053005443,-0.575218252,-0.010605813,-1.382018789,-0.797378991,-0.284417485,-0.212421434,-0.026574803,-0.125802019,0.665945813,-0.094449708,-0.077438541,-0.04766564,0.341614881,-0.097434346,-0.100746864,-0.848021245,-0.731287022,-0.098112344,-0.027469403,-0.337531676,-0.11263979,2.8954E-05
BR1_main,0.598484848,0.03696178,-0.021573107,-0.234450871,-0.03665304,-0.195476062,-0.086638101,-0.058901675,-0.627771551,-0.046423021,-0.62264154,-0.012397955,-1.209189402,-0.733718949,-0.522029745,-0.183198295,-0.018580351,-0.121194155,0.452138334,-0.0805773,-0.07341741,-0.048818628,0.250677634,-0.084331086,-0.09144563,-0.92294719,-0.809719682,-0.076629081,-0.022917544,-0.321790596,-0.095643562,1.97495E-05
BR1_main,0.718181818,0.03827735,-0.020988026,-0.12864734,-0.03595407,-0.180763746,-0.138604136,-0.034830076,-0.566002596,-0.041009868,-0.770234726,-0.009266769,-1.047101375,-0.692568664,-0.539960542,-0.154069598,-0.013271976,-0.102321846,0.212637721,-0.073642475,-0.062762005,-0.048539389,0.167272854,-0.063416432,-0.099924511,-0.862799693,-0.757762256,-0.064117182,-0.020168907,-0.285481939,-0.087450343,1.42002E-05
BR1_main,0.837878788,0.038901921,-0.021867334,-0.03660647,-0.035901386,-0.24330043,-0.132554438,-0.033225543,-0.479074028,-0.036242171,-0.629296821,-0.00502532,-0.888851556,-0.671959642,-0.413827797,-0.099675329,-0.008859451,-0.083839132,0.075574204,-0.08206284,-0.056420703,-0.043781469,0.109330266,-0.042520483,-0.109815815,-0.698417933,-0.709179051,-0.054183545,-0.017570377,-0.188874768,-0.075700492,1.09933E-05
BR1_main,0.957575758,0.039298913,-0.017347749,-0.009099643,-0.035205509,-0.235025169,-0.10456209,-0.03779599,-0.359121259,-0.032490952,-0.440196662,-0.001783666,-0.774466384,-0.636423704,-0.293047135,-0.034793241,-0.007992847,-0.066096103,0.044314219,-0.082428794,-0.053803264,-0.036066814,0.090020252,-0.029911422,-0.116474772,-0.381753816,-0.420563216,-0.047687606,-0.014777813,-0.090000532,-0.065376009,6.55959E-06
BR1_main,1.077272727,0.03951076,-0.016072124,0.005188506,-0.036747599,-0.260262689,-0.072634213,-0.041299259,-0.254950614,-0.028584654,-0.215525172,-0.000272286,-0.69856628,-0.558972044,-0.208230848,0.004941071,-0.00794006,-0.054797108,0.096564021,-0.078196224,-0.048677207,-0.028121152,0.105659649,-0.027349486,-0.106447036,-0.23771791,-0.289164029,-0.042461485,-0.012801461,-0.045129391,-0.05801327,4.32323E-06
BR1_main,1.196969697,0.03963232,-0.013380868,0.009842044,-0.037749292,-0.209671569,-0.058179098,-0.03824182,-0.196396399,-0.025311841,-0.183388999,0.00029928,-0.635635593,-0.473190045,-0.191145705,0.004764753,-0.008108109,-0.046379019,0.197870032,-0.064495926,-0.042672595,-0.022223103,0.135317065,-0.024981927,-0.082994411,-0.225390834,-0.25201943,-0.037784429,-0.011479948,-0.038612948,-0.053611703,6.21923E-06
BR1_main,1.316666667,0.039681314,-0.009850941,0.018641749,-0.038112413,-0.241444955,-0.056978457,-0.028177048,-0.172679962,-0.022814852,-0.253073651,0.000487319,-0.569130281,-0.291756131,-0.383805945,0.007022566,-0.008267244,-0.038831316,0.323391595,-0.048892343,-0.037132405,-0.018079412,0.120819757,-0.023411357,-0.057768301,-0.289618281,-0.25069427,-0.033829286,-0.011059331,-0.036119694,-0.045310207,7.61817E-06
BR1_main,1.436363636,0.03963369,-0.007498959,0.021921259,-0.037115583,-0.237857943,-0.060279856,-0.019993263,-0.146139716,-0.020540334,-0.264324584,0.000617659,-0.518036124,-0.329401966,-0.552023657,0.006516154,-0.008363713,-0.033857706,0.319668003,-0.043263717,-0.0320881,-0.016403037,0.092076889,-0.021976643,-0.036854386,-0.306026895,-0.26022368,-0.030439746,-0.012148355,-0.033236655,-0.040303949,6.52669E-06
BR1_main,1.556060606,0.039545567,-0.005436323,0.022046212,-0.035161285,-0.208849522,-0.062997744,-0.021416536,-0.123891466,-0.01926032,-0.242548892,0.000520845,-0.472205863,-0.367491053,-0.498079327,0.006207725,-0.008102661,-0.030872346,0.321293694,-0.039980258,-0.029150203,-0.015606866,0.057174548,-0.020737177,-0.028450327,-0.265249427,-0.237074,-0.028081206,-0.012531086,-0.030962918,-0.03965109,7.26408E-06
BR1_main,1.675757576,0.039438249,-0.004379252,0.018801439,-0.032803955,-0.17847904,-0.078925891,-0.021133491,-0.105310361,-0.017541767,-0.168925485,0.0004307,-0.434504067,-0.367415288,-0.468494006,0.007335413,-0.00795935,-0.028781134,0.29273936,-0.036764468,-0.027525024,-0.014982702,0.037565053,-0.019589132,-0.025318378,-0.225402514,-0.194345286,-0.026813072,-0.012063779,-0.028209863,-0.040878212,7.83893E-06
BR1_main,1.795454545,0.039380006,-0.003789727,0.022962272,-0.030422993,-0.148748082,-0.080126121,-0.017495571,-0.097358156,-0.016365784,-0.105321351,0.000280275,-0.400574552,-0.322236356,-0.373303893,0.010154315,-0.007954628,-0.027786971,0.255638761,-0.034469608,-0.026389428,-0.014178826,0.026413544,-0.018293618,-0.022789153,-0.18444058,-0.149426851,-0.025793427,-0.011195506,-0.025718757,-0.039383843,7.56631E-06
BR1_main,1.915151515,0.039275348,-0.003068303,0.013787562,-0.028356052,-0.116101999,-0.065263426,-0.011233398,-0.089902346,-0.015239453,-0.077572366,4.59775E-05,-0.37059551,-0.252224195,-0.305765576,0.013871652,-0.007891418,-0.027408813,0.147200916,-0.032806843,-0.025419172,-0.013254482,0.019221699,-0.016888501,-0.02034808,-0.144877056,-0.121097495,-0.024806204,-0.009195088,-0.023709389,-0.042675764,8.57153E-06
BR1_main,2.034848485,0.039103085,-0.002469118,0.009373968,-0.02598387,-0.100167234,-0.052016317,-0.008518665,-0.080811514,-0.014429316,-0.040564696,-0.000110714,-0.343945985,-0.196760962,-0.22532345,0.015445708,-0.007754504,-0.026605635,0.06871051,-0.031784165,-0.025191424,-0.01239404,0.013518645,-0.015665107,-0.018885066,-0.118818998,-0.100369064,-0.024555454,-0.009347856,-0.021985815,-0.042337203,1.02122E-05
BR1_main,2.154545455,0.038797748,-0.002210806,0.006733121,-0.023339147,-0.10308031,-0.076195018,-0.007486872,-0.077728871,-0.013813556,-0.009561209,-0.000246131,-0.319515912,-0.180254832,-0.150945343,0.014304121,-0.007734596,-0.025456968,0.038494025,-0.03124777,-0.02433146,-0.011634834,0.008992198,-0.014616479,-0.018101904,-0.108961265,-0.092227469,-0.024052241,-0.008621324,-0.019957972,-0.040611515,1.27218E-05
BR1_main,2.274242424,0.038330227,-0.001952533,0.008826845,-0.021015866,-0.119959372,-0.077521608,-0.004639361,-0.079735785,-0.01335536,0.003017813,-0.000162213,-0.297098577,-0.15843062,-0.078368228,0.012423032,-0.007609787,-0.023824184,0.017404036,-0.030193171,-0.022980382,-0.010926711,0.005415655,-0.013786311,-0.021653513,-0.095705035,-0.085828859,-0.024083973,-0.00772241,-0.020466235,-0.035381268,1.48963E-05
BR1_main,2.393939394,0.037706588,-0.001800639,0.001982285,-0.019195843,-0.123349057,-0.080434297,-0.003533843,-0.067546873,-0.013036236,0.008790114,-1.85396E-05,-0.276544946,-0.123358095,-0.063683196,0.013205232,-0.007490299,-0.022357219,-0.021326369,-0.029725005,-0.023809764,-0.010256303,0.001988525,-0.013060954,-0.025785089,-0.088766306,-0.088867244,-0.024550408,-0.007330454,-0.017501986,-0.030176056,1.73491E-05
BR1_main,2.513636364,0.036729711,-0.001832588,-0.000772834,-0.017699153,-0.114761449,-0.066309382,-0.001339406,-0.071061905,-0.01279753,0.013703816,0.000119854,-0.259056933,-0.086621505,-0.053495594,0.013404344,-0.007270337,-0.021037717,-0.076426059,-0.029128524,-0.02877647,-0.009626716,-0.002222748,-0.012287296,-0.033608071,-0.085338549,-0.092157616,-0.024519466,-0.006934978,-0.015023703,-0.026949446,1.92008E-05
BR1_main,2.633333333,0.035408451,-0.001840562,-0.014440303,-0.016294257,-0.092140381,-0.062977156,-0.00095309,-0.072391596,-0.012182992,0.006569405,0.000186462,-0.242106107,-0.057123659,-0.052709147,0.007762085,-0.007077475,-0.019537992,-0.129546235,-0.028527108,-0.033257226,-0.008986556,-0.006904865,-0.011578811,-0.038909464,-0.079101616,-0.090206317,-0.02566508,-0.006390626,-0.013302656,-0.021762474,2.1387E-05
BR1_main,2.753030303,0.034444109,-0.00175157,-0.023177512,-0.014995774,-0.071794547,-0.060045451,-0.000945761,-0.069338822,-0.01158808,0.013598921,0.00023117,-0.225496926,-0.033994993,-0.047054516,0.006441937,-0.006871097,-0.018586972,-0.147776737,-0.028741443,-0.034715652,-0.008380748,-0.014089537,-0.011283387,-0.03983821,-0.073178133,-0.082977352,-0.024626439,-0.005521562,-0.013308999,-0.020801826,2.33211E-05
BR1_main,2.872727273,0.032384148,-0.001391956,-0.027420247,-0.014283662,-0.058064784,-0.056254546,-0.000224818,-0.073782673,-0.011062167,0.011226524,0.000222886,-0.210402519,-0.01893044,-0.049169717,0.007666536,-0.006616312,-0.017502267,-0.164328988,-0.028789786,-0.031462869,-0.007873975,-0.022201982,-0.01080922,-0.037023624,-0.068573339,-0.071246829,-0.024005349,-0.004914327,-0.017106158,-0.020194532,2.43804E-05
BR1_main,2.992424242,0.029969965,-0.001192617,-0.029409512,-0.014075053,-0.055181764,-0.044972501,0.000199344,-0.066079239,-0.010433849,0.010782918,0.00021451,-0.196943168,-0.010667083,-0.048037769,0.00890416,-0.006386441,-0.016557761,-0.155980896,-0.028639794,-0.03139359,-0.007450187,-0.030711994,-0.010012386,-0.028342637,-0.064331785,-0.060053767,-0.024122461,-0.004459946,-0.019904397,-0.019761746,2.58225E-05
BR1_main,3.112121212,0.027493096,-0.001191016,-0.030454013,-0.013901438,-0.053028421,-0.037130479,0.000328888,-0.057753623,-0.009696422,0.012983621,0.000216154,-0.187745903,-0.006107978,-0.044584578,0.007962027,-0.006164432,-0.015683728,-0.144996311,-0.029006969,-0.029857751,-0.007179479,-0.03627191,-0.009582722,-0.028322254,-0.060063398,-0.051953897,-0.021584011,-0.004253957,-0.018117978,-0.019110808,2.62242E-05
BR1_main,3.231818182,0.025252233,-0.001179192,-0.030988945,-0.013959075,-0.051088874,-0.032807965,0.000520827,-0.049097897,-0.009809954,0.015609732,0.000215796,-0.183833037,-0.003696241,-0.038988327,0.007980494,-0.005928571,-0.015038335,-0.130736171,-0.029665029,-0.028342565,-0.006904204,-0.040917613,-0.009247835,-0.028006487,-0.057172647,-0.044302258,-0.020391411,-0.004147387,-0.017421464,-0.019325633,2.5799E-05
BR1_main,3.351515152,0.023381203,-0.001040539,-0.033325403,-0.013686965,-0.049019006,-0.030313066,0.000444598,-0.045367546,-0.009748194,0.01658291,0.000209102,-0.181972044,-0.002130808,-0.035823369,0.007190169,-0.005686775,-0.01476281,-0.119766362,-0.030033433,-0.024462319,-0.006640819,-0.046593589,-0.008966794,-0.031120519,-0.054660302,-0.03886768,-0.019466387,-0.004017465,-0.017880267,-0.019442294,2.4914E-05
BR1_main,3.471212121,0.021837063,-0.001022825,-0.036283381,-0.012931209,-0.047005467,-0.028213971,0.000452725,-0.040535505,-0.009294742,0.014654699,0.000216745,-0.17964701,-0.001186329,-0.033908172,0.006751327,-0.005459023,-0.014413407,-0.108729304,-0.029953574,-0.022701402,-0.006451997,-0.044870878,-0.008902538,-0.036084666,-0.052535779,-0.034881673,-0.01784479,-0.003920545,-0.017787702,-0.018807168,2.40309E-05
BR1_main,3.590909091,0.020575109,-0.001205851,-0.035018362,-0.012021191,-0.04586918,-0.023113431,0.000563108,-0.034461526,-0.008864941,0.014077247,0.000222548,-0.174856717,-0.000492928,-0.032669193,0.007480001,-0.005245831,-0.014019993,-0.095035578,-0.029496961,-0.022178699,-0.006374887,-0.032701247,-0.008905152,-0.03489122,-0.051061832,-0.030301304,-0.016341749,-0.003880493,-0.015117268,-0.019424583,2.31453E-05
BR1_main,3.710606061,0.019664484,-0.001206909,-0.033479705,-0.011644821,-0.0439378,-0.019592699,0.000580779,-0.030625957,-0.010763248,0.014164163,0.000221116,-0.171858045,-4.27183E-05,-0.030231017,0.007508203,-0.00510021,-0.013825619,-0.081093443,-0.028084787,-0.021021206,-0.006256312,-0.025584268,-0.008694466,-0.032198165,-0.049771402,-0.027032419,-0.0157191,-0.003995985,-0.014401641,-0.019497513,2.24336E-05
BR1_main,3.83030303,0.0186215,-0.001248739,-0.0318188,-0.011480715,-0.043272724,-0.016186025,0.000722609,-0.028670945,-0.011016327,0.013290538,0.000226266,-0.171064907,0.00010376,-0.02880465,0.007488849,-0.004956939,-0.013848499,-0.069950352,-0.026800157,-0.02055332,-0.006200225,-0.017641522,-0.008696562,-0.026162014,-0.047907823,-0.024570966,-0.015091222,-0.004165112,-0.013693452,-0.019068873,2.18708E-05
BR1_main,3.95,0.017454133,-0.001187064,-0.029969026,-0.011655208,-0.045035856,-0.014660955,0.00066038,-0.026824807,-0.01268178,0.012704005,0.000266401,-0.168903368,0.000243172,-0.028141714,0.00702901,-0.004829202,-0.013675504,-0.060038354,-0.025331075,-0.019896105,-0.00616326,-0.01034407,-0.008571189,-0.02400037,-0.04650959,-0.023249349,-0.014428922,-0.004370557,-0.011837895,-0.019759052,2.14372E-05
BR1_main,4.06969697,0.016163329,-0.001146645,-0.029344566,-0.012312755,-0.047161562,-0.013945299,0.000652903,-0.026825047,-0.013436936,0.012453462,0.000300073,-0.167354747,0.000229202,-0.026333542,0.005988854,-0.004684073,-0.013255388,-0.047695186,-0.024024513,-0.019067067,-0.006115146,-0.005192741,-0.008740431,-0.020169456,-0.045651196,-0.022380185,-0.013820246,-0.004397545,-0.009483064,-0.020840851,2.00754E-05
BR1_main,4.189393939,0.014737506,-0.00084177,-0.027442051,-0.012355669,-0.054666127,-0.013840265,0.000741696,-0.026269447,-0.014588542,0.012054548,0.000292755,-0.16640183,0.000228797,-0.024608136,0.004887222,-0.004544121,-0.012854588,-0.041011244,-0.022751315,-0.018679675,-0.006055136,-0.001740088,-0.008801127,-0.015583042,-0.044724548,-0.021581665,-0.013337832,-0.004323404,-0.008563355,-0.02071447,1.89137E-05
BR1_main,4.309090909,0.014060273,-0.000620256,-0.023716785,-0.012645129,-0.058177002,-0.013809539,0.000813648,-0.025098927,-0.014229505,0.011391657,0.000272894,-0.165307274,0.000221115,-0.024664461,0.004316569,-0.004406114,-0.012662556,-0.031703175,-0.0211422,-0.01808541,-0.005977292,-2.37517E-05,-0.008676257,-0.015216444,-0.043468715,-0.020773256,-0.012895623,-0.004370407,-0.008300802,-0.020441815,1.80227E-05
BR1_main,4.428787879,0.013193049,-0.000517437,-0.020862556,-0.012592597,-0.057303031,-0.013548408,0.000748102,-0.022808399,-0.013481415,0.011256333,0.000255053,-0.165192571,0.000210012,-0.024990845,0.003406482,-0.004274803,-0.012608032,-0.023357045,-0.019552754,-0.017626795,-0.005909285,0.001131118,-0.008325013,-0.015054307,-0.041917104,-0.019947664,-0.012889325,-0.004568338,-0.008073298,-0.019255149,1.66209E-05
BR1_main,4.548484848,0.012595204,-0.000421066,-0.018527855,-0.012033181,-0.057226194,-0.01387158,0.000827239,-0.022857243,-0.011965218,0.010578691,0.00024239,-0.165056412,0.000153129,-0.025180374,0.002204823,-0.004156928,-0.012517353,-0.017580598,-0.018304681,-0.017878934,-0.005829202,0.002104606,-0.008137566,-0.014844606,-0.040124833,-0.019141403,-0.013038147,-0.004573671,-0.008006737,-0.017644029,1.5554E-05
BR1_main,4.668181818,0.012212999,-0.00037854,-0.016304394,-0.01199026,-0.060117155,-0.013583733,0.000853564,-0.021968279,-0.012195725,0.010423896,0.000239121,-0.165826568,0.000115571,-0.025386353,0.001181815,-0.004029946,-0.012244369,-0.012413679,-0.017372678,-0.019259143,-0.005742319,0.002966658,-0.008148145,-0.014767545,-0.038240676,-0.018547186,-0.012924619,-0.004563663,-0.007811285,-0.016344547,1.56083E-05
BR1_main,4.787878788,0.011782918,-0.000326075,-0.013974108,-0.01153653,-0.062002865,-0.012777929,0.000729879,-0.020597414,-0.012847536,0.01129993,0.000238283,-0.168159166,9.38238E-05,-0.025353656,0.000727336,-0.003976265,-0.011956548,-0.009090741,-0.01670772,-0.019389573,-0.005664964,0.003673125,-0.008240937,-0.013990304,-0.03642989,-0.017766833,-0.012696309,-0.004340755,-0.007639408,-0.015836862,1.56444E-05
BR1_main,4.907575758,0.011312205,-0.000278997,-0.012605337,-0.01061028,-0.058653889,-0.012399985,0.000573866,-0.020027175,-0.012957042,0.011338916,0.000242117,-0.171812623,7.69617E-05,-0.025811496,0.000530272,-0.003881361,-0.011884595,-0.006548801,-0.016362222,-0.01982622,-0.005585639,0.004484669,-0.007787979,-0.014105682,-0.034438865,-0.017101277,-0.012774772,-0.004213153,-0.007503649,-0.015397057,1.60341E-05
BR1_main,5.027272727,0.010831748,-0.000228825,-0.010710127,-0.009624534,-0.050570778,-0.012723648,0.000542264,-0.01888739,-0.012495627,0.010722306,0.000247778,-0.173440872,6.44506E-05,-0.026594971,0.000589136,-0.003772964,-0.011674299,-0.004514487,-0.015978844,-0.019752106,-0.005490318,0.005403247,-0.007538471,-0.013467312,-0.032798312,-0.016659716,-0.012605276,-0.004044209,-0.00746211,-0.015045407,1.66681E-05
BR1_main,5.146969697,0.010480438,-0.000186508,-0.009275993,-0.009009466,-0.03936227,-0.013208868,0.000490638,-0.017429288,-0.012233984,0.01034429,0.000260123,-0.175838333,5.46432E-05,-0.027254635,0.00071725,-0.003678043,-0.011289606,-0.002849486,-0.015962647,-0.019397993,-0.005378545,0.006563903,-0.007384122,-0.013713968,-0.031404539,-0.016180672,-0.012456914,-0.00379089,-0.007419474,-0.014666126,1.74157E-05
BR1_main,5.266666667,0.009803734,-0.000161044,-0.007847768,-0.008891329,-0.036650711,-0.013536044,0.000463129,-0.015186723,-0.012286848,0.010649606,0.000280399,-0.17802966,4.40297E-05,-0.027485037,0.000864995,-0.003585846,-0.01110518,-0.001543741,-0.015938815,-0.016991852,-0.00525069,0.007803233,-0.007057748,-0.013352486,-0.030137502,-0.015557486,-0.012264382,-0.003566145,-0.007674301,-0.014289639,1.81697E-05
BR1_main,5.386363636,0.009296085,-0.000135049,-0.00652524,-0.008607509,-0.037078541,-0.013828284,0.000414059,-0.014532719,-0.012056964,0.011209756,0.000296034,-0.181090118,3.62328E-05,-0.027253054,0.000937675,-0.003509229,-0.010864403,-0.000537404,-0.016006671,-0.014851317,-0.005108446,0.009629771,-0.006969036,-0.012493498,-0.028936731,-0.014805175,-0.012049276,-0.003410495,-0.007928224,-0.013864031,1.88476E-05
BR1_main,5.506060606,0.008846648,-0.000127397,-0.005219739,-0.008407449,-0.037217684,-0.014479577,0.000345533,-0.014617255,-0.009912895,0.01043429,0.000309029,-0.184234058,3.13826E-05,-0.026912552,0.000804921,-0.003441616,-0.010549038,0.000123673,-0.015970124,-0.013551039,-0.004981331,0.010510564,-0.006777537,-0.012110025,-0.027716098,-0.014004294,-0.01171915,-0.00328838,-0.007947568,-0.013604555,1.93543E-05
BR1_main,5.625757576,0.008415061,-0.000117947,-0.004366241,-0.008110797,-0.039757835,-0.014415848,0.000214771,-0.014711966,-0.009224942,0.009957788,0.000310646,-0.186945837,3.71193E-05,-0.026386329,0.000694302,-0.003390558,-0.010045579,0.000593535,-0.015840086,-0.012498021,-0.004870192,0.011251294,-0.006619009,-0.011901121,-0.026799321,-0.013187863,-0.011303244,-0.003135313,-0.007685284,-0.01340872,1.97689E-05
BR1_main,5.745454545,0.008028307,-0.000103457,-0.003219606,-0.007842423,-0.041020819,-0.014480623,0.000145801,-0.015626936,-0.009376267,0.008731487,0.000308226,-0.188653327,5.33365E-05,-0.02549052,0.000596311,-0.003323625,-0.009828786,0.000811329,-0.015671674,-0.01194627,-0.004766145,0.011934761,-0.006284666,-0.012801348,-0.025961795,-0.012381826,-0.01091222,-0.00304139,-0.007403465,-0.01336657,1.9922E-05
BR1_main,5.865151515,0.007619128,-8.39235E-05,-0.002124653,-0.007522534,-0.04162149,-0.014730722,7.95826E-05,-0.015830577,-0.009034478,0.00720337,0.000308486,-0.190002842,4.52345E-05,-0.02548354,0.000551388,-0.003257054,-0.009672933,0.000858361,-0.015596986,-0.011897348,-0.004663986,0.012383415,-0.006127733,-0.012813816,-0.025222964,-0.011655429,-0.010575841,-0.003010038,-0.007086175,-0.012797662,1.96613E-05
BR1_main,5.984848485,0.007160269,-6.19211E-05,-0.001318093,-0.007329593,-0.044730847,-0.014820763,-9.02136E-06,-0.01495462,-0.008883399,0.006078583,0.000307792,-0.191851965,3.91584E-05,-0.026354257,0.000499442,-0.003190957,-0.009422426,0.000882936,-0.015636693,-0.012469426,-0.00455605,0.012505687,-0.005956661,-0.011999336,-0.02467092,-0.010903885,-0.010090294,-0.002989984,-0.006934847,-0.012651347,1.95271E-05
BR1_main,6.104545455,0.00674041,-4.24573E-05,-0.000921215,-0.007089116,-0.043827182,-0.01494904,-5.552E-05,-0.013626875,-0.008406681,0.005253893,0.000292618,-0.194482792,2.54955E-05,-0.025804836,0.000336946,-0.003153617,-0.009192253,0.000838716,-0.015493515,-0.012499879,-0.004459901,0.01258871,-0.0058552,-0.012644446,-0.024244087,-0.010232451,-0.009803971,-0.002955067,-0.00690611,-0.012101489,1.93685E-05
BR1_main,6.224242424,0.005991762,-3.57684E-05,-0.000690842,-0.00684953,-0.040293738,-0.014370473,-0.000328557,-0.012426007,-0.007786823,0.004523399,0.000276046,-0.196762642,2.50576E-05,-0.025268182,-4.09134E-05,-0.003110531,-0.00963349,0.000825394,-0.015457604,-0.012853699,-0.004340361,0.012463093,-0.005791111,-0.014006505,-0.02388885,-0.009549137,-0.009433984,-0.003009752,-0.006870856,-0.01172386,1.92385E-05
BR1_main,6.343939394,0.005417594,-2.88001E-05,-0.000601122,-0.006691174,-0.040011376,-0.013878228,-0.000413397,-0.012027432,-0.007348194,0.003911245,0.00026277,-0.198679624,2.59568E-05,-0.023235022,-0.000716047,-0.003065904,-0.009875472,0.000809327,-0.015602516,-0.012826079,-0.004231231,0.012453963,-0.005699681,-0.014865564,-0.023558153,-0.008798911,-0.009171797,-0.003044262,-0.006760486,-0.012133272,1.92758E-05
BR1_main,6.463636364,0.005116883,-3.20173E-05,-0.000830248,-0.006513624,-0.040576546,-0.013240974,-0.000484467,-0.011166326,-0.006903981,0.003605706,0.000245334,-0.200578715,1.48185E-05,-0.020012884,-0.001357455,-0.003003695,-0.010316882,0.000637737,-0.015438664,-0.01258377,-0.004161804,0.012126302,-0.005523915,-0.015459691,-0.023296409,-0.008226682,-0.008919173,-0.003040431,-0.006535465,-0.012311465,1.92697E-05
BR1_main,6.583333333,0.004413057,-2.88028E-05,-0.000837466,-0.006336058,-0.038583808,-0.012508783,-0.000414387,-0.010882123,-0.006638052,0.003470365,0.000233695,-0.202947849,-4.93029E-06,-0.017569164,-0.002011935,-0.002947074,-0.010603754,0.000396108,-0.015104698,-0.013258535,-0.00412526,0.011994859,-0.005432576,-0.014890404,-0.022992663,-0.00770276,-0.008665143,-0.003007936,-0.006427172,-0.012329157,1.93875E-05
BR1_main,6.703030303,0.003381699,-2.43701E-05,-0.000853602,-0.006185943,-0.038790259,-0.011906026,-0.000293138,-0.010730999,-0.006369927,0.00335205,0.000217515,-0.204934758,-1.37145E-05,-0.017075586,-0.001749223,-0.002909949,-0.010422118,0.000224789,-0.0147141,-0.013541663,-0.004095622,0.011177807,-0.005326821,-0.015085137,-0.022711049,-0.007170835,-0.008507543,-0.003057745,-0.006305974,-0.012607713,1.94821E-05
BR1_main,6.822727273,0.00224563,-1.74859E-05,-0.001206568,-0.00605327,-0.036705011,-0.011224546,-0.000130025,-0.010533789,-0.006249638,0.003229066,0.000206672,-0.206513826,-1.33586E-05,-0.01661392,-0.001520427,-0.002882066,-0.009439729,3.0084E-05,-0.014351989,-0.013564391,-0.004245413,0.010084013,-0.005203659,-0.014271066,-0.022459029,-0.006677645,-0.008326909,-0.003068446,-0.006172669,-0.012142811,1.95649E-05
BR1_main,6.942424242,0.001337229,-4.1488E-06,-0.001307155,-0.00590652,-0.034814877,-0.010511044,-5.78044E-05,-0.011088005,-0.005944427,0.003254532,0.000199902,-0.208401623,-1.72652E-05,-0.015503165,-0.001075057,-0.002839368,-0.008584508,-0.000106308,-0.014176832,-0.012764597,-0.004196579,0.008250911,-0.005122559,-0.013471371,-0.02228204,-0.006210661,-0.008069793,-0.003122267,-0.006027653,-0.011422655,1.94338E-05
BR1_main,7.062121212,0.000914326,7.77115E-06,-0.001514921,-0.005769648,-0.033085582,-0.009876803,1.81937E-05,-0.010315259,-0.005570613,0.003283849,0.000191094,-0.209314861,-2.27673E-05,-0.015480331,-0.000941352,-0.002799118,-0.008341261,-0.000186903,-0.013975084,-0.012511469,-0.004021492,0.00707788,-0.005016208,-0.012376621,-0.022184892,-0.00588071,-0.007803904,-0.003050311,-0.005870934,-0.010506516,1.9045E-05
BR1_main,7.181818182,0.000427407,2.04291E-05,-0.00186184,-0.005620952,-0.031854551,-0.009202653,0.000125998,-0.009685943,-0.005270546,0.003365542,0.000182861,-0.209623937,-2.55784E-05,-0.014890932,-0.00117703,-0.00275471,-0.008215499,-0.000239774,-0.013830849,-0.012259725,-0.003770807,0.006396263,-0.004895185,-0.012515243,-0.022117536,-0.005459231,-0.007599386,-0.002936296,-0.005702057,-0.009809151,1.843E-05
BR1_main,7.301515152,4.62686E-05,1.35276E-06,-0.002366232,-0.005583224,-0.030496915,-0.00867833,0.000179493,-0.009776309,-0.005123187,0.003534547,0.000172742,-0.210957369,-2.52885E-05,-0.013686003,-0.000950773,-0.002698356,-0.008124415,-0.000298726,-0.013497857,-0.012038291,-0.003719346,0.005617864,-0.004744589,-0.012705224,-0.022203139,-0.005092382,-0.007438058,-0.00274336,-0.005519985,-0.009649695,1.73666E-05
BR1_main,7.421212121,0.0000005,3.03835E-05,-0.002804978,-0.005573695,-0.029301869,-0.008231451,0.000235882,-0.009835806,-0.004895521,0.003845512,0.000165012,-0.21240231,-3.94896E-05,-0.013838889,-0.000840744,-0.002637027,-0.007706613,-0.000352453,-0.013307688,-0.011434713,-0.003586512,0.005353048,-0.004620617,-0.01136986,-0.022316621,-0.00480605,-0.007320271,-0.002640273,-0.005369733,-0.009706352,1.6359E-05
BR1_main,7.540909091,0.0000005,4.86488E-06,-0.00342138,-0.005413488,-0.027932912,-0.007941456,0.000284287,-0.009863873,-0.004747135,0.004264529,0.000157127,-0.213807188,-5.78876E-05,-0.012763904,-0.000650227,-0.002591428,-0.007508804,-0.000398163,-0.013036291,-0.010451161,-0.003431516,0.00522393,-0.004480352,-0.010377734,-0.022366791,-0.004566516,-0.007419203,-0.002560033,-0.005183434,-0.009290092,1.53168E-05
BR1_main,7.660606061,0.0000005,9.82457E-06,-0.003899473,-0.00524373,-0.026518411,-0.007578054,0.000247086,-0.010029456,-0.004654968,0.00461742,0.000150602,-0.214243972,-7.42921E-05,-0.012752358,-0.000439139,-0.002535663,-0.0073484,-0.000461677,-0.012687919,-0.008644105,-0.003281167,0.005101176,-0.004334207,-0.00994599,-0.022348528,-0.004357885,-0.007380342,-0.00258101,-0.005186595,-0.009226128,1.44528E-05
BR1_main,7.78030303,0.0000005,-4.17212E-07,-0.004364805,-0.005074413,-0.025466169,-0.007300859,0.000291919,-0.010063388,-0.004631514,0.005203181,0.000142571,-0.213555599,-7.21293E-05,-0.012455761,-0.000367891,-0.002487628,-0.007386918,-0.000567515,-0.012293898,-0.008043129,-0.003192635,0.005000618,-0.004216642,-0.009787244,-0.022122195,-0.004248198,-0.007079301,-0.002564769,-0.00515865,-0.009055679,1.35358E-05
BR1_main,7.9,0.0000005,-5.83226E-06,-0.005108271,-0.004844308,-0.023813182,-0.007032161,0.000284433,-0.01008445,-0.00499088,0.005496125,0.000134686,-0.212485898,-6.60609E-05,-0.012455583,0.000210925,-0.002441503,-0.007412783,-0.000816497,-0.01202403,-0.00771156,-0.003121121,0.005118759,-0.004109464,-0.008866196,-0.021842041,-0.004156758,-0.007372184,-0.002537304,-0.005081262,-0.008964475,1.27583E-05
BR1_main,8.01969697,0.0000005,-1.04212E-05,-0.005392167,-0.004597624,-0.023177922,-0.006762858,0.000303379,-0.010502435,-0.005315284,0.005376707,0.000127075,-0.210938863,-6.05673E-05,-0.012363062,0.000618884,-0.002398603,-0.007344383,-0.001436725,-0.011704265,-0.007186859,-0.002954312,0.005361246,-0.003968622,-0.008640972,-0.021577217,-0.004061971,-0.007671671,-0.002490354,-0.004956273,-0.008660246,1.19942E-05
BR1_main,8.139393939,0.0000005,-1.60974E-05,-0.005442615,-0.004321813,-0.023951836,-0.00655046,0.000234344,-0.01045583,-0.005392124,0.005307632,0.0001195,-0.209627355,-4.93484E-05,-0.012241827,0.001102747,-0.002341132,-0.007032763,-0.002517015,-0.011302368,-0.006986205,-0.002841672,0.005286606,-0.003831419,-0.007878845,-0.021142715,-0.0039448,-0.007500309,-0.002438385,-0.004902175,-0.008661152,1.14762E-05
BR1_main,8.259090909,0.0000005,-1.98117E-05,-0.005122147,-0.004120213,-0.02428931,-0.006388354,0.000187114,-0.010527587,-0.005131587,0.005242635,0.000113112,-0.207619095,-2.76565E-05,-0.011926291,0.001208921,-0.002281778,-0.006685721,-0.004780789,-0.010917531,-0.006663443,-0.002749766,0.005508714,-0.00371703,-0.007894188,-0.02061314,-0.003770823,-0.007195799,-0.002377091,-0.00487346,-0.008378334,1.15276E-05
BR1_main,8.378787879,0.0000005,-8.57542E-05,-0.004670831,-0.0039774,-0.024312533,-0.006470572,0.000141983,-0.010578187,-0.005230184,0.005064792,0.000107694,-0.205575387,-2.32727E-07,-0.011759218,0.001380098,-0.002225061,-0.006305026,-0.008404798,-0.010552239,-0.006468702,-0.002640419,0.005334533,-0.003625408,-0.007632508,-0.020162672,-0.003579551,-0.006952732,-0.002256703,-0.004831768,-0.008022098,1.1491E-05
BR1_main,8.498484848,0.0000005,-0.000148382,-0.004586245,-0.00383411,-0.023598651,-0.006553083,0.000111865,-0.010488712,-0.005242149,0.004918961,0.000103016,-0.203557919,2.69943E-05,-0.011372456,0.001669707,-0.002165906,-0.005723814,-0.012892041,-0.01014001,-0.006270734,-0.002491289,0.00587983,-0.003560607,-0.007148412,-0.019782107,-0.003438148,-0.007079183,-0.00221415,-0.004663491,-0.007829418,1.1692E-05
BR1_main,8.618181818,0.0000005,-0.000298943,-0.004613216,-0.003684146,-0.02220073,-0.006749455,8.45779E-05,-0.010501467,-0.005514442,0.004770413,9.88249E-05,-0.200374295,5.25289E-05,-0.011305346,0.002177009,-0.002104751,-0.005481692,-0.014246911,-0.009688861,-0.006139394,-0.002486011,0.006443244,-0.003502613,-0.006553459,-0.019365845,-0.003321088,-0.007311711,-0.00219767,-0.004613117,-0.00759784,1.16472E-05
BR1_main,8.737878788,0.0000005,-0.00036234,-0.004910279,-0.003525931,-0.022460712,-0.006843934,-8.87922E-06,-0.010478831,-0.005347787,0.004545413,9.72027E-05,-0.196724452,6.74895E-05,-0.011389442,0.002513569,-0.002043485,-0.005359054,-0.011940418,-0.009296234,-0.006001713,-0.002403307,0.006934688,-0.003449089,-0.005749162,-0.018915036,-0.003262758,-0.007079059,-0.002256745,-0.00446977,-0.007177279,1.25328E-05
BR1_main,8.857575758,0.0000005,-0.000238905,-0.005022722,-0.003394881,-0.024893747,-0.00683125,-0.000242836,-0.010475999,-0.005314053,0.004242277,9.68173E-05,-0.193813665,5.37749E-05,-0.010852166,0.002907465,-0.00196473,-0.005196275,-0.011763115,-0.009036786,-0.005782984,-0.002360776,0.007448082,-0.003401738,-0.005199256,-0.018431458,-0.003160046,-0.007079064,-0.002234638,-0.004424813,-0.007180361,1.34122E-05
BR1_main,8.977272727,0.0000005,-0.000136036,-0.004950248,-0.003263388,-0.029908073,-0.00664419,-0.000274337,-0.010608773,-0.005370655,0.003737152,9.35431E-05,-0.191590793,5.06263E-05,-0.01149157,0.003133952,-0.001897937,-0.005079461,-0.009971331,-0.008658147,-0.005894756,-0.002427196,0.008350006,-0.003429631,-0.005186364,-0.017983593,-0.003010511,-0.006984265,-0.002222229,-0.004896258,-0.007163515,1.41932E-05
BR1_main,9.096969697,0.0000005,-0.000127755,-0.004596363,-0.003133124,-0.029528583,-0.006105463,-0.000163728,-0.010140113,-0.005004052,0.003595793,8.69524E-05,-0.190325103,2.54682E-05,-0.011863498,0.003458565,-0.001830476,-0.005034412,-0.007202497,-0.008320942,-0.006416377,-0.002364237,0.009163273,-0.003425145,-0.005051269,-0.017524359,-0.002802431,-0.00676191,-0.002207127,-0.005534168,-0.007157622,1.61218E-05
BR1_main,9.216666667,0.0000005,-0.000139716,-0.004396912,-0.003023248,-0.024231154,-0.005841687,-0.000230757,-0.010023212,-0.004974742,0.003412849,7.97703E-05,-0.189514428,9.97839E-06,-0.012062625,0.003763033,-0.001770663,-0.004993361,-0.005150683,-0.008036635,-0.006834936,-0.002333492,0.009737965,-0.003445305,-0.004820475,-0.017036048,-0.00257394,-0.00624495,-0.002158518,-0.006550849,-0.007195429,1.66016E-05
BR1_main,9.336363636,0.0000005,-0.000137948,-0.004115787,-0.002946152,-0.021432042,-0.005654865,-0.000294396,-0.010065716,-0.005024834,0.002866763,7.01923E-05,-0.189638,9.00008E-06,-0.012160985,0.003390471,-0.001719306,-0.004969618,-0.003910578,-0.007929648,-0.006999051,-0.002271718,0.010340993,-0.003432599,-0.004557971,-0.016537184,-0.002346251,-0.005870162,-0.00211838,-0.007249137,-0.007001758,1.73767E-05
BR1_main,9.456060606,0.0000005,-0.00016516,-0.003826575,-0.002860677,-0.020148293,-0.005396422,-0.000420555,-0.009913045,-0.005029202,0.002610822,5.886E-05,-0.192135115,2.41653E-05,-0.011409509,0.003320208,-0.001673635,-0.005028078,-0.002875601,-0.008373661,-0.006845161,-0.002303174,0.010220574,-0.003318512,-0.004526284,-0.016054098,-0.002210861,-0.006031325,-0.002130873,-0.007576145,-0.006900641,1.54688E-05
BR1_main,9.575757576,0.0000005,-0.000193237,-0.003845432,-0.002806667,-0.020912843,-0.005244438,-0.000426476,-0.009796873,-0.005091056,0.002568856,4.972E-05,-0.196732377,5.73698E-05,-0.010626162,0.003363744,-0.001599205,-0.005124628,-0.002096244,-0.008551762,-0.005840814,-0.002321258,0.010514565,-0.003238182,-0.004429662,-0.015591868,-0.002100637,-0.00634046,-0.002092417,-0.007983015,-0.006998872,1.52115E-05
BR1_main,9.695454545,0.0000005,-0.000182602,-0.003716099,-0.002766935,-0.022753644,-0.00524619,-0.000369558,-0.009566114,-0.005114273,0.002394721,3.40609E-05,-0.202114669,0.000114413,-0.009907663,0.003606275,-0.00154158,-0.005273048,-0.001632378,-0.008218002,-0.005308197,-0.002317131,0.011063149,-0.003168664,-0.004517271,-0.015209552,-0.001964771,-0.007313108,-0.002026663,-0.008421947,-0.007178141,1.43113E-05
BR1_main,9.815151515,0.0000005,-0.000187423,-0.003745289,-0.002721331,-0.028227051,-0.005100924,-0.000389937,-0.00938493,-0.005373011,0.002129131,2.95354E-05,-0.206880229,0.000159417,-0.009846875,0.003834799,-0.001481252,-0.005314276,-0.001505672,-0.008327719,-0.005663512,-0.002260971,0.009811175,-0.003101794,-0.004629945,-0.014996932,-0.001844323,-0.007898488,-0.001978717,-0.01015578,-0.007410154,1.41599E-05
BR1_main,9.934848485,0.0000005,-0.000188558,-0.003613593,-0.002684348,-0.034550678,-0.005509512,-0.000379191,-0.009227933,-0.005399041,0.00181962,3.53612E-05,-0.20950329,0.000205157,-0.00994012,0.004044175,-0.001433407,-0.005223883,-0.001453729,-0.008483537,-0.006169776,-0.002093519,0.009739063,-0.003081519,-0.004879879,-0.014807471,-0.001730253,-0.007773224,-0.002048559,-0.011429243,-0.007583974,1.43818E-05
BR1_main,10.05454545,0.0000005,-0.000217847,-0.003300888,-0.00263939,-0.034683977,-0.00721495,-0.000334167,-0.011027529,-0.005421199,0.001568928,4.9081E-05,-0.210170658,0.000203837,-0.010549095,0.004328194,-0.001387027,-0.005004886,-0.001422413,-0.008508449,-0.007022185,-0.002045428,0.00988846,-0.003069744,-0.00491954,-0.014961405,-0.001670423,-0.006876026,-0.002090911,-0.010855639,-0.007517294,1.40722E-05
BR1_main,10.17424242,0.0000005,-0.000279128,-0.00311032,-0.002593777,-0.035990443,-0.009310473,-0.000190958,-0.012182189,-0.005369517,0.001411507,7.26678E-05,-0.214114469,0.000196585,-0.010859817,0.004610923,-0.001353294,-0.004855176,-0.001385056,-0.008117986,-0.00827244,-0.001908134,0.010163568,-0.003091273,-0.004882806,-0.015499427,-0.001552828,-0.006271112,-0.002083458,-0.010362315,-0.007150064,1.38314E-05
BR1_main,10.29393939,0.0000005,-0.000457399,-0.002802576,-0.002563611,-0.033256911,-0.009709532,-0.000224906,-0.012399443,-0.005333334,0.001221771,9.224E-05,-0.213526866,0.000187665,-0.011413926,0.005060939,-0.001354504,-0.004632842,-0.001335673,-0.008077211,-0.008128733,-0.001815624,0.007417541,-0.003074047,-0.00494739,-0.01634726,-0.001564436,-0.005908994,-0.002065179,-0.009347408,-0.006558752,1.09872E-05
BR1_main,10.41363636,0.0000005,-0.000913616,-0.002585238,-0.002499282,-0.03018744,-0.008576486,-0.000263597,-0.013049312,-0.005297064,0.001044342,9.99098E-05,-0.209087429,0.000183514,-0.011216969,0.005132998,-0.001351116,-0.004574983,-0.00130301,-0.007927419,-0.006881949,-0.001688239,0.003972282,-0.00299772,-0.004951328,-0.017027203,-0.001527485,-0.00597267,-0.002014956,-0.008679195,-0.005954371,8.23772E-06
BR1_main,10.53333333,0.0000005,-0.001177137,-0.002357951,-0.002394798,-0.027025277,-0.006178039,-0.000272863,-0.01434625,-0.005301627,0.001120709,0.000104273,-0.205371489,0.000178884,-0.011372885,0.005410845,-0.001428695,-0.004291345,-0.001247433,-0.008628155,-0.005418107,-0.001522653,0.005837629,-0.002888559,-0.005153561,-0.018251066,-0.001535989,-0.005893157,-0.001963221,-0.008577358,-0.005742646,5.78182E-06
BR1_main,10.6530303,0.0000005,-0.001010881,-0.002314599,-0.002331505,-0.026577878,-0.004349997,-0.000367432,-0.015998877,-0.005430842,0.000961272,0.000107094,-0.199942402,0.000173535,-0.011617095,0.005439597,-0.001483942,-0.004102565,-0.001280201,-0.008665256,-0.004399445,-0.001578002,0.006281143,-0.002869883,-0.005407629,-0.020211316,-0.001555817,-0.006098919,-0.001833059,-0.006526697,-0.005517693,3.98902E-06
BR1_main,10.77272727,0.0000005,-0.000655085,-0.002405893,-0.002334569,-0.02672366,-0.00424397,-0.000409352,-0.017653243,-0.005811074,0.000546217,0.000110997,-0.197670609,0.000150252,-0.011933979,0.004576085,-0.001611329,-0.003974588,-0.001288088,-0.008723283,-0.003840458,-0.0015646,0.004317945,-0.002891812,-0.005646642,-0.020415428,-0.001676299,-0.00638884,-0.001719635,-0.004201034,-0.005417148,3.03427E-06
BR1_main,10.89242424,0.0000005,-0.0004559,-0.002813566,-0.002528288,-0.027655928,-0.004363693,-0.000376293,-0.019438336,-0.005382678,0.000205356,0.000113476,-0.198360782,0.000113165,-0.012151581,0.00329538,-0.001689324,-0.004195286,-0.001584712,-0.008555803,-0.003918801,-0.001493204,0.006168561,-0.002916754,-0.006403002,-0.018285927,-0.001817036,-0.006315964,-0.001593315,-0.004574678,-0.005327186,3.59203E-06
BR1_main,11.01212121,0.0000005,-0.000264668,-0.00283033,-0.002824953,-0.030009335,-0.004394713,-0.000505415,-0.026121002,-0.005343264,-0.000151405,0.000111163,-0.219475139,6.2082E-05,-0.0113851,0.002381841,-0.001969632,-0.004473938,-0.00170901,-0.00908633,-0.004315666,-0.001415328,0.009299733,-0.002911566,-0.006902358,-0.016156072,-0.001997681,-0.005824756,-0.001562909,-0.005531211,-0.005229825,4.6409E-06
BR1_main,11.13181818,0.0000005,-0.000221689,-0.002735199,-0.002887543,-0.033737603,-0.004258439,-0.000676532,-0.023787346,-0.005762199,-0.000771198,0.000108615,-0.230294383,-2.01776E-05,-0.010116707,0.001021725,-0.002406489,-0.004035323,-0.001778909,-0.010229336,-0.005187453,-0.001387442,0.011010743,-0.002942115,-0.008177861,-0.01589169,-0.002306637,-0.005687334,-0.001561328,-0.008875973,-0.005176395,5.55466E-06
BR1_main,11.25151515,0.0000005,-0.000324349,-0.002734593,-0.002849163,-0.037802144,-0.004163988,-0.000896921,-0.024871418,-0.006093038,-0.002374621,8.89191E-05,-0.242817196,-0.000137299,-0.010029932,-0.000271396,-0.002516973,-0.004076819,-0.001842592,-0.01032695,-0.006217544,-0.001442099,0.015952704,-0.002971881,-0.010451092,-0.014968237,-0.003040096,-0.005550901,-0.001558883,-0.010793269,-0.005287287,6.54337E-06
BR1_main,11.37121212,0.0000005,-0.000411459,-0.003907806,-0.002580302,-0.032928818,-0.004214732,-0.00125676,-0.021486187,-0.006071699,-0.004579032,6.02817E-05,-0.265205268,-0.00026744,-0.012035384,-0.001866748,-0.002255746,-0.003905039,-0.001914694,-0.010804308,-0.007244838,-0.001610619,0.017876587,-0.002988989,-0.012683815,-0.015994696,-0.00413009,-0.00569505,-0.001576888,-0.01337776,-0.005548966,8.91585E-06
BR1_main,11.49090909,0.0000005,-0.000456036,-0.00677733,-0.003128778,-0.028278004,-0.005396136,-0.00211214,-0.014086124,-0.006228647,-0.006945934,-1.12498E-05,-0.272328346,-0.000493314,-0.014621175,-0.001325638,-0.002477783,-0.004341954,-0.002154276,-0.012106664,-0.0085161,-0.001815107,0.010772065,-0.002999273,-0.01529962,-0.019011487,-0.004950414,-0.006074364,-0.001638708,-0.013961268,-0.005977691,8.98983E-06
BR1_main,11.61060606,0.0000005,-0.000900112,-0.009529964,-0.004144034,-0.032494123,-0.008026509,-0.002724137,-0.016398272,-0.007524359,-0.011100937,-0.00010478,-0.265149377,-0.00068763,-0.01969552,-0.00346907,-0.003254135,-0.00488085,-0.002382568,-0.013749637,-0.010020565,-0.001916473,-0.002421847,-0.003013632,-0.019883842,-0.023975762,-0.006279147,-0.006604597,-0.0018737,-0.019231277,-0.006323512,9.03124E-06
BR1_main,11.73030303,0.0000005,-0.001374178,-0.013693066,-0.005148516,-0.034861023,-0.009783948,-0.003988014,-0.019228545,-0.009911073,-0.014669834,-0.00020783,-0.292626402,-0.000922558,-0.02438074,-0.006264285,-0.005113188,-0.005769233,-0.002629345,-0.014611333,-0.011087481,-0.001977041,-0.019248617,-0.003024174,-0.021549576,-0.031294303,-0.007413676,-0.008109315,-0.002294866,-0.021857388,-0.006597957,7.51862E-06
BR1_main,11.85,0.0000005,-0.001702393,-0.01484998,-0.005863876,-0.036667963,-0.00951779,-0.004680279,-0.021272191,-0.011039673,-0.016648673,-0.000279554,-0.290162728,-0.001132146,-0.028017826,-0.007362982,-0.005520441,-0.006348623,-0.002939985,-0.014824441,-0.012098111,-0.001927467,-0.040024076,-0.003029067,-0.021611969,-0.033956633,-0.008037217,-0.009368698,-0.002615469,-0.022015604,-0.006680006,3.89555E-06
BR2_main,0,0.019673323,-0.073078277,-0.680682607,-0.140432048,-1.230957948,-0.706493536,-0.055090391,-2.233463135,-0.165590485,-0.016368983,-0.01447154,-1.428014269,-2.07419037,-1.27131563,-0.478785588,-0.1247853,-0.416998937,-0.641071202,-0.577280148,-0.75966343,-0.146434377,-0.201395399,-0.238035143,-0.598349768,-5.888665826,-1.05971134,-0.458382438,-0.077731294,-0.451595375,-0.800814061,2.05233E-05
BR2_main,0.11969697,0.026334989,-0.063123843,-0.384933519,-0.136571524,-1.256333188,-0.572486948,-0.048230088,-1.735275954,-0.149724428,-0.011347425,-0.012665408,-1.425289225,-2.056334869,-0.983412582,-0.299154573,-0.104479969,-0.377109945,-0.394101615,-0.474805571,-0.538270974,-0.130629583,-0.015576892,-0.197222478,-0.509251169,-4.074096599,-0.935199381,-0.39186728,-0.069024994,-0.325397831,-0.64555355,2.0565E-05
BR2_main,0.239393939,0.031441184,-0.051202797,-0.077560283,-0.132311194,-1.210849076,-0.412258103,-0.039720627,-0.931005051,-0.124540575,-0.000978925,-0.009888602,-1.441610815,-1.419634356,-0.562562809,-0.160484625,-0.076754877,-0.319560063,0.066745259,-0.379445958,-0.364546896,-0.100044285,-0.363906147,-0.132124589,-0.409734791,-1.722903496,-0.781400797,-0.266302487,-0.059198545,-0.212186232,-0.415353641,1.89397E-05
BR2_main,0.359090909,0.035307243,-0.038765712,0.059436928,-0.12346655,-0.906541678,-0.249205215,-0.031869325,-0.663967973,-0.09753005,-0.006343951,-0.006905966,-1.379285462,-0.935844456,-0.247780805,-0.054468014,-0.058712315,-0.276342448,0.373207133,-0.30960909,-0.263843942,-0.072182232,-0.29534207,-0.103523987,-0.33271631,-0.802939243,-0.619877498,-0.202151851,-0.049075925,-0.126176774,-0.278968014,1.96729E-05
BR2_main,0.478787879,0.038052093,-0.026093946,0.043162616,-0.119147199,-0.945577124,-0.099261188,-0.026263861,-0.667699864,-0.071604993,-0.008146019,-0.00456111,-1.286214508,-1.163426658,-0.122572752,-0.018773275,-0.048570202,-0.24394621,0.618856002,-0.256470939,-0.22265806,-0.059645691,-0.290758692,-0.079695852,-0.327901926,-1.327169502,-0.507428,-0.156704172,-0.037228825,-0.175805924,-0.217113033,1.8702E-05
BR2_main,0.598484848,0.039691884,-0.017451021,0.060098922,-0.110314938,-0.916306148,-0.061297718,-0.026286292,-0.873943961,-0.061228671,-0.007301974,-0.004490712,-1.182373685,-1.18048451,-0.081381845,-0.053257765,-0.036569548,-0.194630176,0.653098699,-0.207582372,-0.190446945,-0.052230157,-0.224322193,-0.071131132,-0.282848699,-1.604332591,-0.401182325,-0.127212873,-0.029133381,-0.165748107,-0.17788726,1.11254E-05
BR2_main,0.718181818,0.040710753,-0.014387576,0.043446622,-0.092699042,-0.858870593,-0.066311134,-0.028049272,-0.770358177,-0.054139889,-0.072848642,-0.006113148,-1.082595302,-1.023444383,-0.060876633,-0.084313932,-0.029771471,-0.149614235,0.632308088,-0.158860365,-0.146416811,-0.046398542,-0.179857306,-0.064010323,-0.223365854,-1.417120363,-0.305673662,-0.099802992,-0.022923899,-0.15592951,-0.152309929,1.0969E-05
BR2_main,0.837878788,0.041263317,-0.020966984,0.037688901,-0.078663566,-0.695786704,-0.072345058,-0.039365858,-0.588838112,-0.047004702,-0.124040657,-0.006253397,-0.986401235,-0.850094387,-0.053007273,-0.086592284,-0.026881822,-0.112119339,0.543444751,-0.128052147,-0.115057849,-0.039932832,-0.039179195,-0.057590324,-0.147965039,-1.032236512,-0.243353455,-0.085256142,-0.018904593,-0.140451097,-0.124951432,8.9463E-06
BR2_main,0.957575758,0.041602627,-0.024638333,0.034600209,-0.065553679,-0.498121237,-0.065763119,-0.03991042,-0.43454604,-0.035559694,-0.140961337,-0.005850358,-0.894273424,-0.721834388,-0.047490343,-0.041648681,-0.02394746,-0.093874017,0.474769241,-0.100649414,-0.11104074,-0.034095256,0.026770059,-0.053622715,-0.103340651,-0.668022592,-0.201821594,-0.07168216,-0.015525329,-0.123398423,-0.104178733,9.52298E-06
BR2_main,1.077272727,0.041772342,-0.021285964,0.033695776,-0.054755672,-0.295263639,-0.046316474,-0.038003219,-0.28566448,-0.028464723,-0.130716414,-0.005110833,-0.806645273,-0.623782321,-0.041280263,-0.039979629,-0.022096399,-0.074456037,0.41640563,-0.080633166,-0.09834002,-0.029607078,0.067591818,-0.04697243,-0.083128158,-0.350854597,-0.169177593,-0.059923246,-0.013440828,-0.104640719,-0.087664388,1.20745E-05
BR2_main,1.196969697,0.04186219,-0.015557067,0.027115896,-0.046541111,-0.10638591,-0.038285169,-0.03043983,-0.146329751,-0.02299648,-0.090187936,-0.004206223,-0.718792888,-0.440543051,-0.035660843,-0.039456132,-0.019371366,-0.05945971,0.377504052,-0.072236029,-0.085645053,-0.026813411,0.098310577,-0.048360407,-0.06923023,-0.530087636,-0.140581339,-0.047765935,-0.012358121,-0.059782294,-0.075064305,1.46205E-05
BR2_main,1.316666667,0.041904737,-0.011914905,0.019420451,-0.039484872,-0.299749095,-0.035019435,-0.023333604,-0.135443797,-0.018743047,-0.034439319,-0.003271168,-0.650374689,-0.284830488,-0.036002741,-0.032353838,-0.017449188,-0.049916049,0.331901831,-0.087139677,-0.074924649,-0.02452791,0.079049958,-0.048074649,-0.056476506,-0.882772031,-0.123912626,-0.04234493,-0.011355959,-0.065480632,-0.066266867,1.57608E-05
BR2_main,1.436363636,0.041894245,-0.008185034,0.012812172,-0.033793115,-0.656333555,-0.035087327,-0.018058704,-0.145174116,-0.017721441,-0.018884937,-0.002135468,-0.578260657,-0.296499252,-0.038069149,-0.02044622,-0.017413751,-0.050403668,0.275333269,-0.119869286,-0.067331164,-0.022047476,0.07987674,-0.052669512,-0.051983763,-1.034798243,-0.105490348,-0.038844091,-0.01035296,-0.082686826,-0.060436245,1.56443E-05
BR2_main,1.556060606,0.041854918,-0.004619093,0.014931086,-0.030927653,-1.196524675,-0.035467753,-0.014311969,-0.109808582,-0.017371281,-0.002754628,-0.001399428,-0.50834048,-0.409635165,-0.041915946,-0.009141738,-0.020529417,-0.047932521,0.212220377,-0.139644183,-0.058514761,-0.020186167,0.075713912,-0.054731804,-0.04575605,-0.990367247,-0.090557573,-0.0373484,-0.00942171,-0.098188444,-0.059616039,1.61887E-05
BR2_main,1.675757576,0.041816242,-0.003003123,0.019295285,-0.028685636,-1.380730741,-0.032434423,-0.011101177,-0.135742252,-0.017382146,0.01158904,-0.000875043,-0.466262103,-0.477769975,-0.052318904,-0.002118703,-0.023846038,-0.047561127,0.118047512,-0.119084268,-0.052656745,-0.017115497,0.041920598,-0.048874826,-0.038591274,-0.758298001,-0.078269556,-0.037216427,-0.008706362,-0.106664888,-0.070203288,1.62562E-05
BR2_main,1.795454545,0.041744522,-0.002916428,0.025336256,-0.02649348,-1.129451626,-0.031698627,-0.007297212,-0.131513578,-0.016758866,0.02118278,-0.00053835,-0.439900331,-0.453956183,-0.070216897,-0.00075663,-0.024278032,-0.051064179,0.066536655,-0.083224899,-0.048712777,-0.016243267,0.019516241,-0.039782611,-0.038043,-0.544675715,-0.06864327,-0.037950348,-0.008163097,-0.113122802,-0.079190882,1.6829E-05
BR2_main,1.915151515,0.041637063,-0.002294525,0.026875325,-0.024975655,-0.699628765,-0.032024824,-0.005377264,-0.094617377,-0.016385576,0.029543784,-0.000283118,-0.426725525,-0.341938122,-0.07830191,0.002566035,-0.024216553,-0.044484566,0.03741971,-0.067405095,-0.045103084,-0.014319729,0.006417445,-0.029873753,-0.035157166,-0.384211725,-0.061193218,-0.035825905,-0.008137464,-0.114176558,-0.074541959,1.51396E-05
BR2_main,2.034848485,0.041471109,-0.00217435,0.029092629,-0.023573583,-0.423475511,-0.032739653,-0.00416614,-0.071518758,-0.016707222,0.035577797,-1.88636E-05,-0.4120219,-0.241732738,-0.084894039,0.000383177,-0.017772029,-0.042474403,0.019291053,-0.060974633,-0.044305564,-0.012984961,-0.005647908,-0.024609248,-0.030600969,-0.295760634,-0.055859564,-0.03320808,-0.00804893,-0.099077115,-0.075196569,1.35474E-05
BR2_main,2.154545455,0.041223783,-0.002003296,0.022918256,-0.022096753,-0.245458345,-0.033547852,-0.002835849,-0.059003096,-0.016250465,0.040065455,8.35655E-05,-0.382861235,-0.202805423,-0.074665088,-0.014000274,-0.015665248,-0.041183255,0.009489436,-0.054206721,-0.042131706,-0.013202508,-0.013144482,-0.019725343,-0.025589136,-0.295200174,-0.050182408,-0.030256847,-0.00750007,-0.068546657,-0.064934991,1.26253E-05
BR2_main,2.274242424,0.040885551,-0.001787741,0.019221486,-0.020441058,-0.155336541,-0.034028694,-0.001822568,-0.067932506,-0.014008821,0.043248572,0.000196875,-0.356135097,-0.184783851,-0.067040171,-0.000722039,-0.01232174,-0.038225227,0.004152447,-0.053271751,-0.03956487,-0.012967993,-0.012592138,-0.018275529,-0.024258815,-0.327528678,-0.051090351,-0.026982586,-0.007051201,-0.058720789,-0.062275915,1.19197E-05
BR2_main,2.393939394,0.040430178,-0.001639879,0.012620522,-0.019406518,-0.194990193,-0.035988277,-0.001159773,-0.105378085,-0.013404323,0.044674258,0.000204647,-0.332448108,-0.134343329,-0.056701972,-0.014862235,-0.012025483,-0.034404618,0.001093786,-0.050542918,-0.036253893,-0.012100692,-0.016801311,-0.016476555,-0.023590174,-0.278239139,-0.052644318,-0.023469131,-0.006228535,-0.047693193,-0.054898454,1.21786E-05
BR2_main,2.513636364,0.039789671,-0.001467105,0.003046977,-0.0189751,-0.238897022,-0.034589885,-0.000670488,-0.150919146,-0.014507425,0.043597628,0.000225862,-0.308414094,-0.08468572,-0.043731791,-0.014174236,-0.012913224,-0.028691112,-0.001586683,-0.047365127,-0.031001331,-0.011103428,-0.032054767,-0.014570789,-0.023543819,-0.2363872,-0.052431344,-0.022812247,-0.005384178,-0.061811799,-0.049345241,1.23405E-05
BR2_main,2.633333333,0.038951164,-0.001287236,-0.006366946,-0.018246915,-0.182289039,-0.030008277,-0.000255657,-0.15317954,-0.01297141,0.042789595,0.000232196,-0.284134395,-0.045956027,-0.041266513,-0.019622201,-0.010852172,-0.022122236,-0.010462053,-0.041473348,-0.028119625,-0.010474793,-0.044228866,-0.014302898,-0.024093576,-0.219140525,-0.050798422,-0.024105231,-0.004680488,-0.060092017,-0.038298913,1.20398E-05
BR2_main,2.753030303,0.03787435,-0.001135004,-0.013483627,-0.018167557,-0.163568015,-0.027806213,0.000107741,-0.145210362,-0.012341441,0.041363178,0.000242863,-0.259665145,-0.024728599,-0.043622706,-0.011605099,-0.010107852,-0.019971537,-0.016283096,-0.039801955,-0.025811443,-0.010630532,-0.053870366,-0.013156498,-0.02532851,-0.204674644,-0.048487757,-0.024855982,-0.004328541,-0.046317984,-0.030111472,1.29929E-05
BR2_main,2.872727273,0.036674021,-0.000997888,-0.017566885,-0.017666901,-0.112099407,-0.028921078,0.000347336,-0.159213476,-0.011492841,0.039340286,0.000257762,-0.237197486,-0.012148471,-0.045761815,-0.006932546,-0.009040335,-0.018480098,-0.028247388,-0.036519782,-0.024873436,-0.010952608,-0.050683927,-0.01299066,-0.025116177,-0.148866238,-0.04537451,-0.025704252,-0.004068451,-0.031786187,-0.023045996,1.42321E-05
BR2_main,2.992424242,0.034669871,-0.000863373,-0.019954722,-0.017535222,-0.081808844,-0.029332843,0.000554179,-0.135853139,-0.010390091,0.037031538,0.000275324,-0.218756758,-0.005759597,-0.045475817,0.00086192,-0.007452565,-0.019979306,-0.034295519,-0.034303204,-0.025003765,-0.010830257,-0.04429825,-0.012530932,-0.022986654,-0.107797579,-0.04225103,-0.025236714,-0.00391063,-0.018654722,-0.023667181,1.58715E-05
BR2_main,3.112121212,0.032244849,-0.000999372,-0.022444306,-0.016694433,-0.057114587,-0.026442766,0.000795841,-0.10238476,-0.009398469,0.034737071,0.000315349,-0.202884547,-0.003074856,-0.038301808,0.004989408,-0.00633824,-0.020813185,-0.044259559,-0.03672762,-0.024132516,-0.010701023,-0.039960444,-0.012115211,-0.023331974,-0.090871839,-0.038837749,-0.024213126,-0.003824474,-0.016864342,-0.025457363,1.7964E-05
BR2_main,3.231818182,0.02911881,-0.001252092,-0.028677316,-0.016485622,-0.042254315,-0.022026795,0.000912698,-0.077415999,-0.008825796,0.032340374,0.00030014,-0.191056531,-0.001701163,-0.031224044,0.006544239,-0.006093934,-0.02170924,-0.056875231,-0.038304574,-0.023121723,-0.010505421,-0.03405402,-0.011587061,-0.023509797,-0.078783891,-0.035031752,-0.022385301,-0.003770245,-0.01600727,-0.026579953,1.82978E-05
BR2_main,3.351515152,0.02603057,-0.001561917,-0.029228878,-0.015764711,-0.035145464,-0.020027285,0.000945004,-0.049688106,-0.008543683,0.030171217,0.00029013,-0.187368321,-0.001132416,-0.025885617,0.009172417,-0.005893198,-0.019395659,-0.065491204,-0.038172428,-0.022010107,-0.009498445,-0.028371276,-0.011064207,-0.021959581,-0.072248594,-0.031429385,-0.022211552,-0.003743389,-0.014496031,-0.026033094,1.75105E-05
BR2_main,3.471212121,0.023682347,-0.001684216,-0.028657897,-0.015312096,-0.034065407,-0.017025245,0.001027921,-0.040564574,-0.008645773,0.028087512,0.000279262,-0.183698946,-0.000850875,-0.02245395,0.008379707,-0.005765547,-0.019049736,-0.070326003,-0.03539046,-0.020868682,-0.008192694,-0.020806188,-0.010286454,-0.020410949,-0.066527183,-0.028444813,-0.021561643,-0.003850022,-0.013106429,-0.025899229,1.67941E-05
BR2_main,3.590909091,0.021278013,-0.001989061,-0.035184864,-0.014814323,-0.034588024,-0.014891051,0.00101554,-0.037063736,-0.008839483,0.026382833,0.000272547,-0.182529069,-0.0005688,-0.02184599,0.008799621,-0.005702575,-0.01872001,-0.089138634,-0.030233319,-0.020330373,-0.007587429,-0.016259818,-0.010089385,-0.019675445,-0.06145689,-0.025780655,-0.020497452,-0.003924263,-0.010665778,-0.024832726,1.64225E-05
BR2_main,3.710606061,0.019632638,-0.001892039,-0.038651457,-0.014442726,-0.035017581,-0.013586282,0.001011802,-0.03634781,-0.009724516,0.024810335,0.000267409,-0.185770654,-0.000398506,-0.022146852,0.008168806,-0.005629789,-0.018649632,-0.099187928,-0.024982204,-0.020693431,-0.007065902,-0.014954619,-0.009831134,-0.019552537,-0.058693125,-0.022988424,-0.019484076,-0.00398617,-0.010432531,-0.026310301,1.63711E-05
BR2_main,3.83030303,0.018431524,-0.001524949,-0.038820792,-0.013979082,-0.035176813,-0.012799684,0.00099828,-0.035300418,-0.010797027,0.023032602,0.00026339,-0.19060961,-0.0002653,-0.022198651,0.00731365,-0.005531444,-0.018689195,-0.100770103,-0.022453017,-0.020221091,-0.006621831,-0.017662283,-0.009663141,-0.020933823,-0.05476275,-0.021637794,-0.018504895,-0.004036079,-0.011075123,-0.0305475,1.66291E-05
BR2_main,3.95,0.017647456,-0.001286946,-0.036983395,-0.013298119,-0.03507662,-0.012328821,0.000966976,-0.033749007,-0.010943209,0.021524697,0.000249577,-0.195859393,-0.000141691,-0.022371914,0.006955828,-0.005548875,-0.018490257,-0.092696399,-0.02031164,-0.020297841,-0.006355528,-0.021147079,-0.009926373,-0.022398593,-0.049787862,-0.021073205,-0.015221717,-0.004016382,-0.01125793,-0.030906802,1.69559E-05
BR2_main,4.06969697,0.017066588,-0.000983232,-0.034292452,-0.012492407,-0.034946544,-0.012743618,0.000961225,-0.030929226,-0.011325335,0.020139185,0.000223574,-0.196890615,-9.90182E-05,-0.023997552,0.005823095,-0.005498973,-0.017744898,-0.073870617,-0.020247938,-0.020132066,-0.006349515,-0.02264772,-0.010069964,-0.022986092,-0.047369866,-0.021749798,-0.014872645,-0.004049643,-0.010934517,-0.029500498,1.74269E-05
BR2_main,4.189393939,0.016576202,-0.000668465,-0.032457253,-0.012031393,-0.035528396,-0.012689384,0.000950676,-0.029190168,-0.011599223,0.018674836,0.000207023,-0.195484548,-0.000116229,-0.023186327,0.005477352,-0.005438522,-0.018629816,-0.0574381,-0.020440087,-0.020050906,-0.006323963,-0.019920047,-0.010585448,-0.022496079,-0.04529526,-0.02157396,-0.013500522,-0.00405775,-0.010314556,-0.026178041,1.71343E-05
BR2_main,4.309090909,0.016032738,-0.000491382,-0.030472623,-0.011433546,-0.036350314,-0.01163695,0.000763802,-0.026607683,-0.01109626,0.0172413,0.000189483,-0.204867206,-0.00015106,-0.023448424,0.004681862,-0.005312614,-0.016614461,-0.042957362,-0.020317826,-0.019680562,-0.00631349,-0.013048331,-0.010642714,-0.02293803,-0.044464825,-0.022165617,-0.01306527,-0.00404858,-0.010047382,-0.023740839,1.54219E-05
BR2_main,4.428787879,0.015660271,-0.000418186,-0.026380885,-0.010941448,-0.036919653,-0.011796753,0.000464362,-0.026099826,-0.011312372,0.015868178,0.000178023,-0.215516709,-0.00021955,-0.022896256,0.003782803,-0.005153143,-0.015435881,-0.031839158,-0.020755741,-0.019619662,-0.006312969,-0.0074906,-0.010387185,-0.021470696,-0.043362516,-0.023232711,-0.013303595,-0.004197222,-0.010511013,-0.022345118,1.33344E-05
BR2_main,4.548484848,0.015067297,-0.000370848,-0.021821485,-0.010817023,-0.037634605,-0.012018054,0.000329779,-0.022478305,-0.012100378,0.014584824,0.000172724,-0.219818247,-0.00023271,-0.023032069,0.002554131,-0.005048111,-0.014984772,-0.023991541,-0.020922885,-0.01856918,-0.006331228,-0.003547681,-0.010312378,-0.022496236,-0.041985106,-0.024009458,-0.012607968,-0.004318807,-0.011379376,-0.022682297,1.17394E-05
BR2_main,4.668181818,0.014596256,-0.00037681,-0.018892577,-0.010548229,-0.03824524,-0.012148747,0.00019837,-0.020236198,-0.012370194,0.013281702,0.000171952,-0.219569308,-0.000200929,-0.023524299,0.001764168,-0.005008445,-0.014880479,-0.017761164,-0.021417331,-0.018553606,-0.006273071,-0.00106424,-0.010230864,-0.0246014,-0.040521194,-0.023882868,-0.012819749,-0.004380108,-0.011546148,-0.022604222,1.08186E-05
BR2_main,4.787878788,0.014240406,-0.000372031,-0.017768995,-0.010523395,-0.038755688,-0.011800743,4.7278E-05,-0.018309209,-0.011623906,0.01212533,0.00016845,-0.222764372,-0.00013743,-0.024180681,0.001033845,-0.004893858,-0.015227792,-0.012760856,-0.021790776,-0.018404095,-0.006245312,0.000739936,-0.010017156,-0.023336755,-0.039502357,-0.022932343,-0.012926862,-0.004399055,-0.011831411,-0.021638172,1.03983E-05
BR2_main,4.907575758,0.013968187,-0.000355164,-0.015731739,-0.010570944,-0.039305893,-0.011835389,-0.000242937,-0.018232838,-0.010658945,0.011113752,0.000179374,-0.227975924,-5.10638E-05,-0.024592493,-2.69902E-05,-0.004705589,-0.015052772,-0.00963974,-0.022090774,-0.017591842,-0.006184458,0.001772799,-0.010080609,-0.021095273,-0.038595419,-0.021564972,-0.012997282,-0.004350916,-0.011547032,-0.021595359,1.0835E-05
BR2_main,5.027272727,0.013765582,-0.000328821,-0.013940273,-0.010712326,-0.039531912,-0.01218645,-0.000425184,-0.017618221,-0.00998871,0.01015665,0.000195576,-0.227816172,2.83272E-05,-0.025223395,-0.000447765,-0.004568913,-0.016105515,-0.007376142,-0.022151917,-0.016953563,-0.006085827,0.002519612,-0.009934776,-0.019834845,-0.037697957,-0.019782972,-0.013031579,-0.004275481,-0.011470487,-0.022367375,1.11674E-05
BR2_main,5.146969697,0.013600689,-0.000314506,-0.014013989,-0.010766509,-0.039743069,-0.012547717,-8.16063E-05,-0.016124737,-0.009688315,0.009358802,0.000204556,-0.225797569,7.53621E-05,-0.025992077,-0.000481299,-0.004431699,-0.016933561,-0.005697416,-0.022122339,-0.016685933,-0.005937809,0.003434259,-0.009580546,-0.019555529,-0.036723528,-0.018786397,-0.012984608,-0.004081308,-0.011049226,-0.02135531,1.18136E-05
BR2_main,5.266666667,0.013385253,-0.000298918,-0.011762786,-0.010623521,-0.040006203,-0.012801422,-0.000242093,-0.015014614,-0.009355701,0.008846775,0.000215072,-0.233427899,0.000110608,-0.026716399,-0.000497077,-0.004440886,-0.017489872,-0.004300375,-0.022019442,-0.016771468,-0.005785132,0.004061716,-0.009265903,-0.022353485,-0.035906216,-0.017939351,-0.012948283,-0.00408097,-0.010786619,-0.019985165,1.33607E-05
BR2_main,5.386363636,0.013127989,-0.00028079,-0.011492427,-0.010626181,-0.04018904,-0.013534023,-0.000127863,-0.0140354,-0.008761254,0.008034802,0.000218638,-0.244753362,0.000131904,-0.027214073,-0.001892594,-0.004478006,-0.01612524,-0.002948148,-0.021913008,-0.016386273,-0.005711484,0.004593304,-0.009032291,-0.023045311,-0.034547949,-0.016359395,-0.013213275,-0.004091119,-0.010729972,-0.019835171,1.53435E-05
BR2_main,5.506060606,0.012862038,-0.000263947,-0.009813403,-0.010588108,-0.039971853,-0.014299667,-0.000139275,-0.013634015,-0.008308698,0.007572327,0.000225107,-0.241284999,0.000154523,-0.027049515,-0.001757976,-0.004505248,-0.016332808,-0.002223532,-0.021509604,-0.016169063,-0.005601865,0.005178429,-0.008841774,-0.021113734,-0.033333766,-0.014712364,-0.01308329,-0.004047782,-0.010489278,-0.019252422,1.6539E-05
BR2_main,5.625757576,0.012562786,-0.000253691,-0.007941547,-0.010508974,-0.039456841,-0.014841286,-0.00011879,-0.012228714,-0.008158402,0.00722445,0.000229637,-0.249773628,0.000168601,-0.026580993,-0.0016772,-0.004607007,-0.017082636,-0.001569212,-0.020987849,-0.01585242,-0.00541339,0.005615746,-0.009414148,-0.018877074,-0.032176607,-0.013274492,-0.01352992,-0.003919743,-0.010762691,-0.018784687,1.67999E-05
BR2_main,5.745454545,0.01221745,-0.000258024,-0.006175737,-0.010176631,-0.038698605,-0.015716826,-1.36738E-05,-0.012519418,-0.007855756,0.006976938,0.00023144,-0.250719429,0.000181781,-0.025882331,-0.001270919,-0.0045887,-0.016904087,-0.001361399,-0.019869598,-0.016251452,-0.005181282,0.005847233,-0.009584624,-0.018431934,-0.030855869,-0.012036484,-0.013384211,-0.003797463,-0.010706166,-0.020086429,1.78551E-05
BR2_main,5.865151515,0.011766267,-0.000240405,-0.003954591,-0.010148832,-0.037539805,-0.016496741,0.000100126,-0.012360694,-0.007640093,0.006900894,0.000237617,-0.246777258,0.000201807,-0.025151215,-0.001624314,-0.004529745,-0.015415745,-0.001256115,-0.018957355,-0.017404463,-0.004927804,0.006375875,-0.009941773,-0.018420693,-0.029354142,-0.010651795,-0.013008779,-0.003642552,-0.010252243,-0.019877093,1.97332E-05
BR2_main,5.984848485,0.011211854,-0.000232085,-0.002666004,-0.010069566,-0.036125105,-0.017185858,0.000181592,-0.012466292,-0.007307963,0.007041727,0.000236144,-0.228115473,0.000229352,-0.024393641,-0.001598869,-0.004712319,-0.014075056,-0.00130567,-0.017847942,-0.017261236,-0.0046541,0.006784993,-0.009681125,-0.015554577,-0.02755146,-0.009415389,-0.012359089,-0.003465288,-0.00954773,-0.019643557,2.11917E-05
BR2_main,6.104545455,0.010620607,-0.000217019,-0.001914158,-0.009452648,-0.034507235,-0.017418849,0.000260652,-0.012481676,-0.007033337,0.007227155,0.000231964,-0.224450882,0.00026073,-0.023310651,-0.001327367,-0.004415454,-0.012677872,-0.001468101,-0.016638806,-0.016629191,-0.004347778,0.006629593,-0.009117056,-0.013871709,-0.025547534,-0.008606279,-0.011715088,-0.003275289,-0.008942415,-0.019053801,2.42147E-05
BR2_main,6.224242424,0.009916096,-0.000234308,-0.00137492,-0.009235364,-0.032598187,-0.017372675,0.000304664,-0.012958704,-0.006682681,0.007454574,0.000228105,-0.216681083,0.000293634,-0.021497414,-0.00105895,-0.004173943,-0.011768112,-0.001508021,-0.015526132,-0.01682487,-0.004014139,0.006909843,-0.008004315,-0.011768992,-0.023504651,-0.007705104,-0.01066365,-0.003342062,-0.009127399,-0.01584211,2.36707E-05
BR2_main,6.343939394,0.009172527,-0.000247794,-0.000738592,-0.00864464,-0.030797188,-0.016479003,0.000359996,-0.012474644,-0.006432051,0.007196345,0.000224344,-0.214378,0.000326054,-0.019921065,-0.000840734,-0.0036483,-0.012602196,-0.001869517,-0.014268532,-0.014744101,-0.003672731,0.007440423,-0.007644631,-0.009861973,-0.021417213,-0.007897869,-0.009688991,-0.003448364,-0.008384089,-0.015202995,2.14693E-05
BR2_main,6.463636364,0.008331614,-0.00035741,-0.000255063,-0.007350838,-0.029011364,-0.015604337,0.000483545,-0.012226018,-0.006223266,0.006781499,0.000221239,-0.215994136,0.000363359,-0.01892128,-0.000521738,-0.003258137,-0.013069682,-0.003089219,-0.013058563,-0.013231908,-0.003370825,0.007702856,-0.007270718,-0.007972745,-0.019356152,-0.007955911,-0.008802105,-0.003180819,-0.008057833,-0.013237124,1.90215E-05
BR2_main,6.583333333,0.007479359,-0.000459625,-0.000838771,-0.006529257,-0.027351268,-0.015521288,0.000563892,-0.011739699,-0.005628159,0.006360354,0.000212769,-0.211497754,0.000404487,-0.017341404,-0.000369487,-0.002958621,-0.011653675,-0.003654355,-0.011816977,-0.012907371,-0.003059195,0.00802976,-0.007004683,-0.006098132,-0.017521997,-0.007601354,-0.00797224,-0.002805247,-0.008380178,-0.011502374,1.69041E-05
BR2_main,6.703030303,0.006517089,-0.000528525,-0.001306329,-0.005800447,-0.02577183,-0.014001282,0.00067787,-0.011182076,-0.005165942,0.00567903,0.00019682,-0.209392331,0.000438922,-0.01579117,-0.000142237,-0.002464537,-0.009629414,-0.004556521,-0.010686316,-0.011096245,-0.002817214,0.008411013,-0.006065452,-0.005369484,-0.01607328,-0.007668772,-0.007059861,-0.002386906,-0.007712163,-0.010310757,1.46271E-05
BR2_main,6.822727273,0.005319851,-0.000562621,-0.001171964,-0.004904359,-0.024163368,-0.011507315,0.000790475,-0.011243761,-0.00483612,0.004735311,0.000185028,-0.198887195,0.000476005,-0.014443942,8.1797E-05,-0.002108041,-0.008362551,-0.005767953,-0.009718305,-0.009085223,-0.002586516,0.008680871,-0.005216409,-0.005092039,-0.014985171,-0.006890487,-0.006278329,-0.002176975,-0.006944645,-0.008842043,1.36034E-05
BR2_main,6.942424242,0.003811629,-0.000511951,-0.00123206,-0.004204414,-0.02275957,-0.009416395,0.00083782,-0.011805055,-0.004695089,0.003958166,0.000175405,-0.181208553,0.000512564,-0.013135267,0.000251065,-0.001737962,-0.008425774,-0.007517667,-0.008768082,-0.007366978,-0.00236607,0.00912894,-0.004778029,-0.004604681,-0.013959641,-0.006112725,-0.00547929,-0.002063551,-0.006112577,-0.007879946,1.20333E-05
BR2_main,7.062121212,0.002243075,-0.000310998,-0.000951337,-0.00360082,-0.021334066,-0.008047205,0.000780213,-0.011795795,-0.004485022,0.003401655,0.000171118,-0.168685438,0.000553917,-0.011703247,0.000461148,-0.001511528,-0.007114377,-0.010521664,-0.00785052,-0.005800254,-0.002158037,0.009448679,-0.004609028,-0.003939605,-0.013107018,-0.005452008,-0.004894066,-0.001816179,-0.004869534,-0.006813272,9.82373E-06
BR2_main,7.181818182,0.000816672,-0.000346337,-0.000840329,-0.003133002,-0.020228831,-0.006244928,0.000728869,-0.011543097,-0.004289625,0.003155925,0.000170492,-0.149663538,0.000599554,-0.010216296,0.000548586,-0.001309305,-0.005476788,-0.014675113,-0.007109544,-0.004637483,-0.001958844,0.009736736,-0.003945347,-0.003202758,-0.012257742,-0.005038659,-0.004409046,-0.0015099,-0.003662418,-0.00586872,8.69006E-06
BR2_main,7.301515152,0.0000005,-0.000166127,-0.00080286,-0.002773297,-0.019222625,-0.005366169,0.000714607,-0.012207361,-0.004048755,0.002908002,0.000174872,-0.136895369,0.000649885,-0.008826097,0.000630707,-0.001149256,-0.005198859,-0.016666266,-0.006353046,-0.003785344,-0.001770734,0.009922612,-0.003226492,-0.002873575,-0.011454007,-0.004476156,-0.003802748,-0.001318771,-0.002828204,-0.005207556,7.4577E-06
BR2_main,7.421212121,0.0000005,3.88125E-05,-0.000974276,-0.002459647,-0.018340081,-0.005253497,0.000669414,-0.01280288,-0.00397509,0.002680587,0.000184036,-0.132921992,0.000705335,-0.007613679,0.00075685,-0.001027819,-0.005405572,-0.016393984,-0.005688985,-0.003215312,-0.001595844,0.010473945,-0.002635608,-0.002602176,-0.010741189,-0.00423644,-0.003249549,-0.00116313,-0.002522043,-0.004903766,6.59734E-06
BR2_main,7.540909091,0.0000005,0.000189989,-0.000992642,-0.002130767,-0.017774158,-0.005068092,0.000609969,-0.014265895,-0.003954633,0.002448072,0.000193794,-0.129019811,0.000766335,-0.00655208,0.000955754,-0.000932454,-0.004913879,-0.014803311,-0.005114983,-0.002736761,-0.001425839,0.010885513,-0.002208136,-0.002473287,-0.009984829,-0.003917718,-0.002892177,-0.001114775,-0.002211575,-0.004417634,5.6807E-06
BR2_main,7.660606061,0.0000005,0.00028444,-0.001152538,-0.001884774,-0.017236022,-0.004575738,0.000557037,-0.014415367,-0.00403785,0.002273128,0.000201765,-0.125980738,0.000833316,-0.005741196,0.001127019,-0.000831363,-0.003842751,-0.014216508,-0.004595532,-0.002311723,-0.001255667,0.011352854,-0.00175275,-0.002323036,-0.009261016,-0.003523204,-0.002565752,-0.001068936,-0.001995793,-0.004071337,4.55201E-06
BR2_main,7.78030303,0.0000005,0.000398593,-0.001263573,-0.001743121,-0.016877397,-0.004518021,0.000450877,-0.013944849,-0.004273892,0.002086778,0.000208023,-0.121796885,0.000904739,-0.004744849,0.001255602,-0.000740098,-0.00303765,-0.009514879,-0.004078652,-0.00199554,-0.00110286,0.01186263,-0.001393666,-0.00229749,-0.008661977,-0.003281301,-0.00228657,-0.001047084,-0.001784932,-0.003778325,3.90627E-06
BR2_main,7.9,0.0000005,0.000551847,-0.001373601,-0.001569059,-0.016641104,-0.003682922,0.000350455,-0.013102448,-0.004393402,0.001963912,0.000216407,-0.12134637,0.000978537,-0.003883201,0.001392294,-0.000656825,-0.002731663,-0.004905747,-0.003615265,-0.001720125,-0.000972631,0.012389319,-0.001167703,-0.002071211,-0.008153969,-0.003100031,-0.002057194,-0.000957903,-0.001565859,-0.003453837,3.39969E-06
BR2_main,8.01969697,0.0000005,0.000758735,-0.001425737,-0.00140056,-0.016730911,-0.002863877,0.00030196,-0.011406687,-0.004472297,0.001712735,0.000229016,-0.120155936,0.001053094,-0.00293207,0.00151166,-0.000568632,-0.002335077,-0.002590817,-0.003275696,-0.001566192,-0.000861328,0.012909933,-0.00105388,-0.00190311,-0.007896819,-0.002980571,-0.001893709,-0.00088295,-0.00138177,-0.00326636,3.14387E-06
BR2_main,8.139393939,0.0000005,0.001045054,-0.001431889,-0.00123436,-0.017058722,-0.002263753,0.000237551,-0.011543278,-0.004422128,0.001498514,0.000241608,-0.120114839,0.00113104,-0.002275315,0.001594778,-0.000510157,-0.001898538,-0.001124089,-0.002914272,-0.001488055,-0.000798958,0.013104349,-0.000938117,-0.001792356,-0.007812511,-0.002989792,-0.001801566,-0.000782687,-0.001158894,-0.002991229,3.41199E-06
BR2_main,8.259090909,0.0000005,0.001411312,-0.001286633,-0.001120809,-0.017443663,-0.001741858,0.000106716,-0.012548716,-0.004424439,0.001343933,0.000255991,-0.116604792,0.001214778,-0.001958635,0.00165012,-0.000501937,-0.001683724,0.000209154,-0.002673199,-0.001528705,-0.000745951,0.01316987,-0.000868423,-0.001582621,-0.008584771,-0.003009498,-0.001800983,-0.000743678,-0.001154506,-0.002831863,3.24543E-06
BR2_main,8.378787879,0.0000005,0.001817114,-0.001083116,-0.001057418,-0.01778471,-0.001639613,4.07057E-05,-0.013493099,-0.00440369,0.001187684,0.000273264,-0.11381226,0.001304399,-0.001815833,0.001717451,-0.000499229,-0.001502588,0.001092559,-0.002547757,-0.001594115,-0.00070392,0.013133194,-0.000839583,-0.001427285,-0.00992341,-0.003065627,-0.001861677,-0.000720616,-0.001102425,-0.002700962,3.46003E-06
BR2_main,8.498484848,0.0000005,0.002251933,-0.000890918,-0.001073367,-0.018275084,-0.001461358,-2.83014E-05,-0.013133385,-0.004327431,0.001065461,0.000278477,-0.115083069,0.001384474,-0.00158593,0.001813565,-0.000551974,-0.001455603,0.00183493,-0.002459922,-0.001628375,-0.000669643,0.012894625,-0.000880776,-0.001421831,-0.010879957,-0.003168874,-0.002025611,-0.000646283,-0.001148048,-0.002459353,3.87277E-06
BR2_main,8.618181818,0.0000005,0.002760761,-0.000633257,-0.001076022,-0.019321738,-0.00110293,-0.0001443,-0.012091032,-0.004422871,0.000928338,0.00028847,-0.114867112,0.00147061,-0.001585766,0.001936874,-0.000630659,-0.001487988,0.002338118,-0.002407967,-0.001599557,-0.000647067,0.012529271,-0.000942398,-0.001415693,-0.010843843,-0.003462956,-0.002226433,-0.000572588,-0.001154704,-0.002364849,4.39647E-06
BR2_main,8.737878788,0.0000005,0.003320068,-0.000249113,-0.001059966,-0.019828978,-0.000971907,-0.00045569,-0.011754086,-0.004493625,0.000810808,0.000319363,-0.114746395,0.001567344,-0.001177759,0.002078567,-0.000622676,-0.001407481,0.003103875,-0.00229797,-0.001616034,-0.000627955,0.012052875,-0.000982364,-0.00144571,-0.010159052,-0.003851335,-0.002208556,-0.000572512,-0.001098783,-0.002314039,4.82636E-06
BR2_main,8.857575758,0.0000005,0.003896391,0.000313925,-0.001020185,-0.019273103,-0.000789952,-0.000337757,-0.011184525,-0.004525767,0.000670057,0.000341069,-0.115719952,0.001665434,0.000357643,0.002205637,-0.00055649,-0.001410917,0.004126513,-0.00218449,-0.001514626,-0.000611749,0.011489538,-0.000927578,-0.001521518,-0.008720092,-0.00441365,-0.001999621,-0.000536013,-0.001186803,-0.002208886,5.17261E-06
BR2_main,8.977272727,0.0000005,0.004489869,0.000513487,-0.001005426,-0.018012963,-0.001137509,-0.000214276,-0.011368255,-0.004493895,0.000422545,0.000356954,-0.119323121,0.001751992,0.001476732,0.002313461,-0.000506846,-0.001402018,0.00548559,-0.002130741,-0.001418026,-0.000603917,0.010830376,-0.000901223,-0.001675836,-0.007612093,-0.00520014,-0.00176651,-0.000529457,-0.000994372,-0.002057351,5.67352E-06
BR2_main,9.096969697,0.0000005,0.005067188,0.000922331,-0.001046909,-0.016976019,-0.001419944,-0.000198726,-0.010850361,-0.004554017,0.000214454,0.000346055,-0.124069201,0.001864031,0.001754815,0.00242968,-0.000476859,-0.001365628,0.007109886,-0.002033271,-0.001562167,-0.000602424,0.010077439,-0.000871795,-0.001804649,-0.007342401,-0.005908865,-0.001644634,-0.000503138,-0.000931965,-0.002004841,6.24659E-06
BR2_main,9.216666667,0.0000005,0.005702884,0.00107754,-0.001253482,-0.016505766,-0.002298886,-0.00020498,-0.010462756,-0.004589794,6.18E-05,0.000400083,-0.125166734,0.001963947,0.0019146,0.002411731,-0.000465505,-0.001395078,0.008237713,-0.001948496,-0.001520369,-0.000639855,0.00924013,-0.000845911,-0.001962273,-0.007300978,-0.00669244,-0.001640263,-0.000487045,-0.000949115,-0.00202798,6.9056E-06
BR2_main,9.336363636,0.0000005,0.006238337,0.001496706,-0.001515921,-0.016458278,-0.003191056,-0.000237339,-0.010442211,-0.004597902,-0.00025821,0.000463353,-0.126027086,0.002071314,0.001991301,0.002446971,-0.000484615,-0.001420542,0.010406596,-0.001997484,-0.001427672,-0.00070019,0.008421224,-0.000805941,-0.002168246,-0.007364764,-0.006932023,-0.001876516,-0.000553504,-0.001039859,-0.002203869,7.28234E-06
BR2_main,9.456060606,0.0000005,0.00625531,0.001845314,-0.001734866,-0.016479641,-0.004316783,-0.000120101,-0.011940237,-0.004936404,-0.000493159,0.000542592,-0.127213318,0.002190989,0.001778773,0.002474558,-0.000518028,-0.001416645,0.012808072,-0.002119775,-0.001530164,-0.00075715,0.007615904,-0.000758361,-0.00229271,-0.007751084,-0.006380444,-0.002392673,-0.000567182,-0.001224449,-0.002591086,7.42682E-06
BR2_main,9.575757576,0.0000005,0.00572047,0.002293372,-0.001660058,-0.016413617,-0.005581509,-0.000198151,-0.013604489,-0.005146593,-0.000650812,0.000631811,-0.128627652,0.002304594,0.001472158,0.002308111,-0.000537158,-0.001332088,0.014876061,-0.002259707,-0.00164185,-0.00079856,0.006836792,-0.000684741,-0.002329474,-0.008177336,-0.005501093,-0.002993564,-0.000621489,-0.001372874,-0.002964862,7.57338E-06
BR2_main,9.695454545,0.0000005,0.005928863,0.002827563,-0.001851977,-0.016615467,-0.006033419,-0.000195596,-0.012213344,-0.005679592,-0.000435738,0.000641374,-0.13008234,0.002407804,0.001218578,0.002180519,-0.000573795,-0.001243167,0.017167347,-0.002427101,-0.001776016,-0.000849651,0.006031349,-0.000667528,-0.001940059,-0.008669106,-0.004839089,-0.003305507,-0.000659872,-0.001465242,-0.00309792,7.7203E-06
BR2_main,9.815151515,0.0000005,0.006409926,0.002474574,-0.001706379,-0.016963032,-0.004769243,-0.000288586,-0.012386672,-0.006540861,-0.000385735,0.000679027,-0.130969008,0.002519786,0.001117707,0.002136114,-0.000596966,-0.001245942,0.019894979,-0.002565225,-0.001888326,-0.000905076,0.005215975,-0.000680344,-0.001846671,-0.009182831,-0.004509187,-0.003427876,-0.000739658,-0.001533622,-0.002713836,7.86579E-06
BR2_main,9.934848485,0.0000005,0.007691719,0.002626502,-0.001584457,-0.017336693,-0.002773529,-0.000336282,-0.012787953,-0.007117186,-0.000766789,0.000748598,-0.133418614,0.002619087,0.001069998,0.002063743,-0.000609606,-0.001282138,0.023936253,-0.002700646,-0.001959775,-0.000954089,0.004446892,-0.00065442,-0.001871216,-0.009823119,-0.004355155,-0.002783284,-0.000806151,-0.001664268,-0.002643886,8.0081E-06
BR2_main,10.05454545,0.0000005,0.009761374,0.002573564,-0.001352398,-0.017824725,-0.002523186,-0.000380034,-0.014855062,-0.007114185,-0.002101439,0.000777271,-0.136085037,0.00274177,0.000885883,0.00190612,-0.000625561,-0.001319193,0.027432885,-0.002942026,-0.002123115,-0.000993736,0.003505629,-0.000638199,-0.001917401,-0.01046976,-0.004356789,-0.002752476,-0.000764503,-0.001773125,-0.002439469,7.8653E-06
BR2_main,10.17424242,0.0000005,0.010085681,0.002978862,-0.001351224,-0.018557732,-0.002269749,-0.000516409,-0.015733593,-0.006210441,-0.0032801,0.000634102,-0.139885232,0.002835461,0.000427905,0.001742908,-0.000645105,-0.001413864,0.03028289,-0.00305396,-0.002310524,-0.001038236,0.002469628,-0.000681006,-0.001802128,-0.011288403,-0.004725578,-0.002643332,-0.000747364,-0.001950502,-0.002025794,7.32317E-06
BR2_main,10.29393939,0.0000005,0.009997141,0.0031732,-0.001465839,-0.019413818,-0.001984324,-0.001214881,-0.016861025,-0.006255188,-0.005552295,0.000598747,-0.144288192,0.002915402,-4.13064E-06,0.001723683,-0.000676718,-0.001558577,0.033581487,-0.003249693,-0.002515088,-0.001093933,0.000757107,-0.000729195,-0.00170001,-0.012096399,-0.004932043,-0.002763498,-0.000695876,-0.002126003,-0.001802289,6.25134E-06
BR2_main,10.41363636,0.0000005,0.009097062,0.003158375,-0.001558908,-0.020427988,-0.001395343,-0.002056946,-0.017504478,-0.005941662,-0.010697568,0.000462142,-0.149905455,0.002973644,-0.000612466,0.001879655,-0.000702272,-0.001795096,0.035717828,-0.003437735,-0.002725881,-0.00113393,-0.001407199,-0.000763683,-0.001857944,-0.012894359,-0.004934654,-0.002878771,-0.000699988,-0.002637202,-0.001701447,4.86078E-06
BR2_main,10.53333333,0.0000005,0.005616674,0.003055831,-0.001703629,-0.021091669,-0.00143199,-0.002569182,-0.01823593,-0.005559126,-0.015079235,0.000314077,-0.156711609,0.002996965,-0.001431025,0.001939591,-0.000726135,-0.001944107,0.038743397,-0.004052721,-0.002911001,-0.001193603,-0.003166632,-0.000822337,-0.002085397,-0.013828038,-0.004790708,-0.003147503,-0.000762485,-0.003575503,-0.001742627,3.54608E-06
BR2_main,10.6530303,0.0000005,0.002384051,0.003192703,-0.001926358,-0.022370583,-0.00284414,-0.002932101,-0.017704366,-0.005311135,-0.014616783,0.000203512,-0.163220902,0.002963386,-0.002074095,0.001894212,-0.000765057,-0.002118781,0.042222105,-0.005736422,-0.00320636,-0.001248521,-0.004099012,-0.000901173,-0.002564262,-0.016007589,-0.00444357,-0.003946066,-0.000834056,-0.004933199,-0.001620204,2.33827E-06
BR2_main,10.77272727,0.0000005,0.004410534,0.004078094,-0.002091459,-0.023644692,-0.004292833,-0.002676829,-0.01827004,-0.005187076,-0.012524832,0.000196277,-0.168813673,0.002884649,-0.003233626,0.001526518,-0.000796919,-0.002140377,0.043624371,-0.008460476,-0.003587841,-0.001286771,-0.004294827,-0.000965212,-0.003034861,-0.017777832,-0.004693346,-0.005215257,-0.000982688,-0.006962885,-0.001987549,1.24527E-06
BR2_main,10.89242424,0.0000005,0.008563654,0.005452983,-0.002289167,-0.024718284,-0.005343163,-0.002103954,-0.01925978,-0.005302565,-0.011499256,0.000329084,-0.1746578,0.00279059,-0.004272782,0.000926522,-0.00088553,-0.002617232,0.051329653,-0.010569983,-0.00375571,-0.001348052,-0.003941436,-0.001027331,-0.003315769,-0.018852288,-0.005175452,-0.006280664,-0.001245249,-0.00841788,-0.002350946,7.06239E-07
BR2_main,11.01212121,0.0000005,0.013043334,0.007244529,-0.002465262,-0.024942005,-0.006405383,-0.001164542,-0.021935911,-0.005706777,-0.005534294,0.000531503,-0.177405462,0.002607505,-0.004554277,0.000546582,-0.000988154,-0.002791543,0.058744638,-0.010656968,-0.00390853,-0.001438219,-0.002802648,-0.001171581,-0.003972611,-0.017850877,-0.005954456,-0.006537842,-0.001597676,-0.009437513,-0.002808611,5.24111E-07
BR2_main,11.13181818,0.0000005,0.018668899,0.008637878,-0.002648465,-0.023969475,-0.005862908,-0.000872762,-0.027455165,-0.006727316,-0.001207039,0.000756624,-0.181492413,0.002397826,-0.004972672,0.001680197,-0.001106426,-0.003213291,0.064789081,-0.008833822,-0.004166156,-0.001508383,-0.002582852,-0.00153692,-0.004729431,-0.016301556,-0.006788421,-0.005962808,-0.001899081,-0.010146007,-0.003315177,9.62949E-07
BR2_main,11.25151515,0.0000005,0.021386621,0.009672788,-0.002993368,-0.023438423,-0.005168093,-0.000684553,-0.03077339,-0.008332232,0.000391508,0.000899809,-0.182866136,0.002169924,-0.005570421,0.002333849,-0.001256471,-0.004251809,0.064147992,-0.007110473,-0.004747804,-0.001543898,-0.00201941,-0.002117368,-0.005461518,-0.015667296,-0.006303024,-0.005831248,-0.002003964,-0.008238825,-0.004470957,1.50457E-06
BR2_main,11.37121212,0.0000005,0.018577194,0.011031605,-0.003246384,-0.023930458,-0.003652089,-0.000924816,-0.026251998,-0.008087609,0.00156654,0.001143088,-0.189119722,0.001932032,-0.005381618,0.001770886,-0.001506648,-0.005906707,0.070165506,-0.007915211,-0.005741572,-0.001576012,-0.002624228,-0.002939308,-0.006636101,-0.018670528,-0.005459475,-0.006088608,-0.001892985,-0.005027023,-0.006209671,2.71024E-06
BR2_main,11.49090909,0.0000005,0.012643772,0.010655804,-0.003939187,-0.024677587,-0.002377783,-0.000978827,-0.025932526,-0.007651605,0.000366557,0.001092635,-0.206890283,0.001576128,-0.005602989,0.002056285,-0.001895526,-0.00890347,0.072274959,-0.00889881,-0.007610979,-0.001608829,-0.004916837,-0.004442224,-0.009635873,-0.021492517,-0.00644833,-0.005825332,-0.001834868,-0.004625547,-0.009808534,2.726E-06
BR2_main,11.61060606,0.0000005,0.003829825,0.007472041,-0.004509774,-0.025890859,-0.003235116,-0.001721897,-0.031304905,-0.008482059,-0.007340116,0.000972512,-0.237652591,0.00101114,-0.008179926,0.001753307,-0.002218499,-0.011839895,0.066479869,-0.011021652,-0.009629678,-0.001662192,-0.008920936,-0.00651389,-0.013208013,-0.024350335,-0.007934439,-0.006716495,-0.001925536,-0.005513074,-0.014460938,2.18097E-06
BR2_main,11.73030303,0.0000005,-0.002219111,0.004152759,-0.005314662,-0.026468019,-0.005204927,-0.002530115,-0.047194331,-0.010608299,-0.022890268,0.000629009,-0.267298949,0.000430602,-0.01730417,0.000213936,-0.002464724,-0.014360623,0.056848826,-0.011875476,-0.011973161,-0.00170593,-0.014052636,-0.009142923,-0.017548393,-0.031384422,-0.009378508,-0.007825988,-0.002145935,-0.00621527,-0.020972597,1.71053E-06
BR2_main,11.85,0.0000005,-0.007371909,0.000927278,-0.00622192,-0.026899154,-0.0107843,-0.003809367,-0.0664289,-0.011550025,-0.033229386,0.00035064,-0.277876815,0.000101542,-0.03427758,-0.001229964,-0.002597093,-0.01593267,0.037161741,-0.012469185,-0.013625228,-0.001737475,-0.016644589,-0.010354208,-0.019804901,-0.034614273,-0.010090477,-0.008804239,-0.002280068,-0.006525098,-0.024269694,1.3192E-06
BR3_main,0,0.01942374,-0.229516371,-0.051724344,-0.054217348,-1.517507319,-0.198602749,-0.168258187,-5.484600566,-0.113786482,-1.241555538,-0.031119259,-4.092471738,-1.585427737,-0.749363816,-0.470122422,-0.031799861,-0.360711942,0.723539946,-0.177058396,-0.094394858,-0.083783986,0.077003481,-0.317803787,-0.345280268,-8.686731016,-1.2190271,-1.111725564,-0.071274223,-0.308493705,-0.199656559,1.37619E-05
BR3_main,0.11959596,0.025811103,-0.218327959,0.003318898,-0.053223474,-1.184857476,-0.153819716,-0.129299237,-3.955979292,-0.102778021,-0.83610876,-0.027371754,-3.662219665,-1.304160901,-0.569818787,-0.397073036,-0.040412555,-0.324563507,0.926639914,-0.164647113,-0.076340922,-0.072484572,0.179962894,-0.340315509,-0.306466546,-5.589460175,-0.987304082,-0.792997956,-0.054415765,-0.270230474,-0.14635291,2.32378E-05
BR3_main,0.239191919,0.0311614,-0.184897446,0.073068573,-0.051128556,-0.740789264,-0.107807759,-0.091047143,-1.811078983,-0.087552745,-0.293071794,-0.016149941,-2.973637347,-0.916043315,-0.318100811,-0.347482336,-0.044945866,-0.27462981,0.930054318,-0.150445744,-0.06731247,-0.060719312,0.274560798,-0.26955715,-0.238896193,-2.211442626,-0.671702252,-0.568071387,-0.041000611,-0.193962849,-0.116109954,4.38539E-05
BR3_main,0.358787879,0.035211854,-0.05336944,0.12801405,-0.049818091,-0.404762484,-0.059129826,-0.049326021,-0.581528677,-0.066830944,-0.040535363,-0.018543933,-2.284481369,-0.71777315,-0.107357901,-0.55290967,-0.045891364,-0.215143454,0.713110817,-0.135588948,-0.056620522,-0.050494039,0.360891873,-0.212888388,-0.185287747,-1.209556806,-0.50115987,-0.416912398,-0.033225291,-0.132250244,-0.093120255,4.57463E-05
BR3_main,0.478383838,0.037923738,-0.022297756,0.157728171,-0.047735385,-0.264742685,-0.035941724,-0.033090327,-0.519823819,-0.049238415,0.032780506,-0.037429855,-2.300128838,-0.833815718,-0.05992836,-0.586446885,-0.043868385,-0.166613652,0.180935993,-0.120964829,-0.050264572,-0.041122648,0.367651723,-0.156627133,-0.140024072,-2.607706889,-0.522328758,-0.305136593,-0.026638207,-0.089482406,-0.078599138,4.10929E-05
BR3_main,0.597979798,0.039671554,-0.043185422,0.171498622,-0.045525082,-0.432024268,-0.021102784,-0.028305594,-0.770173623,-0.039020134,0.058609224,-0.047726752,-2.308648139,-0.95531886,-0.067725835,-0.393431754,-0.039962434,-0.127705025,0.045139635,-0.107163849,-0.044773675,-0.032757417,0.323805032,-0.140813738,-0.121690715,-2.664729489,-0.609624,-0.267365227,-0.023688883,-0.074328043,-0.067725538,3.69635E-05
BR3_main,0.717575758,0.04074572,-0.0711942,0.165982021,-0.044332669,-0.539571378,-0.012514969,-0.032784383,-1.059950354,-0.033206,0.070078869,-0.040141445,-2.44928096,-0.83175708,-0.100324286,-0.016734848,-0.034354772,-0.116420077,0.096459786,-0.094402628,-0.040834244,-0.024430751,0.260952987,-0.133317601,-0.104912563,-2.535170634,-0.675704458,-0.219967888,-0.023116975,-0.060987025,-0.059777898,3.19402E-05
BR3_main,0.837171717,0.041329295,-0.080385141,0.155453753,-0.041789439,-0.50725431,-0.012320609,-0.039464069,-0.912523203,-0.025017352,0.060433587,-0.022841962,-2.288652073,-0.62311931,-0.105040774,-0.015186159,-0.028214332,-0.10064656,0.204577773,-0.082798645,-0.0383207,-0.018897272,0.211235247,-0.134892081,-0.091185008,-2.02890388,-0.646200488,-0.168638442,-0.021157398,-0.052224356,-0.053197531,2.68545E-05
BR3_main,0.956767677,0.0416409,-0.070840808,0.145528292,-0.040007381,-0.363201262,-0.013065024,-0.040344586,-0.795192743,-0.021730826,0.044385056,-0.014853694,-1.998712132,-0.468555218,-0.098701799,-0.012717533,-0.022723881,-0.084238353,0.22067067,-0.074865269,-0.036410683,-0.014496066,0.182927728,-0.15478028,-0.07857156,-2.216431231,-0.505334171,-0.136906921,-0.019345251,-0.054836503,-0.04723484,1.87451E-05
BR3_main,1.076363636,0.041836155,-0.051761818,0.131407651,-0.037979292,-0.227945126,-0.015326255,-0.038423805,-0.721175481,-0.020012301,0.02406043,-0.005379836,-1.428539686,-0.414015614,-0.092629558,-0.022746727,-0.019601206,-0.070943715,0.228914307,-0.067441971,-0.034817684,-0.011358543,0.159881184,-0.146400078,-0.067597951,-1.851098404,-0.323743513,-0.105061116,-0.01772888,-0.058794837,-0.042235425,1.54817E-05
BR3_main,1.195959596,0.04193535,-0.072694775,0.116536689,-0.035867168,-0.14807291,-0.016955211,-0.030199638,-0.660940276,-0.01875164,0.014160304,-0.006903799,-0.941792919,-0.392373809,-0.084501375,-0.270585777,-0.017549572,-0.059935209,0.198750031,-0.062668577,-0.033498517,-0.00992934,0.134303675,-0.111340155,-0.057685338,-1.28472508,-0.218717658,-0.086900469,-0.016012708,-0.052497328,-0.039713585,1.47045E-05
BR3_main,1.315555556,0.041983016,-0.114229222,0.10229748,-0.033224712,-0.110456426,-0.017811075,-0.019470785,-0.658140954,-0.017586222,0.020888406,-0.012355112,-0.641533009,-0.367368772,-0.074072543,-0.454864854,-0.015816914,-0.053065191,0.179857325,-0.059622093,-0.03206019,-0.009257934,0.110187543,-0.079865692,-0.048475234,-0.783805339,-0.255562436,-0.075653028,-0.015904674,-0.047236612,-0.038027141,1.70446E-05
BR3_main,1.435151515,0.042002194,-0.125362641,0.089113589,-0.030638099,-0.100410577,-0.018976898,-0.01472838,-0.523926336,-0.016780854,0.018041682,-0.011318434,-0.51628886,-0.393207701,-0.061727922,-0.43884241,-0.014332131,-0.047610517,0.148840033,-0.05592257,-0.03041144,-0.009307501,0.084942168,-0.057997233,-0.040513211,-0.895044036,-0.40716985,-0.062422262,-0.015824349,-0.050709455,-0.04001512,1.68376E-05
BR3_main,1.554747475,0.042002522,-0.097648937,0.077011478,-0.028165599,-0.092592739,-0.019400298,-0.010922437,-0.361530926,-0.016148471,0.02289382,-0.010877586,-0.471134503,-0.417902572,-0.062610263,-0.399793973,-0.012836023,-0.040704335,0.082575162,-0.051938645,-0.030410039,-0.009329192,0.057558766,-0.043119923,-0.036336548,-0.731980864,-0.549707093,-0.058343178,-0.013985741,-0.042389337,-0.040301822,1.64222E-05
BR3_main,1.674343434,0.041994095,-0.060197255,0.066053151,-0.025976371,-0.085704543,-0.021245391,-0.007905911,-0.242151667,-0.014578481,0.029400047,-0.007144221,-0.428973068,-0.422714221,-0.073893438,-0.329304687,-0.011406903,-0.038632727,0.058193484,-0.048594768,-0.030852612,-0.009429854,0.040207644,-0.039763661,-0.033842423,-0.458192919,-0.675766437,-0.055377802,-0.011558436,-0.034958313,-0.03984248,1.68029E-05
BR3_main,1.793939394,0.041956792,-0.03275578,0.056683367,-0.024034161,-0.073721762,-0.023837074,-0.006312456,-0.109371872,-0.013148628,0.031931047,-0.004791048,-0.43097124,-0.397449771,-0.083003235,-0.209834175,-0.010200812,-0.034765475,0.103782326,-0.045845443,-0.030951365,-0.009500154,0.026666093,-0.03916303,-0.034149658,-0.346332459,-0.69470635,-0.049989033,-0.009570735,-0.029910279,-0.038972447,1.73718E-05
BR3_main,1.913535354,0.041865207,-0.014716763,0.048132778,-0.022248037,-0.064660732,-0.02391831,-0.005426201,-0.08196188,-0.012923502,0.028250903,-0.003547184,-0.381004504,-0.29828303,-0.073819622,-0.103948919,-0.009111417,-0.031879321,0.076508758,-0.042535027,-0.035143639,-0.009527192,0.017112492,-0.03566325,-0.034168476,-0.218829946,-0.606581787,-0.042998341,-0.00846588,-0.026678218,-0.037223989,1.71966E-05
BR3_main,2.033131313,0.04170514,-0.008896305,0.039628219,-0.020435003,-0.068562292,-0.02308809,-0.004558098,-0.071832955,-0.012710898,0.026496918,-0.001623764,-0.331763104,-0.227910097,-0.068582908,-0.029763562,-0.00838566,-0.030190979,0.033176993,-0.039905477,-0.039634888,-0.009502035,0.011346741,-0.03528381,-0.03446293,-0.207484795,-0.401000164,-0.035251941,-0.007570759,-0.024395919,-0.034299688,1.60282E-05
BR3_main,2.152727273,0.041471644,-0.006706668,0.031003988,-0.019067842,-0.068674123,-0.02242598,-0.005077922,-0.068311545,-0.012428799,0.026189186,-0.00039615,-0.307360165,-0.180708208,-0.056181174,0.002261106,-0.007698036,-0.028336176,0.028648734,-0.036828301,-0.040655121,-0.009422597,0.003983139,-0.024057168,-0.034214483,-0.184879999,-0.205872601,-0.030278314,-0.007323873,-0.019698258,-0.031232986,1.62587E-05
BR3_main,2.272323232,0.041084008,-0.004947284,0.0236572,-0.017997454,-0.067081134,-0.022086078,-0.003868681,-0.072879009,-0.012170404,0.025235632,-1.42055E-05,-0.326196268,-0.160708798,-0.052657285,0.006084243,-0.007001328,-0.026108488,0.014030489,-0.034317423,-0.037175962,-0.009263384,-0.002247762,-0.019131186,-0.03350609,-0.190090818,-0.086033198,-0.026626019,-0.007007558,-0.018023215,-0.028216563,1.6925E-05
BR3_main,2.391919192,0.040509101,-0.003815854,0.017840814,-0.017061685,-0.063788396,-0.021170033,-0.002436339,-0.074795913,-0.011723983,0.025416058,-0.00025981,-0.368065104,-0.1350683,-0.045865693,0.00752904,-0.006431825,-0.023911777,-0.04076188,-0.031880934,-0.031174372,-0.009053531,-0.0075234,-0.017744824,-0.031733936,-0.178789725,-0.070802637,-0.023476325,-0.006552662,-0.017167481,-0.02591711,1.56475E-05
BR3_main,2.511515152,0.03960347,-0.003804311,0.012484957,-0.016214315,-0.062632299,-0.020437802,-0.001215161,-0.087977499,-0.011413634,0.024140215,-0.000630353,-0.36671498,-0.087362382,-0.045557505,0.007706836,-0.005868628,-0.022097704,-0.098771098,-0.029479902,-0.028843945,-0.008910126,-0.011480448,-0.016671965,-0.02820589,-0.158040221,-0.059367508,-0.020820664,-0.00641774,-0.016350315,-0.023846493,1.19938E-05
BR3_main,2.631111111,0.038162945,-0.003399408,0.007136088,-0.015454766,-0.072149458,-0.019300446,-0.000335446,-0.084404145,-0.011193945,0.023526761,-0.000732773,-0.378648657,-0.054469568,-0.04482453,0.007666688,-0.00575197,-0.020131807,-0.141581253,-0.027588702,-0.028031738,-0.008672013,-0.016402904,-0.015576014,-0.024271307,-0.139351995,-0.048651921,-0.019429049,-0.006840054,-0.015539289,-0.021608969,1.06277E-05
BR3_main,2.750707071,0.036495048,-0.003948613,0.002488353,-0.014665434,-0.070326841,-0.020957761,6.41202E-05,-0.09040227,-0.010908225,0.023295609,-0.000469786,-0.38101765,-0.034875694,-0.033336148,0.007566683,-0.006240879,-0.018654534,-0.163753667,-0.025898152,-0.026573038,-0.008440111,-0.022574351,-0.014099475,-0.020454797,-0.128761532,-0.039488875,-0.018341387,-0.006958674,-0.015220006,-0.021052305,9.66486E-06
BR3_main,2.87030303,0.034192766,-0.004958237,-0.001649001,-0.013946475,-0.065673842,-0.025003931,8.62884E-05,-0.090162449,-0.010598121,0.022806959,-0.000184603,-0.343707803,-0.019858889,-0.026342449,0.008049617,-0.006744465,-0.017555661,-0.171224986,-0.024403409,-0.02438501,-0.008232928,-0.028398322,-0.01340859,-0.01783676,-0.106136622,-0.03647051,-0.01761341,-0.006076735,-0.01488725,-0.020284829,9.08871E-06
BR3_main,2.98989899,0.031383532,-0.005265662,-0.005514095,-0.013342709,-0.065270742,-0.027357273,9.49622E-05,-0.078336945,-0.010323731,0.022909747,8.19466E-05,-0.297132589,-0.009707157,-0.023832076,0.008428048,-0.006993533,-0.01654016,-0.1968532,-0.023190059,-0.021752894,-0.008072424,-0.037903127,-0.012778704,-0.016487663,-0.086514951,-0.033118212,-0.016645327,-0.005407885,-0.015092957,-0.020050066,8.61583E-06
BR3_main,3.109494949,0.02853918,-0.004922506,-0.009110937,-0.012858089,-0.061446531,-0.030726625,0.000381019,-0.0679586,-0.010248049,0.023262588,0.000180529,-0.250780602,-0.005171021,-0.022690661,0.008453686,-0.006736842,-0.015801598,-0.195250615,-0.022143557,-0.020056324,-0.007950532,-0.042044656,-0.013705487,-0.015674339,-0.071558368,-0.032296147,-0.016118316,-0.004696508,-0.015577099,-0.020087577,8.53951E-06
BR3_main,3.229090909,0.026019155,-0.003643578,-0.012639564,-0.012480624,-0.054333336,-0.03180683,0.000476424,-0.057699197,-0.010205695,0.023650794,0.000218749,-0.235058483,-0.00264749,-0.020500196,0.006976136,-0.006650008,-0.015247312,-0.177710367,-0.021504901,-0.018695414,-0.007852646,-0.043589119,-0.012375569,-0.014912539,-0.061805522,-0.035171376,-0.015532343,-0.004180125,-0.014986284,-0.019672268,9.11731E-06
BR3_main,3.348686869,0.023822999,-0.002574697,-0.01656432,-0.012186393,-0.048145877,-0.02706368,0.000573044,-0.0482557,-0.01040145,0.023057444,0.000259493,-0.202666226,-0.001476104,-0.020719871,0.006530164,-0.006243892,-0.014527127,-0.157825945,-0.021507954,-0.017871451,-0.007804844,-0.035221168,-0.012056515,-0.014715219,-0.056415257,-0.037239619,-0.015540906,-0.003999686,-0.014950862,-0.020069575,9.7536E-06
BR3_main,3.468282828,0.022042011,-0.001954533,-0.019759376,-0.011972098,-0.044953514,-0.020353657,0.000532234,-0.040811787,-0.010669838,0.022065177,0.000253478,-0.194952484,-0.00096207,-0.021416295,0.005557384,-0.005697877,-0.013895321,-0.159300701,-0.021953397,-0.017074884,-0.00780674,-0.02843758,-0.011199362,-0.014738531,-0.05499231,-0.037096489,-0.016457479,-0.003819508,-0.013943948,-0.021148916,1.03258E-05
BR3_main,3.587878788,0.020402508,-0.001553651,-0.023415125,-0.011811491,-0.043027878,-0.016988839,0.000579498,-0.034897972,-0.011302931,0.021206641,0.000270862,-0.187522906,-0.000610194,-0.025607403,0.005772004,-0.005456751,-0.013338853,-0.150473747,-0.02237016,-0.017056273,-0.007784301,-0.022411167,-0.011172228,-0.014869778,-0.052807315,-0.034878089,-0.018440743,-0.003637785,-0.013671983,-0.02058559,1.0887E-05
BR3_main,3.707474747,0.019016412,-0.001154532,-0.027009433,-0.011708867,-0.043834437,-0.015059985,0.000508259,-0.030020758,-0.012029958,0.020481014,0.000293478,-0.1851436,-0.000364928,-0.028414682,0.005309885,-0.005649286,-0.013723634,-0.126109265,-0.022609525,-0.017273103,-0.007730121,-0.01594807,-0.011366959,-0.015000577,-0.051940681,-0.032642611,-0.021438045,-0.003519236,-0.013151196,-0.020077667,8.60419E-06
BR3_main,3.827070707,0.017937299,-0.00090895,-0.030528144,-0.011673253,-0.043926046,-0.013136018,0.000424617,-0.026000037,-0.012687024,0.019844278,0.000312605,-0.188761599,-0.000262558,-0.028719848,0.004394312,-0.005588449,-0.014457278,-0.111569035,-0.022678625,-0.017383372,-0.007645119,-0.011079232,-0.010891474,-0.0152977,-0.051035239,-0.030888974,-0.024233919,-0.003523961,-0.012865619,-0.019685596,6.23574E-06
BR3_main,3.946666667,0.0172629,-0.000769468,-0.032446572,-0.011564558,-0.044769696,-0.011820255,0.00035434,-0.023619474,-0.012976541,0.019266602,0.000294059,-0.192051411,-0.000172646,-0.025930411,0.003692592,-0.005647337,-0.015074394,-0.095458922,-0.022789436,-0.017386585,-0.007526216,-0.007938475,-0.010732679,-0.015779164,-0.05051062,-0.028370878,-0.027516693,-0.003636316,-0.013120853,-0.019639683,5.07584E-06
BR3_main,4.066262626,0.016776603,-0.000717092,-0.03225047,-0.011510418,-0.045336308,-0.010875045,0.000360061,-0.024139911,-0.012623001,0.018726908,0.000305248,-0.194781292,-9.02246E-05,-0.024603679,0.002827791,-0.00549033,-0.014980551,-0.081551237,-0.022971987,-0.017248702,-0.007373243,-0.004966224,-0.010609598,-0.015932841,-0.050031493,-0.025870717,-0.030507187,-0.00376165,-0.01214618,-0.019153409,4.55921E-06
BR3_main,4.185858586,0.016384753,-0.00068619,-0.030258351,-0.011423961,-0.045399567,-0.010340653,0.000321899,-0.025692075,-0.011787775,0.018212585,0.000318434,-0.195553979,-1.02612E-05,-0.026810913,0.002439335,-0.005266958,-0.01608987,-0.060868542,-0.022941973,-0.017054525,-0.007198196,-0.003449729,-0.012592133,-0.016012089,-0.050051943,-0.02434426,-0.030687979,-0.003882137,-0.012254753,-0.018254254,4.29046E-06
BR3_main,4.305454545,0.01617313,-0.000633609,-0.027178353,-0.011303087,-0.044928236,-0.010005995,0.000256127,-0.023262935,-0.010885628,0.017715441,0.000332722,-0.196787823,-4.7031E-05,-0.028862213,0.002175395,-0.005336652,-0.015701876,-0.048042802,-0.022837722,-0.01681056,-0.006996357,-0.002216968,-0.015383028,-0.016408415,-0.049258271,-0.023222522,-0.028824023,-0.003966388,-0.012251652,-0.017217047,3.99538E-06
BR3_main,4.425050505,0.016041173,-0.00056822,-0.023328114,-0.011146347,-0.044127874,-0.009987952,0.000334018,-0.02248742,-0.009755145,0.017169094,0.000354229,-0.199671696,-3.41969E-05,-0.028123755,0.001713932,-0.005560327,-0.015374095,-0.039405194,-0.022796545,-0.016523995,-0.006762145,-0.001583841,-0.01586676,-0.016369397,-0.048162472,-0.022000965,-0.025753824,-0.004043856,-0.014834611,-0.016910746,4.16995E-06
BR3_main,4.544646465,0.01593573,-0.000497765,-0.01937192,-0.010987852,-0.044268697,-0.010184672,0.000489982,-0.022891696,-0.008863087,0.016086576,0.000371019,-0.201557536,-3.15553E-05,-0.027086532,0.00130875,-0.005950427,-0.015566354,-0.031986527,-0.022636791,-0.016289226,-0.006503289,-0.000986531,-0.013393633,-0.016485217,-0.046888829,-0.021155399,-0.022525708,-0.004100364,-0.013895607,-0.016852845,4.45569E-06
BR3_main,4.664242424,0.015832674,-0.000390802,-0.016053025,-0.010780691,-0.044206584,-0.01065857,0.000472554,-0.025096839,-0.008018547,0.014825018,0.000369274,-0.203067843,-0.000103251,-0.027178242,0.000693994,-0.005746749,-0.014343571,-0.025544706,-0.02242084,-0.016070739,-0.006237645,-0.000403807,-0.012589532,-0.016425296,-0.045064046,-0.020331623,-0.018597941,-0.004238133,-0.014295347,-0.016607888,5.71198E-06
BR3_main,4.783838384,0.015659945,-0.000393144,-0.013106112,-0.010585555,-0.043900958,-0.010949678,0.000523445,-0.022367526,-0.007354812,0.013697816,0.000366648,-0.205206744,-0.000147866,-0.027054734,-0.001335843,-0.00534947,-0.013833529,-0.017161576,-0.022154125,-0.015792554,-0.00598034,9.03871E-05,-0.012405687,-0.01550909,-0.042652078,-0.019603014,-0.02044331,-0.004354196,-0.014013004,-0.016444937,6.55363E-06
BR3_main,4.903434343,0.015550347,-0.000423893,-0.010590179,-0.010398253,-0.043210524,-0.011181997,0.00048491,-0.024651828,-0.00689914,0.012920826,0.000357704,-0.207774963,-0.000212488,-0.027239334,-0.003297188,-0.005004682,-0.013589864,-0.013897482,-0.021960779,-0.015476506,-0.005738372,0.000499597,-0.013271857,-0.014275781,-0.040433919,-0.018807402,-0.020356323,-0.004407016,-0.012052794,-0.016251059,7.09652E-06
BR3_main,5.023030303,0.015460902,-0.00044342,-0.008492987,-0.010192464,-0.041583385,-0.011470004,0.000603253,-0.025089293,-0.006528004,0.012091861,0.000347284,-0.210079874,-0.00021564,-0.026990691,-0.00461182,-0.004879382,-0.013173208,-0.010450378,-0.02150034,-0.015120501,-0.005477428,0.000986754,-0.012050379,-0.013059934,-0.03847367,-0.017870661,-0.019689792,-0.004367678,-0.01125914,-0.016237652,8.37207E-06
BR3_main,5.142626263,0.015280037,-0.000671283,-0.006680513,-0.009919589,-0.04117053,-0.01177391,0.000638133,-0.02495051,-0.006257432,0.011362775,0.000336014,-0.211145908,-0.00024244,-0.026402329,-0.003918452,-0.004687828,-0.01339749,-0.008005333,-0.021392061,-0.014754078,-0.005234302,0.001562311,-0.011378298,-0.011903898,-0.037636583,-0.016982487,-0.01978527,-0.004335719,-0.011636149,-0.016067774,1.03476E-05
BR3_main,5.262222222,0.015019709,-0.000879475,-0.005237719,-0.009637704,-0.041504032,-0.012022336,0.000603245,-0.022976953,-0.006032305,0.010827851,0.000324341,-0.215302274,-0.000176888,-0.026621816,-0.002765049,-0.004548205,-0.013180713,-0.006281776,-0.021163732,-0.014390998,-0.005001918,0.002644794,-0.011172773,-0.011461004,-0.036057727,-0.016311608,-0.018630619,-0.004297073,-0.011418053,-0.015783197,1.23685E-05
BR3_main,5.381818182,0.014639841,-0.000975492,-0.004114633,-0.009352623,-0.041270937,-0.012529158,0.000593208,-0.018416593,-0.005934581,0.010280714,0.000314599,-0.218759625,-0.000125648,-0.027751912,-0.001201822,-0.004349788,-0.012949407,-0.005049287,-0.020807625,-0.014029673,-0.004808086,0.00387852,-0.010697314,-0.011178784,-0.034249459,-0.015388229,-0.018435557,-0.004250805,-0.011796677,-0.015511556,1.50419E-05
BR3_main,5.501414141,0.014079934,-0.001164695,-0.003237092,-0.009072718,-0.040509719,-0.012937713,0.000534795,-0.015159087,-0.005841849,0.010033445,0.000303823,-0.219086225,-7.77035E-05,-0.027503119,-0.001405351,-0.004237752,-0.012567409,-0.004540028,-0.020171828,-0.013597028,-0.004618657,0.005034918,-0.009652997,-0.010868401,-0.0321624,-0.014916454,-0.016614103,-0.004139594,-0.011500199,-0.015128223,1.72609E-05
BR3_main,5.621010101,0.013566927,-0.001050412,-0.002565585,-0.008773304,-0.039814775,-0.012990618,0.000463683,-0.013933358,-0.005722887,0.009856309,0.000293748,-0.218879424,-4.12326E-05,-0.027787593,-0.001777108,-0.004197331,-0.012248078,-0.004073606,-0.019480842,-0.013144967,-0.004437944,0.006515455,-0.008048839,-0.010643043,-0.03023714,-0.01516653,-0.015776331,-0.004033983,-0.011294009,-0.014848176,1.75215E-05
BR3_main,5.740606061,0.013039242,-0.000484246,-0.002197282,-0.008457921,-0.039629368,-0.013124458,0.000297651,-0.012071741,-0.005601369,0.009684841,0.000278277,-0.21564223,-3.12884E-05,-0.028013312,-0.002186745,-0.003966407,-0.011930289,-0.003612937,-0.018453877,-0.012730417,-0.004272075,0.00684681,-0.007787706,-0.011124643,-0.028445775,-0.015000278,-0.0144087,-0.003883399,-0.012615282,-0.014322099,1.79074E-05
BR3_main,5.86020202,0.012310883,-0.000429698,-0.001954381,-0.008166934,-0.039237124,-0.013117557,0.000241843,-0.010327309,-0.005515744,0.009136879,0.000268332,-0.213735366,-2.2442E-05,-0.028525181,-0.002674517,-0.003720903,-0.011536989,-0.003261563,-0.018103264,-0.012320866,-0.004123189,0.006925215,-0.007682698,-0.010868635,-0.026766324,-0.014517194,-0.013260785,-0.00370311,-0.013163117,-0.013857134,1.79171E-05
BR3_main,5.97979798,0.011423666,-0.000308387,-0.001930028,-0.007857867,-0.037602971,-0.013050287,0.000242006,-0.009750552,-0.005422617,0.00864703,0.000260288,-0.21322926,-3.94791E-05,-0.028843664,-0.003100206,-0.003456267,-0.01113358,-0.002874069,-0.0176545,-0.011784449,-0.003975879,0.00695367,-0.00771886,-0.011277,-0.025353673,-0.013809048,-0.013185043,-0.00351222,-0.011404227,-0.013315033,1.79924E-05
BR3_main,6.099393939,0.010424931,-0.000339867,-0.002005809,-0.007523921,-0.035716028,-0.013055198,0.000311213,-0.009226373,-0.005328689,0.008227736,0.000246112,-0.211085186,-2.38011E-05,-0.026364364,-0.002684076,-0.003230574,-0.010763434,-0.002802509,-0.017090488,-0.011232388,-0.003835043,0.007009271,-0.007713769,-0.011018595,-0.024004118,-0.012821995,-0.013050119,-0.003319534,-0.009077312,-0.012736838,1.80515E-05
BR3_main,6.218989899,0.009213696,-0.000233397,-0.002133541,-0.007218846,-0.034391198,-0.012756172,0.000352643,-0.0088058,-0.005234085,0.007925501,0.00023439,-0.207144257,-3.02328E-05,-0.023030581,-0.002349112,-0.00303186,-0.0103902,-0.003209587,-0.016145747,-0.010710441,-0.003711191,0.00696315,-0.007578467,-0.010757201,-0.023084373,-0.011605602,-0.012472443,-0.003128902,-0.007810861,-0.012070203,1.78485E-05
BR3_main,6.338585859,0.008049819,-6.03585E-05,-0.00228847,-0.006887086,-0.032336031,-0.012372631,0.000419202,-0.00834067,-0.005139511,0.007751109,0.000222856,-0.203982516,-3.42796E-05,-0.020586824,-0.002107945,-0.002873431,-0.010200563,-0.003197932,-0.015518679,-0.010213994,-0.003601984,0.006943553,-0.007450251,-0.010692174,-0.022316986,-0.010581734,-0.01183294,-0.002954077,-0.007245277,-0.011344026,1.5553E-05
BR3_main,6.458181818,0.006894902,-2.19542E-05,-0.002464419,-0.006539151,-0.030495033,-0.011887553,0.000564252,-0.007943349,-0.005044881,0.007829812,0.000212275,-0.202052384,-3.89586E-05,-0.019735306,-0.001363808,-0.002730106,-0.009837567,-0.003044862,-0.014518293,-0.009692025,-0.00351253,0.006906685,-0.006954356,-0.01020727,-0.021639706,-0.009677883,-0.01166946,-0.002784362,-0.006807903,-0.010709865,1.37905E-05
BR3_main,6.577777778,0.005885921,1.43608E-05,-0.002656586,-0.006209728,-0.030248199,-0.011209971,0.000724959,-0.007592105,-0.004950115,0.007979075,0.000206239,-0.2008018,-4.22318E-05,-0.018574015,-0.00081782,-0.002592925,-0.009471035,-0.002383206,-0.013550296,-0.009199188,-0.003416619,0.006567262,-0.006539233,-0.010003402,-0.02104917,-0.008317823,-0.010769698,-0.00263641,-0.006398738,-0.010153214,1.31609E-05
BR3_main,6.697373737,0.004933444,5.91116E-05,-0.002887846,-0.005877102,-0.029374393,-0.010500075,0.000775231,-0.007376445,-0.00485599,0.008120935,0.000203988,-0.19974481,-4.47187E-05,-0.016098935,-0.000766523,-0.002478577,-0.009198302,-0.001789557,-0.013210546,-0.008762161,-0.003342018,0.005600397,-0.006344986,-0.009509803,-0.020561788,-0.007333977,-0.010277375,-0.002521045,-0.006173929,-0.009728672,1.29517E-05
BR3_main,6.816969697,0.003797123,0.000104782,-0.003123613,-0.005598757,-0.029385685,-0.009741836,0.000790994,-0.007399114,-0.00477137,0.008294396,0.000203856,-0.19780951,-4.21656E-05,-0.014882296,-0.000243299,-0.002390216,-0.008692956,-0.001664355,-0.012515277,-0.008410354,-0.003277264,0.004110312,-0.005996135,-0.009189132,-0.02021283,-0.006570706,-0.009861711,-0.002419261,-0.00634782,-0.009337898,1.27525E-05
BR3_main,6.936565657,0.00272133,0.000158113,-0.003357898,-0.005316431,-0.02878626,-0.009258023,0.000765605,-0.007151894,-0.00468894,0.008527485,0.000205463,-0.197379634,-4.24875E-05,-0.013614963,0.000258143,-0.002294293,-0.008413729,-0.00161079,-0.012070293,-0.008005923,-0.003219288,0.003064443,-0.005852967,-0.008715419,-0.01989065,-0.005988406,-0.009467795,-0.002327674,-0.006271015,-0.009010151,1.27755E-05
BR3_main,7.056161616,0.001764391,0.000254036,-0.003627707,-0.005020282,-0.026401886,-0.00878141,0.000823195,-0.007088686,-0.004591956,0.008731907,0.000206664,-0.197079596,-4.39936E-05,-0.012678609,0.0007023,-0.002217212,-0.008076798,-0.00169035,-0.011752181,-0.007482855,-0.00317737,0.002212007,-0.005850102,-0.008400409,-0.019759173,-0.005335923,-0.009691783,-0.00226243,-0.006408326,-0.008790783,1.31241E-05
BR3_main,7.175757576,0.000988089,0.000357763,-0.004019732,-0.004746171,-0.024190473,-0.008321739,0.000817958,-0.007185374,-0.004575753,0.008755341,0.000202908,-0.197290475,-4.83385E-05,-0.012417954,0.000900658,-0.002160329,-0.007594468,-0.002095356,-0.011575611,-0.007076594,-0.003126733,0.001821052,-0.005485406,-0.008718676,-0.019650502,-0.004904455,-0.009193909,-0.002214675,-0.006417949,-0.00854131,1.36107E-05
BR3_main,7.295353535,0.00041964,0.000493619,-0.004489381,-0.004516381,-0.023005086,-0.007885145,0.000812302,-0.007344216,-0.004522155,0.008748011,0.000202331,-0.197624975,-5.6317E-05,-0.011517376,0.001227139,-0.002113859,-0.007319572,-0.001726447,-0.011311393,-0.006779861,-0.003069408,0.001636051,-0.005270483,-0.008420255,-0.019532916,-0.004610134,-0.008854791,-0.002181114,-0.006471314,-0.008323689,1.3869E-05
BR3_main,7.414949495,7.4391E-05,0.000719285,-0.005118917,-0.00434985,-0.020469514,-0.007530799,0.000788548,-0.007559794,-0.004492196,0.008741619,0.000205474,-0.19851136,-7.26494E-05,-0.010519656,0.001406868,-0.002064008,-0.007141558,-0.002065545,-0.01102004,-0.006532693,-0.003016316,0.00134307,-0.005655541,-0.007821359,-0.019518345,-0.004382358,-0.008568632,-0.002158316,-0.006443383,-0.00815449,1.43909E-05
BR3_main,7.534545455,0.0000005,0.001013667,-0.005752442,-0.004189165,-0.020661297,-0.007191922,0.000756743,-0.007656029,-0.004494872,0.008665566,0.000205855,-0.19835171,-7.88272E-05,-0.010019552,0.001659557,-0.002022867,-0.006944345,-0.002401719,-0.010702525,-0.006279923,-0.002962088,0.001172479,-0.006440952,-0.006914879,-0.019571694,-0.004177961,-0.008116119,-0.002141686,-0.006594258,-0.008026238,1.50885E-05
BR3_main,7.654141414,0.0000005,0.001361367,-0.006405871,-0.004030153,-0.020030932,-0.006810283,0.000626604,-0.008051759,-0.004488061,0.008626561,0.000205084,-0.198997123,-9.90164E-05,-0.010100161,0.001947512,-0.001988894,-0.006902998,-0.002731941,-0.01055496,-0.00619077,-0.002922818,0.001075437,-0.007033075,-0.006340559,-0.019745665,-0.004030061,-0.007982189,-0.002129877,-0.006602644,-0.007887863,1.54902E-05
BR3_main,7.773737374,0.0000005,0.001680551,-0.006845701,-0.003898343,-0.020219703,-0.006429085,0.000519089,-0.009445361,-0.004472009,0.0085789,0.000204664,-0.199682183,-0.0001366,-0.009915276,0.002146918,-0.001961209,-0.006752358,-0.002734202,-0.010560712,-0.006036285,-0.00287603,0.001218089,-0.007468741,-0.005926679,-0.019915257,-0.003900829,-0.008053903,-0.002123607,-0.006486197,-0.007831526,1.52517E-05
BR3_main,7.893333333,0.0000005,0.002076771,-0.006875137,-0.003815212,-0.020276899,-0.006129403,0.00041319,-0.011289163,-0.00446924,0.008513148,0.000203986,-0.199457111,-0.000245979,-0.010240189,0.002437331,-0.001935342,-0.006602767,-0.003370841,-0.010696723,-0.006123781,-0.00282362,0.00133273,-0.007904331,-0.005838333,-0.019979801,-0.003955414,-0.008107728,-0.002115969,-0.006096163,-0.00774893,1.52384E-05
BR3_main,8.012929293,0.0000005,0.002211099,-0.006499958,-0.003772474,-0.019509584,-0.005935388,0.000326849,-0.013895369,-0.004455484,0.008445978,0.000203242,-0.19880257,-0.000369803,-0.010497132,0.002709545,-0.001905745,-0.006423376,-0.003306871,-0.010984235,-0.006261737,-0.002770525,0.001148902,-0.007786012,-0.005643709,-0.020021477,-0.004106291,-0.008170066,-0.002113579,-0.006276405,-0.00774861,1.48998E-05
BR3_main,8.132525253,0.0000005,0.002400698,-0.005891003,-0.003831981,-0.017390533,-0.005757141,0.000198476,-0.014903099,-0.004430271,0.008341665,0.000206253,-0.198768211,-0.00046032,-0.010497371,0.003062945,-0.001876767,-0.006401586,-0.003615032,-0.011130981,-0.006329732,-0.002709901,0.001398942,-0.007243357,-0.005788806,-0.02004499,-0.004100831,-0.008152522,-0.002116988,-0.006596768,-0.007682111,1.42858E-05
BR3_main,8.252121212,0.0000005,0.002627451,-0.005144552,-0.003806986,-0.017087594,-0.005723216,0.00012805,-0.013846532,-0.004365514,0.008173218,0.000210449,-0.199645842,-0.000351474,-0.010556093,0.003396271,-0.00184726,-0.006449634,-0.004033947,-0.010986571,-0.006339614,-0.002648462,0.001692506,-0.006832988,-0.006164073,-0.020021787,-0.004491573,-0.008025525,-0.002121423,-0.006387464,-0.007596827,1.40863E-05
BR3_main,8.371717172,0.0000005,0.002747519,-0.004550677,-0.003797841,-0.016765978,-0.005675583,0.000102954,-0.014720453,-0.004303533,0.008050792,0.000210941,-0.200666312,-0.000296577,-0.010394394,0.003451303,-0.001820799,-0.006489594,-0.004615199,-0.011034304,-0.006550729,-0.002582218,0.00215615,-0.006506344,-0.006790911,-0.019939743,-0.004568752,-0.008184299,-0.002123252,-0.007304646,-0.007438595,1.3142E-05
BR3_main,8.491313131,0.0000005,0.002584539,-0.004107772,-0.003790275,-0.017090538,-0.005746547,0.000130409,-0.014576086,-0.004282188,0.007863905,0.000208779,-0.201185813,-0.000248122,-0.010385465,0.003705089,-0.001798997,-0.00636938,-0.006329096,-0.010901065,-0.006424966,-0.002513743,0.00249057,-0.005936423,-0.007532731,-0.019813104,-0.004222085,-0.008073013,-0.002119628,-0.006737615,-0.007385057,1.10588E-05
BR3_main,8.610909091,0.0000005,0.002812293,-0.003794793,-0.003780909,-0.01806435,-0.005805747,0.000126663,-0.013391368,-0.004177651,0.007659042,0.000205701,-0.201410047,-0.000165772,-0.010269175,0.004069021,-0.00178004,-0.006382536,-0.009248272,-0.010546217,-0.006382807,-0.002439367,0.002770478,-0.005625084,-0.00832864,-0.019700474,-0.003436618,-0.008148355,-0.002112029,-0.007029926,-0.007297816,1.1201E-05
BR3_main,8.730505051,0.0000005,0.00276418,-0.00354988,-0.003780676,-0.020424639,-0.005916049,0.000116944,-0.011220147,-0.004087029,0.007246133,0.000202963,-0.202003724,-7.12123E-05,-0.010074561,0.004134824,-0.001753095,-0.006476801,-0.010960285,-0.010446728,-0.006038614,-0.002364496,0.002798676,-0.005210857,-0.008697945,-0.019499103,-0.003332357,-0.007823121,-0.00210065,-0.006727003,-0.007139534,1.06038E-05
BR3_main,8.85010101,0.0000005,0.002645324,-0.003343147,-0.003744226,-0.022253074,-0.006135984,6.26566E-05,-0.009728879,-0.004032384,0.006783363,0.000198955,-0.202278612,-2.48428E-05,-0.010049578,0.004161989,-0.001737837,-0.00665997,-0.011837505,-0.010401106,-0.005847603,-0.002289787,0.002915879,-0.004954178,-0.007984081,-0.01920923,-0.003356087,-0.008165395,-0.002086835,-0.006563067,-0.006922458,1.19919E-05
BR3_main,8.96969697,0.0000005,0.002543235,-0.003119682,-0.003667444,-0.025629353,-0.006800974,-1.90432E-05,-0.008468168,-0.003970258,0.006402629,0.000194472,-0.20153635,-5.89906E-06,-0.009905183,0.003956557,-0.001723249,-0.006799953,-0.011268055,-0.010363737,-0.005735547,-0.002221975,0.00321068,-0.004610443,-0.007570914,-0.018828593,-0.003260556,-0.008667781,-0.002068864,-0.006232641,-0.006796533,1.14624E-05
BR3_main,9.089292929,0.0000005,0.002459696,-0.00294633,-0.00356149,-0.025371768,-0.007602979,-8.0914E-05,-0.008306037,-0.003942427,0.005862628,0.000187621,-0.201475609,4.75564E-06,-0.009700304,0.003473897,-0.001700408,-0.006429509,-0.010760705,-0.010185827,-0.005657034,-0.002154325,0.002910145,-0.004348756,-0.006940149,-0.018332009,-0.003086089,-0.009628716,-0.002050715,-0.00656209,-0.006736941,1.14803E-05
BR3_main,9.208888889,0.0000005,0.002133449,-0.002781584,-0.003533952,-0.024704915,-0.008354777,-0.000116468,-0.008157249,-0.003940775,0.005466214,0.000182236,-0.202435544,7.46051E-06,-0.009707202,0.003380661,-0.00168512,-0.006418959,-0.009850971,-0.01008618,-0.005776719,-0.002082853,0.002423248,-0.004102642,-0.006533841,-0.017904739,-0.002861835,-0.010814057,-0.002028106,-0.006380317,-0.00661185,1.13969E-05
BR3_main,9.328484848,0.0000005,0.001572903,-0.002644602,-0.003591866,-0.023614584,-0.008812918,-0.000119394,-0.008101811,-0.003930608,0.005102557,0.000178806,-0.202380539,1.28501E-05,-0.009769635,0.003464535,-0.001675884,-0.00641623,-0.008992288,-0.00968655,-0.005588547,-0.002009068,0.001904005,-0.003992676,-0.005975025,-0.017492993,-0.002714313,-0.009516764,-0.002005304,-0.006425289,-0.006619667,1.14834E-05
BR3_main,9.448080808,0.0000005,0.000724862,-0.002558884,-0.003789152,-0.021943233,-0.008974871,-0.000113027,-0.008026338,-0.004038349,0.004802585,0.000170998,-0.200927816,1.90865E-05,-0.009823898,0.003208562,-0.001680338,-0.006060191,-0.0065422,-0.009484955,-0.005644404,-0.001928236,0.001478893,-0.003984065,-0.005132356,-0.017141527,-0.002564382,-0.00943359,-0.001977907,-0.006864652,-0.006594155,1.1494E-05
BR3_main,9.567676768,0.0000005,-3.65375E-05,-0.002580993,-0.003872224,-0.021463028,-0.008739286,-0.000119084,-0.007835681,-0.004152095,0.004587188,0.000161848,-0.201566635,2.78736E-05,-0.009603216,0.003124995,-0.001678402,-0.006027918,-0.005679465,-0.009201607,-0.005628148,-0.001848946,0.001407356,-0.003973072,-0.004653269,-0.016825068,-0.002423379,-0.009960778,-0.001954237,-0.006956823,-0.006562309,1.30552E-05
BR3_main,9.687272727,0.0000005,0.000127111,-0.00266421,-0.003928526,-0.021290911,-0.00826483,-8.77448E-05,-0.007781219,-0.004206452,0.00443371,0.000144577,-0.202819455,4.14843E-05,-0.011000129,0.003402272,-0.001676483,-0.00607549,-0.005714325,-0.009257916,-0.005641826,-0.001775366,0.00102184,-0.003821788,-0.004616861,-0.016431608,-0.002414182,-0.009253521,-0.001924342,-0.006940043,-0.006538563,1.3033E-05
BR3_main,9.806868687,0.0000005,-0.000208169,-0.002739641,-0.00379146,-0.020856102,-0.007634612,-4.99311E-05,-0.007864118,-0.005056058,0.004317645,0.000131472,-0.202312414,6.80789E-05,-0.012508234,0.003721241,-0.00167747,-0.006041644,-0.006202293,-0.009962603,-0.005449138,-0.001720146,0.001813052,-0.003859438,-0.004558825,-0.016087054,-0.002379247,-0.007463224,-0.001889388,-0.007243656,-0.006532355,1.29761E-05
BR3_main,9.926464646,0.0000005,1.99553E-05,-0.002773328,-0.003545982,-0.02076749,-0.007534093,-6.22874E-05,-0.007980992,-0.00563619,0.004126748,0.000120234,-0.200580156,0.000109409,-0.013024725,0.004099277,-0.001675623,-0.005871777,-0.006568863,-0.010468303,-0.005144874,-0.001683485,0.002139286,-0.00388292,-0.004648534,-0.015840434,-0.0024512,-0.006385559,-0.001874307,-0.007754535,-0.006524626,1.07058E-05
BR3_main,10.04606061,0.0000005,-0.00049312,-0.002971549,-0.003346683,-0.020090411,-0.007427219,-0.000129738,-0.008107644,-0.006124351,0.003910578,0.000114965,-0.201750326,0.000165349,-0.012202716,0.003804709,-0.001678517,-0.005854082,-0.007025105,-0.010286626,-0.004912912,-0.001660559,0.003448524,-0.003873404,-0.0048118,-0.015767741,-0.002558024,-0.006310673,-0.001842716,-0.007428779,-0.006495923,1.04851E-05
BR3_main,10.16565657,0.0000005,-0.000399661,-0.003187187,-0.003156463,-0.019820361,-0.007638245,-0.000281644,-0.008443524,-0.005943182,0.003235505,0.000118736,-0.200666243,0.000223222,-0.011926583,0.003608339,-0.001673204,-0.005856542,-0.007697855,-0.009683731,-0.004746016,-0.001646975,0.005312369,-0.003817407,-0.005050718,-0.015861172,-0.002586594,-0.006198421,-0.001829933,-0.007965156,-0.006453384,1.07695E-05
BR3_main,10.28525253,0.0000005,-0.000160844,-0.003285352,-0.002964657,-0.019685676,-0.008313106,-0.000395953,-0.009032726,-0.005570077,0.002400272,0.000136399,-0.202433357,0.000302219,-0.011986871,0.003226733,-0.001659457,-0.005802064,-0.008077124,-0.009680261,-0.004683926,-0.001636091,0.00595944,-0.003910922,-0.005132551,-0.016210883,-0.002821368,-0.006135598,-0.001821158,-0.00846924,-0.006403644,1.05089E-05
BR3_main,10.40484848,0.0000005,-0.000120293,-0.003317218,-0.002861731,-0.019358274,-0.009123177,-0.000641858,-0.00989836,-0.005491172,0.001725488,0.000173399,-0.205090594,0.000373174,-0.011666874,0.002471669,-0.001636204,-0.005595828,-0.007972,-0.009771891,-0.004564572,-0.001634068,0.005700747,-0.004109663,-0.005127978,-0.016706828,-0.003255505,-0.006214552,-0.001808371,-0.009246484,-0.006315998,8.14255E-06
BR3_main,10.52444444,0.0000005,-0.00033193,-0.003544891,-0.00279523,-0.019306339,-0.009445268,-0.000856028,-0.010788458,-0.005477969,0.000491337,0.000224814,-0.206996823,0.000437633,-0.010723413,0.001125254,-0.001600218,-0.005351517,-0.007980808,-0.00891139,-0.004517865,-0.001691767,0.0049205,-0.004387204,-0.004917376,-0.017288979,-0.003719646,-0.006177095,-0.001817407,-0.009702199,-0.006226483,4.45542E-06
BR3_main,10.6440404,0.0000005,-0.000504149,-0.003512046,-0.002775314,-0.019925499,-0.009313666,-0.000891323,-0.01243641,-0.005601367,-0.000737038,0.000313391,-0.209171675,0.000480681,-0.010610696,0.001336184,-0.00154969,-0.00515453,-0.007382056,-0.008757648,-0.004476092,-0.001757921,0.005449168,-0.004639214,-0.004774015,-0.019210942,-0.004371773,-0.006796597,-0.001809297,-0.009114493,-0.00609646,3.20905E-06
BR3_main,10.76363636,0.0000005,-0.000728379,-0.003265311,-0.002696224,-0.021382088,-0.008080967,-0.001095789,-0.01417464,-0.005301238,-0.001293644,0.000358055,-0.211406042,0.000526559,-0.010492221,0.001731059,-0.001495351,-0.005169649,-0.006866242,-0.008524139,-0.004430246,-0.00187582,0.006451533,-0.004887747,-0.004829356,-0.021827987,-0.005900944,-0.007138159,-0.001804344,-0.008644986,-0.005980765,4.49424E-06
BR3_main,10.88323232,0.0000005,-0.000868019,-0.002861928,-0.002658754,-0.022567888,-0.005211514,-0.000923567,-0.015319891,-0.005217253,-0.001797491,0.00037216,-0.213938724,0.000544263,-0.010039411,0.001561628,-0.00148826,-0.005270879,-0.008485456,-0.008112648,-0.004337433,-0.0019152,0.00801777,-0.005107028,-0.004655163,-0.022987674,-0.007052239,-0.007690571,-0.001824564,-0.007687701,-0.005792194,6.12532E-06
BR3_main,11.00282828,0.0000005,-0.000931964,-0.002849136,-0.002631908,-0.023409005,-0.003906593,-0.001020958,-0.015444219,-0.005825143,-0.001987191,0.000345501,-0.215141614,0.000568445,-0.009209266,0.002729132,-0.001563816,-0.005403871,-0.010835332,-0.008267578,-0.004232444,-0.001935987,0.009527701,-0.005232359,-0.004282847,-0.021647603,-0.00706608,-0.008396923,-0.00172603,-0.007716487,-0.005654627,7.57649E-06
BR3_main,11.12242424,0.0000005,-0.001027436,-0.003120686,-0.002619121,-0.024982341,-0.004248848,-0.001128626,-0.014378722,-0.006559796,-0.00100934,0.000312082,-0.211584646,0.000577108,-0.00968968,0.003792795,-0.001652833,-0.005197912,-0.010717783,-0.008379569,-0.004197056,-0.002119698,0.010406023,-0.005285419,-0.003665412,-0.019291617,-0.006416257,-0.008996425,-0.001589884,-0.00832099,-0.005544472,9.09629E-06
BR3_main,11.2420202,0.0000005,-0.001293822,-0.003624959,-0.002647304,-0.024437433,-0.004830384,-0.001244717,-0.012455848,-0.007007062,-0.001380055,0.000223282,-0.206430637,0.000505339,-0.011659865,0.003700905,-0.001751053,-0.004897063,-0.010369811,-0.008477262,-0.004091508,-0.002337251,0.012411379,-0.005541241,-0.003486509,-0.016340876,-0.005134259,-0.009621536,-0.00144667,-0.008069607,-0.005526637,8.79658E-06
BR3_main,11.36161616,0.0000005,-0.001765507,-0.00365773,-0.003012306,-0.027327426,-0.006210007,-0.001250925,-0.010419647,-0.006887084,-0.001866134,0.000137717,-0.20453132,0.000296622,-0.012711495,0.003439906,-0.001739256,-0.004962692,-0.012455376,-0.008545318,-0.004018502,-0.002384289,0.013422146,-0.006356572,-0.003402449,-0.016621935,-0.004431395,-0.011835399,-0.00144633,-0.00706893,-0.005514048,8.00926E-06
BR3_main,11.48121212,0.0000005,-0.002610148,-0.003811918,-0.003440573,-0.030304247,-0.00919078,-0.001517926,-0.009565376,-0.00580374,-0.011431517,5.62719E-05,-0.202506418,-0.00018567,-0.013054035,0.002827663,-0.001591144,-0.00530456,-0.014898741,-0.008297957,-0.004019773,-0.002455834,0.010784504,-0.008457515,-0.003354226,-0.016748167,-0.004929533,-0.01326533,-0.001526166,-0.005254651,-0.005500516,5.38773E-06
BR3_main,11.60080808,0.0000005,-0.003567892,-0.004957741,-0.003527718,-0.028289973,-0.013008567,-0.00257404,-0.009219682,-0.006409102,-0.026987639,-3.7957E-05,-0.201696368,-0.000701304,-0.012788597,-0.000469313,-0.001473892,-0.006892461,-0.017597281,-0.008455807,-0.004014901,-0.002748568,0.002252697,-0.011832301,-0.003565097,-0.017920721,-0.006052501,-0.015039276,-0.00163484,-0.004906982,-0.005434,4.87776E-06
BR3_main,11.72040404,0.0000005,-0.003799234,-0.007153238,-0.003074588,-0.02197837,-0.016077123,-0.003804268,-0.009077049,-0.010146778,-0.029267627,-0.000213992,-0.203023676,-0.001689436,-0.01344469,-0.003397474,-0.001446795,-0.00976071,-0.022786658,-0.009228193,-0.004016817,-0.003468651,-0.006680698,-0.016357485,-0.004382456,-0.020566564,-0.007367226,-0.018618401,-0.001729877,-0.004680974,-0.005361859,6.46387E-06
BR3_main,11.84,0.0000005,-0.004136004,-0.011438748,-0.002654853,-0.023975617,-0.017304486,-0.006015292,-0.009370531,-0.012293897,-0.02412259,-0.000375062,-0.204438539,-0.002713069,-0.017193601,-0.009552236,-0.001583039,-0.012365919,-0.027966925,-0.010481116,-0.004013162,-0.003586564,-0.026197805,-0.017479655,-0.00528743,-0.02195307,-0.008302266,-0.021249679,-0.00179001,-0.011244826,-0.005347839,7.10395E-06
BR4_main,0,0.014519536,-0.076693263,-0.550801279,-0.103473484,-1.320382854,-0.151158085,-0.282473837,-1.447228237,-0.084555049,-0.181146472,-0.004667354,-6.078435367,-2.624291624,-2.529723329,-0.240238017,-0.114126284,-0.49563113,-0.484283486,-0.417721074,-0.172029999,-0.421590826,0.303661113,-0.041195939,-0.217944357,-3.435064513,-3.901277917,-0.126500452,-0.069078815,-0.403641558,-0.119954343,2.39925E-05
BR4_main,0.11959596,0.020874968,-0.066491729,-0.426048485,-0.087369989,-1.137409536,-0.127725771,-0.229304425,-1.05487905,-0.080855861,-0.160020127,-0.004148935,-5.065637583,-2.253578064,-1.437743986,-0.198053213,-0.100196526,-0.422180445,0.230590941,-0.358722538,-0.153127142,-0.256502953,0.25040498,-0.037666529,-0.190719271,-2.339112127,-3.297190118,-0.108953272,-0.062090577,-0.316010688,-0.103038173,3.05701E-05
BR4_main,0.239191919,0.02653273,-0.04915726,0.010062796,-0.072631703,-0.832613089,-0.099003014,-0.14558206,-0.581580162,-0.073413243,-0.096454459,-0.003419406,-3.498175824,-1.337683436,-0.246167979,-0.113973569,-0.078121786,-0.331586336,0.700315516,-0.254870163,-0.127916257,-0.161559614,0.130798101,-0.033739316,-0.162771658,-0.982023844,-1.951374802,-0.09011425,-0.048057359,-0.193685636,-0.09220963,3.92271E-05
BR4_main,0.358787879,0.031220915,-0.035708467,0.081210365,-0.060396302,-0.555750462,-0.053046985,-0.096063629,-0.927406423,-0.065571272,-0.10295012,-0.002117223,-2.370781581,-0.947664462,-0.095703416,-0.050542647,-0.059047187,-0.234087261,0.565906354,-0.176789591,-0.102967829,-0.129619488,0.005604781,-0.02949399,-0.132560787,-2.238652853,-1.077659718,-0.07548174,-0.035635667,-0.110990221,-0.086317193,4.62856E-05
BR4_main,0.478383838,0.034630975,-0.025485397,0.047099527,-0.049712308,-0.325800473,-0.035789584,-0.075395965,-1.386177975,-0.057892398,-0.062201352,-0.001585995,-1.646554032,-0.914322656,-0.65186141,-0.02098587,-0.044567857,-0.169186472,0.459316868,-0.129984345,-0.093007659,-0.099072407,-0.023205964,-0.025301606,-0.106378361,-3.138197357,-1.037580564,-0.055976905,-0.025515574,-0.060384763,-0.07979743,4.37408E-05
BR4_main,0.597979798,0.037038522,-0.018440432,-0.017886069,-0.04199825,-0.224465762,-0.032746854,-0.057889372,-1.120927763,-0.050705209,0.053724929,-0.001187205,-1.270737634,-0.717082655,-1.39294132,-0.018904055,-0.0382511,-0.135666701,0.417335586,-0.106643922,-0.081967968,-0.082499708,-0.015382006,-0.018174624,-0.084370975,-2.762169486,-0.783945597,-0.045607907,-0.019166602,-0.039137976,-0.073022693,3.89655E-05
BR4_main,0.717575758,0.038609234,-0.015910194,-0.024995403,-0.035486244,-0.100961396,-0.064984336,-0.039127309,-0.82380181,-0.044113653,0.055730281,-0.000744696,-1.07044043,-0.611586186,-2.049648681,-0.041607063,-0.032607123,-0.125566766,0.413519522,-0.091395845,-0.073054903,-0.071239906,0.047762946,-0.014083624,-0.068354586,-2.07604189,-0.394859315,-0.038614171,-0.014400306,-0.031001406,-0.066993304,2.98652E-05
BR4_main,0.837171717,0.039664128,-0.016172928,-0.000164892,-0.030909046,-0.089147613,-0.09212702,-0.025183986,-0.503006467,-0.038279275,0.039313308,-0.000775724,-0.941209841,-0.517707953,-1.925275853,-0.04995015,-0.027358298,-0.129838433,0.434676124,-0.083969758,-0.065149428,-0.061546316,0.078781589,-0.013165906,-0.056350131,-1.190049154,-0.074066207,-0.035372834,-0.012783455,-0.028796017,-0.060742561,2.3769E-05
BR4_main,0.956767677,0.040276821,-0.021700082,0.033013239,-0.028560249,-0.109754279,-0.096085983,-0.019617572,-0.342920551,-0.032320078,0.023290115,-0.000783296,-0.827719509,-0.437211607,-1.245352993,-0.039737213,-0.023981415,-0.12012016,0.432566164,-0.078065349,-0.056339302,-0.049013291,0.118029727,-0.012507123,-0.044647781,-0.511560725,-0.138984888,-0.033312086,-0.011283905,-0.027073615,-0.055421358,2.11627E-05
BR4_main,1.076363636,0.040590283,-0.023151957,0.0388565,-0.028356084,-0.118320705,-0.074836998,-0.019998109,-0.223942749,-0.027281781,0.017015115,-0.000736469,-0.732739285,-0.49606892,-0.648068565,-0.027829361,-0.020576102,-0.099505894,0.399084937,-0.071300991,-0.049377097,-0.040446562,0.119176337,-0.012294871,-0.041890362,-0.512073631,-0.17891032,-0.031527558,-0.009870692,-0.025516781,-0.05081046,1.91137E-05
BR4_main,1.195959596,0.040804336,-0.01860853,0.03515329,-0.028055967,-0.117152457,-0.047632525,-0.021906675,-0.12054638,-0.02315237,-0.032851396,-0.000651094,-0.651330444,-0.553403675,-0.229203285,-0.013418478,-0.017614891,-0.079201255,0.362987418,-0.063490707,-0.043345849,-0.039536495,0.108105209,-0.011935787,-0.043311203,-0.472434312,-0.21805378,-0.029832046,-0.00877374,-0.023099888,-0.046571784,2.04317E-05
BR4_main,1.315555556,0.040916083,-0.013028388,0.028780397,-0.028687916,-0.109376771,-0.031250236,-0.023795389,-0.083234484,-0.019911853,-0.003672845,-0.000540853,-0.573445087,-0.558562445,-0.126272227,-2.83099E-05,-0.015050153,-0.076086342,0.324283285,-0.059363729,-0.04092198,-0.035880105,0.097255278,-0.012015904,-0.042029154,-0.471296271,-0.260302234,-0.028347153,-0.007978525,-0.020315941,-0.042321079,1.88064E-05
BR4_main,1.435151515,0.040957709,-0.008168324,0.020722526,-0.03027067,-0.070859796,-0.025593339,-0.021335546,-0.090367264,-0.018064199,-0.068906503,-0.000375458,-0.512940044,-0.566291361,-0.142185515,0.001902525,-0.012846136,-0.067205438,0.25440358,-0.05388073,-0.038747613,-0.032727425,0.080988378,-0.012095466,-0.041158658,-0.5708196,-0.18833403,-0.026832497,-0.007313639,-0.01821916,-0.039128242,1.70254E-05
BR4_main,1.554747475,0.040909575,-0.006057047,0.015863589,-0.030946996,-0.06230246,-0.022196832,-0.014747403,-0.092760162,-0.016420782,-0.041048183,-0.00024617,-0.458722066,-0.508768819,-0.186204516,0.003742007,-0.01169578,-0.046596982,0.148406381,-0.049264825,-0.03619025,-0.030279888,0.064127344,-0.012125834,-0.041378534,-0.705229227,-0.15483064,-0.025699572,-0.006716117,-0.017105138,-0.036098481,1.44588E-05
BR4_main,1.674343434,0.040822604,-0.003749335,0.01645923,-0.030466925,-0.056028919,-0.020861142,-0.00715649,-0.102290318,-0.014765879,0.000833216,-0.000164601,-0.410299435,-0.394475707,-0.205794438,0.005392683,-0.011667488,-0.042045001,0.081581265,-0.045792398,-0.034149127,-0.027955226,0.052581604,-0.012104721,-0.046180164,-0.618430028,-0.15302728,-0.024837293,-0.006238952,-0.017930162,-0.03352085,1.23578E-05
BR4_main,1.793939394,0.040639864,-0.002675033,0.025008655,-0.028781149,-0.052833502,-0.019765113,-0.003723005,-0.090121132,-0.01292579,0.026490328,-8.08487E-05,-0.367168583,-0.334613888,-0.191302327,0.004544551,-0.012379221,-0.034866862,0.058459218,-0.04159523,-0.033362174,-0.025549582,0.043238748,-0.012093651,-0.051075757,-0.496339332,-0.151585483,-0.023858491,-0.005884453,-0.017661845,-0.031619366,1.09761E-05
BR4_main,1.913535354,0.040317541,-0.002354082,0.027576852,-0.026339179,-0.055685912,-0.018855809,-0.002664864,-0.087184898,-0.011985708,0.03158545,-1.21048E-06,-0.328176994,-0.273832446,-0.154450831,0.004997681,-0.012434403,-0.031516559,0.025521259,-0.040955581,-0.033823587,-0.023617743,0.032839807,-0.012134607,-0.054619638,-0.394754944,-0.152372772,-0.023087763,-0.005645932,-0.017885899,-0.029513484,9.60161E-06
BR4_main,2.033131313,0.039885691,-0.001940669,0.018176609,-0.023733307,-0.061349078,-0.019473108,-0.001794758,-0.077179563,-0.011448659,0.032062811,8.05995E-05,-0.293159492,-0.211982462,-0.142958176,0.005770643,-0.01292384,-0.029489443,0.017723852,-0.041632609,-0.034753182,-0.020373228,0.020912863,-0.012129983,-0.050153258,-0.251780675,-0.127071074,-0.022152897,-0.0053784,-0.017589629,-0.028124203,8.13487E-06
BR4_main,2.152727273,0.039300333,-0.001777919,0.009647544,-0.021303541,-0.066659816,-0.019089216,-0.001410234,-0.064698146,-0.010941396,0.03180749,0.000147443,-0.265079294,-0.185504571,-0.182045927,0.007754506,-0.012913129,-0.024231851,0.025159552,-0.042561893,-0.035504754,-0.016074542,0.013396716,-0.012105132,-0.039408262,-0.162066487,-0.0994584,-0.021275983,-0.005076591,-0.016949016,-0.027062446,7.65593E-06
BR4_main,2.272323232,0.038516531,-0.001592424,0.004580868,-0.019730371,-0.069642825,-0.018907039,-0.000915913,-0.059966411,-0.010392468,0.030696042,0.000203784,-0.240475744,-0.155384962,-0.247726177,0.008252548,-0.012179099,-0.02289114,0.022338293,-0.04318325,-0.033372861,-0.017218925,0.005783848,-0.011935643,-0.027927623,-0.114384306,-0.082363294,-0.020487151,-0.004851549,-0.016086635,-0.026078819,7.61914E-06
BR4_main,2.391919192,0.037470573,-0.001460722,0.000356069,-0.018599689,-0.069413941,-0.018282848,-0.000481534,-0.057574582,-0.009869503,0.029938783,0.0002552,-0.219043018,-0.137408884,-0.266913943,0.009938914,-0.010358968,-0.021713356,0.008160101,-0.042744129,-0.03275775,-0.017693242,-0.006357478,-0.011782576,-0.021838199,-0.137768018,-0.063441569,-0.019949699,-0.004638595,-0.015063868,-0.024943812,7.62282E-06
BR4_main,2.511515152,0.036216596,-0.001434296,-0.003693695,-0.017222617,-0.067667974,-0.017474969,8.22045E-05,-0.05072555,-0.009734993,0.028539952,0.000291368,-0.205212379,-0.109897067,-0.213353857,0.011079334,-0.009417273,-0.019866101,-0.008819302,-0.04022186,-0.029400559,-0.015229538,-0.015229122,-0.011577667,-0.019176768,-0.140651911,-0.049589753,-0.01919866,-0.004383409,-0.014150984,-0.024306784,7.87345E-06
BR4_main,2.631111111,0.034333819,-0.001221075,-0.00701079,-0.015711008,-0.066423484,-0.01708167,0.000225802,-0.048717621,-0.009955516,0.027834296,0.000314863,-0.192102921,-0.081813581,-0.149861674,0.00773897,-0.008469425,-0.01889825,-0.056126544,-0.033301282,-0.027358658,-0.012488254,-0.021073977,-0.011310089,-0.018671733,-0.133688338,-0.040510747,-0.018342076,-0.004313262,-0.013376612,-0.023687486,9.30592E-06
BR4_main,2.750707071,0.032102496,-0.001353862,-0.013887173,-0.014248823,-0.063344074,-0.016478755,0.000395003,-0.047663911,-0.009983083,0.02790391,0.000331845,-0.181215838,-0.049996036,-0.11975017,0.007865413,-0.00855871,-0.01707709,-0.101660985,-0.03038063,-0.023513662,-0.010504973,-0.024484286,-0.01091325,-0.018885985,-0.131680118,-0.034056117,-0.017616728,-0.004353661,-0.012557366,-0.024179466,1.27235E-05
BR4_main,2.87030303,0.02945646,-0.001204308,-0.017236913,-0.013508393,-0.05997888,-0.017177741,0.000460917,-0.052803973,-0.009804291,0.028475531,0.00032464,-0.172506743,-0.024839326,-0.093713365,0.009038835,-0.008177236,-0.016657859,-0.125681278,-0.030194449,-0.019503635,-0.009469989,-0.026319487,-0.01057567,-0.018076554,-0.127536647,-0.030251106,-0.016976025,-0.004319314,-0.01189097,-0.025893551,1.74501E-05
BR4_main,2.98989899,0.026806944,-0.001085052,-0.019238569,-0.012752631,-0.059170118,-0.019478482,0.000614209,-0.044012756,-0.009615333,0.027632218,0.000319628,-0.165856005,-0.011063801,-0.068886938,0.008033643,-0.007649927,-0.016623541,-0.137275755,-0.029948205,-0.018287882,-0.009050634,-0.028079004,-0.010342783,-0.016633195,-0.098252628,-0.027046599,-0.016366134,-0.004394361,-0.011208246,-0.024501261,2.07095E-05
BR4_main,3.109494949,0.024791212,-0.001178467,-0.020974471,-0.012475235,-0.059850523,-0.022494722,0.000425854,-0.040030965,-0.009556291,0.027069322,0.000319938,-0.162104967,-0.006066579,-0.042545865,0.007265313,-0.007600382,-0.016267991,-0.139958907,-0.030150991,-0.018258488,-0.008797147,-0.027954159,-0.010189014,-0.017546382,-0.084860529,-0.025433758,-0.015813668,-0.004678486,-0.010649215,-0.022885485,2.00912E-05
BR4_main,3.229090909,0.023018815,-0.001271648,-0.021210148,-0.012153586,-0.06012752,-0.023946391,0.000296497,-0.038272435,-0.009316343,0.026121174,0.000320921,-0.160851467,-0.003697762,-0.032399608,0.006974646,-0.006803042,-0.015361261,-0.133977289,-0.029138564,-0.018380558,-0.008321629,-0.027373509,-0.010091505,-0.018888464,-0.074895603,-0.024839072,-0.015427173,-0.005025202,-0.010228106,-0.021809676,1.85228E-05
BR4_main,3.348686869,0.021642385,-0.00112531,-0.024013121,-0.011860272,-0.060044127,-0.025309944,9.94552E-05,-0.035479664,-0.009097994,0.025170758,0.000321391,-0.161385785,-0.00247527,-0.029157655,0.007274093,-0.00636888,-0.015673027,-0.127912535,-0.028032329,-0.018708882,-0.00806364,-0.02670076,-0.009906394,-0.020115359,-0.069827802,-0.024237836,-0.015103923,-0.005105016,-0.010148037,-0.02055336,1.38129E-05
BR4_main,3.468282828,0.020629025,-0.001138231,-0.028150645,-0.011654404,-0.059025337,-0.023695316,0.000402364,-0.031212377,-0.00880553,0.024244281,0.000320542,-0.162477728,-0.001774783,-0.027178566,0.008391133,-0.005626118,-0.015921298,-0.10981955,-0.026602028,-0.019047097,-0.00810692,-0.02461759,-0.009765002,-0.01893067,-0.065833692,-0.024386731,-0.014771313,-0.004974703,-0.009764409,-0.019287715,1.0054E-05
BR4_main,3.587878788,0.019780417,-0.001500514,-0.031745018,-0.011481236,-0.055834076,-0.020533415,0.000406776,-0.031406826,-0.008796246,0.023498775,0.000318552,-0.164993706,-0.001272169,-0.027579148,0.010514398,-0.005692152,-0.01600693,-0.098909623,-0.024457333,-0.019277616,-0.00830467,-0.022848075,-0.009623152,-0.018097899,-0.062848465,-0.024639786,-0.014432278,-0.004938947,-0.009468729,-0.018080441,9.10796E-06
BR4_main,3.707474747,0.019102495,-0.001731165,-0.031028878,-0.011350417,-0.052087451,-0.015658511,0.000351622,-0.029593991,-0.008760096,0.022800589,0.000315632,-0.167741413,-0.000974538,-0.026941841,0.01054176,-0.005393132,-0.016188454,-0.086015471,-0.023106395,-0.018508385,-0.009143858,-0.021618945,-0.009442148,-0.018999242,-0.063441886,-0.024816081,-0.014030991,-0.00500352,-0.009362507,-0.017083802,1.25737E-05
BR4_main,3.827070707,0.0185239,-0.001704384,-0.038428279,-0.011193106,-0.049597021,-0.013821127,0.000165951,-0.028820558,-0.008934408,0.021915882,0.000314317,-0.170361975,-0.000698128,-0.025208215,0.009132423,-0.005398314,-0.015921311,-0.072315168,-0.023173142,-0.018216329,-0.009671634,-0.019531474,-0.009205097,-0.020106673,-0.069103535,-0.02476455,-0.013631932,-0.005413944,-0.009690051,-0.016561976,1.58824E-05
BR4_main,3.946666667,0.018239738,-0.001490369,-0.04733479,-0.011034678,-0.047171458,-0.01237526,8.24209E-05,-0.026961633,-0.009041446,0.020136065,0.000311905,-0.171907767,-0.000480355,-0.026504665,0.006762337,-0.005551681,-0.016006622,-0.055794285,-0.023015883,-0.018211603,-0.010395525,-0.017971942,-0.008949214,-0.0200655,-0.064023432,-0.024548447,-0.013260093,-0.00566258,-0.009210916,-0.016065943,1.30817E-05
BR4_main,4.066262626,0.018008459,-0.001196959,-0.046800527,-0.010862579,-0.044775317,-0.011876842,-9.04944E-05,-0.028461078,-0.009101238,0.018052986,0.000303588,-0.174981069,-0.000395078,-0.025319576,0.00517577,-0.005687141,-0.016492792,-0.044050349,-0.022807723,-0.017840236,-0.010758857,-0.01697416,-0.008692772,-0.018993672,-0.058601031,-0.024198022,-0.012894974,-0.005705735,-0.009420998,-0.015667806,1.06918E-05
BR4_main,4.185858586,0.017646945,-0.00095776,-0.037099771,-0.010704374,-0.043203814,-0.011434836,-0.00022093,-0.029279884,-0.009277523,0.016832109,0.000294381,-0.177873277,-0.00023942,-0.0237226,0.00410991,-0.005723807,-0.017162074,-0.039080231,-0.022497549,-0.017533206,-0.010390662,-0.013809976,-0.008438204,-0.017359492,-0.053226337,-0.023851003,-0.012714125,-0.004945295,-0.009875205,-0.015321877,9.91917E-06
BR4_main,4.305454545,0.017422108,-0.000803392,-0.027497451,-0.010595589,-0.041259365,-0.011002093,-0.000398668,-0.030101222,-0.009553538,0.016174838,0.000286758,-0.182742179,-0.000102698,-0.022241006,0.003349366,-0.005863448,-0.017863128,-0.034627598,-0.022150125,-0.017458088,-0.009852935,-0.010764959,-0.008171114,-0.015132161,-0.046782424,-0.023329489,-0.01261966,-0.003916032,-0.010378983,-0.015061483,1.00365E-05
BR4_main,4.425050505,0.017253691,-0.000661344,-0.024604381,-0.010413008,-0.039558175,-0.010835306,-0.000370098,-0.027332877,-0.009656782,0.015681365,0.000277374,-0.187687014,7.45303E-06,-0.022343835,0.002909341,-0.006182582,-0.017012789,-0.031314457,-0.021844453,-0.01713117,-0.008938802,-0.007737336,-0.00789337,-0.014331338,-0.044019782,-0.022834373,-0.01260988,-0.003703667,-0.010516125,-0.015062525,1.00196E-05
BR4_main,4.544646465,0.016932581,-0.000516269,-0.022250979,-0.010219045,-0.03793718,-0.010717189,-0.000425456,-0.025968133,-0.009686297,0.015287813,0.000255364,-0.19437781,-3.0953E-05,-0.022837447,0.002440456,-0.006200283,-0.016228353,-0.026622077,-0.02185221,-0.01656514,-0.008550696,-0.005017454,-0.007610692,-0.014333709,-0.04588982,-0.022178897,-0.012527006,-0.003688915,-0.010705224,-0.015004837,1.05829E-05
BR4_main,4.664242424,0.01652328,-0.000380465,-0.019810603,-0.010036112,-0.036635171,-0.010658754,-0.000262285,-0.02350254,-0.009707319,0.014960606,0.000240051,-0.200932522,-2.11353E-06,-0.023077932,0.001868364,-0.005853648,-0.015432011,-0.021858295,-0.021553459,-0.016056041,-0.008461154,-0.003247268,-0.007346179,-0.014901387,-0.049261702,-0.021319159,-0.0124352,-0.003676359,-0.010492966,-0.015005484,1.1176E-05
BR4_main,4.783838384,0.016078927,-0.000374568,-0.016693565,-0.009845391,-0.035700635,-0.010846597,-0.000465933,-0.024570956,-0.009693483,0.01467207,0.000231294,-0.209269468,2.95365E-05,-0.023309636,0.001421729,-0.005702795,-0.014990539,-0.018078129,-0.021054532,-0.015418139,-0.008241302,-0.001928153,-0.007109035,-0.01519079,-0.049792113,-0.020387013,-0.012340741,-0.00365659,-0.010896959,-0.015009695,1.19284E-05
BR4_main,4.903434343,0.01561274,-0.000343899,-0.013557315,-0.009622462,-0.035469468,-0.010754563,-0.00040647,-0.022974165,-0.009925324,0.014405018,0.000225153,-0.215960424,5.05155E-05,-0.024001056,0.001030105,-0.005459192,-0.014537672,-0.015367331,-0.020542171,-0.015651904,-0.007990681,-0.000161161,-0.006876903,-0.015097894,-0.051150219,-0.019302601,-0.012222999,-0.003623126,-0.010878424,-0.015011893,1.27087E-05
BR4_main,5.023030303,0.01514479,-0.000291305,-0.012130217,-0.009373908,-0.036819071,-0.010776139,-0.000368121,-0.022249276,-0.009954558,0.014031743,0.000218338,-0.217246266,6.19633E-05,-0.024604671,0.000502381,-0.005131822,-0.01389261,-0.012837814,-0.020268305,-0.015385954,-0.007508146,0.002326199,-0.006659365,-0.014072292,-0.042293612,-0.018138344,-0.012148409,-0.003573185,-0.012026558,-0.014871339,1.34901E-05
BR4_main,5.142626263,0.014624691,-0.000291456,-0.011257536,-0.009106247,-0.037854787,-0.010802908,-0.000395952,-0.020215949,-0.009788411,0.013752652,0.000220329,-0.217617016,5.78113E-05,-0.025063902,0.000151659,-0.004988139,-0.013102329,-0.010838398,-0.020101408,-0.014937917,-0.007392667,0.004232491,-0.00643808,-0.013130551,-0.035060977,-0.016941436,-0.011976283,-0.003506482,-0.011273994,-0.014733807,1.43853E-05
BR4_main,5.262222222,0.014019948,-0.000312551,-0.010075916,-0.008851334,-0.038221672,-0.011116275,-0.000353928,-0.016435482,-0.009616305,0.013288956,0.000230533,-0.214942528,3.36524E-05,-0.025488197,-0.000163522,-0.005111742,-0.012618767,-0.009049863,-0.019621841,-0.014527319,-0.007174658,0.006039455,-0.006256251,-0.011369772,-0.033759558,-0.01575045,-0.011808588,-0.003428549,-0.011079701,-0.014585152,1.56545E-05
BR4_main,5.381818182,0.013410073,-0.000354608,-0.009123746,-0.00858841,-0.038412922,-0.01144271,-0.000305331,-0.014752032,-0.009564659,0.012869564,0.000236203,-0.210964125,1.37257E-05,-0.026191256,-0.000838799,-0.005171656,-0.013837484,-0.008077818,-0.019320046,-0.013928093,-0.006816961,0.008643447,-0.006110357,-0.01060614,-0.032457011,-0.014544036,-0.011470939,-0.00335279,-0.010568485,-0.014361816,1.76885E-05
BR4_main,5.501414141,0.012748155,-0.000376574,-0.006900158,-0.008318648,-0.040369975,-0.011687025,-0.000288697,-0.014806737,-0.009180568,0.012325707,0.00023554,-0.204648979,2.05146E-06,-0.026434671,-0.001083505,-0.0050977,-0.014542748,-0.006732431,-0.018881414,-0.013503281,-0.006523133,0.00945204,-0.005954047,-0.01004264,-0.03140913,-0.013346412,-0.011212738,-0.003258462,-0.009835474,-0.014094314,1.89395E-05
BR4_main,5.621010101,0.012023156,-0.000247292,-0.006168727,-0.008071596,-0.040296415,-0.011918507,-0.000342014,-0.014222382,-0.00869835,0.011847949,0.000231551,-0.202854418,4.72666E-06,-0.026263624,-0.001204028,-0.004984399,-0.013978216,-0.00498812,-0.018416464,-0.013068769,-0.006374025,0.010206599,-0.005814732,-0.009619914,-0.030235643,-0.012241306,-0.010931685,-0.003155071,-0.009025025,-0.013990158,1.94017E-05
BR4_main,5.740606061,0.011279411,-0.000225061,-0.004620196,-0.007818602,-0.039424019,-0.01209214,-0.000622466,-0.013833424,-0.008358288,0.011422705,0.000235855,-0.202599891,4.13587E-06,-0.02593657,-0.002087741,-0.004856789,-0.013230535,-0.003498645,-0.018123701,-0.012853416,-0.006364832,0.010468718,-0.005694785,-0.009445511,-0.029062954,-0.011173447,-0.010603636,-0.003083166,-0.008186545,-0.013816226,1.96533E-05
BR4_main,5.86020202,0.010562139,-0.000211993,-0.004150269,-0.007586075,-0.038670654,-0.012220022,-0.000669527,-0.013068964,-0.007854556,0.011029414,0.000234707,-0.202777224,-2.65699E-06,-0.025040697,-0.002121062,-0.004653922,-0.012745008,-0.001738212,-0.018840251,-0.012210671,-0.006437512,0.01087128,-0.005584754,-0.010174365,-0.0279963,-0.01018171,-0.010290094,-0.003052509,-0.007367161,-0.013573156,1.97248E-05
BR4_main,5.97979798,0.009854813,-0.000184094,-0.003739588,-0.007376203,-0.035981932,-0.012194247,-0.000543036,-0.012213517,-0.00768122,0.010673863,0.000232004,-0.202082183,-1.66311E-05,-0.023868406,-0.00205548,-0.004382611,-0.011108983,-9.73037E-07,-0.018787179,-0.012013133,-0.006851418,0.011052987,-0.00548201,-0.010547422,-0.026972987,-0.009253427,-0.010122602,-0.003015277,-0.006992834,-0.013251822,1.97724E-05
BR4_main,6.099393939,0.009149817,-0.000146933,-0.003163917,-0.007170342,-0.036166445,-0.012283011,-0.000246851,-0.012279535,-0.007347258,0.010294553,0.000230686,-0.199726126,-2.0266E-05,-0.022811306,-0.002149287,-0.004087543,-0.010101732,0.000435145,-0.018798789,-0.011874272,-0.006986365,0.010839486,-0.005385824,-0.011408006,-0.026136362,-0.008394809,-0.009873799,-0.002961644,-0.006599661,-0.012860516,1.98199E-05
BR4_main,6.218989899,0.008436664,-0.000117182,-0.002346393,-0.006951973,-0.037803392,-0.012396726,3.26082E-05,-0.012909737,-0.007179029,0.010014006,0.000231665,-0.195895771,-2.00354E-05,-0.021748158,-0.003543365,-0.003915164,-0.009822704,0.001357563,-0.018763242,-0.011510715,-0.006996352,0.010838802,-0.005295465,-0.01185755,-0.02628114,-0.007722601,-0.009399335,-0.00292296,-0.00614504,-0.012413814,1.98853E-05
BR4_main,6.338585859,0.007620759,-0.000106045,-0.002174372,-0.006734207,-0.036082777,-0.012356383,0.000465315,-0.012661397,-0.006958122,0.00976135,0.000230222,-0.194213939,-1.97093E-05,-0.021488999,-0.003827525,-0.00370288,-0.009560086,0.001434675,-0.019011133,-0.011212274,-0.00625869,0.010531642,-0.005240128,-0.01198326,-0.026560725,-0.007121081,-0.009293704,-0.002879231,-0.005967676,-0.012034779,2.00008E-05
BR4_main,6.458181818,0.006837694,-7.82491E-05,-0.002111131,-0.006519553,-0.035460114,-0.012277271,0.00072758,-0.012916547,-0.006727816,0.00946334,0.000225567,-0.194986989,-2.39275E-05,-0.02076142,-0.003257971,-0.003529946,-0.009121275,0.001472716,-0.019238785,-0.011316051,-0.006005314,0.009783223,-0.005198536,-0.012423501,-0.026482193,-0.006598671,-0.00899154,-0.002827499,-0.005900563,-0.011725394,2.01194E-05
BR4_main,6.577777778,0.006025436,-7.05326E-05,-0.002187461,-0.006315249,-0.034422406,-0.012126875,0.000870893,-0.011003874,-0.006436961,0.009192155,0.000222321,-0.19410798,-2.79818E-05,-0.019502811,-0.002948936,-0.003343896,-0.008868178,0.0016574,-0.020471511,-0.010896139,-0.006076621,0.009305224,-0.00514935,-0.011516911,-0.026439821,-0.006161041,-0.008808759,-0.002775606,-0.005847688,-0.011354901,2.01742E-05
BR4_main,6.697373737,0.00532423,-5.82236E-05,-0.002214838,-0.006116046,-0.033712775,-0.011767436,0.001016326,-0.009897787,-0.005974305,0.008968026,0.000218724,-0.196430595,-3.05501E-05,-0.01793301,-0.001337395,-0.003142185,-0.008614744,0.001596105,-0.020811249,-0.010567486,-0.006079654,0.008948848,-0.005087849,-0.010759335,-0.026257018,-0.005781819,-0.008563541,-0.002732332,-0.005875193,-0.011005123,2.02441E-05
BR4_main,6.816969697,0.004676989,-4.39451E-05,-0.002222167,-0.005937827,-0.032500844,-0.01158532,0.00103591,-0.009510374,-0.005606552,0.008753613,0.000215167,-0.198786328,-4.48603E-05,-0.016359907,-0.00082074,-0.002917343,-0.008307223,0.000975258,-0.021177043,-0.010306042,-0.005734695,0.008131527,-0.005029108,-0.0092524,-0.025862523,-0.005418188,-0.008370825,-0.002707204,-0.006111616,-0.010612522,2.02939E-05
BR4_main,6.936565657,0.00396995,-1.6697E-05,-0.002263452,-0.005772454,-0.031609368,-0.011210918,0.000986266,-0.00906776,-0.005300252,0.008594638,0.000211436,-0.200759435,-5.7418E-05,-0.014918509,-1.73533E-05,-0.002730551,-0.007939222,0.000289078,-0.019839058,-0.010270159,-0.00523097,0.006819699,-0.004987178,-0.008409941,-0.025188624,-0.005120371,-0.008198634,-0.002677633,-0.00656491,-0.010309751,2.03878E-05
BR4_main,7.056161616,0.00332132,3.66333E-05,-0.002301999,-0.005611495,-0.030222858,-0.010627887,0.000719549,-0.009263271,-0.005126769,0.008473391,0.000207285,-0.202638049,-6.90344E-05,-0.013567687,0.000369954,-0.002599626,-0.00770113,-0.000652787,-0.01789748,-0.010359791,-0.004763913,0.005741472,-0.004937427,-0.008233312,-0.024288947,-0.004849651,-0.007828324,-0.002650653,-0.00692384,-0.010031248,2.04973E-05
BR4_main,7.175757576,0.002749684,6.50873E-05,-0.002396345,-0.005461296,-0.029080631,-0.009953552,0.00043501,-0.008994375,-0.005162953,0.008331816,0.000196724,-0.202929686,-8.08409E-05,-0.012533299,0.000690281,-0.002523605,-0.007446393,-0.001098438,-0.014965657,-0.010078774,-0.004296277,0.004666854,-0.004878678,-0.007775106,-0.023230563,-0.004671987,-0.00751039,-0.002640419,-0.007130117,-0.009807178,2.00522E-05
BR4_main,7.295353535,0.00225186,8.39434E-05,-0.00246977,-0.005309054,-0.027814157,-0.009500239,3.84926E-06,-0.009236788,-0.005080624,0.00824089,0.000183635,-0.20564211,-9.26002E-05,-0.011812437,0.00079275,-0.002448443,-0.007355799,-0.001652676,-0.013756967,-0.009236898,-0.004132414,0.004295257,-0.00480901,-0.007424766,-0.022088236,-0.004526387,-0.00756459,-0.002642112,-0.00726595,-0.009588056,1.82866E-05
BR4_main,7.414949495,0.001822581,8.61213E-05,-0.00299727,-0.005152163,-0.026499452,-0.00899786,-0.000315052,-0.00986196,-0.004830859,0.008076054,0.000166871,-0.207856938,-0.000102375,-0.011318214,0.000920715,-0.002386019,-0.007100299,-0.002087879,-0.013388698,-0.008406622,-0.004430324,0.003371611,-0.004738522,-0.007268444,-0.02087719,-0.004400249,-0.00749726,-0.002664076,-0.007471639,-0.009317209,1.68146E-05
BR4_main,7.534545455,0.001432004,9.19775E-05,-0.003716786,-0.0049966,-0.025881539,-0.008707878,-0.000432367,-0.010749619,-0.004690474,0.007919663,0.000150289,-0.210405506,-0.000107729,-0.010911936,0.001029953,-0.00242548,-0.007103344,-0.002358339,-0.012529885,-0.007924677,-0.005119868,0.003576955,-0.004669467,-0.00715442,-0.020662378,-0.00427784,-0.007316778,-0.002686272,-0.007503578,-0.009035751,1.54947E-05
BR4_main,7.654141414,0.00109351,9.17298E-05,-0.00444912,-0.004838277,-0.024979167,-0.008383744,-0.000374508,-0.011292089,-0.00471481,0.007739407,0.0001326,-0.209269313,-0.000119917,-0.01059985,0.001170239,-0.002342823,-0.007193516,-0.002620373,-0.012075723,-0.007685017,-0.005721779,0.003927112,-0.00458872,-0.007015708,-0.020431321,-0.004249964,-0.007168877,-0.002672202,-0.007308601,-0.008745731,1.4127E-05
BR4_main,7.773737374,0.000792436,7.44812E-05,-0.005354727,-0.004682157,-0.024090002,-0.008029617,-0.000210149,-0.011535635,-0.004717628,0.007562945,0.000117577,-0.212315203,-0.000155106,-0.010368121,0.001348107,-0.002330599,-0.007379578,-0.002746256,-0.012414836,-0.007649994,-0.005981041,0.003897414,-0.004523727,-0.00688321,-0.020478554,-0.00427828,-0.007245239,-0.002576742,-0.007012004,-0.008449475,1.25E-05
BR4_main,7.893333333,0.000550215,6.657E-05,-0.006262629,-0.004520689,-0.023345546,-0.007566431,-1.3659E-05,-0.011567679,-0.004992951,0.007378049,0.000105523,-0.21332321,-0.000196401,-0.01032663,0.00153247,-0.002389124,-0.007546504,-0.002903039,-0.012494777,-0.007420865,-0.006022468,0.004876526,-0.00444813,-0.006735652,-0.020560557,-0.004418026,-0.007245991,-0.002487954,-0.006550754,-0.008223952,1.13925E-05
BR4_main,8.012929293,0.000347774,4.42582E-05,-0.007127094,-0.004331824,-0.022604044,-0.006976465,1.40958E-05,-0.012023137,-0.005169237,0.007204317,9.69288E-05,-0.211949926,-0.000218959,-0.010350552,0.001645971,-0.002408594,-0.007594736,-0.003231866,-0.012168433,-0.00700275,-0.00584746,0.005128616,-0.004340965,-0.006631755,-0.020819586,-0.004469294,-0.007139738,-0.00244276,-0.005945496,-0.008061589,1.07059E-05
BR4_main,8.132525253,0.000169049,2.14094E-05,-0.00876517,-0.004146696,-0.021003193,-0.006446831,6.71963E-05,-0.013385406,-0.004840772,0.007080317,9.29566E-05,-0.210662646,-0.00024463,-0.010437358,0.001562862,-0.002387583,-0.007566462,-0.003538943,-0.011746382,-0.006709551,-0.005724357,0.005693171,-0.004227863,-0.00637643,-0.021009166,-0.00436397,-0.006917265,-0.002377685,-0.005390926,-0.007967226,1.07736E-05
BR4_main,8.252121212,3.7812E-05,-2.43752E-05,-0.008928472,-0.003984643,-0.020283379,-0.00604894,0.000114262,-0.012908165,-0.004936625,0.006936215,9.50567E-05,-0.208982129,-0.000226108,-0.010788216,0.001884223,-0.002407046,-0.00745954,-0.004065389,-0.011818196,-0.006413069,-0.005077452,0.006083125,-0.004111544,-0.006168069,-0.020831123,-0.004178653,-0.006632865,-0.002328823,-0.005341869,-0.007933031,1.11929E-05
BR4_main,8.371717172,0.0000005,-8.22506E-05,-0.008898097,-0.00388747,-0.019786508,-0.005791592,0.000197822,-0.012982326,-0.00476196,0.006752949,0.00010233,-0.206418747,-0.000178221,-0.010908955,0.002030934,-0.002441377,-0.00727653,-0.005211391,-0.011791545,-0.006140793,-0.004670325,0.006191073,-0.004009401,-0.006008298,-0.020446959,-0.003946506,-0.006400658,-0.002281839,-0.005315803,-0.007817321,1.2216E-05
BR4_main,8.491313131,0.0000005,-0.000222487,-0.00890599,-0.003826093,-0.019356771,-0.005565434,0.00025795,-0.013292556,-0.004807993,0.006458296,0.000108134,-0.20476903,-0.000118147,-0.010965663,0.002223516,-0.002459696,-0.007005284,-0.006716752,-0.01135339,-0.005942994,-0.004545772,0.006692101,-0.003862485,-0.005921732,-0.020252058,-0.003698178,-0.006295261,-0.002272548,-0.005304067,-0.007693787,1.37917E-05
BR4_main,8.610909091,0.0000005,-0.000393078,-0.007431323,-0.003747882,-0.018920751,-0.005489051,0.000322618,-0.012456751,-0.004728989,0.006204871,0.000102842,-0.200643284,-5.2992E-05,-0.011000833,0.00231552,-0.002411084,-0.006634978,-0.007858439,-0.011793423,-0.005735071,-0.004232433,0.007205045,-0.003748447,-0.005787312,-0.019988962,-0.003438485,-0.006233519,-0.002266768,-0.005252747,-0.007407303,1.51295E-05
BR4_main,8.730505051,0.0000005,-0.000470777,-0.005592183,-0.00359908,-0.018669367,-0.005425973,0.000322636,-0.011520112,-0.004824608,0.005509417,9.87309E-05,-0.199642563,-2.28632E-05,-0.01096182,0.002412161,-0.002441346,-0.006337243,-0.010117688,-0.011710952,-0.005463867,-0.003789735,0.007403704,-0.00362991,-0.005591586,-0.019249444,-0.0032168,-0.006099981,-0.002216975,-0.005308235,-0.007009998,1.60804E-05
BR4_main,8.85010101,0.0000005,-0.000281002,-0.00445393,-0.003424789,-0.018359032,-0.005372199,0.0003171,-0.010661003,-0.005268922,0.004814937,9.5913E-05,-0.198387877,-4.885E-06,-0.010856492,0.002512158,-0.002382388,-0.005889438,-0.011237851,-0.011440042,-0.005412507,-0.003367449,0.007760663,-0.003506818,-0.005344066,-0.018593021,-0.003046316,-0.005789357,-0.002224672,-0.005578987,-0.006809339,1.60915E-05
BR4_main,8.96969697,0.0000005,-0.000271155,-0.003955116,-0.00326161,-0.018287895,-0.005744917,0.00032349,-0.010650342,-0.005758313,0.00421367,9.24163E-05,-0.198571744,-9.30755E-07,-0.010626533,0.002522637,-0.002234756,-0.005625837,-0.010890328,-0.010205278,-0.005356317,-0.003129536,0.008381049,-0.003390893,-0.005208313,-0.01905071,-0.002921886,-0.005696185,-0.0022164,-0.005648411,-0.006924153,1.62916E-05
BR4_main,9.089292929,0.0000005,-0.000337425,-0.003966874,-0.00314521,-0.019013858,-0.006500511,0.000315087,-0.009720702,-0.005776363,0.003227033,9.25824E-05,-0.195976958,4.1475E-06,-0.010092278,0.002924783,-0.00203029,-0.005406306,-0.010291742,-0.009526229,-0.00539447,-0.002963992,0.009283704,-0.003273977,-0.005051536,-0.018161274,-0.002818121,-0.005569752,-0.002220287,-0.005654669,-0.006792734,1.63119E-05
BR4_main,9.208888889,0.0000005,-0.000216953,-0.004008566,-0.00307739,-0.019825004,-0.00784507,0.000311452,-0.009151235,-0.005333993,0.001984987,9.62989E-05,-0.19257988,1.03186E-05,-0.009771614,0.003423729,-0.00198726,-0.005270315,-0.009131209,-0.009402717,-0.005584582,-0.002680208,0.009757228,-0.00315814,-0.004955592,-0.017822026,-0.002670064,-0.005334002,-0.002135817,-0.005754822,-0.006596683,1.6126E-05
BR4_main,9.328484848,0.0000005,-0.00021096,-0.004106047,-0.003002682,-0.018713943,-0.008917293,0.000317028,-0.008960469,-0.005525042,0.000794744,9.18441E-05,-0.190493492,1.29594E-05,-0.009253158,0.003435198,-0.001989724,-0.005124342,-0.006999238,-0.009091437,-0.005696043,-0.002476336,0.010130287,-0.003054465,-0.004835102,-0.017562902,-0.002569665,-0.005083478,-0.002235726,-0.00579178,-0.006483181,1.59369E-05
BR4_main,9.448080808,0.0000005,-0.000182534,-0.00415339,-0.002943588,-0.020154012,-0.010457606,0.000303256,-0.008990142,-0.005658154,0.000149857,8.65525E-05,-0.189155619,1.936E-05,-0.008924949,0.003537517,-0.002205527,-0.004969693,-0.006211142,-0.008703054,-0.005616553,-0.002415029,0.010565317,-0.002950864,-0.004732223,-0.017328365,-0.002471871,-0.004961675,-0.002261566,-0.005781172,-0.006328727,1.58604E-05
BR4_main,9.567676768,0.0000005,-9.06979E-05,-0.004150401,-0.002883294,-0.021617888,-0.011643371,0.00031275,-0.008953681,-0.005777121,0.000863732,7.7948E-05,-0.188429942,3.22244E-05,-0.008693967,0.003533984,-0.002217092,-0.004814423,-0.006390071,-0.008726548,-0.005677697,-0.002395898,0.011060934,-0.00283268,-0.004641843,-0.017154094,-0.002373281,-0.005028363,-0.002424724,-0.005694406,-0.006212876,1.59255E-05
BR4_main,9.687272727,0.0000005,-7.27167E-05,-0.004328999,-0.002824164,-0.024565129,-0.010570417,0.000284223,-0.009005148,-0.006273759,0.002679723,6.50459E-05,-0.186452843,4.3454E-05,-0.008586035,0.003250715,-0.002305529,-0.00467707,-0.006325111,-0.008586251,-0.005731181,-0.002320871,0.011605313,-0.002776702,-0.004561414,-0.016878828,-0.002273605,-0.004880384,-0.002314004,-0.005533084,-0.00607607,1.6041E-05
BR4_main,9.806868687,0.0000005,-5.11861E-05,-0.004877102,-0.002755744,-0.027630968,-0.007589615,0.000240487,-0.009125304,-0.006244717,0.002219592,6.87978E-05,-0.186237564,6.63472E-05,-0.008455367,0.00295317,-0.002383691,-0.004488353,-0.006656293,-0.008340935,-0.005654226,-0.002280536,0.012156658,-0.002720197,-0.004467122,-0.016888424,-0.002188542,-0.0050447,-0.002288615,-0.005334711,-0.005998032,1.45861E-05
BR4_main,9.926464646,0.0000005,-4.72215E-05,-0.005642385,-0.002681669,-0.027488772,-0.005863691,0.000129174,-0.009266963,-0.005971004,0.001294261,7.62063E-05,-0.185707267,0.000103457,-0.008393727,0.003458221,-0.00247696,-0.00439695,-0.006751049,-0.008457919,-0.005518876,-0.002213545,0.0125672,-0.002648606,-0.004327927,-0.016917233,-0.002184264,-0.005000015,-0.00218783,-0.005145005,-0.005967112,1.42146E-05
BR4_main,10.04606061,0.0000005,-4.95092E-05,-0.005356448,-0.002603055,-0.026219619,-0.005950981,6.43727E-05,-0.009435473,-0.005633824,-5.08492E-05,8.95213E-05,-0.18588998,0.00014037,-0.008426461,0.003535425,-0.002302879,-0.004257688,-0.006572884,-0.008400251,-0.005218701,-0.002142279,0.012401675,-0.0026545,-0.00419499,-0.017247395,-0.002125198,-0.004854966,-0.002258093,-0.004961329,-0.005946956,1.34111E-05
BR4_main,10.16565657,0.0000005,-5.90239E-05,-0.00422818,-0.002540076,-0.023343927,-0.008163324,2.03584E-05,-0.009583699,-0.005516642,-0.001667472,0.000106944,-0.182640062,0.000228184,-0.00856313,0.002773796,-0.002240253,-0.004147127,-0.0059093,-0.008533492,-0.005012216,-0.002069429,0.012371089,-0.002678433,-0.004110951,-0.017560421,-0.002089238,-0.004674151,-0.002185727,-0.004918934,-0.005946147,1.11921E-05
BR4_main,10.28525253,0.0000005,-0.000174635,-0.003818545,-0.002473555,-0.019728913,-0.010541555,-4.66335E-05,-0.010380904,-0.005722433,-0.003166334,0.000126608,-0.179988084,0.000325155,-0.008780749,0.002944024,-0.002057646,-0.004048512,-0.006091411,-0.00854753,-0.004563905,-0.002003061,0.01248459,-0.002702049,-0.004094176,-0.017828,-0.00221489,-0.004401108,-0.002231206,-0.004878558,-0.00589386,7.73035E-06
BR4_main,10.40484848,0.0000005,-0.000312358,-0.003779958,-0.002385346,-0.019651506,-0.012564712,-0.000116392,-0.011567032,-0.005811173,-0.003767161,0.000118012,-0.178374743,0.000328758,-0.009211552,0.00308286,-0.001805143,-0.004647103,-0.006253498,-0.00800006,-0.004498966,-0.002010733,0.012458096,-0.002799703,-0.003998835,-0.018100132,-0.002387189,-0.004401209,-0.002307211,-0.004912857,-0.005924012,4.65413E-06
BR4_main,10.52444444,0.0000005,-0.0003953,-0.003729163,-0.002377483,-0.019589918,-0.015394326,-0.000203597,-0.012738357,-0.005630006,-0.003540754,9.32395E-05,-0.179857064,0.000324068,-0.00981735,0.00335024,-0.001666271,-0.005401334,-0.006377275,-0.007864916,-0.004321308,-0.002011552,0.012329598,-0.002933411,-0.003989188,-0.018271959,-0.00265388,-0.004529645,-0.002202066,-0.004922788,-0.006297876,2.31198E-06
BR4_main,10.6440404,0.0000005,-0.000554331,-0.003739965,-0.002396359,-0.02099809,-0.015929136,-0.000339643,-0.01398223,-0.005432006,-0.003771951,7.95777E-05,-0.178507643,0.000303842,-0.010959982,0.003653602,-0.001498939,-0.006383805,-0.006176804,-0.007809195,-0.004211775,-0.002036094,0.013243989,-0.003055134,-0.004147722,-0.018243953,-0.002928371,-0.004646027,-0.001836179,-0.0049032,-0.007380732,1.35561E-06
BR4_main,10.76363636,0.0000005,-0.000632162,-0.004487564,-0.002429091,-0.023242358,-0.011963585,-0.000523193,-0.015722455,-0.005703475,-0.003694786,7.3582E-05,-0.18165134,0.000219182,-0.01240116,0.002758796,-0.001494093,-0.007199826,-0.006320083,-0.007787274,-0.004056329,-0.002010344,0.012923355,-0.003157764,-0.004311404,-0.017958404,-0.003013872,-0.004812076,-0.001905289,-0.005092101,-0.008067627,2.56705E-06
BR4_main,10.88323232,0.0000005,-0.000492994,-0.006297776,-0.002437968,-0.028826246,-0.007782948,-0.000796068,-0.016333669,-0.005652411,-0.003225931,0.000102553,-0.18828887,5.81628E-05,-0.014283384,0.001588225,-0.00149156,-0.007105739,-0.00672385,-0.007683871,-0.004104242,-0.002117749,0.012590664,-0.003524752,-0.004438886,-0.017707523,-0.00283552,-0.004982572,-0.002012101,-0.005170657,-0.008268089,3.13168E-06
BR4_main,11.00282828,0.0000005,-0.000134558,-0.007602405,-0.002405747,-0.040695446,-0.004597785,-0.001150778,-0.015803045,-0.005528847,-0.000728673,0.000144109,-0.190866856,-0.000191973,-0.01433723,0.001109407,-0.001611993,-0.006509698,-0.006885886,-0.007801853,-0.004582754,-0.002290345,0.012313257,-0.003858963,-0.004560856,-0.017081594,-0.002438005,-0.005081264,-0.002037404,-0.005376086,-0.008361453,4.07923E-06
BR4_main,11.12242424,0.0000005,-4.62422E-05,-0.007637361,-0.002335861,-0.05603984,-0.003400702,-0.001324897,-0.015587201,-0.00604725,-0.001204137,0.000176392,-0.201200692,-0.00058427,-0.012283169,0.001356329,-0.001798712,-0.005853535,-0.00466266,-0.008124412,-0.005053073,-0.002645062,0.012237847,-0.00422186,-0.004729485,-0.016067984,-0.002249555,-0.00521889,-0.002052298,-0.005746396,-0.007424373,4.25964E-06
BR4_main,11.2420202,0.0000005,-5.50843E-05,-0.006708539,-0.002229391,-0.05436024,-0.002950195,-0.001353208,-0.015069617,-0.006174607,-0.003407151,0.000211282,-0.225815788,-0.001206631,-0.009734699,0.004527623,-0.001999292,-0.004885861,-0.003376906,-0.00808436,-0.005297716,-0.003197112,0.012602332,-0.004286428,-0.004691142,-0.01487167,-0.002084229,-0.005218006,-0.002335955,-0.006284544,-0.006315848,2.46402E-06
BR4_main,11.36161616,0.0000005,4.57986E-05,-0.005341599,-0.002119648,-0.037631298,-0.004215165,-0.000857709,-0.014063405,-0.006471663,-0.003394695,0.000234859,-0.249486487,-0.002376237,-0.008576091,0.005734555,-0.002208808,-0.003956304,-0.003085669,-0.007174069,-0.004880675,-0.004063513,0.013336806,-0.004345901,-0.004654302,-0.01483746,-0.002093401,-0.005382942,-0.002585318,-0.007473442,-0.006608036,2.53167E-06
BR4_main,11.48121212,0.0000005,-0.000114889,-0.003626893,-0.002305924,-0.024665666,-0.006439295,-0.000910733,-0.014092771,-0.006951747,-0.00239908,0.000302219,-0.226851555,-0.003958683,-0.008502995,0.005848832,-0.002652027,-0.003875287,-0.003233675,-0.006534767,-0.004237869,-0.004991356,0.011686929,-0.004751335,-0.005585035,-0.016248806,-0.002374691,-0.005947964,-0.002864116,-0.008407618,-0.006622164,6.68222E-06
BR4_main,11.60080808,0.0000005,-0.00060063,-0.002805302,-0.002508905,-0.021754199,-0.012875421,-0.001065019,-0.015386381,-0.008353483,-0.001317304,0.00028742,-0.191882321,-0.006169059,-0.008592435,0.005689614,-0.003674155,-0.004961236,-0.003137118,-0.006495592,-0.004051466,-0.0058905,0.002817895,-0.005140509,-0.007115175,-0.020065308,-0.002920022,-0.006844346,-0.00340992,-0.008062441,-0.006606643,1.55151E-05
BR4_main,11.72040404,0.0000005,-0.001163836,-0.003113685,-0.002684366,-0.020990062,-0.020839729,-0.001029922,-0.018436921,-0.009441092,-0.003718811,0.000155024,-0.167228724,-0.008308406,-0.008644378,0.005423296,-0.005057505,-0.008544589,-0.003396208,-0.006256871,-0.004373559,-0.006387951,-0.009984048,-0.005624896,-0.007999369,-0.024874698,-0.003491874,-0.008352627,-0.003361754,-0.008833978,-0.008202197,1.47895E-05
BR4_main,11.84,0.0000005,-0.001589176,-0.003421744,-0.002821203,-0.01532319,-0.024546483,-0.001131071,-0.020482244,-0.009918546,-0.005877929,5.27695E-05,-0.165944245,-0.009641947,-0.008589257,0.002142192,-0.005531203,-0.011800228,-0.003434368,-0.006112969,-0.004756342,-0.006729986,-0.017721173,-0.006480385,-0.008512157,-0.02688458,-0.003937225,-0.009596574,-0.003386807,-0.009280503,-0.009374193,1.10965E-05
BR5_main,0,0.019838444,-0.046679869,-0.152228103,-0.24832897,-2.132022279,-1.088796557,-0.109193983,-1.392532541,-0.180702033,-3.886810028,-0.00858409,-1.798068303,-2.769234065,-2.755889727,-0.736406036,-0.107318517,-0.241814507,-0.813965639,-0.35408088,-0.447182839,-0.238519664,-0.83550565,-0.269455442,-0.104360596,-1.390816246,-0.520853238,-0.498075749,-0.050890333,-0.400110622,-0.476637494,1.27309E-05
BR5_main,0.11959596,0.02650697,-0.039566741,-0.054208096,-0.210812962,-1.72533039,-0.906591204,-0.081930898,-1.136544008,-0.154106396,-2.231810466,-0.007025807,-1.621922248,-2.124176487,-1.935510233,-0.498854795,-0.094560402,-0.210904061,-0.100748416,-0.32331269,-0.383996131,-0.196871388,-0.527265667,-0.224694194,-0.101884794,-1.200743948,-0.466688448,-0.404241364,-0.046618208,-0.340754178,-0.38815148,1.10441E-05
BR5_main,0.239191919,0.031643707,-0.029764082,0.084681121,-0.143874903,-1.325045875,-0.750479043,-0.055081557,-0.716233517,-0.128172724,-0.412799891,-0.005704511,-1.442703857,-1.544967107,-0.943576929,-0.206764868,-0.076538571,-0.176210686,0.735703389,-0.280723583,-0.283321751,-0.128833277,-0.087860121,-0.150819005,-0.098023131,-0.854794444,-0.383762985,-0.263056881,-0.040848482,-0.202857984,-0.267104698,1.0612E-05
BR5_main,0.358787879,0.035490649,-0.031313244,0.162728322,-0.104345248,-0.795110587,-0.569559463,-0.030344955,-0.398670175,-0.097073785,-0.162492974,-0.004407133,-1.270754272,-1.283185569,-0.400525921,-0.045071304,-0.05983583,-0.159134582,0.614469279,-0.240611076,-0.189767466,-0.07810989,0.030683381,-0.090567398,-0.09312886,-0.493848571,-0.300916779,-0.169411332,-0.034409856,-0.152721183,-0.186018605,1.09235E-05
BR5_main,0.478383838,0.038094707,-0.0333768,0.215160321,-0.079800637,-1.994372759,-0.394395899,-0.028049564,-0.287476623,-0.075313553,-0.281472574,-0.003088873,-1.101952609,-1.279778566,-0.356768664,-0.135526853,-0.055272539,-0.140439118,0.356292702,-0.19880525,-0.130912992,-0.055300815,0.067618064,-0.077018471,-0.087712357,-0.398173001,-0.233314031,-0.111866096,-0.028020059,-0.169617713,-0.14409678,1.18452E-05
BR5_main,0.597979798,0.039770756,-0.033704273,0.222653058,-0.063878358,-3.360548293,-0.356483944,-0.02489977,-0.179795213,-0.068971583,-0.381813472,-0.001859949,-1.031439679,-1.011761871,-0.521223761,-0.228783831,-0.052932332,-0.12136556,0.22597642,-0.163751057,-0.102613782,-0.043645272,0.182667407,-0.074315165,-0.080992955,-0.406168588,-0.178064676,-0.077719954,-0.023042727,-0.171227009,-0.127342198,1.65965E-05
BR5_main,0.717575758,0.040795925,-0.031649073,0.202083555,-0.056846579,-4.299000438,-0.236857171,-0.020102283,-0.217974313,-0.057877781,-0.411711182,-0.001395929,-1.019006927,-0.790896914,-0.55006722,-0.227437318,-0.043481521,-0.099254143,0.257892156,-0.131563205,-0.085730786,-0.035860823,0.183142441,-0.065092169,-0.075717326,-0.397725572,-0.137498244,-0.063616322,-0.019623312,-0.161728582,-0.110581961,1.89138E-05
BR5_main,0.837171717,0.041385803,-0.025630329,0.179480067,-0.051128143,-3.909735363,-0.173355851,-0.016616515,-0.259129299,-0.049438135,-0.361944842,-0.001465572,-0.973249591,-0.597667792,-0.474950363,-0.196325002,-0.033659787,-0.082548506,0.261052877,-0.117864359,-0.076268674,-0.031357624,0.142377287,-0.056435779,-0.070613333,-0.335828347,-0.113099,-0.054592606,-0.016568713,-0.123270141,-0.095633169,1.50295E-05
BR5_main,0.956767677,0.041711072,-0.020367699,0.158582368,-0.045393378,-2.461579868,-0.147585798,-0.016758587,-0.27857969,-0.044790531,-0.264015956,-0.001426262,-0.899333221,-0.467352765,-0.331379076,-0.109256316,-0.021980249,-0.067394768,0.222956527,-0.106190957,-0.067586489,-0.027885242,0.122251371,-0.04465199,-0.065738372,-0.263534984,-0.098566238,-0.049011448,-0.013933242,-0.094000218,-0.081869493,9.3519E-06
BR5_main,1.076363636,0.041888014,-0.01730588,0.13958955,-0.040586633,-0.707365358,-0.12479957,-0.023719068,-0.275937017,-0.039387469,-0.231863597,-0.001336153,-0.806147314,-0.39250944,-0.132505905,-0.028643137,-0.017741502,-0.05523563,0.234994294,-0.095072221,-0.058344386,-0.025269229,0.102920309,-0.036822402,-0.061196351,-0.18957645,-0.087527203,-0.044115827,-0.012275432,-0.081307967,-0.06416832,7.46669E-06
BR5_main,1.195959596,0.041985923,-0.016852522,0.122619417,-0.036366731,-0.189731417,-0.08589764,-0.025979496,-0.235019156,-0.03832964,-0.251702713,-0.001166271,-0.686283514,-0.359608389,-0.359146584,0.005237559,-0.015053327,-0.045602536,0.194778765,-0.08654182,-0.051568284,-0.02279951,0.085959334,-0.030245592,-0.056909321,-0.165663289,-0.080873215,-0.03969506,-0.011008346,-0.06356453,-0.0545815,9.68552E-06
BR5_main,1.315555556,0.042039835,-0.014494716,0.107211809,-0.033178723,-0.377894164,-0.090077625,-0.026910276,-0.180195862,-0.036376733,-0.264027777,-0.000937916,-0.594708531,-0.384434749,-0.642713429,-0.045885002,-0.01323591,-0.039361456,0.203774777,-0.080057694,-0.046841947,-0.020501276,0.071491831,-0.024600768,-0.052943109,-0.159535949,-0.073927115,-0.035636475,-0.00974719,-0.054605126,-0.046621768,1.3268E-05
BR5_main,1.435151515,0.042068715,-0.014320327,0.093148008,-0.030244361,-0.537170847,-0.143040701,-0.025832656,-0.133944098,-0.03575039,-0.333350349,-0.000737694,-0.512465436,-0.41344563,-0.785915404,-0.094886429,-0.011759926,-0.033422775,0.255824621,-0.07123536,-0.043161015,-0.018312234,0.069164808,-0.02129214,-0.049323804,-0.146241294,-0.071410265,-0.03192017,-0.008632601,-0.044716366,-0.040211858,1.58902E-05
BR5_main,1.554747475,0.042082865,-0.011817408,0.080320598,-0.027984273,-0.723216371,-0.237579579,-0.018324631,-0.101387306,-0.032223536,-0.287633745,-0.000553277,-0.445008226,-0.425341538,-0.800280747,-0.133000399,-0.012485907,-0.028989193,0.252046271,-0.062907716,-0.039427448,-0.015994461,0.055464929,-0.019828754,-0.046744004,-0.133608177,-0.070806045,-0.028541248,-0.007751687,-0.038088208,-0.036590462,1.82178E-05
BR5_main,1.674343434,0.04208465,-0.008643056,0.068665665,-0.025937807,-0.669004186,-0.230682805,-0.012245433,-0.086394135,-0.028344968,-0.222942968,-0.000339774,-0.40448158,-0.412659388,-0.734446839,-0.137917156,-0.013913855,-0.024851818,0.234184461,-0.057362886,-0.036069233,-0.013959604,0.034978114,-0.018988606,-0.043833899,-0.123720625,-0.068388222,-0.026140378,-0.007126753,-0.033842714,-0.036466791,1.96442E-05
BR5_main,1.793939394,0.042050912,-0.005744832,0.058130132,-0.024181037,-0.488294538,-0.200223205,-0.009093219,-0.075001289,-0.02423157,-0.152345333,-0.00021677,-0.377371546,-0.358043841,-0.67857834,-0.09331855,-0.014552606,-0.022034032,0.177308703,-0.052569157,-0.033638432,-0.012409198,0.02004745,-0.018510798,-0.040907421,-0.111439517,-0.065384081,-0.024062315,-0.006491536,-0.031196999,-0.041618686,2.17801E-05
BR5_main,1.913535354,0.042007573,-0.005994302,0.048703715,-0.022412394,-0.43520674,-0.154336392,-0.006676163,-0.06908642,-0.020836417,-0.119397326,-7.34333E-05,-0.352210174,-0.283103239,-0.579012617,-0.024392923,-0.014007862,-0.019712254,0.147163091,-0.046404449,-0.031167021,-0.011209559,0.012511886,-0.01999237,-0.038378262,-0.10438913,-0.062104187,-0.022572913,-0.006808576,-0.028245735,-0.047888804,1.97676E-05
BR5_main,2.033131313,0.041938835,-0.004831489,0.040272709,-0.020929929,-0.443322984,-0.102166586,-0.005251168,-0.06506849,-0.017091969,-0.076147708,3.82391E-05,-0.324037193,-0.214933523,-0.403449966,-0.009542834,-0.012455683,-0.017819363,0.13546429,-0.042174913,-0.029246282,-0.010178468,0.007792136,-0.022344584,-0.035786118,-0.104406611,-0.0600616,-0.02513782,-0.006549377,-0.025376142,-0.044425622,1.81442E-05
BR5_main,2.152727273,0.041759397,-0.00385958,0.032749973,-0.020156282,-0.403649771,-0.071530293,-0.003007593,-0.059042835,-0.014269941,-0.026206277,0.000110146,-0.31149472,-0.161058915,-0.244543113,-0.005283752,-0.012092832,-0.016374122,0.096844865,-0.038106899,-0.027826944,-0.00992439,0.003977199,-0.023898158,-0.03303328,-0.11016408,-0.057070953,-0.029489713,-0.005892987,-0.022586039,-0.040153853,1.52133E-05
BR5_main,2.272323232,0.041593141,-0.003614922,0.025249211,-0.01946807,-0.453066386,-0.055050137,-0.001605627,-0.053789712,-0.013148137,-0.020336763,0.00018223,-0.302064241,-0.124688372,-0.135863431,0.000201664,-0.012119326,-0.015937414,0.021957685,-0.034690777,-0.026359302,-0.009365013,-0.002027352,-0.024037194,-0.031146356,-0.120952571,-0.053947963,-0.033083958,-0.005655454,-0.018526896,-0.038384315,1.05125E-05
BR5_main,2.391919192,0.041202664,-0.002285748,0.016996948,-0.019079473,-0.308617478,-0.051730271,-0.001119269,-0.050181599,-0.012590194,-0.018156749,0.000230367,-0.290637065,-0.097196372,-0.118868158,-0.000566665,-0.010600235,-0.016347856,-0.04748517,-0.030267056,-0.025299523,-0.009381223,-0.005212515,-0.020162934,-0.028922869,-0.116267579,-0.050812821,-0.032746197,-0.005557064,-0.016310511,-0.036958868,3.2165E-06
BR5_main,2.511515152,0.040617141,-0.001637886,0.010210132,-0.022825152,-0.228236816,-0.043720615,-0.000770972,-0.050169965,-0.011052043,-0.028338272,0.000286472,-0.277521409,-0.062050987,-0.128223495,-0.001638312,-0.008470245,-0.016586047,-0.096248538,-0.026982373,-0.023917051,-0.009586894,-0.009366806,-0.015495241,-0.026688725,-0.11700861,-0.047762018,-0.029533455,-0.005077678,-0.015510966,-0.031945956,8.15527E-06
BR5_main,2.631111111,0.039755339,-0.001478736,0.00447552,-0.025190932,-0.20895733,-0.046329569,-0.000319569,-0.045828343,-0.010013638,-0.027443224,0.000329672,-0.262683714,-0.035699085,-0.13734209,0.004760626,-0.006497227,-0.016533218,-0.118558289,-0.025208163,-0.022666227,-0.01044488,-0.014016721,-0.012538024,-0.02457241,-0.111501518,-0.044922808,-0.024982935,-0.005055924,-0.019184752,-0.02933154,1.11063E-05
BR5_main,2.750707071,0.038574387,-0.00142568,-0.000406965,-0.027443266,-0.157780127,-0.058206851,-2.88947E-05,-0.042302974,-0.009269925,-0.017094173,0.000361306,-0.251671525,-0.023306287,-0.119832491,0.00841975,-0.005545424,-0.016488127,-0.148431108,-0.024147364,-0.021377784,-0.01120013,-0.017898783,-0.01092772,-0.022590704,-0.096153731,-0.042193694,-0.026938563,-0.0046903,-0.021460988,-0.023234925,1.16981E-05
BR5_main,2.87030303,0.036887395,-0.001280554,-0.004639767,-0.026845795,-0.122849828,-0.061520383,0.000152535,-0.04375914,-0.009142006,-0.000354129,0.000380602,-0.234530156,-0.013638238,-0.084944329,0.012014481,-0.004988448,-0.016311304,-0.150593016,-0.02345061,-0.020292773,-0.012037958,-0.021120658,-0.009873844,-0.020928046,-0.083696759,-0.039484506,-0.025047351,-0.004406886,-0.01976493,-0.018718538,1.07418E-05
BR5_main,2.98989899,0.034622011,-0.001147184,-0.008484926,-0.023612883,-0.086150741,-0.052011332,0.00019787,-0.045468879,-0.008994311,0.006076216,0.000387753,-0.227868588,-0.009073053,-0.055438767,0.010900764,-0.004848133,-0.016113192,-0.14492047,-0.022746141,-0.019258505,-0.012128718,-0.022841266,-0.009390545,-0.019881563,-0.069153142,-0.037087298,-0.02256408,-0.004116348,-0.016882766,-0.018019937,8.01681E-06
BR5_main,3.109494949,0.031728588,-0.001234229,-0.011926366,-0.018959166,-0.057229378,-0.038975192,0.000164748,-0.040250845,-0.008788303,0.015318986,0.000381863,-0.223200057,-0.006079326,-0.041169668,0.012430851,-0.004777994,-0.015701139,-0.135340521,-0.022469808,-0.018219676,-0.01076035,-0.024440176,-0.00906889,-0.018953498,-0.060873639,-0.034966366,-0.02030976,-0.003965199,-0.013994431,-0.016992455,6.50603E-06
BR5_main,3.229090909,0.028577218,-0.001430443,-0.014792727,-0.014937195,-0.0386597,-0.030374028,7.46805E-05,-0.034759473,-0.008486379,0.015827334,0.000378371,-0.224030095,-0.00408034,-0.041353831,0.013278031,-0.004865318,-0.015383592,-0.133648908,-0.022088924,-0.017695466,-0.008691458,-0.025118078,-0.008988789,-0.017941574,-0.056115575,-0.033100736,-0.017053027,-0.004005047,-0.013256186,-0.016717588,5.80955E-06
BR5_main,3.348686869,0.025521514,-0.001292727,-0.018046586,-0.013309596,-0.039072106,-0.030925759,-8.36324E-05,-0.032933232,-0.008493833,0.015588503,0.000376956,-0.228111218,-0.002737477,-0.040152739,0.012952581,-0.005437236,-0.015099864,-0.130990135,-0.021837952,-0.01753682,-0.00758961,-0.023672392,-0.008937318,-0.017089973,-0.053529367,-0.031481681,-0.01472364,-0.004048321,-0.011737404,-0.016667467,6.1229E-06
BR5_main,3.468282828,0.022924401,-0.001097788,-0.021155588,-0.012310921,-0.040334641,-0.029027658,-1.49537E-05,-0.030005729,-0.008762988,0.01594708,0.000370568,-0.227566974,-0.00182208,-0.039710723,0.012540605,-0.006208977,-0.014880511,-0.112511124,-0.021576442,-0.017444946,-0.006788242,-0.023427417,-0.008874614,-0.016424325,-0.05131078,-0.030053964,-0.014770115,-0.004163841,-0.010612357,-0.016881825,6.10269E-06
BR5_main,3.587878788,0.020965128,-0.001055429,-0.02433538,-0.011386354,-0.039514928,-0.024313646,0.000177222,-0.029241166,-0.00899212,0.015096014,0.000358502,-0.221520059,-0.001103033,-0.035549919,0.011323211,-0.006526746,-0.014498578,-0.10544201,-0.021370537,-0.01736147,-0.006392563,-0.023254374,-0.009034814,-0.015874999,-0.050155804,-0.028814091,-0.014712785,-0.004242157,-0.01029825,-0.016860747,6.51765E-06
BR5_main,3.707474747,0.019352778,-0.001325969,-0.0274144,-0.011106249,-0.039977931,-0.023762877,0.000124698,-0.028936533,-0.009656402,0.014650981,0.000342573,-0.211662426,-0.000656808,-0.029300183,0.010386463,-0.005870531,-0.014354725,-0.093366423,-0.021107925,-0.01728134,-0.006247745,-0.023116037,-0.009097765,-0.0153561,-0.050265099,-0.027693415,-0.014714304,-0.004304189,-0.010024145,-0.016894797,7.52534E-06
BR5_main,3.827070707,0.018273286,-0.001536123,-0.030257758,-0.010732392,-0.040864638,-0.025466412,0.000134834,-0.02849818,-0.009990938,0.014672664,0.000324097,-0.199906814,-0.000314799,-0.026444388,0.009184784,-0.005933327,-0.014230413,-0.079094261,-0.020999436,-0.017179171,-0.006296971,-0.023892993,-0.009152494,-0.014840318,-0.049156508,-0.026681598,-0.014906701,-0.004363094,-0.010116577,-0.017095743,9.14837E-06
BR5_main,3.946666667,0.017406867,-0.001449057,-0.032184188,-0.010630474,-0.04255211,-0.02425758,0.000126568,-0.027741177,-0.010185125,0.014558247,0.000310263,-0.191918387,-5.37779E-05,-0.024505847,0.007716676,-0.006207259,-0.013866886,-0.063323514,-0.020937835,-0.017123105,-0.006340026,-0.021260849,-0.009324016,-0.014311817,-0.048532634,-0.025636966,-0.01499259,-0.004345088,-0.010471876,-0.017395755,1.16772E-05
BR5_main,4.066262626,0.016712975,-0.001289036,-0.032131401,-0.01066829,-0.043195959,-0.01956389,2.22696E-05,-0.02632781,-0.010670857,0.014930833,0.000301377,-0.187961424,7.47014E-05,-0.02413778,0.006243146,-0.006216533,-0.0137534,-0.053464307,-0.021117785,-0.017329937,-0.006404193,-0.018541812,-0.00941926,-0.013762759,-0.047321478,-0.024542988,-0.015120609,-0.004481015,-0.010978286,-0.017766962,1.30321E-05
BR5_main,4.185858586,0.016238307,-0.000977408,-0.03005853,-0.010795227,-0.043336667,-0.015870408,-0.000118192,-0.025056126,-0.010661596,0.014473144,0.000284841,-0.185226908,0.000156274,-0.024811293,0.004769057,-0.006122004,-0.013469183,-0.040910026,-0.021181897,-0.017330307,-0.006473628,-0.015214348,-0.009356228,-0.013191301,-0.046765257,-0.02337462,-0.015160094,-0.004695835,-0.010982026,-0.017879079,1.32119E-05
BR5_main,4.305454545,0.015892171,-0.000838195,-0.026408304,-0.010956862,-0.043668655,-0.015067353,-0.000254002,-0.023869044,-0.011249075,0.013522355,0.000263742,-0.183661862,0.000163411,-0.025458853,0.003432637,-0.005975247,-0.013221586,-0.031483843,-0.021307733,-0.017394151,-0.006527595,-0.009366469,-0.00930715,-0.0126,-0.045841678,-0.022172096,-0.015202046,-0.004883694,-0.010887197,-0.018065064,1.31385E-05
BR5_main,4.425050505,0.015589796,-0.000603137,-0.021882369,-0.011065518,-0.044187851,-0.014776255,-0.000503506,-0.021645799,-0.011634365,0.011548136,0.000260592,-0.183894011,0.000165963,-0.025441978,0.002489288,-0.005874582,-0.013252577,-0.025967127,-0.021667527,-0.01743321,-0.006621817,-0.006086468,-0.009312521,-0.011996818,-0.045319423,-0.020974232,-0.015165982,-0.00503432,-0.011027215,-0.017998193,1.31011E-05
BR5_main,4.544646465,0.015401358,-0.000466854,-0.017415277,-0.011111545,-0.044368953,-0.014371459,-0.000569267,-0.018411007,-0.011704466,0.009429668,0.000256688,-0.185019386,0.000165972,-0.025908594,0.001754887,-0.005702332,-0.013164934,-0.022704653,-0.021807422,-0.017298643,-0.006645122,-0.002824201,-0.009213414,-0.011386413,-0.044828596,-0.019817668,-0.014914703,-0.005006709,-0.011146864,-0.017837335,1.32818E-05
BR5_main,4.664242424,0.015297474,-0.000380076,-0.013937354,-0.011086538,-0.044487921,-0.013826939,-0.000481758,-0.016742923,-0.011290547,0.008527125,0.000248645,-0.18655809,0.000164428,-0.02648902,0.001257422,-0.005461186,-0.013085147,-0.020705437,-0.021999238,-0.017128596,-0.00658646,-0.001272485,-0.009006035,-0.010703455,-0.043273914,-0.018622252,-0.014656509,-0.00486595,-0.011636091,-0.01754521,1.3841E-05
BR5_main,4.783838384,0.015219958,-0.000325115,-0.011095518,-0.011086246,-0.04421587,-0.013987982,-0.000431645,-0.016476129,-0.011173676,0.008717826,0.000242422,-0.188357721,0.000161501,-0.027073008,0.000901033,-0.005104812,-0.013067423,-0.01761301,-0.02224458,-0.016865734,-0.006558868,0.000269346,-0.008833313,-0.010113188,-0.042280323,-0.017349604,-0.014330714,-0.004848807,-0.012054116,-0.01739092,1.33661E-05
BR5_main,4.903434343,0.015153669,-0.000399772,-0.008745076,-0.011075083,-0.044350908,-0.013753713,-0.000291954,-0.015425595,-0.010922462,0.008492877,0.000229889,-0.190372206,0.000133237,-0.027150674,0.000271518,-0.00495971,-0.013009708,-0.015006922,-0.022372252,-0.01651299,-0.006506334,0.002021932,-0.008631367,-0.009498953,-0.040775932,-0.016228099,-0.014129652,-0.004802354,-0.012551682,-0.017198092,1.38241E-05
BR5_main,5.023030303,0.015034513,-0.000278218,-0.006850482,-0.011001123,-0.044838611,-0.014330422,-0.000140523,-0.014498529,-0.01042078,0.008080564,0.000224821,-0.192152945,0.000100718,-0.027887812,-0.000550926,-0.004994585,-0.013016292,-0.012131425,-0.022398605,-0.016131703,-0.006406485,0.002974311,-0.008479193,-0.008947914,-0.038712962,-0.015162444,-0.01376428,-0.00459705,-0.012916878,-0.016931363,1.31008E-05
BR5_main,5.142626263,0.014822547,-0.000183213,-0.005369021,-0.010806846,-0.044784115,-0.014876419,-7.16324E-05,-0.014499994,-0.010025246,0.008059746,0.000220839,-0.194969336,4.93272E-05,-0.029262191,-0.001172783,-0.004903347,-0.012943358,-0.009009477,-0.022253157,-0.01570551,-0.006306551,0.003573679,-0.008420281,-0.008549482,-0.037049097,-0.014158517,-0.013348578,-0.004362541,-0.01284375,-0.016563778,1.13157E-05
BR5_main,5.262222222,0.01445355,-0.000139988,-0.004207495,-0.010528676,-0.044652453,-0.015161044,-1.73954E-05,-0.01335726,-0.009586167,0.008381523,0.000206327,-0.199529208,3.81552E-05,-0.029903666,-0.001490087,-0.004877699,-0.012744572,-0.00633754,-0.022260404,-0.015464839,-0.006221207,0.005184469,-0.008390952,-0.008202843,-0.035294597,-0.013204145,-0.012932535,-0.004245802,-0.013052896,-0.016289074,9.60979E-06
BR5_main,5.381818182,0.014093226,-0.000131785,-0.003284639,-0.010178819,-0.044241165,-0.015362818,2.75975E-05,-0.012277727,-0.008849397,0.009243059,0.000201713,-0.201790472,2.99268E-05,-0.030274924,-0.001900951,-0.004799295,-0.012514876,-0.004297764,-0.021962569,-0.015058993,-0.006101424,0.006482156,-0.008262413,-0.007832005,-0.033919035,-0.012286477,-0.012563816,-0.004088747,-0.013182302,-0.01599042,8.51862E-06
BR5_main,5.501414141,0.013605576,-9.75181E-05,-0.002561408,-0.009822325,-0.043417584,-0.016543978,6.54325E-05,-0.011735549,-0.008521194,0.009809687,0.000190196,-0.20322743,2.06991E-05,-0.030851297,-0.002175819,-0.004588341,-0.012103544,-0.004642272,-0.021652565,-0.014691928,-0.006026199,0.006486095,-0.008374666,-0.007548759,-0.032858259,-0.011432448,-0.012155024,-0.00396018,-0.012796452,-0.015608879,7.84791E-06
BR5_main,5.621010101,0.01298033,-5.17006E-05,-0.002002929,-0.009448331,-0.042171233,-0.019365345,8.46062E-05,-0.010944761,-0.008005638,0.009081405,0.000182736,-0.204437563,1.73519E-05,-0.03126523,-0.002641015,-0.004372338,-0.01184649,-0.003393994,-0.021160059,-0.014288052,-0.005826808,0.005855552,-0.008384978,-0.0073047,-0.031817832,-0.010610246,-0.01231856,-0.003829305,-0.013458783,-0.015199143,7.96487E-06
BR5_main,5.740606061,0.012213471,-7.80213E-05,-0.001565572,-0.009028004,-0.040552032,-0.020438433,0.000129939,-0.010714424,-0.007549091,0.008635431,0.000179834,-0.20465232,1.55123E-05,-0.030280141,-0.002929392,-0.004449552,-0.011686801,-0.00294874,-0.020529909,-0.013894634,-0.005557359,0.006076937,-0.008528003,-0.007076174,-0.030950078,-0.00983899,-0.012538787,-0.003559908,-0.013604528,-0.014567603,8.25109E-06
BR5_main,5.86020202,0.011570891,-8.59447E-05,-0.001223379,-0.008543563,-0.038367245,-0.019304412,0.000244982,-0.010749952,-0.007134369,0.007857437,0.000177292,-0.205249713,1.65112E-05,-0.028326611,-0.003409385,-0.004696158,-0.011444919,-0.002641396,-0.019644169,-0.013555002,-0.005238099,0.005073956,-0.007992971,-0.006882325,-0.030161212,-0.009134747,-0.012800127,-0.003488471,-0.01218314,-0.014045682,9.18753E-06
BR5_main,5.97979798,0.010900319,-5.73199E-05,-0.000966776,-0.008156396,-0.036122512,-0.019450767,0.00037279,-0.010683082,-0.006688005,0.007186825,0.000175605,-0.205319372,1.93771E-05,-0.026154265,-0.002786593,-0.004543778,-0.010939317,-0.002242219,-0.01886465,-0.013424835,-0.004944992,0.006001178,-0.007616202,-0.006717945,-0.029390104,-0.008491432,-0.012921892,-0.003365706,-0.010703987,-0.01389747,1.16552E-05
BR5_main,6.099393939,0.01011092,-3.94337E-05,-0.000848833,-0.007692614,-0.034356406,-0.018815645,0.000536422,-0.010655588,-0.006272082,0.006900966,0.00017485,-0.205038517,2.10178E-05,-0.02387086,-0.001683553,-0.004271288,-0.010153818,-0.002081911,-0.018176625,-0.013054961,-0.004638369,0.006348382,-0.007223077,-0.006566026,-0.027583208,-0.007916333,-0.012677371,-0.003246486,-0.00874039,-0.013533839,1.58549E-05
BR5_main,6.218989899,0.009028972,-3.46838E-05,-0.000733965,-0.00723002,-0.032550147,-0.017651689,0.000690427,-0.010801302,-0.005817281,0.006494321,0.000174276,-0.20412555,2.37721E-05,-0.021542377,-0.000827335,-0.003903269,-0.009406588,-0.002081394,-0.017242429,-0.012522738,-0.004332647,0.007442499,-0.006875369,-0.006424968,-0.025894621,-0.007391254,-0.012216181,-0.003089751,-0.007425354,-0.013197077,1.70933E-05
BR5_main,6.338585859,0.007417641,-2.55264E-05,-0.000664624,-0.00683435,-0.030668198,-0.016551815,0.000775257,-0.010475371,-0.005610565,0.005934186,0.000172778,-0.20146512,2.76945E-05,-0.019283762,-0.000591278,-0.003496585,-0.008449063,-0.001957289,-0.016334154,-0.011764072,-0.004066695,0.007738171,-0.006423458,-0.006292566,-0.025697933,-0.006900456,-0.011588293,-0.002964971,-0.007026387,-0.012531195,1.51872E-05
BR5_main,6.458181818,0.005921928,-2.2243E-05,-0.000637811,-0.00643704,-0.02902628,-0.015569621,0.000769882,-0.010239937,-0.005411514,0.005447709,0.000172459,-0.197462982,2.86128E-05,-0.017060678,-0.00040475,-0.003116875,-0.007571842,-0.001923908,-0.015243731,-0.01061857,-0.003747096,0.008401992,-0.005971222,-0.006165587,-0.025410741,-0.0064552,-0.010496875,-0.002789537,-0.006558616,-0.011826783,1.42542E-05
BR5_main,6.577777778,0.004717733,-2.41853E-05,-0.000637434,-0.006019507,-0.027461264,-0.014136731,0.00069201,-0.010177496,-0.005154349,0.005014847,0.000172956,-0.192396483,3.61757E-05,-0.01515314,-0.000375964,-0.002826213,-0.006980471,-0.002188828,-0.014119164,-0.00996809,-0.003475092,0.009195789,-0.005550551,-0.006041681,-0.024491057,-0.006042031,-0.009049315,-0.002592028,-0.006091019,-0.010999311,1.35973E-05
BR5_main,6.697373737,0.003772842,-2.15354E-05,-0.000636704,-0.005631398,-0.026140459,-0.01285426,0.000657841,-0.01030476,-0.005014553,0.004573587,0.000173857,-0.186957905,3.89904E-05,-0.013691413,-0.000270245,-0.002548903,-0.006434639,-0.00233647,-0.012896107,-0.009580322,-0.003241214,0.010228206,-0.005086715,-0.005910813,-0.023911503,-0.005677538,-0.0079352,-0.002442641,-0.005894436,-0.010090357,1.27009E-05
BR5_main,6.816969697,0.002984568,-5.26632E-05,-0.000641215,-0.00516564,-0.024975187,-0.011606254,0.000584111,-0.010595857,-0.004832701,0.00379952,0.000172717,-0.184472768,4.34141E-05,-0.012707011,-0.000260233,-0.002281501,-0.005942776,-0.002494325,-0.011571598,-0.008263614,-0.003031607,0.010633825,-0.004761088,-0.005782106,-0.02208702,-0.005352255,-0.007040293,-0.002340672,-0.005485302,-0.009143469,1.16783E-05
BR5_main,6.936565657,0.002364392,-5.91138E-05,-0.000650552,-0.004781115,-0.023837422,-0.010581843,0.00039542,-0.010810613,-0.00472857,0.003072961,0.000164096,-0.180268479,5.75504E-05,-0.011734459,-0.000222945,-0.002123604,-0.005534974,-0.003284402,-0.010446668,-0.007530144,-0.002850729,0.010807336,-0.004394741,-0.005746638,-0.019463722,-0.005068321,-0.006372717,-0.002204978,-0.005641897,-0.008469005,1.07314E-05
BR5_main,7.056161616,0.001929544,-0.000116373,-0.000663643,-0.004440822,-0.022766167,-0.010469492,0.000260215,-0.011109178,-0.004598918,0.002571303,0.000156716,-0.175012484,8.09038E-05,-0.01111065,-0.000193657,-0.001955627,-0.005194072,-0.00430388,-0.009253555,-0.006689178,-0.00266996,0.010677037,-0.003846205,-0.005702354,-0.017702078,-0.004808746,-0.005777444,-0.001940536,-0.00613524,-0.007676504,9.60866E-06
BR5_main,7.175757576,0.001510004,-6.19184E-05,-0.000687126,-0.00407913,-0.021808917,-0.009380239,0.000161035,-0.012019957,-0.004487423,0.00256849,0.000147314,-0.170224058,0.000113455,-0.0105567,-0.000251796,-0.001805754,-0.004849694,-0.006340497,-0.008271301,-0.005945087,-0.002447406,0.010932582,-0.003446778,-0.005760529,-0.015987464,-0.004592835,-0.005331823,-0.001820736,-0.005721042,-0.006886796,7.87403E-06
BR5_main,7.295353535,0.001235017,-5.93388E-05,-0.000730405,-0.0037715,-0.021081947,-0.008856949,0.000137974,-0.012545772,-0.004445964,0.002366856,0.000139799,-0.165440048,0.000133675,-0.010031845,-0.000291923,-0.001618073,-0.004567962,-0.007840023,-0.007627509,-0.005505439,-0.002224782,0.011020008,-0.003069922,-0.005734763,-0.013744638,-0.004392716,-0.004799043,-0.001729006,-0.00518632,-0.006394225,6.34855E-06
BR5_main,7.414949495,0.000953667,9.34237E-06,-0.00078641,-0.003537133,-0.02043655,-0.008439986,8.77687E-05,-0.013530928,-0.004398495,0.002280378,0.000134375,-0.161628545,0.000206943,-0.0096344,-0.000272521,-0.001528033,-0.004321617,-0.009047435,-0.007128436,-0.005107814,-0.002042823,0.010767637,-0.002831929,-0.005816323,-0.011993436,-0.004214895,-0.004465645,-0.001645993,-0.004575779,-0.005824658,5.6093E-06
BR5_main,7.534545455,0.000830235,3.60975E-05,-0.000844599,-0.003273023,-0.019818961,-0.007358268,6.32839E-05,-0.01402123,-0.00435222,0.002247214,0.00013399,-0.157123433,0.000276732,-0.009400879,-0.000197774,-0.001511376,-0.004120067,-0.009990282,-0.006701328,-0.004819047,-0.001886935,0.010724705,-0.00266608,-0.005776619,-0.011398562,-0.004037621,-0.004306033,-0.00153327,-0.004172068,-0.005374775,5.44765E-06
BR5_main,7.654141414,0.000575103,4.35087E-05,-0.000894057,-0.003026574,-0.019169863,-0.006452505,1.69983E-05,-0.014483554,-0.004318697,0.002308613,0.000139042,-0.151143743,0.000364959,-0.009250937,-0.000300523,-0.001472223,-0.003944954,-0.009409661,-0.00654427,-0.004524551,-0.001727358,0.01060465,-0.002553436,-0.005632671,-0.011109343,-0.00386262,-0.004328595,-0.001537648,-0.003895115,-0.005199404,5.58442E-06
BR5_main,7.773737374,0.000342545,2.92946E-05,-0.00094209,-0.002839548,-0.018448849,-0.006323396,1.60185E-06,-0.013682163,-0.004289911,0.002393249,0.000141317,-0.145024722,0.000422884,-0.00917365,-0.000287501,-0.001417113,-0.003800586,-0.006775876,-0.006823255,-0.004337984,-0.001624284,0.01055229,-0.002464568,-0.005534033,-0.011476106,-0.003680223,-0.004044152,-0.00155862,-0.003689133,-0.004946764,5.89109E-06
BR5_main,7.893333333,0.000262924,3.12657E-05,-0.00099237,-0.002710677,-0.017888793,-0.00629678,1.78316E-05,-0.013120992,-0.004233279,0.002463877,0.000137125,-0.139201215,0.000469877,-0.009153724,-0.000201443,-0.001361464,-0.00369139,-0.004599933,-0.007344036,-0.004353055,-0.001525175,0.010629392,-0.002428307,-0.005410136,-0.013072563,-0.003514608,-0.004258892,-0.001545761,-0.003313236,-0.004770345,6.28777E-06
BR5_main,8.012929293,0.000212172,2.69189E-05,-0.001043085,-0.002617755,-0.017511628,-0.006310058,3.73617E-05,-0.01139671,-0.004164015,0.002535391,0.000130159,-0.134271175,0.000489552,-0.009251065,-0.000166246,-0.001324189,-0.003576426,-0.002735947,-0.007671918,-0.004264678,-0.001516442,0.010964656,-0.002416961,-0.005267323,-0.014234752,-0.003371446,-0.004453656,-0.001560401,-0.002960456,-0.004784192,6.52661E-06
BR5_main,8.132525253,8.15952E-05,2.30646E-05,-0.001071446,-0.002708345,-0.017265299,-0.006244817,9.57489E-05,-0.010890408,-0.004140735,0.002575134,0.000125835,-0.130105411,0.000508694,-0.009666095,-0.000545183,-0.001313563,-0.003508333,-0.00238614,-0.007559915,-0.004491362,-0.001636235,0.011248783,-0.002368686,-0.005126507,-0.015256315,-0.003203327,-0.004551977,-0.001621446,-0.002974207,-0.00483586,6.78424E-06
BR5_main,8.252121212,0.0000005,2.17525E-05,-0.001107673,-0.002935373,-0.018019887,-0.006312463,0.000131659,-0.009787216,-0.004125985,0.002599754,0.000129289,-0.128817476,0.000517642,-0.010058606,-0.001066981,-0.001352865,-0.003466693,-0.002542347,-0.007228867,-0.004764881,-0.00180893,0.011198355,-0.002315744,-0.005033577,-0.015893685,-0.003063307,-0.004546773,-0.001587999,-0.003147311,-0.004888416,7.01504E-06
BR5_main,8.371717172,0.0000005,1.1413E-05,-0.001151421,-0.00309529,-0.019351667,-0.006387629,0.000163612,-0.008707304,-0.004129966,0.002617343,0.000130125,-0.13021128,0.000525266,-0.01071119,-0.001507277,-0.001388436,-0.003443045,-0.002965444,-0.006984442,-0.004980955,-0.001964715,0.011129391,-0.00237819,-0.004994754,-0.016526628,-0.002922131,-0.00464598,-0.001580308,-0.003105568,-0.004965179,8.43728E-06
BR5_main,8.491313131,0.0000005,-2.85793E-06,-0.001213177,-0.003433099,-0.020467155,-0.006333429,0.000196141,-0.009186135,-0.004117984,0.002667336,0.000138291,-0.13687423,0.000498788,-0.011359211,-0.001239366,-0.001400952,-0.003410294,-0.003349742,-0.006848035,-0.005016577,-0.002101414,0.011054632,-0.002371887,-0.004892429,-0.016108466,-0.002780035,-0.004842455,-0.001676093,-0.003213151,-0.004877261,9.95635E-06
BR5_main,8.610909091,0.0000005,-3.17799E-06,-0.001304715,-0.003670544,-0.020482865,-0.006265189,0.00022381,-0.00914633,-0.004138733,0.002655154,0.000155169,-0.152475177,0.000446451,-0.011467229,-0.001007163,-0.001399973,-0.003377503,-0.003602552,-0.006577782,-0.004464318,-0.002232651,0.010934828,-0.002321169,-0.004776104,-0.015254845,-0.002640487,-0.004864946,-0.001676072,-0.003685706,-0.004899583,1.05606E-05
BR5_main,8.730505051,0.0000005,-1.65448E-06,-0.001402982,-0.003569003,-0.019226175,-0.006194711,0.000220749,-0.009070964,-0.004117207,0.002566361,0.000151222,-0.164790374,0.000399054,-0.011070691,-0.00048351,-0.001381558,-0.003346776,-0.003931409,-0.006358475,-0.004280135,-0.002326968,0.010820422,-0.002245125,-0.004684767,-0.014235737,-0.002526908,-0.004704593,-0.00152187,-0.004338409,-0.004936564,1.07395E-05
BR5_main,8.85010101,0.0000005,1.6376E-06,-0.001480286,-0.003319583,-0.017422701,-0.006133067,0.000245612,-0.009485963,-0.004164068,0.002551538,0.000148165,-0.168434295,0.000348917,-0.010083697,-0.000264588,-0.001370569,-0.003320408,-0.003829009,-0.006181934,-0.004231276,-0.002403656,0.010673225,-0.002247153,-0.004621855,-0.013910714,-0.002414115,-0.00435347,-0.001454462,-0.00541755,-0.004967577,1.17072E-05
BR5_main,8.96969697,0.0000005,8.46516E-07,-0.001564908,-0.003309659,-0.016297789,-0.006052032,0.000294684,-0.009888035,-0.004245215,0.00252538,0.000143351,-0.159876542,0.000331832,-0.009742848,6.39752E-05,-0.001386581,-0.003299259,-0.003586682,-0.006033219,-0.004148996,-0.00235117,0.01031586,-0.002317925,-0.004473654,-0.013689253,-0.002292686,-0.004313987,-0.001334844,-0.006129109,-0.005051445,1.22647E-05
BR5_main,9.089292929,0.0000005,-1.78707E-05,-0.001671902,-0.003137782,-0.015466206,-0.005959318,0.000312761,-0.010482345,-0.004348332,0.002500273,0.00014117,-0.160821416,0.000309538,-0.009413289,0.000418628,-0.001397206,-0.003276566,-0.003135235,-0.005886593,-0.003913251,-0.002241229,0.010016293,-0.002288552,-0.004357465,-0.014237332,-0.002190084,-0.004231466,-0.001264986,-0.006695817,-0.005149256,1.26344E-05
BR5_main,9.208888889,0.0000005,1.80344E-06,-0.001780729,-0.003048703,-0.015393759,-0.005958634,0.000294686,-0.01048053,-0.004439188,0.00240597,0.000138822,-0.158647558,0.000294163,-0.00909805,0.00066822,-0.001373878,-0.003263526,-0.002732174,-0.005949849,-0.003813824,-0.002111561,0.009896603,-0.002304444,-0.004210914,-0.013957015,-0.002072098,-0.004235339,-0.00127743,-0.006649416,-0.005180204,1.26643E-05
BR5_main,9.328484848,0.0000005,-1.28433E-05,-0.001872228,-0.003029005,-0.015217692,-0.006011225,0.00028207,-0.010348572,-0.004482628,0.002297502,0.000136584,-0.158822528,0.000299843,-0.008728398,0.000658901,-0.001350178,-0.003257199,-0.00230172,-0.006209764,-0.003805599,-0.001982813,0.009804666,-0.002457766,-0.004080325,-0.014064436,-0.001967539,-0.004307754,-0.00132343,-0.00650637,-0.005250516,1.30656E-05
BR5_main,9.448080808,0.0000005,-2.79451E-05,-0.001948156,-0.003025308,-0.015184905,-0.006041768,0.000276894,-0.010371393,-0.004533931,0.002245628,0.000125723,-0.154143664,0.000350577,-0.008676457,0.000677733,-0.001361951,-0.003248581,-0.002040068,-0.006271405,-0.003840877,-0.002047987,0.009684498,-0.002496444,-0.003982154,-0.014178314,-0.001911574,-0.004583385,-0.001300915,-0.006361044,-0.005254585,1.41521E-05
BR5_main,9.567676768,0.0000005,-2.94645E-05,-0.002008281,-0.00299084,-0.015063546,-0.006028448,0.000278564,-0.010877869,-0.004522719,0.002121405,0.000124221,-0.142522292,0.000406367,-0.008760137,0.00065885,-0.001377136,-0.003268403,-0.001873679,-0.006395043,-0.003837333,-0.00210694,0.009268513,-0.002556905,-0.003913148,-0.014615062,-0.001827472,-0.004797311,-0.001291847,-0.005771637,-0.005317647,1.39231E-05
BR5_main,9.687272727,0.0000005,-2.27755E-05,-0.002047472,-0.003230189,-0.01498814,-0.006015216,0.000225175,-0.010776408,-0.004414141,0.001952304,0.000122731,-0.147300133,0.000434699,-0.008867307,0.000463208,-0.001412541,-0.003260272,-0.001691174,-0.006534406,-0.003899292,-0.002138359,0.009204761,-0.002658532,-0.003812347,-0.014948074,-0.00182401,-0.004768233,-0.001283041,-0.005858815,-0.005357605,1.3142E-05
BR5_main,9.806868687,0.0000005,1.88364E-05,-0.002053775,-0.003350966,-0.015079416,-0.005931433,0.000165627,-0.010921631,-0.004313049,0.001803447,0.000125475,-0.15020209,0.000495661,-0.008932315,0.00074544,-0.001443695,-0.003322783,-0.001586647,-0.00661416,-0.004091477,-0.00207983,0.009097045,-0.002745487,-0.003652027,-0.015685624,-0.001938987,-0.004851031,-0.001264958,-0.004939858,-0.005360381,1.183E-05
BR5_main,9.926464646,0.0000005,4.12986E-05,-0.00202034,-0.003298301,-0.015200094,-0.00594424,0.000107747,-0.011196261,-0.00429138,0.001486704,0.00012328,-0.158085591,0.000619513,-0.008981577,0.000775353,-0.001432886,-0.003356004,-0.001454892,-0.006624375,-0.004400453,-0.002011624,0.008838148,-0.002909826,-0.003523645,-0.016101837,-0.002040774,-0.004906288,-0.001249851,-0.004231007,-0.005326542,1.07965E-05
BR5_main,10.04606061,0.0000005,5.78619E-05,-0.00197306,-0.003323286,-0.015320733,-0.006112584,5.56702E-05,-0.012079025,-0.004222038,0.00095765,0.000122639,-0.166372815,0.000734403,-0.009075228,0.000563251,-0.001423383,-0.003407934,-0.001277329,-0.006530878,-0.004709522,-0.001892653,0.008645146,-0.002916926,-0.003425336,-0.016452842,-0.002213728,-0.004825294,-0.00119325,-0.00380946,-0.005365875,9.88605E-06
BR5_main,10.16565657,0.0000005,5.74564E-05,-0.001908968,-0.003312086,-0.015438337,-0.006203125,-5.78915E-05,-0.01255317,-0.004134462,0.000352362,0.000106463,-0.178424074,0.000875315,-0.009500477,0.000578863,-0.001384407,-0.003442842,-0.00131314,-0.00650348,-0.00491614,-0.001752518,0.00832917,-0.002826287,-0.003436911,-0.016760338,-0.002616256,-0.004824681,-0.001155047,-0.003463674,-0.005311904,9.24319E-06
BR5_main,10.28525253,0.0000005,6.13829E-05,-0.001791802,-0.003430116,-0.01548074,-0.006153637,-0.000156134,-0.013071817,-0.004052961,-1.66919E-05,9.92195E-05,-0.193574085,0.00091868,-0.0102718,0.000468736,-0.001364561,-0.003455628,-0.001365231,-0.006500115,-0.004874756,-0.001637261,0.008214757,-0.002741195,-0.003760109,-0.016390479,-0.003107956,-0.004949027,-0.001150551,-0.003637305,-0.005228665,9.08866E-06
BR5_main,10.40484848,0.0000005,3.965E-05,-0.001608579,-0.004055855,-0.015653205,-0.006034139,-0.000360706,-0.012710437,-0.004017423,-0.000347043,7.7467E-05,-0.200418199,0.000970534,-0.011075649,0.000707285,-0.001405076,-0.003458178,-0.00133094,-0.006277108,-0.004873407,-0.001632074,0.008284868,-0.002513379,-0.004084693,-0.016069296,-0.003009721,-0.005602328,-0.001165688,-0.003748211,-0.005148144,9.09064E-06
BR5_main,10.52444444,0.0000005,4.57632E-05,-0.001372665,-0.004410839,-0.015809161,-0.00605413,-0.000413933,-0.013721503,-0.003980648,-0.000827117,4.64357E-05,-0.217460388,0.000979311,-0.012025481,0.00090428,-0.001385381,-0.003437384,-0.001349821,-0.006162921,-0.004660319,-0.001631392,0.008489347,-0.002339759,-0.004649417,-0.015641391,-0.002903123,-0.005663714,-0.001180199,-0.003813774,-0.005008476,8.88157E-06
BR5_main,10.6440404,0.0000005,-1.96392E-05,-0.001296026,-0.004072875,-0.015988846,-0.005867256,-0.00051456,-0.014954806,-0.004203517,-0.001713654,2.99421E-05,-0.222614043,0.000966644,-0.013466302,0.001217978,-0.001349611,-0.003373904,-0.001299709,-0.00613015,-0.00434204,-0.001732425,0.007968884,-0.002255364,-0.005565199,-0.015535943,-0.002902649,-0.005252455,-0.001232914,-0.003610369,-0.004872903,8.47546E-06
BR5_main,10.76363636,0.0000005,-3.82421E-05,-0.001188304,-0.003845692,-0.016163966,-0.005731718,-0.000674205,-0.015205097,-0.004363644,-0.00207075,1.69164E-05,-0.204246014,0.000928004,-0.015005934,0.001287749,-0.001311104,-0.003285897,-0.002643129,-0.005988824,-0.00407778,-0.001725433,0.007297963,-0.002209211,-0.005856969,-0.015287658,-0.002906315,-0.004683953,-0.001250013,-0.003625814,-0.004777611,7.36142E-06
BR5_main,10.88323232,0.0000005,-1.71733E-05,-0.001011295,-0.003389577,-0.016342165,-0.005485624,-0.000862818,-0.016985392,-0.004673036,-0.002640531,1.63623E-05,-0.176976007,0.000853236,-0.015335052,0.000489466,-0.00125705,-0.003197998,-0.004149643,-0.005721364,-0.003822135,-0.001637072,0.005689695,-0.002281103,-0.006368184,-0.014476429,-0.002883597,-0.004459649,-0.0012399,-0.003946847,-0.004722692,5.72813E-06
BR5_main,11.00282828,0.0000005,-1.09162E-05,-0.000880448,-0.002691307,-0.016653257,-0.005473317,-0.000852169,-0.01660208,-0.004788253,-0.002765236,-2.032E-05,-0.155236517,0.000735136,-0.014251334,-0.000288062,-0.001172088,-0.003111985,-0.005735343,-0.005389523,-0.003739157,-0.001496104,0.004383921,-0.002304864,-0.006702647,-0.014345981,-0.003278639,-0.004449399,-0.001223979,-0.00422559,-0.00438147,5.25458E-06
BR5_main,11.12242424,0.0000005,4.65985E-05,-0.00081602,-0.002294348,-0.016913713,-0.005460276,-0.000718069,-0.013968384,-0.004811909,-0.002600529,-4.29964E-05,-0.140709032,0.000560606,-0.012125512,-0.000122402,-0.001155033,-0.003036245,-0.006494186,-0.00561594,-0.003739716,-0.001389901,0.004124654,-0.002325833,-0.006870762,-0.013379077,-0.00356224,-0.004371698,-0.001267638,-0.004363966,-0.004402687,7.10756E-06
BR5_main,11.2420202,0.0000005,6.81047E-05,-0.000780666,-0.002072088,-0.017222318,-0.005401884,-0.000696618,-0.014913329,-0.004505325,-0.00240553,-4.79662E-05,-0.129209464,0.000345114,-0.009622271,0.000161693,-0.001156294,-0.002951398,-0.005286131,-0.005602438,-0.003808466,-0.001414954,0.007051074,-0.002250243,-0.007221326,-0.013078091,-0.005202541,-0.004254228,-0.001350249,-0.004663369,-0.004350084,1.07332E-05
BR5_main,11.36161616,0.0000005,4.9708E-06,-0.000430477,-0.002082491,-0.017631188,-0.005936252,-0.00062675,-0.014933639,-0.005041986,-0.003525982,1.89859E-06,-0.117261446,-0.000191421,-0.007527003,0.000510232,-0.001151039,-0.002882127,-0.002235721,-0.005729129,-0.003866817,-0.00154046,0.010117842,-0.002283373,-0.007738724,-0.012472347,-0.005860767,-0.004136884,-0.001527648,-0.004867248,-0.004167764,1.26537E-05
BR5_main,11.48121212,0.0000005,-0.000192128,-0.001078325,-0.002074304,-0.018021142,-0.007680729,-0.001034007,-0.018887763,-0.005502218,-0.004385104,4.99297E-05,-0.116798162,-0.000605404,-0.007292764,0.000473923,-0.001137893,-0.002924453,-0.003404976,-0.005595384,-0.003912555,-0.001704057,0.009902778,-0.002385826,-0.010789284,-0.010853345,-0.005856627,-0.00419514,-0.001663458,-0.004662444,-0.004822324,1.31579E-05
BR5_main,11.60080808,0.0000005,-0.000491219,-0.003996236,-0.002118341,-0.018318616,-0.009937223,-0.001588225,-0.023242432,-0.006167781,-0.005341956,2.53476E-05,-0.153978321,-0.001186656,-0.007829321,-8.85761E-05,-0.001195679,-0.002954073,-0.009359003,-0.005830691,-0.003943645,-0.001773102,0.008414392,-0.003047232,-0.014837095,-0.01355143,-0.005788021,-0.005209958,-0.001923203,-0.006238599,-0.00631435,1.28444E-05
BR5_main,11.72040404,0.0000005,-0.000876593,-0.007679729,-0.002969678,-0.01848204,-0.012374711,-0.001866625,-0.032233814,-0.006679411,-0.006080829,-0.000103883,-0.243244533,-0.001692899,-0.008634883,-0.001353169,-0.001494909,-0.002980786,-0.013691857,-0.006264154,-0.003958936,-0.001765924,0.00452558,-0.00372217,-0.020772448,-0.018284341,-0.010529513,-0.00698538,-0.002269353,-0.010645601,-0.008189877,1.24027E-05
BR5_main,11.84,0.0000005,-0.001142275,-0.009220013,-0.002892127,-0.018435163,-0.01350451,-0.002133131,-0.037469836,-0.006953657,-0.006503652,-0.000200222,-0.349426783,-0.00202325,-0.008778387,-0.002873428,-0.001766676,-0.002975603,-0.014420156,-0.007143748,-0.003957122,-0.001788967,0.004178374,-0.003943729,-0.02418802,-0.023697994,-0.01542436,-0.007642661,-0.002466763,-0.014545326,-0.009190336,1.18285E-05
BR6_main,0,0.020095138,-0.095970761,-1.549211879,-0.172976679,-0.613537643,-1.256225011,-0.249619701,-1.815291228,-0.152570642,-1.977843857,-0.022144666,-2.059534269,-3.827762799,-1.848415047,-0.392768912,-0.073815528,-0.381777084,-1.345520713,-0.765021398,-0.206492478,-0.3664946,0.285634994,-0.194807484,-0.32114415,-3.292310396,-2.112313293,-0.389546623,-0.193590079,-1.188340999,-0.306502122,1.49777E-05
BR6_main,0.11959596,0.026692599,-0.083422341,-1.018351712,-0.155253463,-0.821348358,-1.010754455,-0.216913736,-1.288510316,-0.132950785,-1.118227825,-0.015513179,-1.919274842,-3.244340523,-1.37400628,-0.352792321,-0.068765978,-0.340289517,-0.932181345,-0.683671067,-0.194888519,-0.302924138,-0.171529588,-0.17138071,-0.294181382,-2.812463527,-1.738803708,-0.32681372,-0.154751051,-0.836370428,-0.280446133,1.96106E-05
BR6_main,0.239191919,0.031785356,-0.063559665,-0.384830621,-0.133729477,-1.480669006,-0.607506003,-0.150149986,-0.852697403,-0.110371528,-0.308183466,-0.00938187,-1.769641874,-2.019742962,-0.809150702,-0.260014704,-0.064757827,-0.280007314,0.226143454,-0.535128933,-0.176197373,-0.220584385,-0.365200829,-0.142220834,-0.262041691,-2.4715154,-1.179536468,-0.261530822,-0.093315805,-0.416106791,-0.244384416,2.36962E-05
BR6_main,0.358787879,0.035583022,-0.042588575,-0.031497919,-0.113126158,-1.194497575,-0.351148732,-0.09096952,-0.836604538,-0.087722301,-0.078127952,-0.00741289,-1.610476283,-1.011975865,-0.483757448,-0.378389736,-0.062367651,-0.21546859,0.488805814,-0.37685379,-0.155618787,-0.139802518,-0.263110826,-0.110467177,-0.228188582,-2.612145666,-0.903059137,-0.193923096,-0.058863309,-0.254020854,-0.2061193,2.05495E-05
BR6_main,0.478383838,0.0381625,-0.032508007,-0.069445673,-0.098590893,-0.5212829,-0.325150676,-0.067409615,-1.056992126,-0.069828371,-0.123674576,-0.009875286,-1.451903524,-0.874745509,-0.357065897,-0.568697546,-0.056849202,-0.177594941,0.470155306,-0.282924083,-0.139446379,-0.10497236,-0.133581392,-0.102875802,-0.193981852,-3.288834955,-0.873534882,-0.145936754,-0.041169987,-0.225708945,-0.174373053,1.72532E-05
BR6_main,0.597979798,0.039827434,-0.037138284,-0.139578024,-0.088324225,-0.353747433,-0.322934786,-0.060770597,-1.15268344,-0.060625531,-0.120430653,-0.010395041,-1.300408326,-0.817262705,-0.574997706,-0.484046111,-0.050880075,-0.136843574,0.493191258,-0.230944216,-0.130088482,-0.080378394,0.082248885,-0.103043038,-0.161396115,-2.6298051,-0.761252149,-0.117693576,-0.031886112,-0.262679726,-0.157714802,1.43874E-05
BR6_main,0.717575758,0.040837285,-0.04199041,-0.174036106,-0.078643846,-0.26930227,-0.259828256,-0.054446036,-0.850449513,-0.051387323,-0.100586912,-0.010252856,-1.162452637,-0.737305304,-0.600623157,-0.341338423,-0.045157311,-0.110158811,0.422252404,-0.194637046,-0.119926733,-0.066862793,0.178992767,-0.094096581,-0.154580329,-1.511331957,-0.657402638,-0.100435419,-0.028989238,-0.329367734,-0.14158568,1.12216E-05
BR6_main,0.837171717,0.041451452,-0.030988762,-0.14135838,-0.06847383,-0.255301613,-0.207265306,-0.046936842,-0.597055537,-0.040696191,-0.110967577,-0.010651266,-1.041897805,-0.632252458,-0.472475562,-0.20138544,-0.037587988,-0.091177679,0.301370458,-0.170564132,-0.108642418,-0.055801977,0.163828286,-0.072837489,-0.129894267,-0.935086227,-0.50703721,-0.086001389,-0.024004128,-0.372804642,-0.125013787,9.53364E-06
BR6_main,0.956767677,0.041796362,-0.02796039,-0.197899313,-0.059070005,-0.266336334,-0.178909574,-0.047163908,-0.400833333,-0.035492831,-0.135530098,-0.008514846,-0.901965944,-0.507142187,-0.352615126,-0.096357404,-0.030218514,-0.080615718,0.222841629,-0.144242654,-0.093562251,-0.046880495,0.111314813,-0.055046922,-0.097506116,-0.619825848,-0.343224352,-0.077463088,-0.019124492,-0.363836288,-0.109461513,7.67324E-06
BR6_main,1.076363636,0.041966279,-0.020336847,-0.146780508,-0.050695573,-0.300189161,-0.152663866,-0.048473624,-0.241682378,-0.031713442,-0.133784426,-0.005374335,-0.792920287,-0.387321289,-0.236623562,-0.057468875,-0.024462606,-0.068002613,0.192703993,-0.119895706,-0.079248461,-0.038676753,0.079040286,-0.043197368,-0.074522754,-0.88537718,-0.231532477,-0.066617798,-0.015884062,-0.329327738,-0.095168078,8.53858E-06
BR6_main,1.195959596,0.042050538,-0.014251368,-0.081032531,-0.043740278,-0.322038434,-0.183692189,-0.032934077,-0.166227519,-0.02954957,-0.120995845,-0.003960584,-0.713445423,-0.387420283,-0.187333433,-0.059817013,-0.0216969,-0.056174908,0.188447093,-0.100727538,-0.067666263,-0.031475735,0.082225227,-0.033960467,-0.059425595,-1.703456163,-0.218134929,-0.054817705,-0.014854437,-0.310440873,-0.079736466,1.07962E-05
BR6_main,1.315555556,0.042096618,-0.00974282,-0.001636939,-0.038256356,-0.375114571,-0.218831274,-0.022266032,-0.135731138,-0.031162735,-0.20177198,-0.003244488,-0.641981946,-0.496970989,-0.125368347,-0.070184213,-0.019379317,-0.044674872,0.181779226,-0.083542959,-0.057884857,-0.026062827,0.108568499,-0.03020071,-0.048999365,-1.657453555,-0.215284409,-0.045347063,-0.013552836,-0.316021642,-0.063712345,1.08521E-05
BR6_main,1.435151515,0.042120236,-0.007010428,0.053846663,-0.035607179,-0.471607834,-0.217988823,-0.017192781,-0.106359483,-0.039960787,-0.368791879,-0.002175432,-0.57809878,-0.641015788,-0.094239828,-0.08043662,-0.01693574,-0.03771695,0.159700416,-0.072148216,-0.052338252,-0.021151006,0.119603089,-0.027192236,-0.04497876,-1.171911284,-0.212838134,-0.041270136,-0.012397681,-0.347240332,-0.052757199,1.31847E-05
BR6_main,1.554747475,0.042129229,-0.005082887,0.073930357,-0.034323691,-0.570538837,-0.176812781,-0.017681551,-0.121888956,-0.042407348,-0.444652135,-0.003132836,-0.525378735,-0.763940271,-0.066958652,-0.079755863,-0.014877051,-0.031965692,0.141573006,-0.063192508,-0.044451377,-0.018652469,0.09240408,-0.024306356,-0.041733852,-0.796531025,-0.188531708,-0.037946828,-0.0129071,-0.324737358,-0.047142216,1.96553E-05
BR6_main,1.674343434,0.04212696,-0.003920669,0.083277308,-0.033341097,-0.682643827,-0.124449051,-0.014783248,-0.116099304,-0.04004584,-0.358367171,-0.002132632,-0.479128542,-0.703276191,-0.066138732,-0.070422853,-0.012946262,-0.028687528,0.123048381,-0.056753884,-0.04045476,-0.016456627,0.074243441,-0.021427592,-0.039276616,-0.51580895,-0.149097326,-0.034516569,-0.012399328,-0.218394829,-0.042227705,2.49238E-05
BR6_main,1.793939394,0.042103417,-0.003611839,0.075545919,-0.031286123,-0.710131799,-0.092502527,-0.013673468,-0.094425672,-0.042126907,-0.219022118,-0.000713535,-0.449386684,-0.495879445,-0.059711895,-0.052289613,-0.011218327,-0.026019422,0.109282389,-0.049981909,-0.038245901,-0.015229581,0.057293691,-0.018918507,-0.036761615,-0.340385189,-0.117026597,-0.031151119,-0.011375216,-0.12545744,-0.039872826,2.01626E-05
BR6_main,1.913535354,0.042053172,-0.003171885,0.065795565,-0.029094196,-0.739993316,-0.06954385,-0.010598253,-0.089111801,-0.031401092,-0.184498875,-0.000453821,-0.427984209,-0.301147711,-0.055128428,-0.052085677,-0.009848125,-0.022881225,0.11814209,-0.043851718,-0.036133537,-0.014682238,0.033280847,-0.017843659,-0.032768357,-0.237912778,-0.092197146,-0.028467093,-0.010175345,-0.11285428,-0.038493456,1.95215E-05
BR6_main,2.033131313,0.041996361,-0.002822231,0.054535172,-0.027728524,-0.54796548,-0.059345939,-0.007398931,-0.076638322,-0.023865306,-0.086517775,-0.000219383,-0.401686603,-0.208725517,-0.054365768,-0.042063858,-0.009001593,-0.020993675,0.080662734,-0.038206164,-0.035358011,-0.014400065,0.016878439,-0.018032291,-0.029318562,-0.174020402,-0.087454122,-0.02587717,-0.008760739,-0.100725197,-0.041219039,2.09641E-05
BR6_main,2.152727273,0.041907263,-0.002409566,0.030456292,-0.025112802,-0.341277883,-0.0607403,-0.005152795,-0.072719428,-0.018306762,-0.041594334,5.83548E-05,-0.381637423,-0.157139534,-0.049527986,-0.024980406,-0.008273517,-0.021940724,0.051921302,-0.033624675,-0.036043521,-0.013599366,0.004377508,-0.020876688,-0.029560449,-0.151034072,-0.095114026,-0.023524078,-0.006849629,-0.091123115,-0.043755398,2.19343E-05
BR6_main,2.272323232,0.041739473,-0.00210113,0.001959229,-0.025500665,-0.178762121,-0.05712923,-0.002493866,-0.064226694,-0.014868032,-0.019360523,0.000172011,-0.360702815,-0.108425533,-0.046870501,-0.011181972,-0.007640067,-0.025224428,0.014941739,-0.039055724,-0.03879568,-0.013464708,-0.005715107,-0.023014062,-0.030663827,-0.133198992,-0.087752932,-0.02181561,-0.005484469,-0.065192469,-0.048020215,2.21653E-05
BR6_main,2.391919192,0.041428506,-0.001734992,-0.010991736,-0.024555617,-0.081077905,-0.052981972,-0.000965524,-0.058677019,-0.014039849,0.006524016,0.000327129,-0.338488307,-0.078379855,-0.046310654,-0.00121068,-0.007092092,-0.029849883,-0.025207457,-0.046916784,-0.040189543,-0.013605585,-0.014521863,-0.025229452,-0.030411208,-0.119437792,-0.087669807,-0.020184798,-0.004607742,-0.071924247,-0.04922604,2.14661E-05
BR6_main,2.511515152,0.040962162,-0.001805424,-0.013733884,-0.025950458,-0.049701639,-0.045000593,-0.000138178,-0.053094266,-0.013406807,3.67801E-05,0.000443861,-0.316947819,-0.053797305,-0.045915521,0.000565179,-0.006577536,-0.030361653,-0.080753995,-0.050652669,-0.039854222,-0.013256661,-0.033115153,-0.025104226,-0.030559829,-0.100060099,-0.088825633,-0.019018653,-0.003926609,-0.066387401,-0.045798842,2.11199E-05
BR6_main,2.631111111,0.04037909,-0.002024398,-0.016688728,-0.025872451,-0.042364065,-0.033266877,-2.06176E-05,-0.052848859,-0.012758449,-0.014374095,0.000477,-0.295422722,-0.034347227,-0.046560679,0.002367299,-0.006189895,-0.031343294,-0.108689232,-0.051564983,-0.035507378,-0.012362968,-0.045544298,-0.023216227,-0.029056934,-0.091321516,-0.085514383,-0.017363247,-0.00320555,-0.067503735,-0.040796233,2.20777E-05
BR6_main,2.750707071,0.039289776,-0.002403752,-0.01578647,-0.02346067,-0.038566627,-0.025513047,0.000169286,-0.062790855,-0.013114773,-0.01042527,0.000533319,-0.276774143,-0.021296837,-0.044818491,0.004471668,-0.005756285,-0.027660652,-0.122048637,-0.048808106,-0.032825244,-0.011770459,-0.05118856,-0.01923894,-0.025610189,-0.079814674,-0.079905452,-0.015717374,-0.003039184,-0.048250331,-0.033399757,2.22817E-05
BR6_main,2.87030303,0.037724949,-0.002007862,-0.014825678,-0.022604359,-0.042697853,-0.02012026,0.000248203,-0.060490578,-0.013637929,-0.000813635,0.000523862,-0.260808335,-0.011625335,-0.044549364,0.00702883,-0.005558457,-0.024914745,-0.139581912,-0.043685443,-0.027652836,-0.013798333,-0.06095743,-0.013914635,-0.022085374,-0.069265822,-0.06981537,-0.014415572,-0.002930679,-0.041617705,-0.028818415,2.24902E-05
BR6_main,2.98989899,0.035544051,-0.001764229,-0.014899635,-0.018948742,-0.046221253,-0.017986395,0.000297852,-0.052438463,-0.013281615,0.005668875,0.000528348,-0.247022778,-0.007170504,-0.044489202,0.005952277,-0.005341433,-0.019178022,-0.158933295,-0.036795606,-0.023989726,-0.014488347,-0.058760075,-0.01124977,-0.018086594,-0.060870317,-0.06283571,-0.013536447,-0.002877681,-0.036803628,-0.024484205,2.22495E-05
BR6_main,3.109494949,0.032686481,-0.00138003,-0.015181579,-0.014143244,-0.041594767,-0.01828356,0.000340757,-0.039032856,-0.011792719,0.010822967,0.000541309,-0.235959069,-0.004424665,-0.036967589,0.010375843,-0.005140754,-0.015216138,-0.162502115,-0.029362814,-0.021524662,-0.016478894,-0.05092042,-0.011084817,-0.017029538,-0.056492408,-0.051991175,-0.012961897,-0.002691453,-0.026722053,-0.018149695,2.21768E-05
BR6_main,3.229090909,0.029586907,-0.001202066,-0.015726501,-0.011546313,-0.046190683,-0.018315629,0.000463675,-0.033945269,-0.011593951,0.011417101,0.000534169,-0.226255119,-0.002729561,-0.03191569,0.005085937,-0.004977117,-0.011199643,-0.155334128,-0.024356444,-0.01881339,-0.014421586,-0.042897497,-0.009875803,-0.014946059,-0.052748212,-0.039528773,-0.012167391,-0.002498837,-0.019081136,-0.015451375,2.23732E-05
BR6_main,3.348686869,0.026668987,-0.001252104,-0.016663764,-0.011177028,-0.05267347,-0.017810602,0.000801825,-0.031972055,-0.010418159,0.015847885,0.000494818,-0.216956258,-0.001676263,-0.027096753,0.003183622,-0.004894062,-0.010622007,-0.148885947,-0.022705634,-0.016918209,-0.011338442,-0.035577794,-0.008929596,-0.013405638,-0.049388502,-0.03181564,-0.011860261,-0.002325773,-0.015770363,-0.013305805,2.25048E-05
BR6_main,3.468282828,0.024408027,-0.001227277,-0.017421451,-0.010886942,-0.05287217,-0.016257902,0.000977572,-0.030402347,-0.010684419,0.017749007,0.000474225,-0.210729494,-0.001069123,-0.022414909,0.003204372,-0.00479172,-0.009917506,-0.121457009,-0.019568882,-0.016101756,-0.008729875,-0.02884897,-0.007383081,-0.012210874,-0.04561901,-0.029034086,-0.011664594,-0.002281787,-0.015151666,-0.011939367,2.17679E-05
BR6_main,3.587878788,0.022382758,-0.001269993,-0.018355241,-0.010840301,-0.053159181,-0.015202189,0.000777265,-0.028271844,-0.010730007,0.018689482,0.000417541,-0.206872956,-0.000601003,-0.022050164,0.006096104,-0.004879172,-0.009928179,-0.096818436,-0.019471497,-0.015707135,-0.008606021,-0.025542941,-0.005898494,-0.010475889,-0.042615129,-0.027389981,-0.011763628,-0.002555499,-0.014215907,-0.010841657,2.12832E-05
BR6_main,3.707474747,0.020662867,-0.001278559,-0.019831154,-0.010811917,-0.049912288,-0.014336624,0.000708093,-0.027716851,-0.0111102,0.019385587,0.000386049,-0.204505439,-0.000352448,-0.022572145,0.007893194,-0.005019429,-0.010058549,-0.08439818,-0.019632503,-0.015521156,-0.009011994,-0.022205932,-0.005905313,-0.00938794,-0.041917973,-0.027211065,-0.011909956,-0.002854234,-0.013496038,-0.011550416,2.0818E-05
BR6_main,3.827070707,0.019046667,-0.001255809,-0.021879715,-0.010986281,-0.048143295,-0.014343334,0.000672903,-0.026310862,-0.01196554,0.020544764,0.000356317,-0.202641442,-0.000135777,-0.023050644,0.007721709,-0.005152871,-0.011045818,-0.077853599,-0.020667858,-0.015700556,-0.009181494,-0.01842315,-0.006124387,-0.008648272,-0.04229445,-0.02631439,-0.012582068,-0.00306734,-0.013492932,-0.012915917,2.02299E-05
BR6_main,3.946666667,0.01774692,-0.001141831,-0.023505599,-0.011176632,-0.04733215,-0.014299538,0.000661963,-0.024712365,-0.01137035,0.020748171,0.00034364,-0.20095109,6.6164E-06,-0.028025827,0.006319426,-0.005259584,-0.011567165,-0.080230331,-0.021497717,-0.016788763,-0.008934256,-0.015834048,-0.006386815,-0.009481994,-0.043183394,-0.026147944,-0.013263103,-0.00329241,-0.012794747,-0.013848565,1.93077E-05
BR6_main,4.066262626,0.016727485,-0.000927384,-0.024935154,-0.011607604,-0.046039433,-0.013611941,0.000522015,-0.023640998,-0.011958827,0.01787048,0.00032317,-0.199327634,6.55773E-05,-0.028824104,0.00545948,-0.00536827,-0.0126149,-0.075681693,-0.021863748,-0.018192767,-0.008565291,-0.014965877,-0.007567225,-0.010793491,-0.043957936,-0.028778303,-0.014325323,-0.003684051,-0.013683453,-0.014648255,1.85195E-05
BR6_main,4.185858586,0.016134505,-0.000699031,-0.025772328,-0.012136577,-0.044323941,-0.013859995,0.000394131,-0.022535186,-0.013238409,0.015022237,0.000330915,-0.197710734,0.000112879,-0.029326574,0.002640546,-0.005557831,-0.0134326,-0.071589453,-0.02268735,-0.019359164,-0.008487104,-0.011914135,-0.009915546,-0.014162799,-0.045681288,-0.031883664,-0.015343507,-0.003955012,-0.012961164,-0.020063131,1.70014E-05
BR6_main,4.305454545,0.01576981,-0.000600525,-0.026669592,-0.012822744,-0.049434771,-0.01347536,0.00038183,-0.02160869,-0.013537019,0.004982819,0.000301852,-0.196087504,0.000124658,-0.030740472,-0.00040477,-0.005898462,-0.016584922,-0.063848089,-0.024291039,-0.020438149,-0.009800389,-0.010589762,-0.013983858,-0.017757183,-0.047886052,-0.039037555,-0.017156661,-0.004835201,-0.014110261,-0.024976252,1.56869E-05
BR6_main,4.425050505,0.015541872,-0.000479545,-0.026741604,-0.013363474,-0.054799256,-0.013563836,0.000253392,-0.021070811,-0.013683849,-0.004422527,0.000271039,-0.194472398,0.000123168,-0.028904197,-0.006598778,-0.006529735,-0.018852995,-0.06884653,-0.025557389,-0.021344707,-0.011548565,-0.008013349,-0.019553699,-0.022275687,-0.053166095,-0.054949935,-0.019557292,-0.005581358,-0.015379453,-0.032856745,1.52168E-05
BR6_main,4.544646465,0.015390679,-0.000416072,-0.025295591,-0.013952596,-0.056660669,-0.014560808,5.50402E-05,-0.020370024,-0.014574136,-0.009275251,0.000246782,-0.192896958,0.000109556,-0.0290796,-0.009767484,-0.007275125,-0.019684722,-0.062677615,-0.025955726,-0.022360437,-0.013869971,-0.004556107,-0.021245563,-0.026970797,-0.060492427,-0.065515507,-0.021824949,-0.006541701,-0.01611337,-0.03751073,1.45398E-05
BR6_main,4.664242424,0.015261395,-0.000396774,-0.022631462,-0.014169169,-0.057539581,-0.015181498,-0.000139374,-0.019139711,-0.015255589,-0.006625475,0.000166513,-0.19554798,9.19181E-05,-0.030497964,-0.011768629,-0.007511907,-0.020493892,-0.056512183,-0.026571155,-0.022711195,-0.014819937,-0.002338756,-0.019972975,-0.03026406,-0.067879528,-0.06174155,-0.024331339,-0.007343325,-0.017338887,-0.038623512,1.43378E-05
BR6_main,4.783838384,0.015153802,-0.000401991,-0.019760636,-0.014115384,-0.055524944,-0.015253849,-7.87494E-05,-0.018517141,-0.013734079,-0.000359747,0.000151186,-0.195894641,7.80306E-05,-0.031892554,-0.008586116,-0.007918854,-0.0207145,-0.043893643,-0.028550973,-0.022949118,-0.015303353,-0.000778938,-0.018031397,-0.031880671,-0.071518284,-0.049553976,-0.025329544,-0.008160667,-0.01748155,-0.037549731,1.46297E-05
BR6_main,4.903434343,0.015041559,-0.000427289,-0.017102239,-0.014072536,-0.054762086,-0.015027679,7.62161E-06,-0.017244518,-0.013366424,0.004806411,0.000205611,-0.200218625,6.67284E-05,-0.032831847,-0.005945903,-0.008103044,-0.019582332,-0.037564694,-0.028912886,-0.022925663,-0.015090301,0.000613242,-0.018521819,-0.035281705,-0.063145293,-0.040100405,-0.024434665,-0.008462791,-0.01764617,-0.032341129,1.53596E-05
BR6_main,5.023030303,0.014870498,-0.000459779,-0.013969581,-0.013129394,-0.053133784,-0.015155749,-8.02318E-06,-0.015648926,-0.012041703,0.006586027,0.000345407,-0.204248172,5.1341E-05,-0.034261257,-0.005700104,-0.008010784,-0.018392998,-0.031070409,-0.029080074,-0.022721728,-0.013287994,0.001504987,-0.015857963,-0.032141669,-0.056594577,-0.031681342,-0.022680777,-0.007908461,-0.018595357,-0.030560098,1.57911E-05
BR6_main,5.142626263,0.014706092,-0.000569115,-0.011474025,-0.012759915,-0.053649833,-0.015783933,-1.2814E-05,-0.014476151,-0.010890246,0.00674202,0.000413221,-0.215829581,-1.85493E-05,-0.033838964,-0.005004201,-0.007425077,-0.016857401,-0.026305402,-0.029813031,-0.021582533,-0.012378808,0.002183945,-0.014115163,-0.030621734,-0.047960817,-0.027005535,-0.019966948,-0.006714223,-0.017657102,-0.026097202,1.71069E-05
BR6_main,5.262222222,0.014375012,-0.000569119,-0.009142207,-0.012192157,-0.056152685,-0.015451061,1.86428E-05,-0.013784418,-0.01039984,0.006144452,0.000452557,-0.227007851,-2.82435E-05,-0.033671378,-0.004749631,-0.006575545,-0.016004894,-0.021724305,-0.029202719,-0.020193081,-0.011456038,0.00272445,-0.011900309,-0.026457157,-0.043563255,-0.024903669,-0.016784519,-0.005871564,-0.017109995,-0.022565815,1.74802E-05
BR6_main,5.381818182,0.014044891,-0.00050547,-0.007427124,-0.01156362,-0.058232436,-0.016014012,1.72044E-05,-0.012855006,-0.009913408,0.005678702,0.000467581,-0.233593024,-4.40649E-05,-0.033880287,-0.004374778,-0.006016579,-0.015566,-0.015423582,-0.028236829,-0.018369569,-0.010213433,0.003157468,-0.011378012,-0.02438014,-0.039793555,-0.024059324,-0.015354897,-0.00525272,-0.017114904,-0.020064411,1.77712E-05
BR6_main,5.501414141,0.013565752,-0.000344774,-0.006056267,-0.011055377,-0.059992862,-0.0167822,2.65169E-05,-0.012010619,-0.009837575,0.005889356,0.000461083,-0.23901453,-5.3157E-05,-0.034115365,-0.003378807,-0.005503891,-0.014846313,-0.009857711,-0.027133602,-0.017316555,-0.009547131,0.003956033,-0.010132665,-0.021636948,-0.035740152,-0.023214097,-0.014728909,-0.004680634,-0.015432041,-0.018693503,1.83315E-05
BR6_main,5.621010101,0.012924722,-0.000300581,-0.004989147,-0.010494622,-0.065348614,-0.017038026,4.24049E-05,-0.011349292,-0.009292621,0.006912123,0.000447003,-0.243210168,-6.57169E-05,-0.032619379,-0.003404683,-0.005315213,-0.01406663,-0.008063871,-0.025643018,-0.016302457,-0.008349153,0.004921838,-0.009647766,-0.01970593,-0.03218125,-0.021506365,-0.014566655,-0.00415538,-0.014879982,-0.016775341,1.8192E-05
BR6_main,5.740606061,0.012433502,-0.000276346,-0.004179308,-0.009703941,-0.061666583,-0.017405586,4.82683E-05,-0.010664893,-0.008755269,0.007275476,0.000432909,-0.247601135,-7.41664E-05,-0.029707852,-0.003445199,-0.005077572,-0.013233705,-0.006181822,-0.024039785,-0.015363523,-0.007552614,0.00586308,-0.008994748,-0.017333294,-0.028926714,-0.016909069,-0.01433692,-0.004624194,-0.012992464,-0.015582189,1.82721E-05
BR6_main,5.86020202,0.011740289,-0.000298457,-0.003573602,-0.009233841,-0.053484856,-0.017816066,5.71085E-05,-0.010454825,-0.008089534,0.006354254,0.00041354,-0.248930556,-8.36029E-05,-0.027313009,-0.003395472,-0.004818636,-0.012689538,-0.004707914,-0.022133619,-0.01425954,-0.006850056,0.007017765,-0.00841485,-0.01520435,-0.026393143,-0.014330099,-0.013634941,-0.004596843,-0.01214436,-0.015178615,1.83804E-05
BR6_main,5.97979798,0.010878174,-0.000297711,-0.003062677,-0.008790734,-0.04536005,-0.018780631,6.86087E-05,-0.010226704,-0.007593431,0.006146306,0.000392213,-0.249079839,-0.000101895,-0.026598861,-0.003365459,-0.00469708,-0.012260687,-0.003872446,-0.02036343,-0.013163915,-0.006335109,0.007869756,-0.008249395,-0.012813318,-0.024654551,-0.011618526,-0.012986624,-0.004140436,-0.011571154,-0.015646644,1.84634E-05
BR6_main,6.099393939,0.010033706,-0.000300557,-0.00261306,-0.008235857,-0.039476082,-0.019024648,8.51439E-05,-0.00992352,-0.007066202,0.006343438,0.000356524,-0.241804149,-0.000118826,-0.026238863,-0.003465001,-0.00469464,-0.011518404,-0.003648124,-0.018808401,-0.012471142,-0.005771993,0.008590943,-0.007701781,-0.011573585,-0.023298374,-0.012567403,-0.012058541,-0.003955587,-0.010000071,-0.01635333,1.84139E-05
BR6_main,6.218989899,0.009160585,-0.000281422,-0.002331445,-0.00771804,-0.035804611,-0.018363219,9.77344E-05,-0.009609663,-0.006577714,0.006621741,0.000291945,-0.237606198,-0.00013235,-0.025282621,-0.003373795,-0.004510013,-0.010936396,-0.00466606,-0.018003081,-0.011856375,-0.005379441,0.009430806,-0.007451042,-0.011081628,-0.022126927,-0.013303339,-0.012168965,-0.003641912,-0.009210267,-0.016690891,1.86365E-05
BR6_main,6.338585859,0.008298212,-0.000244525,-0.002306497,-0.007541925,-0.037877696,-0.019945165,0.000119856,-0.009531268,-0.006138804,0.006797478,0.000250908,-0.234531251,-0.000138468,-0.024240214,-0.003544056,-0.004166457,-0.011125119,-0.004389328,-0.017231107,-0.011295987,-0.005307689,0.009815746,-0.007585311,-0.011046279,-0.021211637,-0.014047852,-0.012766337,-0.003744825,-0.008020378,-0.016290061,1.9047E-05
BR6_main,6.458181818,0.007088219,-0.000313524,-0.002305912,-0.007223976,-0.040948622,-0.021056237,0.000163723,-0.009798996,-0.005885077,0.006923252,0.000221135,-0.228433101,-0.000142182,-0.023100649,-0.003470222,-0.004222467,-0.010905645,-0.003031199,-0.01650341,-0.01155336,-0.0051341,0.009418681,-0.007384873,-0.011824335,-0.020372984,-0.014112394,-0.012224709,-0.003736262,-0.007536402,-0.01590489,1.93836E-05
BR6_main,6.577777778,0.0059628,-0.000329871,-0.00242988,-0.007099508,-0.040641614,-0.020824519,0.000197261,-0.009934981,-0.005847512,0.006460119,0.000208307,-0.224684488,-0.000143994,-0.021551675,-0.002401217,-0.004036898,-0.011137008,-0.002900677,-0.015822002,-0.011483039,-0.004949636,0.008814579,-0.007263085,-0.012987283,-0.019966677,-0.013727333,-0.011508451,-0.003844539,-0.007147702,-0.014524031,1.95812E-05
BR6_main,6.697373737,0.0047328,-0.00027437,-0.002571622,-0.006506165,-0.036031085,-0.018722345,0.000209106,-0.010018897,-0.005779349,0.005942146,0.000165151,-0.221122301,-0.000144518,-0.019614267,-0.002128669,-0.003964868,-0.010987845,-0.002845386,-0.015296714,-0.010789723,-0.004794404,0.008461893,-0.007216679,-0.013621981,-0.019728487,-0.012915818,-0.010764149,-0.003767974,-0.007026228,-0.013374886,1.94583E-05
BR6_main,6.816969697,0.003816005,-0.000177208,-0.002708372,-0.006309801,-0.029616192,-0.016202548,0.000195659,-0.010036309,-0.005455318,0.005416783,0.000145418,-0.222108245,-0.000151171,-0.018634831,-0.001710532,-0.003575369,-0.010421697,-0.002726504,-0.01529394,-0.010607794,-0.004486491,0.007880139,-0.007073768,-0.01349185,-0.019730779,-0.01344272,-0.010113858,-0.003641687,-0.006885257,-0.012772451,1.85246E-05
BR6_main,6.936565657,0.00273141,-0.000128058,-0.002891409,-0.006022134,-0.023104178,-0.014380696,0.000177196,-0.009975504,-0.00569126,0.004853596,0.000125692,-0.22515247,-0.000162513,-0.017165223,-0.001273725,-0.003728335,-0.010181561,-0.002889233,-0.014651711,-0.010538343,-0.004240237,0.006940114,-0.006861748,-0.013078888,-0.019767681,-0.01249655,-0.009323061,-0.003652322,-0.006811157,-0.011852494,1.77211E-05
BR6_main,7.056161616,0.001888678,-7.74239E-05,-0.003053837,-0.005753324,-0.020417061,-0.013003241,0.000163949,-0.009828721,-0.006176005,0.004297045,0.000143253,-0.226824951,-0.000161634,-0.016330196,-0.000843559,-0.003510597,-0.010110419,-0.002876838,-0.013717232,-0.010556974,-0.004351269,0.006473515,-0.006336303,-0.01253567,-0.019854931,-0.013024864,-0.008915417,-0.003235752,-0.006785668,-0.010831303,1.66795E-05
BR6_main,7.175757576,0.001362415,2.76586E-06,-0.003282211,-0.005405805,-0.019348855,-0.011849646,0.000152678,-0.00929699,-0.005767179,0.003975545,0.00016361,-0.226738014,-0.00016981,-0.015782011,-0.000698563,-0.003394319,-0.009675159,-0.002847488,-0.013365239,-0.010033681,-0.004423042,0.005662663,-0.006259092,-0.012363737,-0.019941051,-0.012399075,-0.008061141,-0.003137273,-0.006578329,-0.010434683,1.58859E-05
BR6_main,7.295353535,0.000970035,6.07953E-05,-0.00360856,-0.005109811,-0.018601596,-0.011413727,0.000131945,-0.008981626,-0.004845085,0.003842851,0.000144468,-0.22541283,-0.000175703,-0.01507182,-0.000471998,-0.003057197,-0.009319327,-0.002959,-0.013130778,-0.009428786,-0.004492607,0.005106355,-0.006032951,-0.011648623,-0.020068411,-0.010464892,-0.007731228,-0.003376759,-0.006347871,-0.009800875,1.5278E-05
BR6_main,7.414949495,0.0006919,0.000143389,-0.004192576,-0.004817952,-0.017978846,-0.010298665,0.000118237,-0.009584489,-0.005069671,0.003904285,0.00013776,-0.223904106,-0.000188588,-0.014697895,-0.000108095,-0.002941092,-0.008767284,-0.003049333,-0.013076631,-0.008444747,-0.004571309,0.004438788,-0.005682862,-0.011113469,-0.020178563,-0.008635016,-0.007501953,-0.003287237,-0.006188157,-0.009403124,1.48821E-05
BR6_main,7.534545455,0.000476727,0.000201222,-0.004808669,-0.004533447,-0.017520401,-0.00931458,0.000122509,-0.01177572,-0.004778888,0.004041631,0.000133483,-0.22113503,-0.000190415,-0.013703449,9.85243E-05,-0.002706073,-0.008215923,-0.003288456,-0.01362328,-0.007897167,-0.004502376,0.004355289,-0.00508744,-0.011665086,-0.020274689,-0.007126194,-0.007318064,-0.003265409,-0.006187777,-0.009117863,1.47986E-05
BR6_main,7.654141414,0.000244162,0.00027026,-0.005903103,-0.004414434,-0.017222885,-0.008565845,0.00011061,-0.014415842,-0.004324943,0.003986333,0.000141478,-0.217001824,-0.000318152,-0.013304322,0.00018943,-0.002832958,-0.008113495,-0.003457337,-0.01330646,-0.008144585,-0.004310243,0.004523839,-0.00455522,-0.012164542,-0.020314726,-0.006485129,-0.007155459,-0.00317524,-0.00617472,-0.008855544,1.45231E-05
BR6_main,7.773737374,5.55974E-05,0.00030085,-0.007425353,-0.004163201,-0.017223145,-0.007918622,6.26516E-05,-0.016505236,-0.004356071,0.004266546,0.000113002,-0.210960517,-0.00045059,-0.012597476,0.000327959,-0.002742435,-0.007839873,-0.003256062,-0.012282495,-0.00786538,-0.004088793,0.004772811,-0.004465502,-0.011557568,-0.020265982,-0.00632732,-0.007263579,-0.003345207,-0.005866568,-0.008768924,1.44196E-05
BR6_main,7.893333333,0.0000005,0.000363053,-0.008895761,-0.004073204,-0.017187905,-0.007625155,4.96581E-05,-0.016169859,-0.004216418,0.004540679,8.38945E-05,-0.202760587,-0.000582306,-0.011791698,0.000573489,-0.002744472,-0.007260675,-0.003149241,-0.012397685,-0.007486092,-0.004041637,0.004864657,-0.004415648,-0.011027108,-0.020195824,-0.006321045,-0.007555583,-0.003225732,-0.005986939,-0.008803527,1.45979E-05
BR6_main,8.012929293,0.0000005,0.000307731,-0.00916579,-0.003983972,-0.017165679,-0.007198799,3.30086E-05,-0.015023818,-0.0042493,0.004601345,5.34957E-05,-0.204634059,-0.000565889,-0.01130275,0.000925849,-0.00256198,-0.006981388,-0.003211409,-0.01302144,-0.006720819,-0.003957582,0.005423043,-0.004565346,-0.0094785,-0.020077791,-0.006265596,-0.007822149,-0.003082181,-0.006019516,-0.008930395,1.47477E-05
BR6_main,8.132525253,0.0000005,0.000260316,-0.008066613,-0.003873583,-0.01729154,-0.006985077,6.97356E-06,-0.012931442,-0.004269736,0.004634361,5.13382E-05,-0.200393798,-0.000489867,-0.011429343,0.001399245,-0.002627318,-0.006717006,-0.003355419,-0.012839167,-0.00646324,-0.0037885,0.006158676,-0.004502193,-0.008115991,-0.019907211,-0.006229299,-0.007796741,-0.002980985,-0.005824046,-0.008851859,1.49751E-05
BR6_main,8.252121212,0.0000005,0.000169089,-0.006214602,-0.003751893,-0.017447268,-0.006906845,-1.95772E-05,-0.012639627,-0.004321963,0.004592886,4.23864E-05,-0.21420135,-0.000388881,-0.011094006,0.001569294,-0.002577107,-0.006565733,-0.003799996,-0.013282232,-0.006074193,-0.003561948,0.007104678,-0.004817889,-0.00788162,-0.019701657,-0.006050556,-0.007721408,-0.002786322,-0.005715963,-0.008705651,1.53935E-05
BR6_main,8.371717172,0.0000005,8.02251E-05,-0.004542797,-0.003641213,-0.017540065,-0.006850213,-0.000101052,-0.011304336,-0.004394951,0.004495136,5.3369E-05,-0.220435217,-0.000260501,-0.011283267,0.002021154,-0.002464617,-0.006517986,-0.004502122,-0.01344029,-0.005846691,-0.003319202,0.008273018,-0.004912006,-0.008261116,-0.01944763,-0.005818334,-0.007892792,-0.002535502,-0.005757214,-0.008867115,1.57047E-05
BR6_main,8.491313131,0.0000005,-0.000106094,-0.003845141,-0.003506342,-0.017539019,-0.006683673,-0.000210002,-0.011735263,-0.004270174,0.004534047,8.38296E-06,-0.229095123,-0.0001546,-0.012319117,0.002414536,-0.002327862,-0.006553714,-0.005117773,-0.013576631,-0.005604349,-0.003275008,0.008740672,-0.004731319,-0.007630182,-0.019090423,-0.005523784,-0.00812433,-0.00237935,-0.005745048,-0.009313893,1.62375E-05
BR6_main,8.610909091,0.0000005,-0.000267355,-0.003442436,-0.003433266,-0.017542549,-0.006634867,-0.00030582,-0.009551506,-0.00423365,0.004615978,-8.08366E-06,-0.244414356,-9.26561E-05,-0.013583492,0.002513041,-0.002311557,-0.006816064,-0.006034595,-0.013198907,-0.005396021,-0.003194361,0.009185506,-0.004443378,-0.006758456,-0.018941858,-0.005116062,-0.008544033,-0.002351268,-0.005702015,-0.008806235,1.62445E-05
BR6_main,8.730505051,0.0000005,-0.000498776,-0.003101965,-0.003386211,-0.017520974,-0.006706807,-0.000233751,-0.008614473,-0.004182235,0.004707249,1.24627E-05,-0.253030271,-5.94542E-05,-0.015309883,0.002810153,-0.002342462,-0.006801557,-0.00689118,-0.013540105,-0.005465818,-0.003252774,0.009987495,-0.004194758,-0.00708663,-0.018716875,-0.006011075,-0.008976047,-0.002348543,-0.0056135,-0.007822696,1.60386E-05
BR6_main,8.85010101,0.0000005,-0.000745705,-0.002807821,-0.003467734,-0.017468507,-0.006781709,-0.000115845,-0.008348255,-0.004227933,0.004653246,5.17241E-05,-0.233648916,-7.05694E-05,-0.015032254,0.002972184,-0.002411877,-0.007112461,-0.007773068,-0.012901666,-0.00581275,-0.003132558,0.010414706,-0.004180796,-0.006620925,-0.018431114,-0.005722689,-0.008523269,-0.002481767,-0.005610924,-0.007637763,1.57726E-05
BR6_main,8.96969697,0.0000005,-0.000879401,-0.002567724,-0.003378812,-0.017429721,-0.007180246,-0.000125143,-0.008583386,-0.004170032,0.004619671,6.9105E-05,-0.216202721,-5.31114E-05,-0.018196348,0.003100344,-0.002235608,-0.006580514,-0.007274343,-0.011352833,-0.005943488,-0.003104163,0.010728908,-0.004103369,-0.006369159,-0.018212431,-0.005032186,-0.008171412,-0.002458529,-0.005708371,-0.007473495,1.53785E-05
BR6_main,9.089292929,0.0000005,-0.001124555,-0.002382224,-0.003362748,-0.017363469,-0.006828915,-0.000194826,-0.008537294,-0.004175712,0.004630844,7.04404E-05,-0.199455524,-2.21593E-05,-0.020275621,0.003024413,-0.001997877,-0.006190678,-0.007820464,-0.01109833,-0.006006721,-0.003060685,0.011026129,-0.004109734,-0.00610346,-0.017941728,-0.004381393,-0.007553651,-0.002355583,-0.005909757,-0.007322849,1.51265E-05
BR6_main,9.208888889,0.0000005,-0.00139676,-0.002195373,-0.00339335,-0.01739895,-0.00671068,-0.000175536,-0.007671591,-0.004311419,0.004666223,8.08982E-05,-0.193634216,3.72286E-06,-0.016830483,0.002589922,-0.002008342,-0.006222231,-0.007564976,-0.011428362,-0.005992174,-0.003165461,0.011298158,-0.004299746,-0.006077399,-0.017715853,-0.003740388,-0.006944271,-0.002169683,-0.006146019,-0.007153307,1.47753E-05
BR6_main,9.328484848,0.0000005,-0.001533626,-0.002055608,-0.003328408,-0.017272687,-0.007254768,-0.000273162,-0.007761943,-0.004411763,0.004709977,7.19105E-05,-0.199328459,1.05431E-05,-0.014714258,0.002291685,-0.001949858,-0.006010202,-0.009148291,-0.010801175,-0.005947446,-0.003059181,0.01155662,-0.003800673,-0.005466186,-0.017535694,-0.003493296,-0.006269654,-0.002201658,-0.006811873,-0.006837905,7.77918E-06
BR6_main,9.448080808,0.0000005,-0.001827753,-0.001947202,-0.003357006,-0.017215232,-0.007698821,-0.000676255,-0.008411833,-0.004341172,0.004633963,4.50452E-05,-0.200007286,1.39098E-05,-0.013383916,0.002018985,-0.001911942,-0.005831463,-0.009280373,-0.010493087,-0.005997225,-0.002898408,0.011935613,-0.003393227,-0.005327835,-0.017382361,-0.003177677,-0.005597211,-0.002457771,-0.006831342,-0.006765347,2.43701E-06
BR6_main,9.567676768,0.0000005,-0.00213021,-0.001853905,-0.003381045,-0.017325086,-0.007462907,-0.00086172,-0.008708911,-0.004518178,0.004501153,3.88335E-07,-0.202404059,3.40825E-05,-0.012734098,0.002032093,-0.001906186,-0.006128806,-0.009498478,-0.01047332,-0.006076756,-0.00269702,0.012216857,-0.003378998,-0.005283923,-0.017213814,-0.003281112,-0.005342756,-0.00259966,-0.006530339,-0.006639566,3.16475E-06
BR6_main,9.687272727,0.0000005,-0.002068893,-0.001766178,-0.003301467,-0.017431847,-0.008419018,-0.000945291,-0.00972125,-0.004680105,0.004306209,-5.4827E-05,-0.208832123,3.89805E-05,-0.014056494,0.002081326,-0.001877424,-0.006182853,-0.008956169,-0.010316266,-0.005911078,-0.002504543,0.012375337,-0.003365377,-0.004997508,-0.017062613,-0.003287861,-0.00523564,-0.002927911,-0.006231803,-0.006664941,2.45399E-06
BR6_main,9.806868687,0.0000005,-0.002022924,-0.00167866,-0.003344028,-0.017494017,-0.00902387,-0.001053219,-0.00943851,-0.004657692,0.003989852,-0.000127844,-0.223753372,5.68837E-05,-0.014237535,0.003061652,-0.001834851,-0.005922076,-0.008253219,-0.010717206,-0.005585906,-0.00235871,0.012548177,-0.003353701,-0.004788592,-0.016962361,-0.003433656,-0.005149901,-0.002822796,-0.006128222,-0.006928886,5.11897E-06
BR6_main,9.926464646,0.0000005,-0.001789595,-0.001820888,-0.003319054,-0.017533779,-0.009755812,-0.001178756,-0.009387608,-0.004617286,0.003673861,-0.000146168,-0.227349999,8.63259E-05,-0.016033605,0.003455689,-0.00179201,-0.005507436,-0.007504538,-0.010360895,-0.005421685,-0.002309135,0.01279945,-0.003264928,-0.004640844,-0.016940449,-0.003570041,-0.005225625,-0.002579424,-0.005888988,-0.007161416,9.68136E-06
BR6_main,10.04606061,0.0000005,-0.001344783,-0.002188253,-0.003501803,-0.01763263,-0.009825801,-0.001346024,-0.010030027,-0.004542159,0.003368558,-0.000147468,-0.244474438,0.000129024,-0.016757904,0.003518017,-0.001785303,-0.005142443,-0.006298673,-0.00941394,-0.005165563,-0.002307417,0.012989935,-0.003275356,-0.004700253,-0.017121959,-0.003905883,-0.005087197,-0.00227572,-0.005614465,-0.007866173,9.95798E-06
BR6_main,10.16565657,0.0000005,-0.001150061,-0.002396633,-0.003697096,-0.017496977,-0.009269278,-0.001573786,-0.010572053,-0.004567721,0.003075203,-9.01792E-05,-0.237867195,0.00015873,-0.018115344,0.00337038,-0.001758115,-0.004738728,-0.005500025,-0.008660722,-0.004966603,-0.002371714,0.013386898,-0.003297965,-0.004485979,-0.017460559,-0.004236406,-0.004904384,-0.00224489,-0.006424872,-0.008816957,1.07867E-05
BR6_main,10.28525253,0.0000005,-0.000854967,-0.002773546,-0.003829969,-0.017259505,-0.008785483,-0.0022623,-0.011245055,-0.004598702,0.002794736,-6.02362E-06,-0.240219571,0.000216407,-0.01633809,0.003344154,-0.001728957,-0.004396377,-0.005890105,-0.008276023,-0.004728245,-0.002406342,0.013694958,-0.003294181,-0.004878723,-0.018078277,-0.004523236,-0.004779241,-0.002245813,-0.006303636,-0.00868491,1.08132E-05
BR6_main,10.40484848,0.0000005,-0.00067372,-0.003457089,-0.003757827,-0.016910675,-0.007701939,-0.001774591,-0.011574166,-0.004527164,0.002527804,7.76103E-05,-0.249655938,0.000269677,-0.017270529,0.003444677,-0.001695299,-0.004301444,-0.008044483,-0.008015029,-0.004522812,-0.002451679,0.014142041,-0.003269576,-0.004754698,-0.019313322,-0.007024079,-0.004684877,-0.002102168,-0.007074315,-0.008058242,1.02581E-05
BR6_main,10.52444444,0.0000005,-0.000416183,-0.004401268,-0.003697008,-0.01666337,-0.006487438,-0.00128022,-0.012723544,-0.004464433,0.002274794,0.00011383,-0.244752943,0.000271698,-0.015764466,0.004089841,-0.001614546,-0.004366253,-0.010280601,-0.007476448,-0.004339324,-0.00234441,0.014630954,-0.003183897,-0.0049303,-0.020854887,-0.008346992,-0.00466349,-0.001902266,-0.007508138,-0.008157695,8.60153E-06
BR6_main,10.6440404,0.0000005,-0.000257204,-0.005583642,-0.003399751,-0.016375383,-0.00610644,-0.001462279,-0.015081518,-0.004382444,0.002035693,0.000159677,-0.239428065,0.000267359,-0.015760908,0.004449384,-0.00152393,-0.004421241,-0.010646756,-0.007757968,-0.004218936,-0.002283849,0.015050509,-0.003102682,-0.005242184,-0.021914366,-0.010009942,-0.004700331,-0.001654847,-0.006104876,-0.007799961,6.52915E-06
BR6_main,10.76363636,0.0000005,-0.000110641,-0.006532794,-0.002931334,-0.016287709,-0.005298244,-0.001392208,-0.015722913,-0.004480893,0.001810373,0.000200079,-0.239181813,0.000252123,-0.016419292,0.004504615,-0.001419312,-0.004447249,-0.012842485,-0.007937566,-0.003806399,-0.002294912,0.015319775,-0.002964807,-0.004931616,-0.02240114,-0.009974722,-0.004639452,-0.00160011,-0.005441085,-0.006362245,5.12387E-06
BR6_main,10.88323232,0.0000005,3.88655E-05,-0.005400804,-0.002518096,-0.016243424,-0.00575329,-0.001516263,-0.016100499,-0.004959669,0.001598959,0.000207779,-0.248430253,0.000231647,-0.016504401,0.00459458,-0.001375463,-0.004545798,-0.01253625,-0.007966834,-0.003608194,-0.002697037,0.015400664,-0.003045323,-0.004997258,-0.021612835,-0.007842602,-0.004671417,-0.001611911,-0.005520205,-0.005934565,2.72895E-06
BR6_main,11.00282828,0.0000005,0.000299552,-0.003644588,-0.002367018,-0.016155788,-0.006783858,-0.002471978,-0.01594092,-0.005191873,0.001360919,0.000192093,-0.254771224,0.00020777,-0.014410086,0.005008126,-0.001454995,-0.004582662,-0.010920015,-0.008028215,-0.003464258,-0.003396544,0.015325874,-0.003126725,-0.005322606,-0.019070734,-0.0089547,-0.004827419,-0.00166555,-0.006296119,-0.005831319,1.27252E-06
BR6_main,11.12242424,0.0000005,0.000511732,-0.002639998,-0.002256472,-0.016436183,-0.007368175,-0.002846133,-0.016828602,-0.004983042,0.000849701,0.000127524,-0.245552442,0.000125998,-0.011804552,0.005388396,-0.001445381,-0.004759815,-0.009846355,-0.008499423,-0.003372805,-0.004155259,0.015129649,-0.003257833,-0.005732396,-0.015117091,-0.010264307,-0.005264316,-0.001709493,-0.005682929,-0.005691047,1.05086E-06
BR6_main,11.2420202,0.0000005,0.000612236,-0.002347633,-0.002215275,-0.016556214,-0.007576441,-0.002617645,-0.017726824,-0.00487186,-0.000213764,2.16713E-05,-0.217417107,-4.81581E-06,-0.010757688,0.005679874,-0.001587358,-0.004941625,-0.00663814,-0.009034756,-0.003597906,-0.004874021,0.015024172,-0.003415294,-0.006266564,-0.012500052,-0.010473225,-0.005438259,-0.001858769,-0.006509272,-0.005761214,4.40524E-06
BR6_main,11.36161616,0.0000005,0.00071387,-0.002601286,-0.002380591,-0.016846557,-0.007225502,-0.002294609,-0.01518154,-0.004666887,-0.001519608,-0.000114475,-0.209748077,-0.000181881,-0.010601754,0.005359493,-0.001722619,-0.005045944,-0.00724167,-0.011339571,-0.003831721,-0.005093922,0.014836006,-0.003584155,-0.006713115,-0.011293376,-0.00924301,-0.005727211,-0.002165574,-0.006776039,-0.006020818,5.81498E-06
BR6_main,11.48121212,0.0000005,0.00070022,-0.0028744,-0.002535762,-0.017474869,-0.009097062,-0.00170708,-0.01665245,-0.004927452,-0.00369958,-0.000175714,-0.227743972,-0.000366066,-0.013124055,0.004314194,-0.00197468,-0.005054308,-0.010390635,-0.012005323,-0.004071127,-0.006213126,0.014267321,-0.004381348,-0.008280377,-0.01109883,-0.009925767,-0.006311195,-0.002516149,-0.007648807,-0.006442498,4.39301E-06
BR6_main,11.60080808,0.0000005,0.000104938,-0.003091402,-0.003167745,-0.018034914,-0.012168315,-0.001744069,-0.019986776,-0.005167883,-0.006390595,-6.52925E-05,-0.302373789,-0.000534635,-0.017918828,0.001715582,-0.002427525,-0.005138842,-0.01390608,-0.011276324,-0.004863042,-0.008645944,0.013440272,-0.005784095,-0.010249202,-0.010929375,-0.013774677,-0.006361828,-0.003332217,-0.007700722,-0.007641878,1.80812E-06
BR6_main,11.72040404,0.0000005,-0.000677468,-0.00323689,-0.003852468,-0.018370014,-0.020351852,-0.001943167,-0.025658635,-0.005275332,-0.009356539,-9.42183E-05,-0.391354229,-0.000687667,-0.024828243,-0.003251241,-0.003088567,-0.005240479,-0.0192233,-0.009624352,-0.00663603,-0.011695676,0.012418071,-0.008041345,-0.012383224,-0.010770221,-0.017612843,-0.006746956,-0.004340026,-0.007840496,-0.009220101,2.6962E-06
BR6_main,11.84,0.0000005,-0.000998465,-0.003311749,-0.004507327,-0.018393851,-0.026218665,-0.002437429,-0.029288386,-0.005280347,-0.01062854,-0.000125309,-0.462688417,-0.000814342,-0.029173456,-0.006855868,-0.003711486,-0.005552655,-0.024229362,-0.008880721,-0.008121445,-0.012977378,0.010829322,-0.009230872,-0.013438893,-0.010617732,-0.020507857,-0.007146759,-0.004867165,-0.007885871,-0.01181927,1.87376E-06
BR7_main,0,0.02003822,-0.092781774,-0.186980784,-0.138581669,-5.546760078,-2.108712294,-0.057377199,-0.936044516,-0.205467748,-0.124673414,-0.024009283,-4.658925033,-1.279128511,-0.781616547,-0.189531312,-0.088700123,-0.310885507,-0.621326491,-0.242584285,-0.147475695,-0.052573341,0.162078401,-0.139864163,-0.410341075,-1.259445424,-2.015666338,-0.200525794,-0.242565047,-0.323052922,-0.278993218,1.56932E-05
BR7_main,0.11959596,0.026514935,-0.077736332,-0.021460313,-0.118008396,-4.275525283,-1.452323297,-0.051772645,-0.793451663,-0.187328615,-0.146037719,-0.025859928,-3.866622335,-1.150295274,-0.60065187,-0.14140217,-0.081041856,-0.264524459,-0.011820126,-0.231887439,-0.133595712,-0.049685401,0.262288636,-0.120202391,-0.330609051,-1.004659794,-1.615707712,-0.188158837,-0.197470103,-0.194790165,-0.249804906,1.96043E-05
BR7_main,0.239191919,0.03157423,-0.058319175,0.128844572,-0.120217231,-2.436733439,-0.785391496,-0.042577963,-0.526949579,-0.15103983,-0.090136198,-0.012676178,-2.788544362,-0.960246482,-0.374911376,-0.066451737,-0.067607846,-0.21240016,0.729452482,-0.215814257,-0.124100019,-0.046390108,0.308087222,-0.0980382,-0.254934067,-0.611642307,-1.101151602,-0.172809418,-0.128993074,-0.18565391,-0.204944762,2.61599E-05
BR7_main,0.358787879,0.035457437,-0.036066988,0.156035034,-0.115231423,-0.678642335,-0.704210572,-0.028921998,-0.303066902,-0.120828163,-0.139344673,-0.011280681,-2.105152516,-0.776794448,-0.172668644,-0.024949925,-0.053572169,-0.164241935,0.774685185,-0.196421851,-0.113136364,-0.042924824,0.361167621,-0.07048684,-0.189515721,-0.367690577,-1.352783612,-0.200414206,-0.078150217,-0.306044577,-0.160702306,3.09587E-05
BR7_main,0.478383838,0.038086925,-0.037179813,0.087036626,-0.10633084,-0.411526498,-1.207242908,-0.027405087,-0.165868452,-0.094995576,-0.237148649,-0.01649524,-1.492349381,-0.76976568,-0.108320667,0.008607571,-0.042822636,-0.129495541,0.489689264,-0.178805427,-0.100385692,-0.039883714,0.355998388,-0.059352495,-0.148985496,-0.212920754,-1.346025237,-0.210801145,-0.058366516,-0.582230553,-0.120506769,3.34358E-05
BR7_main,0.597979798,0.039797213,-0.043066017,0.051981233,-0.092630107,-0.200823577,-1.36116641,-0.023662396,-0.079495243,-0.074868255,-0.302365233,-0.027661466,-1.152045698,-0.771098388,-0.145784888,0.028886283,-0.032807218,-0.107032635,0.332641134,-0.156606833,-0.093744567,-0.037166944,0.32661529,-0.054638998,-0.127887206,-0.154071208,-1.116488705,-0.184664153,-0.050194156,-0.642500771,-0.107575791,3.57439E-05
BR7_main,0.717575758,0.040787629,-0.044263282,0.093754524,-0.07743506,-0.08975276,-1.273121742,-0.02735298,-0.073712429,-0.059635355,-0.431788596,-0.029221892,-0.932162697,-0.739761956,-0.208364757,0.026397132,-0.02705768,-0.090247426,0.271463667,-0.135764403,-0.083849024,-0.033668925,0.270876337,-0.048574482,-0.111046353,-0.137925002,-0.888946375,-0.136179501,-0.039100977,-0.573744857,-0.101950649,3.54917E-05
BR7_main,0.837171717,0.041369983,-0.044602086,0.10650684,-0.064599195,0.005685401,-1.081574233,-0.030686362,-0.10997303,-0.047290854,-0.409526173,-0.022443607,-0.778371601,-0.660924974,-0.194996669,0.018467652,-0.024061222,-0.081990287,0.267324032,-0.122717928,-0.076170128,-0.03025189,0.224339982,-0.041067131,-0.0887049,-0.133516405,-0.431749718,-0.099956968,-0.033249454,-0.428838391,-0.09255755,3.81731E-05
BR7_main,0.956767677,0.041678955,-0.031660138,0.08157475,-0.061013223,-0.02251796,-0.799190944,-0.031094944,-0.127594771,-0.037466533,-0.267255541,-0.013585712,-0.720614581,-0.522900631,-0.14528236,0.013471382,-0.021577803,-0.073573011,0.30849365,-0.11068225,-0.068889022,-0.027230092,0.188631912,-0.035530058,-0.083026378,-0.130340577,-0.189447016,-0.071440619,-0.028336404,-0.273657414,-0.079858795,3.82431E-05
BR7_main,1.076363636,0.041852361,-0.021040436,0.066296877,-0.052848614,-0.272176572,-0.526140493,-0.028236769,-0.144490918,-0.031131659,-0.168356459,-0.005465418,-0.654721307,-0.386686782,-0.098860966,0.012944213,-0.019869919,-0.065585945,0.32232,-0.09635307,-0.062087685,-0.024529531,0.150445864,-0.031251582,-0.077351263,-0.126848908,-0.11948374,-0.063172009,-0.024727252,-0.217332281,-0.067253474,3.68451E-05
BR7_main,1.195959596,0.041948254,-0.01868828,0.053816031,-0.049818595,-0.592753859,-0.248649848,-0.022504619,-0.14028659,-0.024508851,-0.071004671,-0.006581135,-0.606694196,-0.297453225,-0.072806544,0.013815454,-0.021180724,-0.058169731,0.322308008,-0.084902518,-0.057162963,-0.021825709,0.116190331,-0.028257166,-0.068457914,-0.123115906,-0.175453605,-0.05333293,-0.023019532,-0.150619209,-0.059871768,3.54922E-05
BR7_main,1.315555556,0.041999761,-0.013475372,0.043919224,-0.045361934,-0.853046943,-0.205895383,-0.01836424,-0.119884441,-0.021769169,-0.044543116,-0.007633686,-0.558351192,-0.335646507,-0.057224588,0.017512362,-0.022975912,-0.050942176,0.358456657,-0.075420452,-0.053391476,-0.019575786,0.08961188,-0.025427867,-0.064953599,-0.120078226,-0.231350413,-0.048033578,-0.021904063,-0.083023859,-0.054964558,3.34929E-05
BR7_main,1.435151515,0.042025278,-0.011168591,0.038187508,-0.043665409,-1.143433035,-0.179270036,-0.014077901,-0.095660127,-0.019943888,-0.040511891,-0.008629708,-0.517001753,-0.387791455,-0.058607992,0.018308426,-0.024060856,-0.042681386,0.385274172,-0.066908652,-0.049124036,-0.018345862,0.071746705,-0.022553702,-0.062647162,-0.117359824,-0.219321053,-0.043434571,-0.019377032,-0.075771068,-0.049708512,3.24379E-05
BR7_main,1.554747475,0.042026918,-0.011310119,0.032545857,-0.041326581,-1.269089508,-0.21957871,-0.011181922,-0.072867129,-0.018459967,-0.037501884,-0.010024206,-0.483281876,-0.426409245,-0.059593368,0.018623154,-0.023871456,-0.03624248,0.350975768,-0.057694189,-0.046439436,-0.017660464,0.058492372,-0.019262073,-0.069365255,-0.114265325,-0.197580004,-0.040502655,-0.017049877,-0.089833386,-0.04502809,2.99666E-05
BR7_main,1.674343434,0.041983825,-0.008359474,0.030640018,-0.038144666,-1.32380453,-0.233653911,-0.012769313,-0.06313786,-0.017232004,-0.049893737,-0.009113142,-0.44588673,-0.398955153,-0.054318833,0.018693586,-0.023013225,-0.032374094,0.309871573,-0.052475268,-0.043884434,-0.017080331,0.041875421,-0.017761765,-0.075973807,-0.113158579,-0.169001469,-0.03738519,-0.015257512,-0.074803916,-0.040633599,2.82582E-05
BR7_main,1.793939394,0.04197332,-0.006731953,0.031665385,-0.036361244,-1.0812681,-0.193608004,-0.016957694,-0.051747465,-0.016127277,-0.04884591,-0.00703569,-0.413345073,-0.357467191,-0.049163695,0.017725977,-0.023500642,-0.030368605,0.265654296,-0.049160769,-0.041071182,-0.0162403,0.030477203,-0.016725313,-0.077511742,-0.108608307,-0.149944976,-0.034364706,-0.013704587,-0.050937599,-0.036545958,2.73747E-05
BR7_main,1.913535354,0.041922328,-0.0056055,0.034813849,-0.033595854,-0.691539744,-0.162104561,-0.012498617,-0.060462362,-0.014999071,-0.053001119,-0.004589767,-0.390673634,-0.31496139,-0.046694259,0.016272905,-0.022146348,-0.027577043,0.223657869,-0.045357765,-0.038131968,-0.015204403,0.020271841,-0.015998794,-0.075226832,-0.105282561,-0.138391539,-0.031506567,-0.011609431,-0.03926101,-0.032946744,2.72374E-05
BR7_main,2.033131313,0.041825722,-0.004231049,0.040636639,-0.03291971,-0.392550055,-0.194107115,-0.008728515,-0.070429344,-0.015418731,-0.03103175,-0.00324729,-0.370976674,-0.238843457,-0.043928046,0.015046666,-0.018984984,-0.026892872,0.190250236,-0.042551892,-0.035213429,-0.014032974,0.011296109,-0.015285473,-0.062287824,-0.101516547,-0.116880365,-0.028978817,-0.010424044,-0.038379534,-0.029779931,2.77569E-05
BR7_main,2.152727273,0.041643908,-0.003497641,0.035466401,-0.029982893,-0.227539199,-0.180628339,-0.005673461,-0.063354103,-0.014894237,-0.016452924,-0.001462603,-0.35657255,-0.190002384,-0.042204681,0.013638807,-0.015702543,-0.025745342,0.145876484,-0.039817898,-0.032238474,-0.012752544,0.005159398,-0.0141773,-0.04858627,-0.098786658,-0.11402439,-0.026262582,-0.009660648,-0.043225095,-0.027797428,2.78456E-05
BR7_main,2.272323232,0.041417919,-0.002897376,0.027035576,-0.02662593,-0.168280991,-0.099320415,-0.002517946,-0.056947673,-0.014326409,-0.00772854,-0.001604121,-0.338343468,-0.156656352,-0.046989972,0.011756877,-0.011126628,-0.024511161,0.087931864,-0.037384072,-0.030176789,-0.011366819,0.00126706,-0.014505908,-0.031730219,-0.094993061,-0.114091783,-0.023420769,-0.008615439,-0.048312333,-0.026442928,2.52235E-05
BR7_main,2.391919192,0.041007716,-0.002885229,0.015374192,-0.023759785,-0.154665479,-0.074048104,-0.001431218,-0.050479016,-0.013728932,-0.015488434,-0.001348453,-0.31876046,-0.138431534,-0.044976896,0.009866363,-0.008109576,-0.022957281,0.034732544,-0.034639313,-0.028541851,-0.010210921,-0.001402867,-0.013204224,-0.026012092,-0.092013039,-0.100909594,-0.021415225,-0.007703635,-0.052978425,-0.026071712,1.96599E-05
BR7_main,2.511515152,0.040480396,-0.002289353,0.007609881,-0.022895296,-0.13359403,-0.068759196,-0.000523437,-0.047698132,-0.013120411,-0.02121783,-0.001092543,-0.303366514,-0.116001382,-0.041330555,0.008901347,-0.007125942,-0.021221588,-0.008412,-0.03250165,-0.027065909,-0.009175173,-0.003092609,-0.013708367,-0.024062884,-0.088465268,-0.078507343,-0.02089381,-0.006967568,-0.056622685,-0.027452468,1.40041E-05
BR7_main,2.631111111,0.039688919,-0.001760075,-0.001644089,-0.022029514,-0.130146562,-0.054992888,0.000392339,-0.052105462,-0.012633258,-0.015674544,-0.000949787,-0.287010922,-0.0743401,-0.037616981,0.007940517,-0.006587544,-0.019623367,-0.041046692,-0.030600841,-0.025688825,-0.00845297,-0.004420305,-0.013897376,-0.022421835,-0.08554001,-0.067527668,-0.020799909,-0.006786144,-0.066837538,-0.032664614,8.66001E-06
BR7_main,2.750707071,0.038558067,-0.001410152,-0.019298371,-0.020426894,-0.098916182,-0.043258265,0.000623959,-0.062203103,-0.012209407,0.000116237,-0.000735403,-0.270221117,-0.035514843,-0.037598042,0.008385041,-0.00613712,-0.018532029,-0.06371222,-0.028906782,-0.024517681,-0.007778304,-0.005481408,-0.013221763,-0.021138953,-0.081296411,-0.052897167,-0.020096954,-0.006485383,-0.069568821,-0.034677847,5.13684E-06
BR7_main,2.87030303,0.036645156,-0.001251567,-0.026786651,-0.020062574,-0.075007579,-0.032031838,0.000763306,-0.071905469,-0.011693433,0.012383052,-0.000267143,-0.255537953,-0.016150925,-0.036408955,0.008173748,-0.005785891,-0.017876327,-0.08666035,-0.027089376,-0.023283077,-0.007239507,-0.006869204,-0.011862396,-0.019807765,-0.076442318,-0.042600884,-0.019893139,-0.006047019,-0.064434618,-0.036923265,4.51058E-06
BR7_main,2.98989899,0.034011654,-0.00113645,-0.029310557,-0.01726733,-0.062596651,-0.02707696,0.000869199,-0.062478754,-0.011350598,0.015718888,-3.07815E-05,-0.243533208,-0.008077673,-0.033966883,0.009163758,-0.005498417,-0.016712266,-0.104079216,-0.025388279,-0.022000188,-0.006847658,-0.008707528,-0.011890959,-0.018122035,-0.071349331,-0.036885422,-0.018936295,-0.005841205,-0.047312447,-0.03484558,5.55275E-06
BR7_main,3.109494949,0.031223004,-0.001149539,-0.025259906,-0.015771451,-0.053584896,-0.024025567,0.000866554,-0.058933823,-0.011163865,0.017270951,1.28207E-06,-0.232895955,-0.003999986,-0.028955841,0.011009137,-0.005278832,-0.015756392,-0.122003271,-0.024435509,-0.021401938,-0.006552374,-0.01003695,-0.011037349,-0.016620006,-0.066519021,-0.033168687,-0.018740844,-0.005882053,-0.03324053,-0.028697491,8.71295E-06
BR7_main,3.229090909,0.028343461,-0.001267693,-0.024626443,-0.014854147,-0.049225332,-0.021078621,0.00087825,-0.055212587,-0.011244977,0.019817505,0.000160605,-0.223790858,-0.001971061,-0.022965056,0.012570841,-0.005094713,-0.014772889,-0.139274374,-0.023663972,-0.020567301,-0.006356626,-0.012075613,-0.01039208,-0.016534867,-0.061906613,-0.030669314,-0.020571386,-0.005782147,-0.021731047,-0.02130019,1.21214E-05
BR7_main,3.348686869,0.025895078,-0.001298466,-0.024568373,-0.014126777,-0.043629069,-0.020956836,0.000887841,-0.04341015,-0.011206566,0.020502732,0.000229173,-0.215903967,-0.001384592,-0.019591339,0.014303793,-0.004965134,-0.01383872,-0.130320568,-0.023249508,-0.019869827,-0.006228389,-0.01402196,-0.010172688,-0.01571461,-0.058155931,-0.028846492,-0.01860052,-0.005570969,-0.01471138,-0.017788984,1.54742E-05
BR7_main,3.468282828,0.023664791,-0.001389756,-0.023369678,-0.013529008,-0.042593624,-0.020398657,0.000825272,-0.034950183,-0.011299849,0.019368045,0.000246775,-0.211117812,-0.001200517,-0.017740368,0.013344533,-0.004910121,-0.01301628,-0.119179965,-0.022803895,-0.018966712,-0.006170531,-0.016257891,-0.010074733,-0.016015806,-0.055113278,-0.027365668,-0.016997426,-0.005299402,-0.013226783,-0.01653852,1.81886E-05
BR7_main,3.587878788,0.021729367,-0.001289408,-0.024401754,-0.013114145,-0.044554574,-0.019806128,0.000502163,-0.038640784,-0.011472762,0.019511794,0.000243961,-0.208456888,-0.000991493,-0.017307875,0.012611116,-0.005116583,-0.012471495,-0.097632253,-0.022497554,-0.018204248,-0.006162545,-0.019622233,-0.009953476,-0.015023916,-0.052047618,-0.026656302,-0.016117316,-0.005463734,-0.011257067,-0.01591905,1.99164E-05
BR7_main,3.707474747,0.020100554,-0.001268585,-0.026482604,-0.012886198,-0.047592509,-0.019325307,0.000362554,-0.039038387,-0.011411946,0.019287825,0.000245361,-0.20665197,-0.000834343,-0.017192313,0.011499071,-0.005194096,-0.011947581,-0.077696489,-0.022233014,-0.017622134,-0.006319408,-0.023489338,-0.009860538,-0.013947269,-0.049183203,-0.026418561,-0.016175683,-0.005306709,-0.011437525,-0.015778448,2.10864E-05
BR7_main,3.827070707,0.018872238,-0.00111155,-0.027940274,-0.012784195,-0.048127537,-0.017676378,0.000304118,-0.041542978,-0.011335947,0.018399947,0.000227118,-0.203785987,-0.000698983,-0.017634302,0.010218055,-0.005146455,-0.0114612,-0.061783713,-0.022021666,-0.017033767,-0.006477845,-0.023388245,-0.009717217,-0.013233957,-0.046907098,-0.026734202,-0.016433948,-0.005109505,-0.011575468,-0.015714268,2.11034E-05
BR7_main,3.946666667,0.017987771,-0.000951406,-0.028997928,-0.012542023,-0.048059122,-0.017227781,0.000225289,-0.039534102,-0.011141687,0.017245453,0.0002204,-0.201717976,-0.000622554,-0.018390362,0.008871341,-0.005265765,-0.011648427,-0.050570322,-0.022044479,-0.016764814,-0.006896048,-0.024327032,-0.009491799,-0.012818627,-0.04481607,-0.025860769,-0.0156425,-0.004800544,-0.011590368,-0.015694982,2.12342E-05
BR7_main,4.066262626,0.017172759,-0.000814372,-0.029429225,-0.012665097,-0.047826446,-0.016700344,0.000143017,-0.038034793,-0.010820971,0.016311337,0.000233293,-0.200080132,-0.000556512,-0.019178284,0.006808179,-0.005457326,-0.012018257,-0.044275765,-0.022005294,-0.016674333,-0.007532526,-0.019156399,-0.009261016,-0.013473414,-0.043370816,-0.024866837,-0.016038894,-0.004534898,-0.011621822,-0.015809833,2.09825E-05
BR7_main,4.185858586,0.016679864,-0.000753566,-0.02877072,-0.01262118,-0.047590334,-0.015658925,0.000164079,-0.03292013,-0.010383839,0.014979142,0.000234214,-0.198464401,-0.000484877,-0.020176535,0.004708055,-0.005465751,-0.012748927,-0.04205671,-0.02224874,-0.016724428,-0.008637404,-0.013140867,-0.009232168,-0.013572003,-0.042201788,-0.023865035,-0.016173625,-0.004483495,-0.011696762,-0.01612213,2.08612E-05
BR7_main,4.305454545,0.016392587,-0.000780609,-0.027788918,-0.012242575,-0.048006798,-0.015134681,0.000195887,-0.027165299,-0.009851369,0.014303141,0.000250199,-0.196843056,-0.000400813,-0.020876905,0.003188681,-0.005755103,-0.013856409,-0.040401145,-0.022352371,-0.017007834,-0.008379712,-0.008039307,-0.009234832,-0.012497867,-0.040815778,-0.022019697,-0.016538548,-0.00503104,-0.011579407,-0.0161852,2.0935E-05
BR7_main,4.425050505,0.01617978,-0.000718419,-0.026220104,-0.012015762,-0.047721302,-0.014955311,0.000203762,-0.021299903,-0.009255156,0.014064027,0.000272224,-0.195361251,-0.000305432,-0.022225308,0.00214266,-0.005714186,-0.015036157,-0.038001627,-0.022504503,-0.017171288,-0.007439902,-0.004446665,-0.009235236,-0.012656633,-0.039712838,-0.020758506,-0.016754586,-0.004946191,-0.011958291,-0.016239045,2.1413E-05
BR7_main,4.544646465,0.015958275,-0.000643759,-0.024241192,-0.011714349,-0.047642174,-0.016204764,0.000237303,-0.017705003,-0.008678074,0.013741957,0.000299185,-0.194941643,-0.000210163,-0.023325238,0.00136095,-0.005668416,-0.015358184,-0.033800833,-0.022548777,-0.017309555,-0.007079476,-0.002138907,-0.009108789,-0.013146139,-0.03882916,-0.019191482,-0.016527625,-0.004819508,-0.012041036,-0.016564261,2.21686E-05
BR7_main,4.664242424,0.015795657,-0.000606265,-0.020643745,-0.011388676,-0.047342863,-0.016898994,0.00028481,-0.015897224,-0.008609754,0.013050646,0.000318896,-0.194821192,-0.000150601,-0.024557073,0.000854035,-0.005439908,-0.014979373,-0.029677311,-0.022576426,-0.017271749,-0.006842395,-0.000268373,-0.008909255,-0.013857357,-0.038067331,-0.018175913,-0.015685311,-0.004197207,-0.012170968,-0.016898066,2.20476E-05
BR7_main,4.783838384,0.015671198,-0.000485897,-0.016938157,-0.011130129,-0.047190714,-0.016963917,0.000307033,-0.014403583,-0.008596499,0.012081248,0.00034044,-0.194545084,-8.86316E-05,-0.026595154,0.000573555,-0.005379773,-0.014322259,-0.025900022,-0.022256586,-0.017413972,-0.006540352,0.000987145,-0.008643393,-0.014178356,-0.037312887,-0.017332349,-0.014921901,-0.004067564,-0.012268831,-0.017015607,2.25378E-05
BR7_main,4.903434343,0.015513771,-0.000450696,-0.013846993,-0.011137381,-0.046678671,-0.016785779,0.000359654,-0.013321871,-0.008525062,0.011452547,0.000348291,-0.194029391,-2.208E-05,-0.027811428,0.00033238,-0.005532046,-0.013000673,-0.022002061,-0.02219254,-0.017374968,-0.006272846,0.002048615,-0.008700643,-0.014587661,-0.036500517,-0.016610195,-0.014960982,-0.004339911,-0.012354499,-0.017118311,2.2783E-05
BR7_main,5.023030303,0.015363663,-0.000630331,-0.011321195,-0.011095569,-0.045788449,-0.017164743,0.0004245,-0.012540054,-0.008465624,0.011138222,0.000343905,-0.193797569,-1.16712E-05,-0.030332647,0.000122079,-0.005514643,-0.01275781,-0.019241149,-0.021795856,-0.017356476,-0.005938642,0.003024299,-0.008557728,-0.015371641,-0.035725207,-0.015799223,-0.014935118,-0.004477929,-0.012195074,-0.017152616,2.21142E-05
BR7_main,5.142626263,0.015121166,-0.000506027,-0.009014005,-0.010980985,-0.04464123,-0.016029988,0.000472167,-0.0120249,-0.008286333,0.011350518,0.000332489,-0.193413791,5.333E-06,-0.029914889,1.61979E-05,-0.005427912,-0.012956106,-0.015774797,-0.021547104,-0.016919334,-0.005731461,0.00370334,-0.0086287,-0.01650638,-0.035083608,-0.015027213,-0.01457211,-0.004681576,-0.011932183,-0.017003556,2.23996E-05
BR7_main,5.262222222,0.014833197,-0.000403473,-0.007095834,-0.010768915,-0.043307496,-0.014518706,0.00059447,-0.011978121,-0.008096914,0.011235554,0.000319571,-0.193583307,2.64113E-05,-0.030164783,-4.93E-05,-0.005412071,-0.01297119,-0.012786298,-0.020862014,-0.016273865,-0.005619303,0.004492007,-0.008959614,-0.017184932,-0.034325696,-0.014227603,-0.014282759,-0.004659233,-0.011789826,-0.0166695,2.16601E-05
BR7_main,5.381818182,0.014523227,-0.000356498,-0.005586284,-0.010549317,-0.042029129,-0.014833622,0.000803154,-0.011967532,-0.007971547,0.010760205,0.00030615,-0.19326818,3.41707E-05,-0.029906228,-0.000291011,-0.005305019,-0.012949674,-0.008820564,-0.020345889,-0.015706851,-0.005585248,0.005111188,-0.00986978,-0.017206554,-0.033508444,-0.01349021,-0.01416178,-0.004640307,-0.011333492,-0.016368947,2.10357E-05
BR7_main,5.501414141,0.014181667,-0.000274955,-0.004417435,-0.010489472,-0.040844454,-0.014566219,0.000890819,-0.011831845,-0.007810529,0.011177571,0.00029223,-0.193423023,3.4179E-05,-0.027502472,-0.000846446,-0.005075305,-0.012780333,-0.005203847,-0.019875505,-0.01509192,-0.005450296,0.005680786,-0.010139113,-0.01634039,-0.03260159,-0.012809084,-0.014259611,-0.004855588,-0.010660519,-0.015889772,2.06018E-05
BR7_main,5.621010101,0.013812289,-0.000214883,-0.003555779,-0.01048345,-0.039463217,-0.014611681,0.000884258,-0.01165273,-0.007656244,0.010788311,0.000279036,-0.194204156,3.58522E-05,-0.026865324,-0.001226562,-0.004812098,-0.012502926,-0.002100872,-0.019315579,-0.014407528,-0.005419344,0.006258266,-0.010138332,-0.015337551,-0.031581925,-0.012002497,-0.01353213,-0.005084571,-0.009791635,-0.015184876,2.0623E-05
BR7_main,5.740606061,0.013327448,-0.000209327,-0.002883905,-0.010063444,-0.038135077,-0.015369006,0.000868185,-0.011636884,-0.007361238,0.010394762,0.000266896,-0.196503367,3.86689E-05,-0.025177586,-0.001456006,-0.00475269,-0.012036845,-0.001848724,-0.018713216,-0.013741478,-0.005335551,0.006850079,-0.00980675,-0.014149225,-0.030361448,-0.011305491,-0.012984551,-0.0051681,-0.008765239,-0.014457971,2.22575E-05
BR7_main,5.86020202,0.012465014,-0.000214642,-0.002612276,-0.009749457,-0.036079546,-0.015317387,0.00084474,-0.011365837,-0.007060909,0.009602659,0.000254913,-0.198199756,4.22659E-05,-0.023775884,-0.001527292,-0.004682975,-0.011386986,-0.001982737,-0.018178007,-0.013170645,-0.005205662,0.007434047,-0.008980943,-0.012891286,-0.028993033,-0.010467934,-0.012223246,-0.004018776,-0.007861855,-0.013828937,2.31373E-05
BR7_main,5.97979798,0.011592713,-0.000111053,-0.002435664,-0.00947296,-0.034165868,-0.01474409,0.000822716,-0.011030059,-0.006790257,0.008822299,0.00024322,-0.198646601,4.30158E-05,-0.022008237,-0.001459856,-0.00442117,-0.010813242,-0.001937242,-0.017389539,-0.012495221,-0.004937624,0.007886129,-0.008220132,-0.011605955,-0.027473592,-0.009946746,-0.011403644,-0.003687009,-0.007220467,-0.013198855,2.30547E-05
BR7_main,6.099393939,0.01079419,-8.23739E-05,-0.002360951,-0.008854796,-0.032096018,-0.01480225,0.000796336,-0.010576094,-0.006580972,0.008229594,0.000229482,-0.198200581,4.64058E-05,-0.020471473,-0.001230559,-0.0040281,-0.010171705,-0.001914544,-0.016650434,-0.011984938,-0.00457922,0.008249663,-0.0076158,-0.010381787,-0.025968115,-0.009454025,-0.010706937,-0.003534868,-0.006635136,-0.012436943,2.26551E-05
BR7_main,6.218989899,0.009869426,-6.22721E-05,-0.002226479,-0.008406235,-0.030326835,-0.014614333,0.000765709,-0.010079172,-0.006419411,0.007454586,0.000212003,-0.19708377,5.26061E-05,-0.019166433,-0.001306544,-0.003653835,-0.010437328,-0.001889454,-0.015941907,-0.011465087,-0.004340053,0.008627302,-0.007191572,-0.009375013,-0.024392369,-0.009007077,-0.01010317,-0.003387808,-0.006091891,-0.011833702,2.20563E-05
BR7_main,6.338585859,0.008602998,-5.71554E-05,-0.002111907,-0.008089723,-0.028797623,-0.014319647,0.000734696,-0.00946345,-0.006174855,0.006568638,0.000190703,-0.196328791,5.96113E-05,-0.018250625,-0.001374831,-0.003380836,-0.009922376,-0.002427617,-0.015275002,-0.010639781,-0.004127061,0.009086293,-0.00665635,-0.008653222,-0.02281018,-0.008764877,-0.009509763,-0.003256697,-0.005586238,-0.011161455,2.12391E-05
BR7_main,6.458181818,0.007225963,-3.31983E-05,-0.00199746,-0.007363327,-0.027401933,-0.013341511,0.000565066,-0.009140599,-0.005865701,0.005988259,0.00017539,-0.194584136,6.68898E-05,-0.017034246,-0.001576492,-0.003010604,-0.009037592,-0.003222568,-0.01440288,-0.009967648,-0.003952526,0.009350429,-0.006294439,-0.008060125,-0.021202083,-0.008460664,-0.008819788,-0.003375713,-0.005135575,-0.010499528,2.05399E-05
BR7_main,6.577777778,0.005647984,-1.71481E-05,-0.001866014,-0.006272765,-0.026132223,-0.012085977,0.000398705,-0.008941419,-0.005486108,0.004951137,0.000164911,-0.191628713,6.2768E-05,-0.015897985,-0.00146165,-0.002696287,-0.008594741,-0.004010359,-0.013679251,-0.009585029,-0.003785727,0.009684351,-0.006772949,-0.007375615,-0.01965236,-0.00806454,-0.008260422,-0.003493329,-0.004740801,-0.009961375,1.98323E-05
BR7_main,6.697373737,0.004261976,9.57126E-06,-0.001734174,-0.005392924,-0.024884579,-0.01102456,0.000299542,-0.008707831,-0.005305475,0.004019216,0.000156141,-0.189177408,5.29527E-05,-0.015074268,-0.001145171,-0.002405637,-0.007975232,-0.004269542,-0.012743062,-0.00883167,-0.00360801,0.01014641,-0.006675312,-0.006804578,-0.018329713,-0.007586835,-0.007362219,-0.003238019,-0.004434131,-0.009369097,1.85915E-05
BR7_main,6.816969697,0.003289034,1.3054E-05,-0.001632406,-0.004706593,-0.023444557,-0.010251272,0.000212776,-0.008671498,-0.005069946,0.003171325,0.000143411,-0.186161115,4.29557E-05,-0.014551582,-0.001405565,-0.002174756,-0.007443144,-0.004661561,-0.011678927,-0.008412744,-0.003391085,0.010329054,-0.006710005,-0.00653915,-0.017104638,-0.006990108,-0.006712557,-0.002873721,-0.00420585,-0.008801571,1.68955E-05
BR7_main,6.936565657,0.002380882,7.95838E-06,-0.001538784,-0.004271312,-0.022300873,-0.009616314,0.000138693,-0.008655628,-0.004919063,0.002694437,0.00013541,-0.183386139,4.43186E-05,-0.013711532,-0.001284204,-0.00199837,-0.006774463,-0.004575145,-0.01080076,-0.007669667,-0.003105194,0.010470206,-0.005980959,-0.006166572,-0.015924309,-0.006308892,-0.00614548,-0.00259802,-0.0040093,-0.008191319,1.5015E-05
BR7_main,7.056161616,0.001669037,1.85245E-05,-0.001452389,-0.003951581,-0.021201529,-0.009744991,0.000101578,-0.008614765,-0.004820395,0.002083913,0.000129984,-0.179100879,4.17941E-05,-0.012801806,-0.001060181,-0.001881292,-0.006008984,-0.007927623,-0.009790506,-0.006837703,-0.00272799,0.010638616,-0.004604532,-0.006057173,-0.01488225,-0.00563093,-0.005613024,-0.002286933,-0.003839594,-0.007524202,1.38308E-05
BR7_main,7.175757576,0.001194688,1.50065E-05,-0.001453997,-0.00371097,-0.020263944,-0.009837567,8.46665E-05,-0.008642403,-0.004815968,0.001727921,0.00012617,-0.174776603,3.80458E-05,-0.01190399,-0.000592615,-0.001804018,-0.005279926,-0.010916118,-0.008921165,-0.00653308,-0.00239544,0.01080226,-0.003728583,-0.005817265,-0.013807181,-0.005113827,-0.005165742,-0.002033826,-0.003727016,-0.006871731,1.24574E-05
BR7_main,7.295353535,0.000850805,9.66776E-06,-0.001396843,-0.003495706,-0.01955778,-0.009913879,6.4917E-05,-0.00868312,-0.004747384,0.001137233,0.000124558,-0.173122508,3.31464E-05,-0.010897979,-0.000504135,-0.001723026,-0.004734486,-0.011997213,-0.008157858,-0.006090567,-0.002086847,0.010984675,-0.003337929,-0.005392406,-0.012776766,-0.004660239,-0.00493145,-0.001845555,-0.003650971,-0.006237119,1.02073E-05
BR7_main,7.414949495,0.000612113,9.41594E-06,-0.001391252,-0.003341885,-0.018977325,-0.009609899,6.27697E-05,-0.008596821,-0.004868779,0.000342338,0.000124924,-0.171145203,3.05644E-05,-0.009932928,-0.0003738,-0.001651361,-0.004498326,-0.011578789,-0.007642076,-0.005471736,-0.002000087,0.01108476,-0.003082808,-0.004699016,-0.011633589,-0.004366533,-0.004728941,-0.001719248,-0.003587583,-0.005724385,7.15954E-06
BR7_main,7.534545455,0.000417576,-3.98303E-05,-0.001497488,-0.003193458,-0.018475706,-0.009231451,7.18468E-05,-0.008621351,-0.004940071,-0.000103377,0.00012877,-0.167225169,3.40849E-05,-0.009503528,-0.000323998,-0.001590324,-0.004635495,-0.009014375,-0.007225659,-0.004670491,-0.001901835,0.011076018,-0.002924763,-0.004391205,-0.010883522,-0.004212292,-0.004546112,-0.001620747,-0.003534813,-0.005295484,5.09056E-06
BR7_main,7.654141414,0.000243736,-4.06453E-05,-0.001626961,-0.003079591,-0.018076517,-0.00913308,9.85716E-05,-0.008753648,-0.004869836,-5.32644E-05,0.000136159,-0.161822898,5.15386E-05,-0.009263486,-0.000341705,-0.001547841,-0.004727817,-0.007806713,-0.006686055,-0.00450686,-0.001859489,0.010981485,-0.002637512,-0.004375371,-0.010299312,-0.004095256,-0.004353806,-0.001548624,-0.003511051,-0.005056619,3.1667E-06
BR7_main,7.773737374,0.000130318,-3.82786E-05,-0.001695736,-0.002998606,-0.017648727,-0.009021686,0.000116952,-0.008701325,-0.004739192,0.000697,0.000142151,-0.156622842,8.64391E-05,-0.009116956,-0.000303761,-0.001508951,-0.004730708,-0.005220425,-0.00656835,-0.004611304,-0.001875727,0.010898569,-0.002579739,-0.00435768,-0.009927583,-0.004285741,-0.004207425,-0.001535657,-0.003514786,-0.004873884,2.37493E-06
BR7_main,7.893333333,0.0000005,-3.91738E-05,-0.001759201,-0.002942564,-0.017313347,-0.00864286,0.000133923,-0.008917298,-0.004559177,0.001764633,0.00014942,-0.153681351,0.000145174,-0.008904802,-0.000292925,-0.001478685,-0.004643766,-0.003877732,-0.006552454,-0.005148476,-0.001920093,0.010807102,-0.002553689,-0.004233264,-0.01012281,-0.00453329,-0.004191838,-0.001524503,-0.003535172,-0.004759396,1.66218E-06
BR7_main,8.012929293,0.0000005,7.8328E-07,-0.001826285,-0.00289042,-0.017232884,-0.008083991,0.000120538,-0.008939298,-0.004634816,0.002096668,0.000150983,-0.150538382,0.000182002,-0.008698266,-0.000278693,-0.001447458,-0.004177885,-0.003051949,-0.006449377,-0.005613791,-0.001931232,0.010619029,-0.002590419,-0.004123051,-0.010169076,-0.004717473,-0.004072682,-0.001502556,-0.003598363,-0.004765415,2.47426E-06
BR7_main,8.132525253,0.0000005,1.27764E-05,-0.001900679,-0.002844031,-0.017028554,-0.007865417,0.000131778,-0.009620809,-0.004563654,0.002406891,0.000147036,-0.147097737,0.000214259,-0.008719266,-0.000278576,-0.001412912,-0.003537139,-0.002473558,-0.00651003,-0.005779189,-0.001876266,0.010444845,-0.002580643,-0.00402844,-0.010655775,-0.004676395,-0.004030112,-0.001519408,-0.003651514,-0.004732944,3.9992E-06
BR7_main,8.252121212,0.0000005,1.16825E-05,-0.00189397,-0.002800205,-0.01676526,-0.007790888,0.000164853,-0.01031816,-0.004555828,0.002400165,0.000138254,-0.143236964,0.000261215,-0.008868623,-0.000274889,-0.001377059,-0.003442847,-0.002051019,-0.006531241,-0.005732369,-0.00186311,0.010113175,-0.002825619,-0.003925017,-0.011201519,-0.004364766,-0.004021701,-0.001543629,-0.003651838,-0.004975334,5.67795E-06
BR7_main,8.371717172,0.0000005,-9.75685E-06,-0.001938232,-0.002772051,-0.016542177,-0.007620354,0.000212614,-0.010304498,-0.004536272,0.002350541,0.000135886,-0.139063748,0.000298312,-0.009041348,-0.000274365,-0.001356573,-0.003509161,-0.001835006,-0.0066405,-0.005532753,-0.001844618,0.009594595,-0.002971944,-0.003893304,-0.012008918,-0.003877548,-0.004039252,-0.001719754,-0.003712558,-0.00518652,6.61574E-06
BR7_main,8.491313131,0.0000005,-4.40287E-05,-0.002024313,-0.002746949,-0.016367552,-0.007241696,0.000278271,-0.01050154,-0.0043622,0.002425998,0.000137574,-0.134588686,0.000314569,-0.009138891,-0.000204257,-0.001344304,-0.003730235,-0.001605357,-0.006703463,-0.005510998,-0.001788498,0.009159863,-0.002911166,-0.003792668,-0.013357517,-0.003311667,-0.004060874,-0.002048539,-0.00366348,-0.00555363,8.24845E-06
BR7_main,8.610909091,0.0000005,-3.52777E-05,-0.002132174,-0.002727898,-0.016136658,-0.006778503,0.000326845,-0.010541472,-0.00455152,0.002671329,0.000142827,-0.130278593,0.000354314,-0.00909294,-0.0001223,-0.001333683,-0.004071258,-0.002067186,-0.006849265,-0.005215957,-0.001725387,0.008709286,-0.002857384,-0.003699956,-0.015173475,-0.003131648,-0.00408421,-0.00235523,-0.003579568,-0.005858399,8.70398E-06
BR7_main,8.730505051,0.0000005,-1.65265E-05,-0.002302084,-0.002727478,-0.015908975,-0.006652124,0.000326828,-0.009177063,-0.004615309,0.002658142,0.000150524,-0.133788511,0.000417877,-0.009022088,-4.23982E-05,-0.001314986,-0.004310438,-0.00260259,-0.006762761,-0.004744616,-0.001662994,0.008282201,-0.002826216,-0.003623254,-0.016919215,-0.003352512,-0.004299531,-0.002687581,-0.003496986,-0.006239381,1.03091E-05
BR7_main,8.85010101,0.0000005,1.15515E-05,-0.002456392,-0.002718664,-0.015762154,-0.006471183,0.000351505,-0.009002877,-0.004388267,0.002610303,0.000158106,-0.141784258,0.000483558,-0.009096787,-0.000100751,-0.001326151,-0.004355907,-0.002917173,-0.006882299,-0.004447322,-0.001596032,0.007760612,-0.002860202,-0.003884835,-0.018781238,-0.00421416,-0.004481762,-0.002672836,-0.003437795,-0.006530968,1.16752E-05
BR7_main,8.96969697,0.0000005,0.000105806,-0.002454585,-0.002686399,-0.015603417,-0.006681421,0.000413131,-0.010099912,-0.004370521,0.002566934,0.00016275,-0.157094769,0.000496248,-0.009278151,4.32035E-06,-0.001318491,-0.004450471,-0.002740824,-0.006823094,-0.004490523,-0.001570559,0.007226164,-0.002939552,-0.00416817,-0.019603814,-0.004479009,-0.004578949,-0.002350286,-0.003477078,-0.006473038,1.33573E-05
BR7_main,9.089292929,0.0000005,0.000107391,-0.002389602,-0.002659803,-0.015618253,-0.006551911,0.000426765,-0.01187698,-0.004424091,0.002544069,0.000158498,-0.158923804,0.000473515,-0.009691605,1.89255E-05,-0.001318423,-0.004496345,-0.002364536,-0.007007551,-0.004549024,-0.001546556,0.006755355,-0.003095848,-0.004563294,-0.02025691,-0.00391554,-0.004743346,-0.0022264,-0.003391292,-0.006358156,1.50618E-05
BR7_main,9.208888889,0.0000005,0.000107403,-0.002220778,-0.002634654,-0.015669012,-0.006657656,0.000410605,-0.011074127,-0.004446508,0.002562455,0.000157047,-0.168615187,0.000441817,-0.010148456,2.16714E-05,-0.001315256,-0.004426845,-0.002508123,-0.007151323,-0.004711469,-0.001531596,0.006341143,-0.003126718,-0.004992549,-0.019064085,-0.003160106,-0.004922271,-0.002276944,-0.003294327,-0.006327651,1.45885E-05
BR7_main,9.328484848,0.0000005,0.000111647,-0.002017323,-0.002604796,-0.015674715,-0.006369829,0.000374728,-0.010028424,-0.004482656,0.002318344,0.000152528,-0.180235945,0.000427195,-0.009994082,7.87662E-05,-0.001313169,-0.004324882,-0.002753679,-0.007292998,-0.004811357,-0.001520836,0.006020138,-0.003116994,-0.005386498,-0.017671049,-0.002209321,-0.005099234,-0.002118705,-0.003223026,-0.005985609,1.53346E-05
BR7_main,9.448080808,0.0000005,0.000126325,-0.001828446,-0.0025588,-0.015713483,-0.006747964,0.000319077,-0.009628867,-0.004610667,0.00201349,0.00015094,-0.18549736,0.00046962,-0.010607804,0.000193266,-0.001308882,-0.004227857,-0.003218603,-0.007325944,-0.004866307,-0.001634358,0.005859416,-0.003075411,-0.005710046,-0.017055599,-0.002016538,-0.005314824,-0.002139488,-0.003155959,-0.005786104,1.57536E-05
BR7_main,9.567676768,0.0000005,0.000112648,-0.001571199,-0.002506381,-0.015772602,-0.00715879,0.000159013,-0.009163347,-0.004560638,0.001843652,0.000152518,-0.19905034,0.000480339,-0.011078897,0.000116146,-0.001299498,-0.004252549,-0.002957394,-0.007515093,-0.004882763,-0.001707902,0.005699547,-0.00303518,-0.005761148,-0.016517304,-0.001992317,-0.005464524,-0.002161411,-0.003040969,-0.005769934,1.57469E-05
BR7_main,9.687272727,0.0000005,0.000117932,-0.001394863,-0.002452887,-0.015860754,-0.007006694,-0.000256411,-0.009247635,-0.004722684,0.001552166,0.000156313,-0.20633812,0.000514462,-0.011142773,0.000238706,-0.001285827,-0.004294478,-0.002352154,-0.007560465,-0.00492276,-0.001912103,0.005504721,-0.003081246,-0.00547633,-0.016647271,-0.001923909,-0.005786651,-0.002069314,-0.002968252,-0.005564875,1.61138E-05
BR7_main,9.806868687,0.0000005,6.97128E-05,-0.001283593,-0.002414558,-0.015984107,-0.007556163,-0.000881503,-0.009740114,-0.0048172,0.00126762,0.00015837,-0.209066169,0.000571581,-0.011338533,0.000358199,-0.001268873,-0.004362329,-0.001757062,-0.00780306,-0.004871774,-0.002090491,0.005695708,-0.003094425,-0.0051057,-0.016651551,-0.001921466,-0.005964738,-0.00212875,-0.002957686,-0.0051793,1.528E-05
BR7_main,9.926464646,0.0000005,6.99396E-05,-0.001155638,-0.002373312,-0.016304093,-0.007731417,-0.001863875,-0.0105722,-0.004801871,0.001091812,0.000168123,-0.225472592,0.000655496,-0.011499974,0.000655704,-0.001257791,-0.004328848,-0.001157797,-0.007908942,-0.00475814,-0.002154317,0.005862384,-0.00314238,-0.00472254,-0.016734369,-0.001912929,-0.005824329,-0.002034265,-0.002928301,-0.005050344,1.40692E-05
BR7_main,10.04606061,0.0000005,0.000118328,-0.001024342,-0.002383141,-0.016790285,-0.007511629,-0.002461115,-0.010995384,-0.00487751,0.000791588,0.000172636,-0.191863507,0.000743896,-0.012575255,0.000969672,-0.001243303,-0.004378562,-0.000774334,-0.008013507,-0.004635141,-0.002197337,0.006557793,-0.003144471,-0.004535566,-0.016116444,-0.002032027,-0.005431574,-0.001972513,-0.002913974,-0.005156126,1.32408E-05
BR7_main,10.16565657,0.0000005,0.000106912,-0.000992218,-0.002415158,-0.017336852,-0.00721476,-0.002343683,-0.011238196,-0.005170264,0.000409992,0.000176183,-0.193181424,0.000833983,-0.014729636,0.001152436,-0.001241463,-0.004448728,-0.000599127,-0.007984856,-0.004394226,-0.002166666,0.007555719,-0.003116423,-0.004325433,-0.016019272,-0.002079505,-0.005149411,-0.001733939,-0.00296853,-0.005449786,1.20878E-05
BR7_main,10.28525253,0.0000005,4.97737E-05,-0.000941638,-0.002462087,-0.017813517,-0.007505942,-0.002148929,-0.010798139,-0.005250436,-0.000212325,0.000181191,-0.204439563,0.000865898,-0.015852186,0.001007195,-0.001239285,-0.004450918,-0.00069458,-0.007808933,-0.0041905,-0.002001055,0.00945442,-0.003160035,-0.004171945,-0.017415352,-0.002108021,-0.004779499,-0.001811075,-0.00305386,-0.006017361,1.0552E-05
BR7_main,10.40484848,0.0000005,-0.000113111,-0.000920748,-0.002484174,-0.017908688,-0.008924889,-0.001363618,-0.010835703,-0.005143007,-0.000529925,0.000188169,-0.224696593,0.000905871,-0.015942843,0.000732405,-0.001234112,-0.004283622,-0.000824211,-0.007495167,-0.004078562,-0.001775036,0.010295041,-0.003100435,-0.003981274,-0.020161736,-0.002293915,-0.004565493,-0.00171404,-0.00364781,-0.007034065,8.76523E-06
BR7_main,10.52444444,0.0000005,-0.000110129,-0.000918113,-0.002545928,-0.018088928,-0.012345728,-0.000755931,-0.011209429,-0.004984234,-0.000685862,0.000196158,-0.243069557,0.000931781,-0.016492826,0.000696067,-0.001223109,-0.004414691,-0.000869272,-0.007129966,-0.004059582,-0.001545651,0.010384189,-0.003016868,-0.003700274,-0.023956345,-0.003012459,-0.004375616,-0.001461932,-0.004310879,-0.008694408,7.73717E-06
BR7_main,10.6440404,0.0000005,-1.55233E-05,-0.000944924,-0.002822692,-0.018210019,-0.013684147,-0.000656997,-0.01166025,-0.005042603,-0.000756892,0.000206929,-0.273469152,0.000959027,-0.019016713,0.000368289,-0.001237036,-0.004385409,-0.000950906,-0.006683048,-0.004021271,-0.00150135,0.008478792,-0.002971697,-0.003571776,-0.026959562,-0.004234211,-0.004163369,-0.001325848,-0.005188748,-0.009375884,7.0494E-06
BR7_main,10.76363636,0.0000005,0.000149719,-0.000910955,-0.003074197,-0.018409432,-0.014145331,-0.000772716,-0.013797418,-0.005270243,-0.001039467,0.000215852,-0.25827061,0.000995273,-0.018760413,-0.000441901,-0.001235588,-0.00420539,-0.001491625,-0.00638491,-0.0039604,-0.00146299,0.006533192,-0.002758437,-0.003381493,-0.028757528,-0.005159094,-0.004076715,-0.001451032,-0.005699644,-0.009145065,6.95517E-06
BR7_main,10.88323232,0.0000005,0.000208544,-0.000765914,-0.00318367,-0.018540729,-0.016399365,-0.001101329,-0.016787453,-0.005345934,-0.001988673,0.00022405,-0.259014443,0.001023431,-0.013679588,-0.002432781,-0.001237551,-0.003800771,-0.0027012,-0.005868871,-0.003852496,-0.001395292,0.004543699,-0.002553511,-0.003429524,-0.028226611,-0.00492313,-0.003958637,-0.001563491,-0.006099604,-0.007951122,7.85671E-06
BR7_main,11.00282828,0.0000005,0.000101147,-0.000389168,-0.003059819,-0.018455614,-0.015245862,-0.002221941,-0.024860087,-0.005378666,-0.002353108,0.000236498,-0.212374202,0.000991977,-0.008326675,-0.003071129,-0.001239611,-0.003273262,-0.003781331,-0.005387435,-0.003759812,-0.001329809,0.004638697,-0.002402945,-0.004207828,-0.023215906,-0.004314183,-0.003777397,-0.001591019,-0.005536146,-0.005714958,9.63232E-06
BR7_main,11.12242424,0.0000005,0.000135203,-0.00025346,-0.002703368,-0.018315114,-0.011584339,-0.003222356,-0.023981472,-0.00527247,-0.002565936,0.000251367,-0.164688008,0.000915183,-0.006795524,-0.003856182,-0.001283364,-0.00277683,-0.00458844,-0.005005328,-0.003745419,-0.001214286,0.00574658,-0.002362383,-0.004928336,-0.012867266,-0.004115256,-0.003711838,-0.001592182,-0.004453211,-0.004387199,1.08631E-05
BR7_main,11.2420202,0.0000005,0.000218266,-0.000254512,-0.00241799,-0.018286508,-0.007073712,-0.00368365,-0.024057344,-0.005971154,-0.002235325,0.000264392,-0.148638144,0.000795976,-0.00683696,-0.002941648,-0.001329027,-0.002592122,-0.00398397,-0.004597262,-0.003807139,-0.001123785,0.006158406,-0.002371762,-0.005123996,-0.007526595,-0.003068611,-0.003698971,-0.001767285,-0.003891937,-0.003409444,1.03606E-05
BR7_main,11.36161616,0.0000005,0.000114631,-0.00038422,-0.002337973,-0.018211068,-0.006543723,-0.002215001,-0.025015817,-0.006661971,-0.000879553,0.000272521,-0.141454806,0.000573088,-0.007003175,-7.25993E-05,-0.001419991,-0.00239771,-0.001081608,-0.00443679,-0.00385343,-0.001014391,0.007709181,-0.002255492,-0.004949256,-0.006282141,-0.003534906,-0.003561789,-0.002052528,-0.004184117,-0.002986727,7.41015E-06
BR7_main,11.48121212,0.0000005,-0.000162868,-0.000585441,-0.002366631,-0.018106611,-0.00985256,-0.001159611,-0.02086823,-0.006731379,-0.002300417,0.000274407,-0.155728127,0.000272597,-0.007602235,0.001533942,-0.001564436,-0.002327319,-0.001361525,-0.004700643,-0.003886305,-0.001006682,0.008519598,-0.002326213,-0.00568261,-0.005638705,-0.004245404,-0.003432717,-0.002421771,-0.005492346,-0.002471397,8.67731E-06
BR7_main,11.60080808,0.0000005,-0.000680154,-0.000845412,-0.002555609,-0.018073262,-0.016515905,-0.001045507,-0.020246924,-0.007599423,-0.003924395,0.000274539,-0.189373008,-0.000190619,-0.009595034,0.001974878,-0.001793651,-0.002267702,-0.003065162,-0.005590014,-0.004017785,-0.001005995,0.008971714,-0.003118552,-0.007202143,-0.010783114,-0.004783357,-0.003452562,-0.002832366,-0.00791192,-0.003337136,1.26944E-05
BR7_main,11.72040404,0.0000005,-0.001414715,-0.001105378,-0.002640115,-0.017982108,-0.023661782,-0.000983267,-0.02476579,-0.008719409,-0.00528216,0.000269308,-0.21677449,-0.000951568,-0.015510152,0.001285018,-0.001998468,-0.002455127,-0.004767324,-0.005946609,-0.00421524,-0.00105775,0.005290516,-0.004425844,-0.008579316,-0.021529802,-0.005640436,-0.003500239,-0.003341052,-0.011622407,-0.004573869,1.28379E-05
BR7_main,11.84,0.0000005,-0.0018493,-0.001511684,-0.002726658,-0.017864138,-0.026473247,-0.001095127,-0.029679351,-0.011203951,-0.00594959,0.000262401,-0.233873237,-0.001416139,-0.021861242,0.000383865,-0.002074062,-0.003553223,-0.005583927,-0.006753011,-0.004267947,-0.001069114,-0.002906037,-0.005544567,-0.009284292,-0.032175987,-0.006058146,-0.003599134,-0.003870989,-0.013331377,-0.005352387,1.29038E-05
BR8_main,0,0.020003624,-0.513990505,0.022487828,-0.168939037,-0.72878346,-1.241647276,-0.3160679,-1.598478271,-0.139296842,-0.343492091,-0.063576267,-2.401627087,-2.016276074,-2.91371053,-0.114571985,-0.071587828,-0.270450679,-0.408863211,-0.398289602,-0.175384882,-0.131559493,0.311811483,-0.097447748,-0.516392615,-1.049741869,-3.104603974,-0.204105574,-0.045054551,-0.247228068,-0.209888341,1.68741E-05
BR8_main,0.11959596,0.026538936,-0.363359646,0.085854627,-0.135419558,-0.627065846,-1.024536008,-0.216313677,-1.179686362,-0.120688384,-0.427365728,-0.05279207,-2.035094843,-1.613456494,-3.2375549,-0.083823912,-0.063573048,-0.231848302,0.154595726,-0.356139536,-0.142754571,-0.108882902,0.408131812,-0.086832219,-0.370623517,-0.875801487,-1.923616754,-0.185586861,-0.041895566,-0.169888538,-0.184582897,1.84662E-05
BR8_main,0.239191919,0.03157614,-0.160350211,0.13177474,-0.104108972,-0.483751622,-0.54925715,-0.099231681,-0.701768543,-0.099525298,-0.247003308,-0.028021464,-1.711752891,-0.945966505,-1.917235295,-0.044567517,-0.052538297,-0.183217458,0.773255137,-0.280945673,-0.117454558,-0.080369709,0.442523423,-0.082443034,-0.248691127,-0.63029703,-0.558888957,-0.147269227,-0.038230811,-0.150074236,-0.154181849,1.83959E-05
BR8_main,0.358787879,0.03543733,-0.146356932,-0.062191649,-0.071813805,-0.327315405,-0.303061336,-0.038368429,-0.614176164,-0.08405578,-0.321486824,-0.018660994,-1.42360563,-0.700667343,-0.34556094,0.011789512,-0.042036093,-0.136347872,0.9290898,-0.189458239,-0.100166699,-0.060499044,0.371790106,-0.078754636,-0.155252956,-0.380669085,-0.492379032,-0.112477491,-0.034646747,-0.292143493,-0.122272635,1.78939E-05
BR8_main,0.478383838,0.038098936,-0.15323354,-0.305564769,-0.056983848,-0.203825633,-0.174957974,-0.018693941,-0.70397661,-0.06970667,-0.477893781,-0.030275644,-1.171950235,-0.760763193,0.173629872,0.034835982,-0.03084098,-0.105393186,0.57082723,-0.146607877,-0.089187081,-0.048518226,0.306029613,-0.07748785,-0.134932211,-0.211298091,-1.036558525,-0.090699205,-0.031162529,-0.527124943,-0.102232086,2.0452E-05
BR8_main,0.597979798,0.03971927,-0.141635021,-0.322297174,-0.043494514,-0.165330009,-0.123505184,-0.020168829,-0.791784203,-0.058438138,-0.526853725,-0.034172428,-0.961261504,-0.732895083,0.388294663,0.038129843,-0.023263663,-0.082846448,0.386747235,-0.112373611,-0.084985852,-0.040377086,0.264399774,-0.081641439,-0.130571844,-0.14123757,-1.07334029,-0.072388231,-0.027373366,-0.735796487,-0.084252931,1.93958E-05
BR8_main,0.717575758,0.040753117,-0.122636933,-0.218476386,-0.037260392,-0.238422939,-0.197021207,-0.045853489,-0.693329552,-0.051384253,-0.487703211,-0.031608318,-0.79479665,-0.670998669,0.39166821,0.032532656,-0.019270643,-0.068264651,0.31947974,-0.096372432,-0.075880372,-0.034651881,0.232820715,-0.057632436,-0.127031815,-0.137270161,-0.804957371,-0.061046883,-0.023819592,-0.746876718,-0.08116999,1.36316E-05
BR8_main,0.837171717,0.041357343,-0.097683469,-0.117129897,-0.035764184,-0.270298339,-0.23822857,-0.050294915,-0.486059195,-0.048330944,-0.344210054,-0.02433063,-0.705707511,-0.61667336,0.344318828,0.018663205,-0.016346865,-0.052137048,0.26358635,-0.085665701,-0.068113316,-0.029440127,0.206825955,-0.045147395,-0.114699126,-0.139915972,-0.446422288,-0.052832268,-0.020542631,-0.814278403,-0.071494463,8.75041E-06
BR8_main,0.956767677,0.041677397,-0.073458129,-0.052188706,-0.032435686,-0.250069583,-0.258470481,-0.046643826,-0.33965971,-0.041442257,-0.167293575,-0.014240093,-0.637501521,-0.514829867,0.182796431,0.011943441,-0.014281577,-0.043225859,0.236653578,-0.075637142,-0.062273741,-0.026114303,0.180632048,-0.035901022,-0.100786784,-0.143199113,-0.3211138,-0.046125681,-0.017555833,-0.627912643,-0.062101124,5.76932E-06
BR8_main,1.076363636,0.041857461,-0.062714203,-0.010916866,-0.030556192,-0.215041934,-0.228197752,-0.046149461,-0.177077509,-0.035181383,-0.070676493,-0.00837901,-0.573365007,-0.420668966,-0.196552147,0.010037955,-0.013388201,-0.037885265,0.197757704,-0.066336263,-0.056936425,-0.020350094,0.160063157,-0.026691546,-0.09566795,-0.142148575,-0.191797163,-0.041795969,-0.0148557,-0.305263888,-0.055978924,4.18045E-06
BR8_main,1.195959596,0.041956935,-0.084040713,0.005629831,-0.02927239,-0.15306304,-0.173367401,-0.053161076,-0.192128719,-0.0306351,-0.010553593,-0.005838742,-0.520948694,-0.345459678,-0.488096586,0.007933958,-0.012689908,-0.033298341,0.203445773,-0.059588389,-0.052483628,-0.018145621,0.142186511,-0.021787846,-0.089251172,-0.142816176,-0.127406967,-0.038239346,-0.012487238,-0.121801911,-0.046909697,3.10372E-06
BR8_main,1.315555556,0.042009599,-0.145700884,0.011700931,-0.028094236,-0.101933973,-0.162956612,-0.055155005,-0.170656022,-0.02761322,0.024244808,-0.006159857,-0.476319003,-0.399707297,-0.706047749,0.007266443,-0.012035273,-0.030767293,0.213805868,-0.054819688,-0.051194051,-0.016638413,0.12403652,-0.020721213,-0.088512294,-0.141663171,-0.1187883,-0.034976312,-0.01125104,-0.154064692,-0.045954073,5.38541E-06
BR8_main,1.435151515,0.042033913,-0.127652875,0.015479402,-0.02763117,-0.092944162,-0.163363939,-0.048696327,-0.139872054,-0.024442367,0.00390849,-0.008594042,-0.436344349,-0.473484875,-0.869244907,0.007902203,-0.011670415,-0.030599408,0.241948601,-0.050356558,-0.050986303,-0.015301965,0.106002996,-0.019525536,-0.080573674,-0.137809219,-0.111150429,-0.03242265,-0.01049631,-0.199107969,-0.049999287,6.2079E-06
BR8_main,1.554747475,0.042022468,-0.114452686,0.020710806,-0.02743668,-0.079362441,-0.162428792,-0.03732384,-0.136901055,-0.020986702,0.001338263,-0.008563602,-0.400894907,-0.531520133,-0.902085153,0.008111627,-0.011056025,-0.032741183,0.252825617,-0.046789206,-0.049242811,-0.01480231,0.090104851,-0.018508601,-0.078036493,-0.134980377,-0.120285905,-0.030711507,-0.009444359,-0.171375043,-0.056935131,8.16131E-06
BR8_main,1.674343434,0.041978551,-0.082155504,0.025742321,-0.028019696,-0.07425045,-0.163680924,-0.031575871,-0.123453621,-0.019499786,-0.017570348,-0.007591104,-0.372237276,-0.513946916,-0.762809194,0.009761589,-0.010487109,-0.039379595,0.237944271,-0.043630579,-0.046554481,-0.01419193,0.07627914,-0.017374944,-0.066161887,-0.129024529,-0.11958666,-0.028923387,-0.008607727,-0.14765015,-0.067325185,1.04629E-05
BR8_main,1.793939394,0.041901148,-0.064326409,0.037013382,-0.027970387,-0.068291596,-0.148800738,-0.028624232,-0.09919443,-0.017706347,-0.015952842,-0.005863647,-0.347996341,-0.430946773,-0.653489855,0.010467612,-0.010007571,-0.046461874,0.190091061,-0.040618613,-0.044824054,-0.012973267,0.064517899,-0.015993595,-0.050406886,-0.122504052,-0.099977711,-0.027318848,-0.007891684,-0.13240656,-0.072649058,1.4222E-05
BR8_main,1.913535354,0.041836269,-0.047101161,0.019609767,-0.027734003,-0.061715561,-0.122329594,-0.030306403,-0.08096733,-0.015734188,0.0039713,-0.003762921,-0.324691502,-0.301070638,-0.445593574,0.010711492,-0.0095674,-0.050347963,0.158518815,-0.037810605,-0.041612081,-0.011880806,0.052875357,-0.014551889,-0.041655952,-0.114417027,-0.086139954,-0.025707664,-0.007271437,-0.097746135,-0.07019039,1.81364E-05
BR8_main,2.033131313,0.041706342,-0.023310756,0.013485177,-0.027898334,-0.058046354,-0.102563092,-0.019922405,-0.067531715,-0.013781581,0.017703379,-0.00226856,-0.301058399,-0.211958968,-0.190099195,0.010543446,-0.009233085,-0.050004115,0.142339638,-0.034980706,-0.038248431,-0.011168207,0.041239081,-0.013385167,-0.033698921,-0.109317232,-0.071701241,-0.024092476,-0.006591616,-0.07367164,-0.068878951,1.97174E-05
BR8_main,2.152727273,0.041455561,-0.013284014,0.017704968,-0.026861548,-0.055705535,-0.075530399,-0.014969385,-0.096119755,-0.012658483,0.023672768,-0.002238764,-0.284604567,-0.155276876,-0.075266491,0.010386892,-0.009021516,-0.042466008,0.133618113,-0.032699913,-0.036118624,-0.01061469,0.029016549,-0.012746215,-0.030694288,-0.10581529,-0.061816949,-0.022854549,-0.006225964,-0.084108668,-0.062499005,2.09119E-05
BR8_main,2.272323232,0.041092513,-0.007817711,0.015684942,-0.02520139,-0.053143396,-0.059404218,-0.010494599,-0.100906803,-0.011567679,0.026081549,-0.003027262,-0.266999916,-0.118372571,-0.03053599,0.011910928,-0.008767216,-0.033473568,0.064914002,-0.034501255,-0.032653464,-0.010072058,0.017141296,-0.0120492,-0.029277459,-0.105204766,-0.056446171,-0.022199389,-0.005870635,-0.105246401,-0.051710308,2.04852E-05
BR8_main,2.391919192,0.040555992,-0.009121532,0.009811039,-0.023387069,-0.049258389,-0.047523437,-0.005487021,-0.122261261,-0.010792089,0.025813999,-0.002421427,-0.260037078,-0.09331299,-0.023403394,0.011914633,-0.008457222,-0.028459112,0.006770235,-0.036433301,-0.030156084,-0.009723436,0.006376668,-0.011318211,-0.025051775,-0.100111922,-0.05168122,-0.021247409,-0.005765969,-0.099549037,-0.045107879,2.03666E-05
BR8_main,2.511515152,0.039756136,-0.008627286,0.003814863,-0.021383868,-0.047668858,-0.035012182,-0.005321149,-0.142139115,-0.010413784,0.024206684,-0.002160135,-0.25080351,-0.068881797,-0.032278687,0.011627919,-0.008214058,-0.020634809,-0.032798947,-0.038172623,-0.028105114,-0.009382548,-0.004108338,-0.011021168,-0.021712442,-0.093875063,-0.047753434,-0.020589505,-0.005853839,-0.07414763,-0.029883581,2.00434E-05
BR8_main,2.631111111,0.038587779,-0.007297349,0.000249803,-0.019036016,-0.047091122,-0.031702584,-0.005056707,-0.131898329,-0.009540989,0.023799258,-0.001668818,-0.240598373,-0.046639696,-0.04803956,0.012729509,-0.007936375,-0.01822122,-0.060709691,-0.040625451,-0.025892467,-0.008983947,-0.016029241,-0.01111337,-0.019308518,-0.089091864,-0.044153291,-0.019680717,-0.006221139,-0.053584015,-0.023204545,1.95148E-05
BR8_main,2.750707071,0.036872237,-0.00638302,-0.002603378,-0.017133178,-0.044645489,-0.036875502,-0.004877495,-0.116914101,-0.008962014,0.025052682,-0.000949689,-0.230403107,-0.030515334,-0.051914874,0.013969831,-0.007644009,-0.016205292,-0.078232036,-0.041515785,-0.023594849,-0.008469166,-0.02612124,-0.010888788,-0.01630681,-0.083592394,-0.041005358,-0.019017238,-0.006633521,-0.035351319,-0.021375351,1.93314E-05
BR8_main,2.87030303,0.034635885,-0.005035703,-0.008566678,-0.015622613,-0.043849694,-0.034738035,-0.002262961,-0.10539981,-0.008564585,0.024226259,-0.00034994,-0.221422819,-0.019076864,-0.047767698,0.014969188,-0.007299634,-0.014580811,-0.089694238,-0.039158149,-0.021228371,-0.00806672,-0.033403483,-0.010888592,-0.015021836,-0.077741573,-0.038222766,-0.018712621,-0.006434231,-0.029886321,-0.017278741,1.91073E-05
BR8_main,2.98989899,0.032148562,-0.004225701,-0.011812129,-0.014381105,-0.043090692,-0.032117514,-0.003069139,-0.085609577,-0.008855288,0.023268371,-0.000168492,-0.213940353,-0.01142845,-0.044112862,0.015245557,-0.006959942,-0.01347016,-0.097290216,-0.03701081,-0.019097023,-0.007776974,-0.038332522,-0.010925844,-0.01538242,-0.072052891,-0.035914253,-0.01795916,-0.006529774,-0.024842125,-0.01589075,1.98611E-05
BR8_main,3.109494949,0.029544716,-0.003170615,-0.015072793,-0.0134355,-0.043360421,-0.031106711,-0.002077201,-0.073978173,-0.009112807,0.022535034,9.34274E-05,-0.206407599,-0.006271538,-0.038366178,0.015809516,-0.006829261,-0.012507774,-0.104814349,-0.030582888,-0.017711143,-0.007835835,-0.03985767,-0.010727603,-0.015210079,-0.067285179,-0.033865027,-0.017179647,-0.007370983,-0.026768872,-0.016110811,2.06342E-05
BR8_main,3.229090909,0.02681348,-0.002269926,-0.017906595,-0.0126888,-0.042429603,-0.025302966,-0.001417761,-0.062915,-0.009179832,0.02201945,0.000104345,-0.200531059,-0.00404551,-0.032574585,0.016168429,-0.006673486,-0.012077049,-0.11561701,-0.023137906,-0.0173912,-0.007853825,-0.039917691,-0.010800133,-0.015074384,-0.063369793,-0.032283703,-0.01621772,-0.007544525,-0.023451158,-0.017480452,2.35372E-05
BR8_main,3.348686869,0.024233236,-0.00356806,-0.021165567,-0.012104262,-0.040944881,-0.028688689,-0.000856905,-0.053129708,-0.009092886,0.021976534,0.000111811,-0.19630702,-0.002412858,-0.029954861,0.015038835,-0.006431845,-0.011815714,-0.12545452,-0.020469927,-0.017478141,-0.007914834,-0.041458945,-0.010912184,-0.015354765,-0.059717954,-0.030859598,-0.015444632,-0.006731873,-0.019196869,-0.019608336,2.67533E-05
BR8_main,3.468282828,0.022324096,-0.003137219,-0.02515543,-0.011708896,-0.039229981,-0.031790912,-0.00028039,-0.0397796,-0.009131664,0.021887499,0.000102867,-0.19378838,-0.001277638,-0.027697655,0.014086722,-0.00623301,-0.011642311,-0.124387532,-0.020313252,-0.020258191,-0.007852211,-0.041888159,-0.011084059,-0.01577754,-0.057257876,-0.029708551,-0.014868397,-0.005155271,-0.018610765,-0.022409485,2.6782E-05
BR8_main,3.587878788,0.020428478,-0.002877532,-0.028587571,-0.011487808,-0.03796456,-0.028762902,5.76349E-05,-0.036172424,-0.009285926,0.021215485,0.000147688,-0.193477032,-0.000711277,-0.027004263,0.012864156,-0.006073467,-0.012094949,-0.111896136,-0.020711089,-0.021649156,-0.007744845,-0.037100137,-0.011199036,-0.016144885,-0.055049354,-0.028566622,-0.014006733,-0.003721424,-0.017204796,-0.023250588,2.61556E-05
BR8_main,3.707474747,0.019090822,-0.00265107,-0.030666591,-0.01130071,-0.03743991,-0.022898291,-0.000179661,-0.036769175,-0.009442409,0.020475008,0.000173578,-0.192816232,-0.000354195,-0.026425564,0.011601515,-0.005909728,-0.014647945,-0.090454225,-0.021149049,-0.021699691,-0.00762787,-0.027677587,-0.011196877,-0.016689568,-0.052838576,-0.027456689,-0.014016886,-0.003109716,-0.016072459,-0.023115515,2.56564E-05
BR8_main,3.827070707,0.018025014,-0.002558068,-0.031024537,-0.01119356,-0.03684102,-0.018016934,3.96033E-06,-0.038048735,-0.009442271,0.019655244,0.000182234,-0.191587861,-0.000169848,-0.026379447,0.010211911,-0.005736809,-0.016697131,-0.074464742,-0.021498579,-0.024735099,-0.007575706,-0.017970846,-0.010599759,-0.016747616,-0.050672315,-0.026522847,-0.01416866,-0.003256907,-0.015990038,-0.02295326,2.52423E-05
BR8_main,3.946666667,0.017174436,-0.002124303,-0.033325419,-0.011321096,-0.037069046,-0.016497628,-0.00034316,-0.036827719,-0.009566689,0.019074249,0.000196873,-0.191122106,-0.000109769,-0.026444848,0.008393192,-0.005577039,-0.017150893,-0.060936477,-0.02173181,-0.026082312,-0.007469483,-0.01115503,-0.009722781,-0.016371545,-0.049753496,-0.025606275,-0.014140886,-0.003567118,-0.013421214,-0.021693113,2.48856E-05
BR8_main,4.066262626,0.01652821,-0.00181403,-0.033758465,-0.011785613,-0.037292961,-0.014501471,0.000231562,-0.028521089,-0.009656564,0.018675758,0.000192396,-0.190251842,-8.26854E-05,-0.026455906,0.006494514,-0.005392435,-0.016863574,-0.04755155,-0.021999258,-0.023287355,-0.007243996,-0.005841361,-0.009286843,-0.015884155,-0.048291405,-0.024573703,-0.013810825,-0.003924873,-0.011570441,-0.022035185,2.45675E-05
BR8_main,4.185858586,0.016225608,-0.001618933,-0.032465634,-0.012211656,-0.038020093,-0.014756073,0.000306478,-0.025505323,-0.009683882,0.018187492,0.000197116,-0.189380502,-0.000103417,-0.026264343,0.004927036,-0.005174371,-0.017582188,-0.038946333,-0.022138415,-0.020459538,-0.007043845,-0.001942398,-0.009007459,-0.016193442,-0.049398969,-0.023687678,-0.013943133,-0.004320297,-0.010687639,-0.021976062,2.42756E-05
BR8_main,4.305454545,0.016060054,-0.001504043,-0.029407099,-0.012472954,-0.038730085,-0.014995818,0.000262613,-0.021614659,-0.009730244,0.017377721,0.000207031,-0.188673581,-8.08477E-05,-0.026549169,0.003595162,-0.004922162,-0.017969308,-0.030989925,-0.022235146,-0.02006397,-0.006938397,0.000432746,-0.008909052,-0.016256759,-0.050062894,-0.022727521,-0.014060822,-0.004756355,-0.010650256,-0.020986791,2.29473E-05
BR8_main,4.425050505,0.015938418,-0.00132542,-0.02587924,-0.012770782,-0.039335011,-0.014252348,0.000389634,-0.020261031,-0.009969506,0.016902276,0.000222771,-0.188463565,-4.5985E-05,-0.026824955,0.002660369,-0.004757766,-0.018461059,-0.026269969,-0.022665121,-0.020390647,-0.006938547,0.00207004,-0.008894755,-0.016845131,-0.050203926,-0.021693353,-0.014092891,-0.004626112,-0.010694661,-0.020206162,2.1728E-05
BR8_main,4.544646465,0.015868054,-0.001191628,-0.023689423,-0.012556427,-0.040170896,-0.014180994,0.00053568,-0.019293097,-0.009888194,0.01658498,0.000242406,-0.188388004,-1.18965E-05,-0.027078866,0.001984941,-0.004589135,-0.017326355,-0.024771931,-0.022870183,-0.022362514,-0.006977567,0.003366446,-0.008908361,-0.017152815,-0.056620127,-0.020634818,-0.014156576,-0.00481864,-0.010792218,-0.019718343,2.12168E-05
BR8_main,4.664242424,0.015734001,-0.00103112,-0.021125671,-0.012077116,-0.040682099,-0.015109929,0.00058132,-0.018286333,-0.009705475,0.015730434,0.000260184,-0.188228809,2.15865E-05,-0.027693467,0.001451891,-0.004550016,-0.017599985,-0.027182202,-0.023090759,-0.021175364,-0.00714051,0.004474457,-0.008876341,-0.017316223,-0.05319704,-0.019529133,-0.014095308,-0.004650675,-0.010589975,-0.019442021,1.85149E-05
BR8_main,4.783838384,0.015577919,-0.000962134,-0.018424966,-0.011495299,-0.041175507,-0.014808911,0.000571211,-0.01741444,-0.009880229,0.014992817,0.000258622,-0.187597765,5.51559E-05,-0.0280472,0.001035428,-0.004563383,-0.016391564,-0.024398418,-0.023141646,-0.019009949,-0.006933141,0.005453408,-0.008622052,-0.01717601,-0.051345608,-0.018417694,-0.013821582,-0.004239472,-0.010974655,-0.019014291,1.74657E-05
BR8_main,4.903434343,0.015420578,-0.001077612,-0.015170455,-0.01099391,-0.041677547,-0.014814543,0.000573093,-0.016733779,-0.010159475,0.014305565,0.000252619,-0.187738376,8.90921E-05,-0.028535663,0.000727313,-0.004730267,-0.016426953,-0.018362556,-0.022919055,-0.017058215,-0.006974302,0.006233478,-0.008343508,-0.016449649,-0.046849431,-0.017307805,-0.013735765,-0.004114433,-0.01155879,-0.018983918,1.65469E-05
BR8_main,5.023030303,0.015244195,-0.001109744,-0.011451419,-0.010432641,-0.042087492,-0.014145121,0.000570354,-0.015973531,-0.010168958,0.013621483,0.000248292,-0.188078236,0.000111348,-0.028730119,0.000515939,-0.004696489,-0.014508665,-0.014783523,-0.022585144,-0.016279025,-0.006893675,0.006896243,-0.008175063,-0.016160045,-0.047235108,-0.016232796,-0.013587709,-0.00455995,-0.012075037,-0.018041937,1.61076E-05
BR8_main,5.142626263,0.015003509,-0.001024003,-0.0097618,-0.009830449,-0.042628005,-0.014003233,0.000542525,-0.015594413,-0.00980059,0.0129272,0.000245946,-0.188467921,0.000117721,-0.028875155,0.000371628,-0.004634553,-0.014715679,-0.012092448,-0.022125711,-0.016019718,-0.006682291,0.007421129,-0.008081303,-0.016653587,-0.045910508,-0.015230074,-0.013407117,-0.004692356,-0.011999203,-0.017328897,1.58749E-05
BR8_main,5.262222222,0.014627682,-0.000827571,-0.008192507,-0.009314274,-0.043850691,-0.013981461,0.000512946,-0.015119879,-0.009338697,0.012255752,0.00024409,-0.189200874,0.000119336,-0.028835146,0.000274042,-0.004634728,-0.013629043,-0.01029293,-0.02180717,-0.015960874,-0.006340153,0.00790547,-0.007996008,-0.015926038,-0.04250925,-0.014259867,-0.013116392,-0.004724184,-0.01175422,-0.017368358,1.57352E-05
BR8_main,5.381818182,0.014059472,-0.000662029,-0.007363377,-0.009099522,-0.044344714,-0.014880813,0.000506379,-0.0145755,-0.008947771,0.01166894,0.000221291,-0.190381107,0.000124699,-0.027688169,0.000170541,-0.004604794,-0.012629345,-0.008787784,-0.021169854,-0.015587494,-0.006059459,0.008335824,-0.00803273,-0.015399502,-0.038561638,-0.013380305,-0.012851971,-0.004613098,-0.011751988,-0.01777339,1.58718E-05
BR8_main,5.501414141,0.013527178,-0.000480257,-0.006816572,-0.008866486,-0.044308559,-0.015441058,0.000502299,-0.01385166,-0.008684939,0.011016143,0.000187555,-0.191658082,0.000132938,-0.026618199,0.000126826,-0.004706726,-0.012099374,-0.00683155,-0.020521658,-0.015098299,-0.005972539,0.008697067,-0.008047332,-0.014571575,-0.036305536,-0.012493558,-0.012503026,-0.004395314,-0.013481873,-0.017557213,1.5914E-05
BR8_main,5.621010101,0.012870179,-0.000430105,-0.006052409,-0.00871315,-0.043945552,-0.015509863,0.000466558,-0.013109211,-0.008245104,0.010310901,0.000162819,-0.19235363,0.000143335,-0.025245969,9.95823E-05,-0.0046208,-0.011404417,-0.003700141,-0.019692018,-0.014769213,-0.00592669,0.008730693,-0.008021523,-0.013248541,-0.033531623,-0.01160093,-0.012230577,-0.004384903,-0.012971349,-0.016478452,1.58847E-05
BR8_main,5.740606061,0.012193136,-0.000393064,-0.005499146,-0.008500908,-0.043017702,-0.015299372,0.00043122,-0.012507517,-0.007834944,0.009712744,0.00014072,-0.191943213,0.000154981,-0.023598711,2.53026E-05,-0.004438208,-0.01086846,-0.001346288,-0.018470942,-0.014271252,-0.005909393,0.008533092,-0.008094339,-0.011958919,-0.032833765,-0.010761211,-0.011926383,-0.004305647,-0.011244766,-0.01617118,1.59094E-05
BR8_main,5.86020202,0.011488013,-0.000290826,-0.004826473,-0.008262447,-0.041680649,-0.01553397,0.000405632,-0.012067398,-0.007416077,0.009149201,0.00015419,-0.191886675,0.000156779,-0.022137098,-0.000229469,-0.004188299,-0.010390032,-8.26397E-05,-0.017304648,-0.013887083,-0.005619321,0.008372371,-0.007922188,-0.010531154,-0.031079448,-0.009971601,-0.011491943,-0.004242271,-0.010315834,-0.016103656,1.57247E-05
BR8_main,5.97979798,0.010763137,-0.00019116,-0.003839771,-0.008071823,-0.040182688,-0.015633879,0.000396422,-0.011416616,-0.007018692,0.008384105,0.00016279,-0.191221395,0.000155237,-0.020589235,-0.000430276,-0.003940967,-0.009863388,0.0010721,-0.016479557,-0.014153258,-0.005632173,0.008134435,-0.007053555,-0.009563069,-0.029734777,-0.009264593,-0.011005578,-0.003917155,-0.008236361,-0.016246311,1.55486E-05
BR8_main,6.099393939,0.009968278,-0.00012019,-0.003581452,-0.007765023,-0.038821092,-0.015523389,0.000396469,-0.010977086,-0.006609695,0.007671307,0.000163303,-0.190970853,0.000152416,-0.019075809,-0.000504541,-0.003724807,-0.009373302,0.00115334,-0.015717429,-0.013150598,-0.00538869,0.007914487,-0.006643891,-0.008831819,-0.028383964,-0.008670838,-0.010443262,-0.003729278,-0.008145706,-0.015482751,1.52417E-05
BR8_main,6.218989899,0.008915694,-5.92569E-05,-0.003796404,-0.007504879,-0.03712872,-0.015221665,0.000383149,-0.011338463,-0.006123361,0.007197286,0.000164434,-0.191554338,0.000152609,-0.017489281,-0.000703099,-0.003551313,-0.008917357,0.00137265,-0.01482491,-0.012373211,-0.005007866,0.007745277,-0.006295955,-0.008238037,-0.026802228,-0.008117597,-0.009771204,-0.003533366,-0.007357708,-0.014503232,1.49674E-05
BR8_main,6.338585859,0.007758063,-1.65213E-05,-0.002871406,-0.007213971,-0.035275761,-0.015240842,0.000373779,-0.0109946,-0.005726171,0.00688886,0.000149315,-0.192716755,0.000172955,-0.016300609,-0.00077761,-0.003357679,-0.008479778,0.001545104,-0.013979645,-0.011723484,-0.004434656,0.007545913,-0.005900856,-0.007704801,-0.024193671,-0.007608363,-0.009172705,-0.003553092,-0.006445375,-0.013332397,1.48237E-05
BR8_main,6.458181818,0.006443835,1.79811E-05,-0.002546421,-0.0068753,-0.033656885,-0.015816539,0.000374007,-0.01067062,-0.005399254,0.006747577,0.000146911,-0.193507628,0.000176528,-0.015355452,-0.00084938,-0.003246894,-0.008077528,0.001354958,-0.013498824,-0.011477822,-0.004131529,0.007361964,-0.005556634,-0.007299138,-0.0231328,-0.007130225,-0.008597898,-0.003538188,-0.006779667,-0.011842532,1.46637E-05
BR8_main,6.577777778,0.004884447,7.54661E-05,-0.001068128,-0.006515929,-0.031836502,-0.015030736,0.000404385,-0.010737251,-0.005112114,0.006652573,0.000133471,-0.193779729,0.000183245,-0.014558116,-0.000906357,-0.003186031,-0.007631914,0.000916742,-0.012946931,-0.010858,-0.003997715,0.007190735,-0.005379261,-0.006865428,-0.022089078,-0.006680401,-0.00802741,-0.00365002,-0.006315001,-0.010980343,1.45851E-05
BR8_main,6.697373737,0.003494322,0.000119355,-0.000220185,-0.006112533,-0.029669058,-0.013552824,0.000441954,-0.011029243,-0.004842031,0.006539526,0.00012419,-0.194107475,0.000192831,-0.013866099,-0.000690954,-0.003067866,-0.007332446,0.00060581,-0.012475604,-0.010138966,-0.003775437,0.006968548,-0.00508275,-0.006625239,-0.02135848,-0.006255934,-0.007708103,-0.003503349,-0.005891095,-0.010113522,1.46704E-05
BR8_main,6.816969697,0.002406862,0.0001464,-0.000432273,-0.005770877,-0.028608478,-0.01218586,0.000432056,-0.011579241,-0.004661413,0.0065533,0.000117216,-0.194129048,0.000197113,-0.013268992,-0.000485449,-0.002949522,-0.007059385,0.000132042,-0.012020689,-0.009254781,-0.00362419,0.006750443,-0.004883405,-0.006458484,-0.020735202,-0.005853483,-0.007437991,-0.003191549,-0.005608651,-0.009325585,1.47456E-05
BR8_main,6.936565657,0.001679476,0.000189441,-0.000433078,-0.005403749,-0.027251983,-0.01158556,0.000485969,-0.011809742,-0.004497068,0.006631511,0.00012238,-0.193704972,0.000211998,-0.012662533,-0.000365568,-0.002881078,-0.006810501,-0.000751831,-0.011531013,-0.008586762,-0.003567481,0.00651412,-0.004734767,-0.006463313,-0.019991297,-0.00548343,-0.007234589,-0.00271534,-0.005481135,-0.008907794,1.45974E-05
BR8_main,7.056161616,0.001213193,0.000252033,-0.000629579,-0.005091588,-0.026091244,-0.010521118,0.000583642,-0.011874161,-0.004355789,0.006572871,0.000137915,-0.192779937,0.000213797,-0.012160222,-0.000327162,-0.002761859,-0.006530387,-0.001705137,-0.011059167,-0.008096746,-0.003480923,0.00637585,-0.004480082,-0.006477035,-0.01887956,-0.005134774,-0.006833898,-0.002528998,-0.005627124,-0.008695131,1.43424E-05
BR8_main,7.175757576,0.000891586,0.000321001,-0.00065178,-0.004720888,-0.024742224,-0.01000428,0.000662078,-0.011683663,-0.004237856,0.006618018,0.000165399,-0.19165439,0.000213659,-0.011759543,-0.000278826,-0.002632005,-0.00623527,-0.003443264,-0.010710405,-0.007566407,-0.003397693,0.006179847,-0.004458843,-0.006556088,-0.01858817,-0.004802083,-0.006612503,-0.002486021,-0.005602541,-0.00823796,1.41036E-05
BR8_main,7.295353535,0.000665834,0.000383743,-0.001168117,-0.004384675,-0.023848203,-0.009479789,0.000723458,-0.011836178,-0.004149894,0.006721359,0.000197507,-0.190848259,0.00021873,-0.011385943,-0.000243896,-0.002535526,-0.006021312,-0.005974388,-0.010477285,-0.007188011,-0.003352547,0.005713205,-0.00443093,-0.006591463,-0.018011649,-0.004498516,-0.006559126,-0.002475652,-0.005754451,-0.008283091,1.40665E-05
BR8_main,7.414949495,0.000507953,0.000461247,-0.001692045,-0.004100141,-0.022818802,-0.009247241,0.00079993,-0.011911455,-0.004104369,0.006458155,0.000206436,-0.189832192,0.000229264,-0.011026561,-0.000255703,-0.002478993,-0.005764585,-0.009434878,-0.01019503,-0.006894643,-0.003214378,0.005292583,-0.004443302,-0.006729383,-0.017782787,-0.004248205,-0.006484244,-0.002490471,-0.005623972,-0.00818968,1.38062E-05
BR8_main,7.534545455,0.000342169,0.000478832,-0.002250021,-0.00380874,-0.021870208,-0.009170289,0.000857025,-0.011888286,-0.004127885,0.006235503,0.000216476,-0.18892315,0.000242217,-0.010698137,-0.000276069,-0.002429515,-0.005552864,-0.011196192,-0.009924099,-0.006842111,-0.003114523,0.004973592,-0.004237326,-0.006802185,-0.017632274,-0.0040604,-0.006408457,-0.002464885,-0.005533,-0.007895105,1.39235E-05
BR8_main,7.654141414,0.000244482,0.000486791,-0.002813687,-0.003822378,-0.021342968,-0.008995229,0.000831118,-0.01155492,-0.004223145,0.006079069,0.000206628,-0.187543625,0.000249275,-0.010411345,-0.000275967,-0.002381264,-0.00538131,-0.010711151,-0.009782901,-0.006898755,-0.002987781,0.004580943,-0.00460912,-0.006832506,-0.017696987,-0.003914422,-0.006196782,-0.00237457,-0.005018956,-0.007701366,1.41487E-05
BR8_main,7.773737374,0.000136889,0.000589201,-0.003537748,-0.003670305,-0.020981331,-0.008809358,0.000868086,-0.012885042,-0.004375604,0.00595223,0.000220148,-0.184881519,0.000258694,-0.010151994,-0.00024022,-0.002324176,-0.005333401,-0.009390494,-0.009575961,-0.007486077,-0.003061425,0.004306933,-0.005041799,-0.006837039,-0.017848493,-0.003772352,-0.006040022,-0.002445677,-0.004862583,-0.007533307,1.4505E-05
BR8_main,7.893333333,5.59141E-05,0.00072611,-0.005113433,-0.003688464,-0.02236053,-0.008968161,0.000902923,-0.013783069,-0.004533966,0.005963489,0.00024281,-0.183347771,0.000266082,-0.009947415,-0.000186886,-0.002289493,-0.005370559,-0.007181413,-0.009408662,-0.007465719,-0.003067549,0.00396764,-0.005035867,-0.00680073,-0.017572049,-0.003627673,-0.006202132,-0.002450481,-0.0047608,-0.007294573,1.4877E-05
BR8_main,8.012929293,1.85477E-05,0.000876817,-0.006954447,-0.003940021,-0.022820235,-0.008507919,0.000828033,-0.014530209,-0.004666158,0.005905662,0.000253536,-0.181338745,0.000276973,-0.009822968,-0.000224674,-0.002263389,-0.005665399,-0.005654994,-0.0092675,-0.007287077,-0.002939792,0.003660139,-0.004859557,-0.006789184,-0.017313587,-0.003446944,-0.006122273,-0.002674563,-0.004897337,-0.007168552,1.51834E-05
BR8_main,8.132525253,0.0000005,0.001023486,-0.008739601,-0.004425643,-0.023835655,-0.008100263,0.000874288,-0.01401385,-0.004763084,0.005840325,0.000278638,-0.180076858,0.000297975,-0.00971318,-0.000188212,-0.002209349,-0.005805979,-0.004698211,-0.009185399,-0.006900702,-0.00284409,0.003369657,-0.004450678,-0.006693877,-0.017332722,-0.00322102,-0.00600502,-0.002685376,-0.004815597,-0.007074269,1.53844E-05
BR8_main,8.252121212,0.0000005,0.001180967,-0.009796316,-0.004803141,-0.024069301,-0.007696808,0.000978625,-0.012242643,-0.005002532,0.005707744,0.000285427,-0.179482669,0.000323563,-0.009650363,-0.00020373,-0.002167858,-0.005823322,-0.003825305,-0.009132171,-0.006514961,-0.002615219,0.003233293,-0.004899426,-0.006568481,-0.017819383,-0.00302643,-0.005971406,-0.00256211,-0.004782534,-0.006960825,1.52196E-05
BR8_main,8.371717172,0.0000005,0.001312833,-0.010309926,-0.005127891,-0.020943145,-0.00776556,0.001041651,-0.012546183,-0.005531335,0.005586214,0.000284271,-0.177853301,0.000351658,-0.009626719,-0.000104764,-0.002126859,-0.00564175,-0.003321937,-0.009068376,-0.006144981,-0.002546517,0.002972732,-0.00505185,-0.006413835,-0.017777111,-0.002830294,-0.006057347,-0.002456745,-0.004784958,-0.006911571,1.48849E-05
BR8_main,8.491313131,0.0000005,0.001394248,-0.009001985,-0.005283546,-0.020725075,-0.008041397,0.001009805,-0.012819873,-0.005431228,0.005419043,0.000277342,-0.176700038,0.000365491,-0.009610986,-0.000295747,-0.002190784,-0.005364065,-0.002993969,-0.009037008,-0.006029491,-0.002523192,0.00265516,-0.004577108,-0.006240422,-0.017666151,-0.002646921,-0.006209686,-0.002219048,-0.004813004,-0.006858218,1.45752E-05
BR8_main,8.610909091,0.0000005,0.001488579,-0.007684425,-0.005412096,-0.020228898,-0.00838293,0.001020926,-0.012168533,-0.005372314,0.005207381,0.000256735,-0.176767249,0.000362607,-0.009618114,-0.000265147,-0.002370338,-0.005335516,-0.00297719,-0.009075218,-0.005927842,-0.002502697,0.002426063,-0.003805884,-0.006131941,-0.017806744,-0.002500822,-0.006047222,-0.002186017,-0.004834542,-0.006904193,1.41789E-05
BR8_main,8.730505051,0.0000005,0.001601073,-0.006334772,-0.005223814,-0.020183848,-0.00863912,0.000918882,-0.011256348,-0.004990521,0.004976398,0.000251788,-0.177620022,0.000354495,-0.00964996,6.66059E-05,-0.002409303,-0.005346155,-0.003018758,-0.008928924,-0.005734801,-0.002453685,0.002193111,-0.003700009,-0.005981781,-0.017975055,-0.002392275,-0.0060469,-0.001936117,-0.004848264,-0.006908804,1.37912E-05
BR8_main,8.85010101,0.0000005,0.001688007,-0.005770536,-0.004724829,-0.020131024,-0.009025877,0.000831173,-0.01159139,-0.004522319,0.004759502,0.000260153,-0.178574012,0.000342618,-0.009665909,0.00066279,-0.002418505,-0.005359565,-0.00304151,-0.008808343,-0.005627564,-0.002405759,0.001821271,-0.003870678,-0.005748979,-0.017902672,-0.002337199,-0.005845438,-0.001837074,-0.004873456,-0.006947031,1.34796E-05
BR8_main,8.96969697,0.0000005,0.001806896,-0.005844524,-0.004071255,-0.020272605,-0.009425288,0.000792859,-0.011221061,-0.004305533,0.004532737,0.000263593,-0.179699988,0.000319663,-0.009672082,0.000819956,-0.002220217,-0.005265316,-0.002870402,-0.008974435,-0.005594464,-0.002375257,0.001259267,-0.003679238,-0.005582115,-0.018325598,-0.002326598,-0.005931871,-0.00180351,-0.004803899,-0.00699192,1.39104E-05
BR8_main,9.089292929,0.0000005,0.001946019,-0.006033818,-0.003483605,-0.021796056,-0.009198928,0.000777142,-0.011126673,-0.004132079,0.004332184,0.000255755,-0.181813547,0.000297032,-0.009595706,0.001102127,-0.002213783,-0.005291469,-0.00268451,-0.009007655,-0.00568568,-0.002329083,0.000969048,-0.003782366,-0.005442442,-0.018603369,-0.002269327,-0.006067153,-0.001762212,-0.004827179,-0.007078406,1.39453E-05
BR8_main,9.208888889,0.0000005,0.002103429,-0.006034474,-0.002986835,-0.023003117,-0.009340483,0.000700508,-0.011320102,-0.004041748,0.004203949,0.000248803,-0.189997678,0.000293919,-0.009546434,0.001426638,-0.002059464,-0.005381584,-0.002935586,-0.009116235,-0.00583484,-0.002304361,0.000710074,-0.003731958,-0.005324876,-0.018774943,-0.002283881,-0.006173658,-0.001759264,-0.004911496,-0.00719262,1.41768E-05
BR8_main,9.328484848,0.0000005,0.002219711,-0.005846044,-0.002856894,-0.023938461,-0.008861541,0.000647077,-0.01155249,-0.004032406,0.004002101,0.000229214,-0.19981924,0.000309652,-0.009516627,0.001834341,-0.00214102,-0.005490924,-0.00299381,-0.00919363,-0.006230492,-0.002232468,0.000307387,-0.003897061,-0.005195801,-0.018308808,-0.002309822,-0.006262287,-0.001788632,-0.004921533,-0.007356279,1.47374E-05
BR8_main,9.448080808,0.0000005,0.00237954,-0.005502057,-0.002830324,-0.022042623,-0.00897644,0.000579124,-0.011861065,-0.004032977,0.003801725,0.000213124,-0.215275343,0.000343376,-0.009512834,0.002084661,-0.002197106,-0.005522069,-0.003051954,-0.009156528,-0.006731646,-0.002223742,0.000699611,-0.004169578,-0.00507995,-0.018583073,-0.002340104,-0.006429219,-0.001809864,-0.005017063,-0.007439811,1.46455E-05
BR8_main,9.567676768,0.0000005,0.002594601,-0.00509647,-0.003202699,-0.020434393,-0.009408018,0.000513345,-0.011694593,-0.004010038,0.003707864,0.00019726,-0.228356184,0.000400505,-0.009497725,0.002178822,-0.002324859,-0.005515683,-0.003068629,-0.009069665,-0.007804069,-0.002240171,0.001098063,-0.004324311,-0.004949356,-0.019179655,-0.002379627,-0.006472996,-0.001918406,-0.005198405,-0.007496239,1.46198E-05
BR8_main,9.687272727,0.0000005,0.002811223,-0.005339591,-0.003897443,-0.021183919,-0.011735798,0.000478185,-0.012754332,-0.003975851,0.003562908,0.000183549,-0.254735626,0.000478715,-0.009495424,0.001538614,-0.00240362,-0.005593434,-0.002716175,-0.008941012,-0.008600038,-0.002251977,0.001076653,-0.004594177,-0.00477554,-0.020403527,-0.002422472,-0.006491752,-0.002206514,-0.005370497,-0.00759516,1.46173E-05
BR8_main,9.806868687,0.0000005,0.002977086,-0.005834999,-0.004651359,-0.02198201,-0.01457851,0.000430499,-0.014356993,-0.004007325,0.003371432,0.000173721,-0.272600402,0.000539761,-0.009465842,-4.61703E-05,-0.002549483,-0.005935417,-0.002599756,-0.008834796,-0.009267021,-0.002265876,0.000760097,-0.004895177,-0.004576877,-0.022533824,-0.002500649,-0.006526685,-0.002167879,-0.005433664,-0.00765808,1.51948E-05
BR8_main,9.926464646,0.0000005,0.003185387,-0.006407808,-0.005202936,-0.021280315,-0.0135961,0.000418289,-0.014699787,-0.004067956,0.003073091,0.000171479,-0.27753557,0.000658746,-0.009392447,-0.00161873,-0.002707031,-0.006088592,-0.002247896,-0.009159262,-0.009755784,-0.002259446,0.000407867,-0.005033606,-0.004381468,-0.025158886,-0.002585461,-0.006549401,-0.002126567,-0.005547316,-0.007623118,1.58792E-05
BR8_main,10.04606061,0.0000005,0.003429665,-0.007023517,-0.005536596,-0.023268218,-0.010315329,0.000407939,-0.01407886,-0.004172713,0.002814027,0.000175605,-0.251658707,0.000793125,-0.009282812,-0.002690468,-0.002820063,-0.006071961,-0.001799289,-0.010839027,-0.010156151,-0.002230906,0.00076895,-0.005182108,-0.00415674,-0.026728262,-0.002691704,-0.006811118,-0.001877696,-0.005682818,-0.007429107,1.51624E-05
BR8_main,10.16565657,0.0000005,0.003792108,-0.006263962,-0.005403114,-0.02483903,-0.009214473,0.000432406,-0.013986997,-0.004271048,0.002560006,0.000188932,-0.240398916,0.000874821,-0.009437708,-0.00462867,-0.002804866,-0.005978496,-0.002047116,-0.012186199,-0.010342939,-0.002191405,0.000691408,-0.005788125,-0.004033673,-0.027755066,-0.002747427,-0.007243086,-0.001882012,-0.005804238,-0.007268478,1.43144E-05
BR8_main,10.28525253,0.0000005,0.004139554,-0.0049057,-0.005209814,-0.024184676,-0.010038716,0.000460456,-0.014770823,-0.004352409,0.001694854,0.000208692,-0.234996243,0.000992223,-0.00961274,-0.008427867,-0.002787917,-0.00565081,-0.001914712,-0.012897379,-0.009430731,-0.002091236,0.001472776,-0.005557819,-0.003935077,-0.030454543,-0.002842745,-0.007636545,-0.001779321,-0.005905502,-0.006987315,1.27215E-05
BR8_main,10.40484848,0.0000005,0.004471972,-0.003654648,-0.004637981,-0.023960741,-0.010333998,0.00033467,-0.014591484,-0.004518159,0.00082172,0.000210396,-0.245999351,0.001087222,-0.009908643,-0.008533952,-0.002503421,-0.005054148,-0.001826753,-0.013335188,-0.007086898,-0.002044415,0.001399959,-0.005074376,-0.003808176,-0.032525793,-0.003066372,-0.007458793,-0.001736232,-0.006328451,-0.006833188,1.23026E-05
BR8_main,10.52444444,0.0000005,0.004751028,-0.003141879,-0.003818628,-0.024790335,-0.010810056,0.000231803,-0.014772558,-0.004702888,0.000338328,0.000221507,-0.264836724,0.001162802,-0.010292516,-0.004593313,-0.002718784,-0.004518107,-0.001914232,-0.011274937,-0.005281913,-0.001962514,0.002185034,-0.004542381,-0.003692555,-0.03125317,-0.003605922,-0.00704636,-0.001732767,-0.006913901,-0.006679928,8.75712E-06
BR8_main,10.6440404,0.0000005,0.004929608,-0.002656416,-0.003023576,-0.025963674,-0.011771487,0.000113475,-0.014427,-0.004980313,-0.001036059,0.000225557,-0.314334842,0.001254666,-0.01081891,0.000230558,-0.002508969,-0.004111919,-0.001719439,-0.009858148,-0.004492048,-0.001867726,0.001827973,-0.004006521,-0.003706586,-0.026936741,-0.00436273,-0.006453298,-0.001697389,-0.008131182,-0.006322279,9.13706E-06
BR8_main,10.76363636,0.0000005,0.005082837,-0.00197039,-0.002491898,-0.027679327,-0.012269288,3.24453E-05,-0.015791341,-0.005181289,-0.001898255,0.000228859,-0.338684785,0.001308062,-0.011099713,0.005037893,-0.002251322,-0.003719759,-0.00129688,-0.008438302,-0.004330961,-0.001754952,0.001570377,-0.003433373,-0.003741435,-0.024154474,-0.004641614,-0.00626385,-0.001657831,-0.008588672,-0.005825076,8.24852E-06
BR8_main,10.88323232,0.0000005,0.005196431,-0.001427271,-0.002126457,-0.029776873,-0.012654912,-0.000193085,-0.018663576,-0.005267779,-0.004588459,0.000228768,-0.336021857,0.001315111,-0.010960731,0.007062869,-0.002018536,-0.003300815,-0.001596049,-0.007154701,-0.004287982,-0.00168315,0.001402962,-0.002831657,-0.003789638,-0.021631892,-0.004236004,-0.005849809,-0.00159479,-0.008862782,-0.00537403,7.18081E-06
BR8_main,11.00282828,0.0000005,0.005349534,-0.001134273,-0.001993887,-0.028975028,-0.011965603,-0.000340487,-0.018057784,-0.005217322,-0.011330274,0.000237579,-0.336214921,0.001285622,-0.010650618,0.008994145,-0.001649317,-0.003149949,-0.002355471,-0.006639672,-0.004263611,-0.001592306,0.002786886,-0.002574388,-0.003848305,-0.018514171,-0.003237391,-0.004888289,-0.001559997,-0.007941608,-0.005250303,4.06518E-06
BR8_main,11.12242424,0.0000005,0.005384266,-0.000674516,-0.001932652,-0.025537132,-0.011057828,-0.000163177,-0.017348521,-0.005073587,-0.015085585,0.000244371,-0.298850503,0.001265101,-0.01025859,0.008385535,-0.001547841,-0.003006401,-0.003172248,-0.006412235,-0.00420595,-0.001656722,0.003899083,-0.00260079,-0.003737563,-0.013492556,-0.002662724,-0.003775385,-0.001776502,-0.006285909,-0.005328326,2.7583E-06
BR8_main,11.2420202,0.0000005,0.005381665,-0.000538205,-0.001962453,-0.021926441,-0.010480807,-6.4812E-05,-0.016866368,-0.004923652,-0.015099383,0.000252654,-0.242647574,0.001068693,-0.009663808,0.005531541,-0.001783932,-0.002933717,-0.002713281,-0.00637788,-0.004146343,-0.001595889,0.00421351,-0.002683592,-0.00319624,-0.009318658,-0.002359673,-0.00353002,-0.002002375,-0.004918122,-0.005085663,9.54562E-07
BR8_main,11.36161616,0.0000005,0.005308408,-0.001619358,-0.001852692,-0.01833576,-0.00984956,-0.000102825,-0.01756031,-0.004843123,-0.012689359,0.000259974,-0.19879337,0.000838428,-0.009122549,0.003166245,-0.001889895,-0.002986286,-0.001265373,-0.00646932,-0.004477207,-0.001504782,0.00528656,-0.002499477,-0.003936744,-0.009304532,-0.002361841,-0.00365581,-0.002202534,-0.004443823,-0.004851136,1.25784E-06
BR8_main,11.48121212,0.0000005,0.005046398,-0.003684593,-0.001763565,-0.015240411,-0.010990198,-0.000437836,-0.018681666,-0.004740888,-0.008956266,0.000239648,-0.175519396,0.0003902,-0.009176211,-0.001718502,-0.001862263,-0.003227875,-0.00228523,-0.006567223,-0.005094036,-0.001574767,0.003746875,-0.002752806,-0.005535226,-0.012873797,-0.002463907,-0.003955071,-0.002405813,-0.0048513,-0.005209069,5.20434E-06
BR8_main,11.60080808,0.0000005,0.004857681,-0.008512381,-0.001677194,-0.013259298,-0.013584762,-0.000866747,-0.021060467,-0.004793056,0.000313629,0.000212849,-0.167265682,-4.18435E-05,-0.009480148,-0.008886883,-0.001944986,-0.003773861,-0.00519043,-0.006647867,-0.006099762,-0.002311298,-0.000270159,-0.004137184,-0.0071467,-0.019301468,-0.002690073,-0.005523152,-0.003155623,-0.004972712,-0.007679193,1.16766E-05
BR8_main,11.72040404,0.0000005,0.004625627,-0.01654981,-0.001560861,-0.01177643,-0.015631555,-0.001173865,-0.023194416,-0.004900368,0.000824754,0.000173233,-0.198865186,-0.000400064,-0.009841259,-0.018940056,-0.002485692,-0.004671158,-0.007949156,-0.006706264,-0.006861589,-0.002991715,-0.007664003,-0.004871246,-0.009178494,-0.029799011,-0.003172531,-0.007581918,-0.005076427,-0.005056208,-0.009483872,1.14332E-05
BR8_main,11.84,0.0000005,0.004382057,-0.020462404,-0.001453571,-0.009258946,-0.016406942,-0.001411526,-0.025383933,-0.00504604,0.000741614,0.000126565,-0.215388905,-0.0006707,-0.010169472,-0.025243303,-0.003000835,-0.005667003,-0.010262239,-0.006740693,-0.007150777,-0.003528657,-0.012211687,-0.00558099,-0.010262294,-0.043164435,-0.003381324,-0.009385424,-0.006589282,-0.005098332,-0.010530092,5.32614E-06
BR9_main,0,0.019520043,-0.092120331,-1.680532125,-0.132277225,-2.182553062,-0.294861346,-0.202864177,-2.798564553,-0.137163112,-2.234037424,-0.045275043,-2.312931745,-2.874224145,-0.986714954,-0.395658125,-0.086280985,-0.336060254,-0.082929017,-0.479829598,-0.279611682,-0.125315323,-0.568389483,-0.075750231,-0.499414508,-1.807149652,-1.812636208,-0.434515475,-0.07882931,-1.288127834,-0.43074457,1.21308E-05
BR9_main,0.11959596,0.026182897,-0.075080058,-0.978506737,-0.112609929,-1.744232605,-0.273645459,-0.157446996,-1.872707975,-0.123287986,-1.35416796,-0.033286929,-2.096964513,-2.209790328,-0.82341481,-0.308464428,-0.069271462,-0.290877548,0.60355985,-0.419716346,-0.257237842,-0.105863567,-0.683795337,-0.0634412,-0.437723043,-1.523802249,-1.522950417,-0.375197806,-0.071798038,-0.792534288,-0.369651963,2.54413E-05
BR9_main,0.239191919,0.031531202,-0.052487639,-0.060584573,-0.090175273,-0.981595188,-0.270412689,-0.087983409,-1.128633951,-0.096260795,-0.601217931,-0.021713813,-1.840198209,-1.358927631,-0.632103014,-0.137190613,-0.056234963,-0.228548839,0.566525129,-0.315681636,-0.216651871,-0.089608948,-1.021279583,-0.05300641,-0.347683682,-0.997229803,-1.053786833,-0.268327162,-0.059524024,-0.376132099,-0.263666564,3.55939E-05
BR9_main,0.358787879,0.035469476,-0.036410657,0.011854853,-0.070986735,-0.425624921,-0.268118975,-0.055948499,-0.485279394,-0.065932814,-0.377783571,-0.012170247,-1.567047197,-1.247689006,-1.278324138,-0.033786892,-0.045530044,-0.17727177,0.334191571,-0.232774888,-0.177558034,-0.072478248,-0.690217956,-0.044337587,-0.272139787,-0.730484262,-0.741400081,-0.174660322,-0.049376045,-0.276783541,-0.163871595,4.04643E-05
BR9_main,0.478383838,0.038108705,-0.036603172,-0.293677153,-0.061479425,-0.728243924,-0.282094621,-0.032814441,-0.341997657,-0.046122771,-0.595787658,-0.00892032,-1.328611861,-1.330804667,-1.247540849,0.000465131,-0.038341565,-0.135733461,0.270649353,-0.233711917,-0.147720044,-0.061400984,-0.177918248,-0.038897563,-0.216133207,-0.933478353,-0.535558687,-0.1130023,-0.039302317,-0.411064095,-0.11231341,4.13834E-05
BR9_main,0.597979798,0.039791523,-0.032879966,-0.434434386,-0.052531821,-0.880585284,-0.258444443,-0.021236827,-0.309989303,-0.032546947,-0.726011063,-0.012643769,-1.138390349,-1.487770992,-1.021301414,0.019260321,-0.032520708,-0.09410788,0.284956712,-0.234920214,-0.119143345,-0.054538271,0.015970224,-0.033810896,-0.178042164,-0.944604949,-0.389279836,-0.082199005,-0.029540101,-0.371328161,-0.08637842,3.26191E-05
BR9_main,0.717575758,0.040797748,-0.025084448,-0.343954399,-0.046845745,-0.755542301,-0.266743157,-0.01652257,-0.182173186,-0.030992538,-0.625063844,-0.015140768,-0.979069852,-1.352167216,-0.731903829,0.020912396,-0.027128576,-0.072050724,0.328656936,-0.205596325,-0.102437726,-0.046055585,0.069854691,-0.031121449,-0.155652346,-1.032330641,-0.281887927,-0.069446445,-0.021977069,-0.33951996,-0.074378449,2.4022E-05
BR9_main,0.837171717,0.041388748,-0.022346317,-0.180279512,-0.042330318,-0.603722055,-0.27567314,-0.014138889,-0.260177733,-0.024767433,-0.381134916,-0.010426517,-1.014600795,-1.013010296,-0.533575439,0.018635679,-0.022072141,-0.057823168,0.259798121,-0.157180382,-0.09549719,-0.037297464,0.11966057,-0.028595419,-0.137498916,-0.85638769,-0.204324558,-0.061476282,-0.01854446,-0.269286717,-0.065103209,1.71152E-05
BR9_main,0.956767677,0.041756054,-0.026347182,-0.09283742,-0.038621959,-0.386572575,-0.269758807,-0.012272379,-0.363522702,-0.022536202,-0.186684611,-0.011506415,-0.999057246,-0.565373481,-0.378141902,0.019323986,-0.01818221,-0.048112051,0.188189209,-0.114890696,-0.084213094,-0.028866084,0.096829578,-0.026363036,-0.122075843,-0.562142056,-0.148117329,-0.059190139,-0.016313137,-0.203613483,-0.057268529,1.47531E-05
BR9_main,1.076363636,0.041944323,-0.023539034,0.011911403,-0.035583793,-0.283777596,-0.248852092,-0.010722124,-0.427600899,-0.020600462,-0.223613928,-0.011135748,-0.941772897,-0.442229287,-0.226602047,0.025532726,-0.01571268,-0.042174493,0.183716072,-0.08828603,-0.073581968,-0.02335474,0.071457954,-0.024461967,-0.107755959,-0.456391355,-0.108192467,-0.053340223,-0.014160926,-0.120040773,-0.051126095,9.89355E-06
BR9_main,1.195959596,0.042038466,-0.019478209,0.038694807,-0.033679428,-0.169462274,-0.220372363,-0.007965292,-0.356268245,-0.019350325,-0.403538089,-0.010738793,-0.850753835,-0.362727191,-0.148769685,0.024772913,-0.014171721,-0.037430692,0.161027187,-0.076818157,-0.065262717,-0.021011492,0.053934277,-0.022746025,-0.094314257,-0.286586065,-0.084979953,-0.04691075,-0.012410231,-0.092043997,-0.047082786,7.48036E-06
BR9_main,1.315555556,0.042081843,-0.014125007,0.068952564,-0.034274566,-0.141478654,-0.186307591,-0.008583477,-0.267495411,-0.018243692,-0.507796437,-0.008515526,-0.740928261,-0.399206563,-0.135188945,0.022739178,-0.01340015,-0.033814046,-0.04966144,-0.068426289,-0.058836888,-0.018177135,0.042953985,-0.020901001,-0.080895061,-0.240561257,-0.071103468,-0.040519391,-0.010846562,-0.084666671,-0.043674883,1.182E-05
BR9_main,1.435151515,0.042084431,-0.011046255,0.074395435,-0.034029584,-0.111874267,-0.158074492,-0.006901132,-0.194036385,-0.01721356,-0.687822587,-0.006416764,-0.620102495,-0.514578569,-0.193808017,0.021066603,-0.013474594,-0.030223146,-0.284680428,-0.064652859,-0.052763656,-0.016440116,0.025678989,-0.019868187,-0.07250003,-0.245244499,-0.064295864,-0.036143294,-0.009709938,-0.089163566,-0.040634525,1.7449E-05
BR9_main,1.554747475,0.042061427,-0.0077685,0.067056502,-0.033050034,-0.078565078,-0.12904652,-0.007756011,-0.138502442,-0.015615743,-0.730530882,-0.005948746,-0.51570612,-0.602829113,-0.236569255,0.019744884,-0.013309896,-0.027998131,-0.361264892,-0.061919443,-0.047604833,-0.015299258,0.023459624,-0.018567055,-0.060857848,-0.221925207,-0.061446528,-0.033497225,-0.008722181,-0.079907907,-0.038368322,2.01267E-05
BR9_main,1.674343434,0.042021149,-0.006450485,0.055227152,-0.032252804,-0.068719569,-0.116104296,-0.008060422,-0.116731667,-0.014159166,-0.643387312,-0.005965734,-0.429772879,-0.597013927,-0.227472735,0.018768289,-0.013094496,-0.02615809,-0.370965598,-0.064551499,-0.045289292,-0.013977537,0.019003322,-0.017358217,-0.057366436,-0.163919874,-0.058943493,-0.030335427,-0.007848386,-0.058929771,-0.036097051,1.99203E-05
BR9_main,1.793939394,0.041978896,-0.004073912,0.043625401,-0.031188379,-0.064424451,-0.11100878,-0.010968493,-0.096395667,-0.014198997,-0.501602274,-0.003998653,-0.382784414,-0.473138589,-0.193287068,0.017819338,-0.01264151,-0.024415528,-0.285332575,-0.062166498,-0.041604467,-0.013377227,0.006662667,-0.016581192,-0.058617673,-0.140519509,-0.058760417,-0.028017129,-0.007087879,-0.039530435,-0.033663017,2.04231E-05
BR9_main,1.913535354,0.041912154,-0.002924497,0.030868078,-0.030132209,-0.062797392,-0.10465165,-0.007921646,-0.070321115,-0.014085193,-0.281735057,-0.002694912,-0.362160305,-0.333574426,-0.180597671,0.016939367,-0.01197843,-0.023159441,-0.186231047,-0.05977052,-0.037843578,-0.013524389,-0.003680841,-0.016655155,-0.056240324,-0.125030259,-0.057177824,-0.026195458,-0.006607331,-0.029873512,-0.031886532,2.15039E-05
BR9_main,2.033131313,0.041808362,-0.002630702,0.025044225,-0.028805779,-0.060742575,-0.068812885,-0.003556891,-0.064135976,-0.013744418,-0.081808737,-0.00187859,-0.341906841,-0.264902812,-0.156535743,0.016260081,-0.011366835,-0.021946822,-0.128198956,-0.065365249,-0.035992641,-0.013416391,-0.007677384,-0.016303846,-0.050549111,-0.1178089,-0.055105348,-0.024650822,-0.006177349,-0.02671807,-0.030178018,2.17108E-05
BR9_main,2.152727273,0.041627265,-0.002740627,0.014744431,-0.027191449,-0.058151684,-0.056799204,-0.002553637,-0.067374744,-0.013364999,0.00791953,-0.000872934,-0.325763552,-0.197383825,-0.14358953,0.015168808,-0.010801842,-0.020889102,-0.038755205,-0.061422867,-0.035988306,-0.013850354,-0.003145534,-0.015501917,-0.056997002,-0.106507894,-0.053033233,-0.023361037,-0.00601405,-0.024798958,-0.028722782,2.12594E-05
BR9_main,2.272323232,0.041361403,-0.002851979,0.004028018,-0.025765553,-0.055169946,-0.053727181,-0.001224479,-0.065526408,-0.012917472,0.015346239,-0.000587851,-0.314018745,-0.142498368,-0.124303847,0.014625635,-0.010136128,-0.019805789,-0.0134717,-0.052392358,-0.037283916,-0.01341469,-0.007931381,-0.014457618,-0.054037781,-0.106278147,-0.05065115,-0.021935759,-0.005610626,-0.022813057,-0.027389976,2.15989E-05
BR9_main,2.391919192,0.04101416,-0.002707407,-0.000641524,-0.024433998,-0.05198313,-0.048139675,-0.000336929,-0.055799559,-0.012356827,0.015380392,-0.000371625,-0.30078214,-0.10165323,-0.114348629,0.013899583,-0.009534813,-0.018970493,-0.026927744,-0.048000157,-0.035921868,-0.013357923,-0.006845802,-0.013570829,-0.039647295,-0.101969993,-0.048754688,-0.020543335,-0.005875479,-0.021002399,-0.02625385,2.35351E-05
BR9_main,2.511515152,0.040515751,-0.002221506,-0.002928125,-0.022993294,-0.048831297,-0.03737261,1.65131E-05,-0.053010597,-0.012047145,0.017289416,-0.000261831,-0.282801246,-0.065874255,-0.110688623,0.013105354,-0.009346366,-0.018501739,-0.067227702,-0.042718714,-0.03292154,-0.012830326,-0.013268962,-0.012976947,-0.036954711,-0.095929727,-0.047284964,-0.019730162,-0.006233379,-0.019333511,-0.025172354,2.33561E-05
BR9_main,2.631111111,0.039735713,-0.00216775,-0.004627447,-0.021718469,-0.045786793,-0.037466909,0.00023877,-0.050230586,-0.011749675,0.022653931,-0.000215312,-0.264557244,-0.041726898,-0.111872414,0.013479893,-0.008807463,-0.017745528,-0.112010655,-0.035401756,-0.031966895,-0.012189602,-0.064806584,-0.012368427,-0.031714557,-0.090808928,-0.045467939,-0.01902617,-0.007140638,-0.017848256,-0.024324947,2.46493E-05
BR9_main,2.750707071,0.038497757,-0.00213639,-0.006105481,-0.020414003,-0.042741318,-0.033332868,0.000172896,-0.045653381,-0.011490876,0.023188696,-0.000236935,-0.247155705,-0.025368537,-0.097068291,0.012969388,-0.009676808,-0.017338755,-0.150641259,-0.029920752,-0.033166862,-0.01159751,-0.080588207,-0.011728116,-0.024861965,-0.084807765,-0.042922899,-0.018638542,-0.007469442,-0.016343619,-0.02334175,2.37428E-05
BR9_main,2.87030303,0.036910383,-0.001798991,-0.007288349,-0.019189535,-0.042382991,-0.031134004,0.000155931,-0.050227172,-0.011237707,0.022293429,-0.000213895,-0.234350157,-0.016027498,-0.075277835,0.012896865,-0.009725581,-0.016979396,-0.160323569,-0.026839178,-0.033957485,-0.011836989,-0.084887192,-0.011344552,-0.021615888,-0.078551045,-0.040613786,-0.01874496,-0.007737912,-0.015030756,-0.022818863,2.25356E-05
BR9_main,2.98989899,0.034714106,-0.001605746,-0.009763198,-0.018040977,-0.042156137,-0.032781327,-3.06699E-05,-0.04976296,-0.010830986,0.021349028,-0.000160708,-0.225179507,-0.009496757,-0.069983654,0.013245559,-0.009739271,-0.016795009,-0.178998594,-0.025505077,-0.033266909,-0.011434177,-0.066519881,-0.011181988,-0.019002354,-0.072581158,-0.038640343,-0.018954747,-0.007386548,-0.013961751,-0.02216801,2.15931E-05
BR9_main,3.109494949,0.031768652,-0.001433443,-0.010607857,-0.017085674,-0.042236409,-0.035404567,-0.000203472,-0.04441825,-0.010714469,0.019864477,-0.000133852,-0.216072995,-0.005607496,-0.05138984,0.013375381,-0.009487274,-0.016533391,-0.16446375,-0.024771984,-0.030918461,-0.010068419,-0.065387639,-0.011122597,-0.019908335,-0.067380454,-0.036899319,-0.019400135,-0.007473737,-0.012994332,-0.021503567,2.093E-05
BR9_main,3.229090909,0.028771317,-0.001234287,-0.013014733,-0.016113634,-0.041057707,-0.037256214,-0.000102177,-0.045281563,-0.010752493,0.01941471,-4.76655E-05,-0.206343536,-0.003455232,-0.044960006,0.013236252,-0.008330909,-0.016239405,-0.182973047,-0.024115471,-0.0280681,-0.009063069,-0.047508442,-0.011166139,-0.021801325,-0.063349162,-0.035643821,-0.019465335,-0.007174856,-0.012145195,-0.020852784,2.03218E-05
BR9_main,3.348686869,0.025924654,-0.00087811,-0.015140845,-0.015206536,-0.040722548,-0.033449202,-0.000103529,-0.045045993,-0.010971446,0.018990842,-3.63114E-05,-0.205156486,-0.002363244,-0.040547488,0.012610532,-0.00695216,-0.015928839,-0.161356888,-0.024141631,-0.027175552,-0.009028282,-0.029191277,-0.01090347,-0.025523994,-0.059829962,-0.034331441,-0.021217231,-0.006141996,-0.011517094,-0.020193941,2.00003E-05
BR9_main,3.468282828,0.023505279,-0.001044195,-0.01816009,-0.014472647,-0.040723189,-0.029198812,-0.000143581,-0.046940464,-0.011561016,0.018826736,-8.19214E-07,-0.206781383,-0.001685594,-0.03460956,0.011569705,-0.00623668,-0.015438072,-0.139755211,-0.02394093,-0.02494113,-0.008610565,-0.016112952,-0.010371132,-0.027873335,-0.057040043,-0.03295087,-0.022347176,-0.005345924,-0.011015024,-0.01969196,1.98249E-05
BR9_main,3.587878788,0.021621133,-0.001241566,-0.021256721,-0.013754449,-0.040566848,-0.025999042,-0.000150246,-0.045471707,-0.012313817,0.017640489,8.69532E-05,-0.207799767,-0.001095664,-0.031085349,0.010573624,-0.005845023,-0.01515362,-0.114129946,-0.024138156,-0.023733228,-0.008257676,-0.009335641,-0.009692712,-0.029275903,-0.053758836,-0.031779861,-0.022270715,-0.004647845,-0.010591146,-0.019215825,1.93183E-05
BR9_main,3.707474747,0.020194164,-0.001545115,-0.023873998,-0.013152866,-0.04045381,-0.022521893,-0.00013392,-0.042222827,-0.013172822,0.017849492,8.09987E-05,-0.225471416,-0.000693795,-0.031899214,0.009605503,-0.00555492,-0.014631328,-0.105128125,-0.023518639,-0.022512806,-0.007533082,-0.016962271,-0.00925216,-0.027962551,-0.052457387,-0.030782762,-0.020418491,-0.004205946,-0.010327547,-0.018580326,1.85472E-05
BR9_main,3.827070707,0.018937814,-0.001741375,-0.025207834,-0.012555364,-0.040773409,-0.020304826,-0.000139153,-0.042391021,-0.013453413,0.016732961,0.000132298,-0.239538944,-0.000419607,-0.032706883,0.008694115,-0.005238744,-0.014038109,-0.089585219,-0.023767967,-0.020706607,-0.007288292,-0.02954956,-0.008851779,-0.022900235,-0.050975408,-0.029669464,-0.017420804,-0.003885286,-0.010123789,-0.017874307,1.79395E-05
BR9_main,3.946666667,0.018041576,-0.002010861,-0.027038772,-0.011968562,-0.041149667,-0.018369658,-9.60007E-05,-0.049062721,-0.013469053,0.014859037,0.000128379,-0.249253323,-0.000277706,-0.030803103,0.00787117,-0.005203673,-0.01345993,-0.07447096,-0.02406673,-0.018728985,-0.00717382,-0.04262646,-0.008389749,-0.018160913,-0.049279137,-0.028441388,-0.015456164,-0.003818396,-0.010007804,-0.017187317,1.68085E-05
BR9_main,4.066262626,0.017278615,-0.001939158,-0.029497259,-0.011414285,-0.041756884,-0.017147312,2.91576E-06,-0.049240492,-0.013348917,0.014433415,0.000114989,-0.247096727,-0.000107664,-0.031102311,0.007089404,-0.005171067,-0.01286844,-0.061702693,-0.023878508,-0.017843017,-0.007161604,-0.04153817,-0.00806791,-0.015458145,-0.048322488,-0.027020553,-0.014218781,-0.003734663,-0.009750588,-0.016542349,1.59301E-05
BR9_main,4.185858586,0.016901862,-0.001352363,-0.031398921,-0.010893146,-0.042223442,-0.014857105,6.18322E-05,-0.039519956,-0.012186658,0.014247743,-1.09715E-05,-0.228133525,-0.000114171,-0.031127903,0.006179158,-0.005390415,-0.01236182,-0.046520876,-0.023613513,-0.017689187,-0.007015424,-0.029903445,-0.007728726,-0.013985262,-0.046662144,-0.025506144,-0.013326487,-0.003801879,-0.009467521,-0.016087824,1.51916E-05
BR9_main,4.305454545,0.016651027,-0.000792615,-0.031121761,-0.010419829,-0.04267155,-0.013881379,0.000117463,-0.030742401,-0.010810062,0.014208996,-0.000179678,-0.205266433,-0.000323191,-0.030983411,0.005118303,-0.005524798,-0.011955191,-0.036236781,-0.023251893,-0.017423811,-0.006850869,-0.019914775,-0.007544645,-0.015753918,-0.044843159,-0.024096757,-0.012750971,-0.003765758,-0.00916943,-0.015597752,1.47298E-05
BR9_main,4.425050505,0.016462047,-0.000505566,-0.028652336,-0.010021396,-0.042759884,-0.013834546,0.000181789,-0.024990166,-0.009919516,0.014399066,-0.000103136,-0.194341442,-0.000740701,-0.03111653,0.00403559,-0.005562272,-0.011581982,-0.027588194,-0.023430485,-0.017208933,-0.006705796,-0.010287901,-0.007366574,-0.01637407,-0.043025227,-0.022739959,-0.012193104,-0.003751687,-0.008860025,-0.015122004,1.46236E-05
BR9_main,4.544646465,0.016236247,-0.00042572,-0.023746975,-0.009845948,-0.042814541,-0.013982932,0.000235479,-0.0217684,-0.009074576,0.014605304,8.60837E-05,-0.189838678,-0.001033999,-0.030354068,0.002947734,-0.005620483,-0.011129247,-0.021098638,-0.023253398,-0.01732846,-0.006858566,-0.003343645,-0.007196251,-0.017477748,-0.04148032,-0.021403454,-0.011883658,-0.003692847,-0.008615279,-0.014778668,1.50463E-05
BR9_main,4.664242424,0.015937934,-0.000412629,-0.02003034,-0.009734076,-0.042769548,-0.01350291,0.000279467,-0.024927968,-0.008192779,0.014349248,0.000199366,-0.185027631,-0.000955386,-0.029417675,0.002319632,-0.005764278,-0.010832106,-0.016343579,-0.022579,-0.016894176,-0.006807129,0.001324947,-0.007049214,-0.017605828,-0.039911323,-0.019990433,-0.011568356,-0.003781023,-0.008345935,-0.014468274,1.55775E-05
BR9_main,4.783838384,0.015588949,-0.00035788,-0.016696865,-0.009604906,-0.042316574,-0.013364097,0.000344035,-0.02349512,-0.007516983,0.014095287,0.000225264,-0.183814437,-0.000559531,-0.028617155,0.001852559,-0.0058397,-0.010551379,-0.01331701,-0.022053245,-0.016617343,-0.006716346,0.003775459,-0.006977384,-0.017314751,-0.038375519,-0.01861239,-0.011406501,-0.003842096,-0.00809585,-0.014309489,1.585E-05
BR9_main,4.903434343,0.015213392,-0.000327155,-0.013417869,-0.009500154,-0.04259728,-0.013087216,0.000329456,-0.02014028,-0.007089466,0.013510861,0.000246027,-0.182926995,-0.00013948,-0.02887801,0.001400272,-0.0055213,-0.010303837,-0.010510118,-0.02099575,-0.016479342,-0.006362912,0.004635737,-0.006908536,-0.016388628,-0.036797734,-0.017271331,-0.011277319,-0.003822916,-0.007862946,-0.014103634,1.62452E-05
BR9_main,5.023030303,0.014796563,-0.000313856,-0.010680468,-0.009457351,-0.042598038,-0.012968036,0.000388219,-0.017064663,-0.006739556,0.013205789,0.000257456,-0.185074895,7.21523E-05,-0.027903663,0.001033197,-0.004931645,-0.010251556,-0.007993704,-0.020077854,-0.016196446,-0.00608779,0.004995959,-0.006860758,-0.015645115,-0.035004598,-0.016086607,-0.01125144,-0.003743393,-0.007675367,-0.013972627,1.72896E-05
BR9_main,5.142626263,0.014348412,-0.000321471,-0.008639286,-0.009424542,-0.043266695,-0.012803086,0.000401037,-0.016221889,-0.006442641,0.01310228,0.000255338,-0.187085798,4.73998E-05,-0.029209527,0.000564086,-0.004644203,-0.010078287,-0.005835949,-0.019385358,-0.015502249,-0.006052885,0.005638244,-0.006802466,-0.015101515,-0.03366026,-0.01496117,-0.011204778,-0.003686665,-0.007494415,-0.01383407,1.80547E-05
BR9_main,5.262222222,0.013929785,-0.000294525,-0.006885978,-0.009488589,-0.043152293,-0.012794633,0.000424439,-0.014724652,-0.00618306,0.012329668,0.000215928,-0.188687476,2.46288E-06,-0.031550022,0.00028287,-0.00453662,-0.009953779,-0.004036665,-0.019159553,-0.014969481,-0.005889783,0.00662243,-0.006760783,-0.015338826,-0.032380244,-0.013881341,-0.011128176,-0.003590238,-0.007294549,-0.013730556,1.96569E-05
BR9_main,5.381818182,0.013447825,-0.000288412,-0.005550118,-0.009561406,-0.043438819,-0.012551559,0.000443846,-0.013015388,-0.006007652,0.011544653,0.000186712,-0.189301635,-1.41569E-05,-0.031941457,3.98438E-05,-0.004299538,-0.009819993,-0.002346466,-0.018468456,-0.014530113,-0.005753468,0.007588189,-0.006688648,-0.014078338,-0.030929077,-0.012858809,-0.010983024,-0.003541164,-0.007081619,-0.013622071,2.08925E-05
BR9_main,5.501414141,0.0129018,-0.000286127,-0.004446734,-0.00956952,-0.044863234,-0.012800443,0.000369888,-0.01246182,-0.005844914,0.010896811,0.000146922,-0.18980599,-2.11117E-05,-0.031221462,-0.000114276,-0.004099823,-0.009706249,-0.001839281,-0.018176272,-0.014465856,-0.005524366,0.007847585,-0.006619154,-0.0134199,-0.02965824,-0.011865159,-0.010848164,-0.00350526,-0.006933109,-0.013418828,2.22495E-05
BR9_main,5.621010101,0.012352714,-0.000275382,-0.003587676,-0.009188649,-0.04555454,-0.013574747,0.000301686,-0.012328114,-0.005693022,0.010532463,0.000153028,-0.190209558,-2.33746E-05,-0.030584291,-0.000239828,-0.004022917,-0.009619065,-0.001685712,-0.01815835,-0.014553194,-0.005277432,0.008025486,-0.006556779,-0.013744328,-0.028587425,-0.011018137,-0.010700476,-0.003459246,-0.006801061,-0.01322221,2.34386E-05
BR9_main,5.740606061,0.011765942,-0.000241877,-0.002886182,-0.008942912,-0.047367701,-0.013482881,0.000244367,-0.013192759,-0.005579435,0.010055405,0.000159259,-0.191241008,-2.42199E-05,-0.028909982,-0.000401512,-0.003913615,-0.009555281,-0.001368216,-0.018064784,-0.014529175,-0.005104125,0.008198379,-0.006499666,-0.01393699,-0.027612636,-0.010251104,-0.010585317,-0.003412841,-0.006675684,-0.013115454,2.46177E-05
BR9_main,5.86020202,0.01111691,-0.000222344,-0.002354934,-0.008935081,-0.045382446,-0.013729205,0.000206667,-0.012805306,-0.005482879,0.009618723,0.000172344,-0.192437554,-2.45127E-05,-0.029336329,-0.00058217,-0.003802903,-0.009497717,-0.001156198,-0.018325981,-0.014477875,-0.004890648,0.008247881,-0.006386693,-0.013695691,-0.026755519,-0.009570415,-0.010470435,-0.00336396,-0.006557575,-0.013062283,2.48191E-05
BR9_main,5.97979798,0.010351453,-0.000133904,-0.001859768,-0.008966214,-0.043648858,-0.014531334,0.00020062,-0.012399485,-0.005420654,0.009162837,0.000185933,-0.193208299,-2.44915E-05,-0.029624681,-0.000741739,-0.003684588,-0.00945172,-0.000865477,-0.018515935,-0.014731495,-0.004802976,0.008321074,-0.006263251,-0.013864657,-0.025907163,-0.008945116,-0.010402462,-0.003329365,-0.00644725,-0.012900591,2.46938E-05
BR9_main,6.099393939,0.0094968,-0.000179137,-0.001517418,-0.008912728,-0.04248695,-0.015349631,0.000232851,-0.012143767,-0.005364256,0.008757321,0.000202836,-0.194031601,-2.33037E-05,-0.028460314,-0.000946114,-0.003622197,-0.009412819,-0.000543564,-0.018358577,-0.014553708,-0.004881424,0.008427242,-0.006163413,-0.014118591,-0.025098379,-0.008380108,-0.010242794,-0.003294826,-0.006346762,-0.012767112,2.46544E-05
BR9_main,6.218989899,0.008541998,-0.000131633,-0.00141938,-0.008672111,-0.043156624,-0.015644253,0.000288913,-0.011875114,-0.00530237,0.008452645,0.000207492,-0.196348066,-2.92267E-05,-0.027157546,-0.00133642,-0.003578497,-0.009289188,-0.000513334,-0.01781736,-0.013782962,-0.004844156,0.008491494,-0.006092186,-0.014574676,-0.024484916,-0.007877897,-0.010093458,-0.003247666,-0.006253619,-0.012587811,2.39001E-05
BR9_main,6.338585859,0.007403485,-0.000112112,-0.001393115,-0.008341523,-0.041943552,-0.015824829,0.000350125,-0.01180281,-0.005272878,0.008188561,0.000203958,-0.19835047,-3.10555E-05,-0.02494684,-0.001694434,-0.003565671,-0.009194452,-0.000507167,-0.016916699,-0.012621178,-0.004764393,0.00857882,-0.005996659,-0.015020062,-0.023968247,-0.007480183,-0.009888281,-0.003183687,-0.00618622,-0.012432087,2.27486E-05
BR9_main,6.458181818,0.006336721,-9.35937E-05,-0.001431184,-0.008097019,-0.041973343,-0.015782918,0.000325578,-0.010893931,-0.005233234,0.008032199,0.000201007,-0.20058552,-3.0102E-05,-0.024105787,-0.001868299,-0.003539095,-0.009089556,-0.000525388,-0.017364837,-0.012207706,-0.004839325,0.008358339,-0.005899873,-0.015152794,-0.023501869,-0.007148201,-0.009660374,-0.003167121,-0.006177102,-0.012234616,2.14198E-05
BR9_main,6.577777778,0.005366502,-7.99611E-05,-0.001529422,-0.007768291,-0.041202596,-0.015469027,0.000341382,-0.010317064,-0.005221001,0.007805113,0.000193375,-0.202364393,-3.38455E-05,-0.021079989,-0.001865757,-0.003469344,-0.008959488,-0.000548407,-0.017199158,-0.012621855,-0.004930531,0.007644102,-0.005796353,-0.016278687,-0.023104703,-0.006785922,-0.009501619,-0.003157949,-0.006182023,-0.011998804,2.04848E-05
BR9_main,6.697373737,0.004496608,-7.33731E-05,-0.001686131,-0.00743659,-0.041146463,-0.015268791,0.000312849,-0.010960366,-0.005244704,0.007504614,0.000195558,-0.204775471,-3.64655E-05,-0.019153978,-0.002012537,-0.003414409,-0.008802709,-0.0005729,-0.01699283,-0.012583235,-0.004912506,0.006761325,-0.005690983,-0.01685056,-0.022723952,-0.006453379,-0.009406189,-0.003164256,-0.006218938,-0.011760202,1.96128E-05
BR9_main,6.816969697,0.003683645,-5.85171E-05,-0.001871801,-0.007105574,-0.037445022,-0.01453496,0.000287237,-0.013681652,-0.005289557,0.007412799,0.000183265,-0.207129408,-3.79727E-05,-0.018406483,-0.002103114,-0.003398053,-0.008623385,-0.000522348,-0.016306515,-0.012815693,-0.004616253,0.006310251,-0.00559358,-0.016644827,-0.022433258,-0.006145708,-0.009243161,-0.003117061,-0.006248508,-0.011506778,1.90247E-05
BR9_main,6.936565657,0.003001958,-3.66933E-05,-0.002009544,-0.00685548,-0.038053875,-0.013901483,0.000346484,-0.01550259,-0.005305312,0.00729558,0.000177563,-0.209142751,-3.86677E-05,-0.017009778,-0.002061912,-0.003328176,-0.008457774,-0.000412336,-0.015703249,-0.012212245,-0.004588878,0.005955268,-0.005499823,-0.015174811,-0.022213009,-0.005868455,-0.009089197,-0.003096166,-0.006305047,-0.011214167,1.86791E-05
BR9_main,7.056161616,0.00244207,-1.56218E-05,-0.002310044,-0.00660195,-0.031625685,-0.013619306,0.000413946,-0.015671079,-0.005281821,0.007052816,0.000172394,-0.211253155,-4.03635E-05,-0.015721164,-0.001844778,-0.003304911,-0.008277046,-0.000468565,-0.015446502,-0.012693378,-0.004518213,0.005723807,-0.005370386,-0.014058196,-0.022035787,-0.005641369,-0.008952343,-0.003110375,-0.006314411,-0.010925872,1.84189E-05
BR9_main,7.175757576,0.001976336,2.28925E-05,-0.002832265,-0.006277477,-0.028855926,-0.013129941,0.000595798,-0.01448965,-0.005248867,0.006900486,0.000152721,-0.214322417,-4.26487E-05,-0.015064754,-0.001464069,-0.003287551,-0.008088601,-0.000716769,-0.015737492,-0.013047262,-0.004349857,0.005552967,-0.005250203,-0.013776183,-0.021965956,-0.005435808,-0.008796154,-0.003120214,-0.006390562,-0.010612291,1.8117E-05
BR9_main,7.295353535,0.001584193,0.000136315,-0.003581165,-0.006107445,-0.026498597,-0.012954305,0.000587232,-0.014996761,-0.005210662,0.006826418,0.000149497,-0.215924135,-4.53232E-05,-0.014644544,-0.00108953,-0.003187063,-0.007911252,-0.000947382,-0.016812593,-0.013322043,-0.004334855,0.005541071,-0.005125268,-0.013487685,-0.02190761,-0.005268718,-0.008602123,-0.003133864,-0.006466186,-0.010294879,1.78496E-05
BR9_main,7.414949495,0.001328333,0.000137851,-0.004392323,-0.00594911,-0.02593019,-0.01194944,0.000606337,-0.012988439,-0.005183934,0.006765673,0.000148652,-0.217130221,-4.86404E-05,-0.014286598,-0.000821098,-0.003054544,-0.00770763,-0.001026144,-0.017810385,-0.013701417,-0.004252448,0.00568539,-0.005012217,-0.012225064,-0.021864438,-0.00513342,-0.00838734,-0.003088751,-0.006562578,-0.009946986,1.76195E-05
BR9_main,7.534545455,0.001092221,0.000112628,-0.00544907,-0.005774639,-0.025868354,-0.010999998,0.000602358,-0.013011093,-0.00514135,0.006789191,0.000145476,-0.217506828,-5.27945E-05,-0.014106157,-0.000656762,-0.002869121,-0.007499462,-0.001124672,-0.016764848,-0.012205541,-0.004211835,0.005801085,-0.004879337,-0.011743325,-0.021793121,-0.005018602,-0.008179943,-0.003005658,-0.006631858,-0.009587431,1.75581E-05
BR9_main,7.654141414,0.000931896,0.000161674,-0.007050154,-0.00556759,-0.024272652,-0.01017469,0.000595791,-0.011345269,-0.005093857,0.006853124,0.000143598,-0.218909388,-5.96015E-05,-0.013634524,-0.000522142,-0.002742006,-0.007327759,-0.001419674,-0.014891826,-0.011456499,-0.003984975,0.005956809,-0.004732741,-0.011530227,-0.02169015,-0.004885786,-0.007946131,-0.002898528,-0.006667704,-0.009233726,1.75586E-05
BR9_main,7.773737374,0.000763158,0.000150108,-0.009499854,-0.005283114,-0.023776895,-0.009763083,0.000583168,-0.01113284,-0.005038343,0.00679357,0.000128076,-0.219539756,-7.3599E-05,-0.013048361,-0.000285691,-0.002569113,-0.007113358,-0.001826457,-0.014165918,-0.010407555,-0.003727197,0.006161819,-0.004572502,-0.011735987,-0.02157396,-0.004705249,-0.00768896,-0.002802026,-0.006665671,-0.00889523,1.76373E-05
BR9_main,7.893333333,0.000631295,0.000144319,-0.010464981,-0.005055347,-0.022021294,-0.009247947,0.00050481,-0.011071261,-0.004971528,0.006686819,0.000118393,-0.219129494,-8.17453E-05,-0.012694226,0.000159825,-0.002459372,-0.006873555,-0.002046145,-0.01278933,-0.010487885,-0.00338901,0.006390508,-0.004398718,-0.011211664,-0.021483368,-0.004491007,-0.007435122,-0.002685952,-0.006622871,-0.008566053,1.76812E-05
BR9_main,8.012929293,0.000535113,0.000128726,-0.009455747,-0.004807979,-0.022303075,-0.00867898,0.000404335,-0.011159244,-0.004887641,0.006506919,0.000104733,-0.217092084,-7.96885E-05,-0.012442851,0.000790956,-0.002309095,-0.006650412,-0.002531664,-0.011774427,-0.010052811,-0.003209045,0.006617767,-0.00422565,-0.009906294,-0.021274868,-0.004292874,-0.007135279,-0.002622697,-0.00653811,-0.00827167,1.75054E-05
BR9_main,8.132525253,0.000388859,8.51344E-05,-0.007621228,-0.00457678,-0.021546236,-0.008243268,0.000316047,-0.010816146,-0.004771943,0.00632437,9.63835E-05,-0.214238791,-6.65207E-05,-0.012281477,0.001288092,-0.002205061,-0.006443278,-0.003117967,-0.010774744,-0.009550969,-0.002928434,0.006847162,-0.004114681,-0.007881169,-0.021065861,-0.004087173,-0.006862737,-0.002526177,-0.006411937,-0.007962842,1.75406E-05
BR9_main,8.252121212,0.000282768,7.91111E-05,-0.00542306,-0.004393089,-0.022364764,-0.007834803,0.000242071,-0.010412347,-0.004687989,0.006130967,9.25523E-05,-0.210840886,-5.27483E-05,-0.013021278,0.001739261,-0.002065428,-0.006177926,-0.00440032,-0.010271362,-0.009943886,-0.002720535,0.007104022,-0.003978236,-0.007773235,-0.021029085,-0.003904358,-0.006605707,-0.002463761,-0.006264785,-0.007631514,1.76788E-05
BR9_main,8.371717172,0.000126994,4.08531E-05,-0.004404102,-0.004234715,-0.022103819,-0.007642074,-1.91403E-05,-0.009935415,-0.004615238,0.005915529,7.9776E-05,-0.207670143,-3.56442E-05,-0.012567921,0.002154862,-0.001979994,-0.005879904,-0.005768618,-0.010010952,-0.008966222,-0.002605878,0.007385752,-0.003885719,-0.007815815,-0.020961,-0.003712104,-0.006381477,-0.002400843,-0.006105861,-0.007363295,1.76221E-05
BR9_main,8.491313131,0.0000005,-0.000130012,-0.003664026,-0.004100352,-0.020984649,-0.007486864,-0.000282739,-0.009932467,-0.004548968,0.005584119,7.79941E-05,-0.203562636,-2.27637E-05,-0.012620263,0.0024731,-0.001900348,-0.00581194,-0.008154815,-0.009461973,-0.009389938,-0.002490617,0.007690848,-0.003799002,-0.007849017,-0.020673945,-0.003565482,-0.006144058,-0.002324657,-0.005919945,-0.00712452,1.76737E-05
BR9_main,8.610909091,0.0000005,-0.000380892,-0.003235869,-0.003896056,-0.019971584,-0.007542428,-0.000410867,-0.010205119,-0.004488228,0.005403585,7.85728E-05,-0.199591069,-8.53878E-06,-0.013725867,0.002848076,-0.001842826,-0.005619621,-0.009651385,-0.009209508,-0.00890933,-0.002338672,0.008018178,-0.003756159,-0.007823027,-0.020174051,-0.003411715,-0.005893466,-0.002219945,-0.005671509,-0.006874586,1.75226E-05
BR9_main,8.730505051,0.0000005,-0.000582643,-0.002923927,-0.003674646,-0.020900578,-0.007495704,-0.000593417,-0.011048138,-0.004452476,0.004905784,8.03541E-05,-0.197785019,1.48553E-07,-0.014329671,0.003269116,-0.001769778,-0.005615885,-0.011815957,-0.009299982,-0.008099665,-0.00223863,0.008203331,-0.0036398,-0.007773901,-0.019511125,-0.003225171,-0.005629668,-0.002102524,-0.005383834,-0.006629527,1.71849E-05
BR9_main,8.85010101,0.0000005,-0.000584751,-0.002790088,-0.003557498,-0.020307642,-0.007382071,-0.00082469,-0.012150348,-0.004413783,0.004217182,7.73479E-05,-0.196103625,8.49166E-06,-0.013613051,0.003647224,-0.001724417,-0.005173445,-0.011901911,-0.009472183,-0.007698973,-0.002209703,0.008385368,-0.003467024,-0.006967907,-0.018977711,-0.003093538,-0.00535072,-0.001989389,-0.005251444,-0.006389477,1.69618E-05
BR9_main,8.96969697,0.0000005,-0.000753714,-0.002814312,-0.003413061,-0.019553703,-0.007638152,-0.000845636,-0.011578583,-0.004399304,0.003222587,6.38472E-05,-0.194224844,1.35219E-05,-0.012671329,0.003726343,-0.001744195,-0.004889293,-0.012036631,-0.009096672,-0.007918033,-0.002182316,0.008538318,-0.003377284,-0.006081685,-0.018360381,-0.002937895,-0.005055299,-0.001919338,-0.005070107,-0.006234859,1.68825E-05
BR9_main,9.089292929,0.0000005,-0.000767407,-0.002875459,-0.003375582,-0.019354125,-0.008097444,-0.000649619,-0.010834212,-0.00436095,0.002170893,5.40972E-05,-0.192873206,1.43846E-05,-0.01151229,0.003728712,-0.001782726,-0.005357184,-0.01028921,-0.0088477,-0.00867298,-0.002075099,0.00860924,-0.00336237,-0.005714263,-0.018027516,-0.002820414,-0.004968184,-0.001881974,-0.004936107,-0.006141061,1.69915E-05
BR9_main,9.208888889,0.0000005,-0.00062282,-0.003015237,-0.003365687,-0.019164879,-0.008279386,-0.000434987,-0.010495861,-0.0042704,0.001265813,5.77143E-05,-0.192055498,1.64663E-05,-0.011063717,0.003703586,-0.001791097,-0.005460005,-0.007550761,-0.008875134,-0.009399642,-0.002121163,0.008457172,-0.003339082,-0.005453182,-0.017647442,-0.002656609,-0.005234549,-0.001809056,-0.004765272,-0.006101961,1.72141E-05
BR9_main,9.328484848,0.0000005,-0.000463482,-0.00296631,-0.003345822,-0.020807588,-0.008005059,-0.000361236,-0.010103316,-0.004118755,0.001363852,5.88564E-05,-0.192053684,2.05631E-05,-0.010570837,0.004011425,-0.001860731,-0.00553367,-0.005841618,-0.008817135,-0.008581528,-0.002147325,0.008380996,-0.00332054,-0.005112789,-0.017327097,-0.002498086,-0.005973,-0.001763982,-0.004587025,-0.006169267,1.74563E-05
BR9_main,9.448080808,0.0000005,-0.000246534,-0.003116112,-0.003376593,-0.020689073,-0.008227442,-0.00033923,-0.010321594,-0.003964553,0.002134001,4.73872E-05,-0.19223475,2.17454E-05,-0.010402263,0.004023608,-0.001890992,-0.005750066,-0.004774323,-0.008887154,-0.007501839,-0.002401276,0.008355369,-0.003413888,-0.004941347,-0.017007153,-0.002375042,-0.00666249,-0.001725518,-0.004405451,-0.006320528,1.71708E-05
BR9_main,9.567676768,0.0000005,-0.000137877,-0.003252735,-0.00338841,-0.021681981,-0.008321836,-0.000262712,-0.010503626,-0.003843538,0.002028652,3.99447E-05,-0.193358609,2.44291E-05,-0.01026965,0.003484638,-0.001918334,-0.006142874,-0.004176756,-0.009034051,-0.007514147,-0.002535645,0.008456079,-0.003711193,-0.004926101,-0.016770298,-0.002235994,-0.006552514,-0.001717662,-0.004284162,-0.006353193,1.73017E-05
BR9_main,9.687272727,0.0000005,-0.000172394,-0.003278964,-0.003361898,-0.022153183,-0.00830175,-0.000294649,-0.010852555,-0.003794627,0.001766057,3.58481E-05,-0.195636177,2.72042E-05,-0.010367677,0.003152745,-0.001822397,-0.006019328,-0.003758092,-0.008948497,-0.007990869,-0.002707735,0.00860095,-0.004242626,-0.004852215,-0.016615692,-0.002096961,-0.006897315,-0.00171732,-0.004173514,-0.006517827,1.69848E-05
BR9_main,9.806868687,0.0000005,-0.000212281,-0.003401996,-0.003359955,-0.021292148,-0.008278474,-0.000264282,-0.011067949,-0.003731156,0.001486002,3.44266E-05,-0.198211894,3.774E-05,-0.01023691,0.003743496,-0.001752341,-0.006147861,-0.003655369,-0.009363815,-0.009155645,-0.002429491,0.008697908,-0.004577838,-0.004908478,-0.016353991,-0.001901686,-0.007512888,-0.001723175,-0.004054018,-0.006464218,1.67949E-05
BR9_main,9.926464646,0.0000005,-0.000232396,-0.003550796,-0.003346857,-0.019762006,-0.008550226,-0.000154652,-0.012609893,-0.004026124,0.001388146,3.95713E-05,-0.199988602,5.17624E-05,-0.010188791,0.003721918,-0.001869758,-0.005496922,-0.003805614,-0.010485386,-0.009296251,-0.002093604,0.008806643,-0.004230069,-0.004966425,-0.016077703,-0.00188124,-0.007625192,-0.001778553,-0.003915071,-0.006573429,1.6867E-05
BR9_main,10.04606061,0.0000005,-0.000230611,-0.003627667,-0.003322758,-0.020270164,-0.008490574,-7.40512E-05,-0.015182242,-0.004514324,0.001585376,5.8633E-05,-0.200894897,6.80718E-05,-0.010768343,0.003496831,-0.001960405,-0.005216273,-0.00413265,-0.010698579,-0.009282682,-0.002135882,0.00900683,-0.003605499,-0.005716539,-0.016170419,-0.001900776,-0.007038736,-0.001851768,-0.003764497,-0.006617194,1.6399E-05
BR9_main,10.16565657,0.0000005,-0.000321479,-0.003795622,-0.003271178,-0.020434561,-0.008251112,-4.64562E-06,-0.014008559,-0.004880659,0.002058187,5.94148E-05,-0.201863739,8.70762E-05,-0.011675901,0.004006647,-0.001865958,-0.004968978,-0.004736118,-0.010402801,-0.008747251,-0.002126021,0.009415764,-0.003422333,-0.006313895,-0.016665552,-0.002060825,-0.006346064,-0.001912065,-0.003674371,-0.006642898,1.55874E-05
BR9_main,10.28525253,0.0000005,-0.000308267,-0.004137873,-0.003279196,-0.020366565,-0.007771119,3.72466E-05,-0.013926603,-0.005211664,0.001549543,7.27463E-05,-0.201616958,4.72835E-05,-0.012350197,0.0042848,-0.001743468,-0.004856655,-0.00517502,-0.009616252,-0.008467484,-0.002044096,0.009686293,-0.003319903,-0.006545061,-0.016881154,-0.002213635,-0.005881227,-0.001933878,-0.003753013,-0.006837207,1.49744E-05
BR9_main,10.40484848,0.0000005,-0.000410321,-0.004373667,-0.003355179,-0.020489896,-0.00725741,-4.88271E-08,-0.014930071,-0.005896288,0.001754167,8.54297E-05,-0.197716712,-1.67718E-09,-0.013394818,0.004120132,-0.001571986,-0.005026604,-0.005685581,-0.00842741,-0.007914781,-0.002097448,0.010087058,-0.003360058,-0.006760513,-0.017090535,-0.002606155,-0.005808951,-0.001952866,-0.004114401,-0.006761743,1.46297E-05
BR9_main,10.52444444,0.0000005,-0.000539089,-0.005203393,-0.003396663,-0.022012661,-0.006874308,-7.60365E-05,-0.015010987,-0.006324772,0.00178725,0.000109588,-0.1932733,-0.000103434,-0.014439255,0.002858814,-0.001464177,-0.005258828,-0.006388745,-0.008041787,-0.006449908,-0.002249995,0.010600872,-0.003857658,-0.006365043,-0.017141132,-0.002708565,-0.005891399,-0.001957486,-0.004699655,-0.00665159,1.34031E-05
BR9_main,10.6440404,0.0000005,-0.00067011,-0.00561642,-0.003550866,-0.022698336,-0.00649415,-0.000357042,-0.016846515,-0.006330427,0.002287964,0.000124777,-0.189029713,-0.000233309,-0.017611231,0.001369636,-0.001402318,-0.005333782,-0.006997365,-0.008141801,-0.005676681,-0.002416864,0.011213759,-0.004056313,-0.006283461,-0.0170733,-0.002736668,-0.006745316,-0.001920477,-0.005378079,-0.006875385,1.26206E-05
BR9_main,10.76363636,0.0000005,-0.000729038,-0.005818141,-0.003597852,-0.024452958,-0.005634825,-0.000775252,-0.020380805,-0.005784557,0.002718635,0.00013689,-0.185475418,-0.000278613,-0.019789688,-0.000586218,-0.001397606,-0.005268845,-0.009033855,-0.008181093,-0.005757405,-0.002652199,0.011806424,-0.004575933,-0.006229342,-0.016696144,-0.003781759,-0.007580437,-0.001862097,-0.00565648,-0.006859255,1.13319E-05
BR9_main,10.88323232,0.0000005,-0.000690316,-0.005464617,-0.003604472,-0.026981845,-0.005612951,-0.00128236,-0.020574297,-0.005556988,0.002619651,0.000148426,-0.192661958,-0.000223367,-0.02054722,-0.002614008,-0.00140195,-0.005561689,-0.010545223,-0.008099108,-0.00561103,-0.002373772,0.012011642,-0.004726664,-0.006866855,-0.016058505,-0.004262808,-0.007775813,-0.001804847,-0.004994333,-0.006593403,1.04062E-05
BR9_main,11.00282828,0.0000005,-0.000531592,-0.004704529,-0.003502185,-0.028096382,-0.005646553,-0.001890293,-0.02281629,-0.0056122,0.002131291,0.000166088,-0.201132644,-8.65628E-05,-0.021922692,-0.003223045,-0.001423078,-0.005691164,-0.01064689,-0.007854677,-0.005687007,-0.002037051,0.012771442,-0.004724585,-0.009173564,-0.015336192,-0.005323133,-0.007462236,-0.001820821,-0.004286426,-0.006459028,7.22648E-06
BR9_main,11.12242424,0.0000005,-0.000554969,-0.003956389,-0.00330379,-0.031121661,-0.007008341,-0.002463865,-0.0235257,-0.005986682,0.001190147,0.000160285,-0.213504887,-6.828E-05,-0.021886339,-0.002330964,-0.001458346,-0.005660058,-0.009124899,-0.007401755,-0.006259087,-0.00184971,0.013315886,-0.00494326,-0.011348125,-0.014990484,-0.005760233,-0.006923019,-0.001798853,-0.004383037,-0.006091003,9.3914E-06
BR9_main,11.2420202,0.0000005,-0.000774177,-0.003977808,-0.003273354,-0.034647848,-0.008513905,-0.003089268,-0.021281928,-0.005811395,-0.001316888,0.000172119,-0.220688731,-0.000329582,-0.022647947,-0.000181506,-0.001525521,-0.005222906,-0.006907296,-0.007068858,-0.006909051,-0.001784463,0.012734675,-0.004413533,-0.013357379,-0.015205706,-0.006511195,-0.006803019,-0.001843759,-0.005214838,-0.005697265,8.67327E-06
BR9_main,11.36161616,0.0000005,-0.000981731,-0.004076035,-0.003470203,-0.032657558,-0.009439717,-0.003574756,-0.021026022,-0.005845526,-0.004561088,0.000172442,-0.232684443,-0.000630445,-0.013443021,0.003267472,-0.001637506,-0.00466914,-0.00779269,-0.007169849,-0.007376683,-0.001743158,0.012995117,-0.003376783,-0.014467102,-0.015391676,-0.00650707,-0.006676961,-0.001872647,-0.005974743,-0.005915199,5.65941E-06
BR9_main,11.48121212,0.0000005,-0.001054602,-0.004157122,-0.00358622,-0.022395215,-0.013212451,-0.003998612,-0.01499592,-0.006691276,-0.007062528,0.000150403,-0.250731861,-0.000993577,-0.012643633,0.005019868,-0.001868212,-0.004705043,-0.009142711,-0.00744137,-0.007648577,-0.001603093,0.012531607,-0.002678398,-0.014162022,-0.015765797,-0.00569072,-0.006609198,-0.002003892,-0.007311584,-0.006407742,1.54423E-06
BR9_main,11.60080808,0.0000005,-0.001216519,-0.004219352,-0.004614309,-0.019897285,-0.022558588,-0.00367736,-0.020502133,-0.007943371,-0.012041419,0.000126986,-0.253043767,-0.001716024,-0.013466609,0.00503877,-0.001983487,-0.00519488,-0.011269398,-0.007808209,-0.007890937,-0.001670885,0.012377581,-0.002438776,-0.01377141,-0.016246049,-0.007001987,-0.007468456,-0.002113388,-0.008645355,-0.007079004,4.76323E-06
BR9_main,11.72040404,0.0000005,-0.001829393,-0.004261363,-0.005128092,-0.021306354,-0.033623265,-0.003463965,-0.031546156,-0.009727238,-0.015724562,5.56671E-05,-0.313384401,-0.002636612,-0.015567561,0.001709691,-0.002082389,-0.005601304,-0.013429063,-0.009066552,-0.008272475,-0.002003245,0.012318104,-0.002610757,-0.015524827,-0.016572862,-0.011653198,-0.009561183,-0.002138514,-0.010323884,-0.007346843,9.93259E-06
BR9_main,11.84,0.0000005,-0.002217803,-0.004282205,-0.005265149,-0.021568706,-0.040877558,-0.003717232,-0.037437616,-0.012707453,-0.019174621,4.63598E-06,-0.411572593,-0.003094397,-0.021463526,-0.00149767,-0.002154864,-0.006089791,-0.014400774,-0.009302101,-0.008736167,-0.002266055,0.011918365,-0.002846963,-0.016568969,-0.016809542,-0.014846,-0.010702459,-0.002137632,-0.011425057,-0.006976965,8.89849E-06
BR10_main,0,0.016825478,-0.107006752,-0.305127984,-0.29044499,-2.942400152,-0.344089951,-0.097579379,-2.242916628,-0.087315693,-2.036860517,-0.050433648,-4.134717276,-2.848037858,-0.681912723,-0.255234044,-0.180387168,-0.395049636,-0.184832776,-0.429866412,-0.377292989,-0.195229216,0.195958717,-0.213715271,-0.606984112,-6.567803042,-2.069145934,-0.47490923,-0.121740361,-0.615499536,-0.232076145,9.62476E-06
BR10_main,0.11959596,0.023301768,-0.093935748,-0.201564579,-0.252163413,-1.539510726,-0.308043361,-0.084413107,-1.188405695,-0.079455094,-1.579123878,-0.033257802,-3.71797882,-2.403090122,-0.585266297,-0.122731909,-0.156218123,-0.296034685,0.125679955,-0.389788547,-0.327972762,-0.168091669,0.035905014,-0.209023708,-0.517458215,-5.481190902,-2.027898219,-0.39206672,-0.101482237,-0.435845301,-0.215257037,1.19337E-05
BR10_main,0.239191919,0.02868399,-0.072527642,-0.004596019,-0.200654244,-0.786229182,-0.253678736,-0.049608984,-0.447215277,-0.071318197,-0.802219474,-0.032391847,-3.042959979,-1.467360645,-0.461948618,-0.012981713,-0.121426788,-0.221367884,0.422602054,-0.340280609,-0.243366941,-0.129920202,-0.229180613,-0.180431014,-0.397847556,-2.706740461,-1.474392742,-0.269024822,-0.067422156,-0.225319603,-0.203214905,1.65456E-05
BR10_main,0.358787879,0.033052655,-0.048728202,0.037338597,-0.154022277,-1.430183682,-0.182270055,-0.038190366,-0.243960505,-0.059306824,-0.358469733,-0.030832808,-2.455855732,-0.981730118,-0.303642015,-0.003371395,-0.09088244,-0.192489101,0.412291784,-0.304913709,-0.183269887,-0.095979649,-0.144196822,-0.170065011,-0.354644643,-1.587451751,-0.7957983,-0.211774793,-0.04522103,-0.110501237,-0.189043769,1.80509E-05
BR10_main,0.478383838,0.036204616,-0.030815873,-0.168045631,-0.117020887,-2.171444913,-0.16212297,-0.026992357,-0.368493168,-0.054099254,-0.231687569,-0.036575578,-2.060098684,-1.176489476,-0.188467058,0.000389562,-0.066481718,-0.172255287,0.338266223,-0.269354668,-0.136463884,-0.077283009,-0.039500542,-0.150018995,-0.305629906,-1.399285416,-0.645605257,-0.204400203,-0.036928794,-0.13349197,-0.172147639,1.65514E-05
BR10_main,0.597979798,0.038433669,-0.017276217,-0.251551774,-0.089291375,-2.534140715,-0.134673403,-0.025315605,-0.469283704,-0.045871148,-0.288327243,-0.034738083,-1.687366479,-1.294611524,-0.11740071,0.002748941,-0.049377421,-0.141023863,0.268949555,-0.250694353,-0.108382845,-0.06287912,0.086417564,-0.176442686,-0.236551176,-1.158842816,-0.47399004,-0.15682807,-0.032977447,-0.118616502,-0.149952348,1.37718E-05
BR10_main,0.717575758,0.039815376,-0.015323616,-0.227576549,-0.07550489,-2.602958831,-0.113684489,-0.031632512,-0.432222977,-0.041171454,-0.251303465,-0.043174885,-1.354667067,-1.004475382,-0.107484229,0.004665516,-0.041042959,-0.114853213,0.296735435,-0.201554484,-0.095106667,-0.053291975,0.139478065,-0.139224811,-0.163015214,-0.900880761,-0.335416652,-0.11564407,-0.028422809,-0.089994481,-0.132087453,9.60304E-06
BR10_main,0.837171717,0.040527884,-0.018159873,-0.141610569,-0.068791148,-2.375854455,-0.105477185,-0.036251452,-0.318339358,-0.036557346,-0.206104745,-0.037921813,-1.119751276,-0.658859676,-0.107202485,0.006336543,-0.033385108,-0.093580752,0.300483587,-0.166687444,-0.083921928,-0.045181887,0.164486577,-0.107429392,-0.13016736,-0.72925357,-0.227541558,-0.087468018,-0.023847689,-0.058212987,-0.124815732,4.41009E-06
BR10_main,0.956767677,0.040903816,-0.018957811,-0.053141457,-0.058287066,-1.786835357,-0.095009531,-0.034869825,-0.291361491,-0.03165999,-0.202332737,-0.021800816,-0.923726961,-0.527886217,-0.104323573,0.009653182,-0.030920667,-0.083436418,0.291784739,-0.138491938,-0.074682121,-0.039455838,0.162767706,-0.088977499,-0.111334074,-0.81142157,-0.167424373,-0.065294969,-0.019705416,-0.043324978,-0.114846461,5.30819E-06
BR10_main,1.076363636,0.041101624,-0.017008097,0.005282058,-0.049373493,-1.133124563,-0.079516376,-0.025990252,-0.294658906,-0.026670747,-0.160915434,-0.005469505,-0.811811117,-0.378333035,-0.095674658,0.013036758,-0.030723747,-0.071347548,0.283598603,-0.113455791,-0.065841192,-0.036395148,0.137117983,-0.080184068,-0.103926055,-0.818560728,-0.113109599,-0.058979729,-0.015939953,-0.029407146,-0.101805772,1.18643E-05
BR10_main,1.195959596,0.041203668,-0.013398879,0.036472172,-0.042133836,-0.383128526,-0.066308682,-0.019371655,-0.297517995,-0.023506795,-0.159447728,-0.006402564,-0.719968089,-0.320207806,-0.082529017,0.013678831,-0.027613654,-0.065901467,0.277757532,-0.08874977,-0.058245388,-0.032615181,0.117667551,-0.06926991,-0.090573037,-0.945473233,-0.184885496,-0.054925285,-0.012691564,-0.024444368,-0.094486162,1.6469E-05
BR10_main,1.315555556,0.041256652,-0.009760687,0.03446716,-0.035763421,-0.342266522,-0.050559662,-0.014142553,-0.272971047,-0.020398001,-0.20424202,-0.009199191,-0.634872313,-0.409441603,-0.069855789,0.017622358,-0.023115056,-0.062760903,0.174918481,-0.077485641,-0.053139748,-0.031474882,0.095042648,-0.058475128,-0.081287634,-1.187105558,-0.257384997,-0.050786719,-0.010843821,-0.024890145,-0.085052875,1.86413E-05
BR10_main,1.435151515,0.041268248,-0.006569985,0.028889534,-0.032015982,-0.381981343,-0.042092948,-0.010591213,-0.169222237,-0.016327347,-0.237787133,-0.010536175,-0.590113356,-0.501701777,-0.059207614,0.008975034,-0.021099428,-0.054236727,0.043882034,-0.075785639,-0.048005256,-0.028708533,0.070965938,-0.04723928,-0.074644755,-1.371100623,-0.251518654,-0.047004497,-0.009052614,-0.031165889,-0.07881788,1.76716E-05
BR10_main,1.554747475,0.041238041,-0.004438336,0.025418625,-0.029152008,-0.405926168,-0.036608374,-0.009156306,-0.124791534,-0.014247776,-0.237306195,-0.009169635,-0.561240529,-0.532434513,-0.050496692,0.002046426,-0.018946413,-0.048145191,-0.046823755,-0.067342098,-0.044491214,-0.025964471,0.053282433,-0.040406649,-0.068263833,-1.505812673,-0.23453732,-0.042449615,-0.008412581,-0.030687131,-0.072839009,1.8326E-05
BR10_main,1.674343434,0.041131952,-0.003555372,0.02255912,-0.028469956,-0.452251515,-0.032321531,-0.008608386,-0.135563571,-0.012832374,-0.209021218,-0.006917423,-0.543968776,-0.484677463,-0.049282356,-0.010568904,-0.017681408,-0.049677678,-0.074277059,-0.072353158,-0.043144241,-0.021265152,0.038059785,-0.036832012,-0.064137212,-1.376038534,-0.205726296,-0.037718338,-0.010499567,-0.031993787,-0.066651162,1.74946E-05
BR10_main,1.793939394,0.040947802,-0.003157528,0.01932919,-0.027365262,-0.432549305,-0.027630955,-0.007656504,-0.116714814,-0.011707294,-0.171514893,-0.004710488,-0.547413039,-0.377613654,-0.048101291,-0.018794939,-0.017183909,-0.045489202,-0.037603267,-0.084235369,-0.044509958,-0.021692777,0.025978097,-0.036862483,-0.057808423,-0.726473131,-0.164712488,-0.032912895,-0.012669047,-0.035124111,-0.060408759,1.67904E-05
BR10_main,1.913535354,0.040699752,-0.002705225,0.018997891,-0.026162135,-0.297608929,-0.023683338,-0.005714452,-0.079087277,-0.010742401,-0.126735136,-0.002896375,-0.55133113,-0.25396421,-0.041279758,-0.017276052,-0.016823867,-0.041238118,-0.00794898,-0.094282349,-0.043504254,-0.021554153,0.014940476,-0.039643867,-0.050942647,-0.406731284,-0.109815339,-0.029489921,-0.01373956,-0.037667618,-0.051458448,1.45914E-05
BR10_main,2.033131313,0.040309632,-0.002348521,0.019758058,-0.024942302,-0.158456081,-0.020801336,-0.003402806,-0.052956591,-0.010342389,-0.062311539,-0.001217114,-0.52938581,-0.205687184,-0.036187337,-0.001250674,-0.014661267,-0.036221882,0.008879123,-0.075865997,-0.046886147,-0.019266929,0.007741624,-0.039909645,-0.045382184,-0.223727701,-0.08202878,-0.026456279,-0.013020495,-0.034763097,-0.040773591,1.50189E-05
BR10_main,2.152727273,0.039747613,-0.002032533,0.014257149,-0.02356091,-0.18744884,-0.018426459,-6.87683E-05,-0.037967661,-0.010035952,-0.013857011,-0.00045083,-0.482337752,-0.175543975,-0.033438808,0.014616529,-0.012723191,-0.036023612,0.029892707,-0.068422691,-0.048013468,-0.015479825,0.003033932,-0.031568579,-0.043505503,-0.168899364,-0.090555154,-0.023708925,-0.010136868,-0.029205554,-0.031573597,1.74213E-05
BR10_main,2.272323232,0.039026941,-0.001754763,0.005062307,-0.022292606,-0.253919548,-0.016743576,-0.000161423,-0.037644308,-0.009646721,0.015925759,-0.000183762,-0.422064838,-0.142614312,-0.033833697,0.019609402,-0.012057933,-0.03018772,0.054076692,-0.062915592,-0.045468165,-0.012216766,-0.000368587,-0.029474253,-0.037917755,-0.172128242,-0.073716698,-0.021529355,-0.007818854,-0.022579067,-0.027875085,2.07275E-05
BR10_main,2.391919192,0.038111863,-0.001542448,-0.000560406,-0.022309341,-0.311776435,-0.015294764,0.000194968,-0.035697133,-0.009239273,0.017866073,4.92374E-05,-0.370290124,-0.121527621,-0.03291384,0.016621226,-0.011008587,-0.024772697,0.028889923,-0.048584517,-0.034005447,-0.010707278,-0.002939626,-0.021904301,-0.031659068,-0.169702646,-0.067982157,-0.020335135,-0.006165328,-0.01795124,-0.027310632,2.49808E-05
BR10_main,2.511515152,0.036662826,-0.001371025,-0.003881292,-0.022336001,-0.275650468,-0.014272134,0.000200495,-0.03525346,-0.009214617,0.022668724,0.000137098,-0.314067468,-0.07960382,-0.030905417,0.015212599,-0.009340482,-0.02053204,-0.033872193,-0.03618106,-0.026583622,-0.010072681,-0.004775509,-0.015547522,-0.026070927,-0.153290576,-0.05990734,-0.018601038,-0.004664065,-0.014884586,-0.025170587,2.64974E-05
BR10_main,2.631111111,0.034688254,-0.001219923,-0.005626721,-0.022811483,-0.219938285,-0.013431054,0.000216168,-0.034486633,-0.00905121,0.023926077,0.000125607,-0.278246251,-0.042966062,-0.032709373,0.014291623,-0.009100558,-0.017279587,-0.09213092,-0.027338906,-0.023476702,-0.010162429,-0.006391416,-0.01261063,-0.022610249,-0.132730837,-0.0499243,-0.018684349,-0.003663302,-0.013430446,-0.024515138,2.91635E-05
BR10_main,2.750707071,0.031819518,-0.001072099,-0.007944237,-0.022356262,-0.160832867,-0.014598742,0.000321892,-0.033454878,-0.008962797,0.024872042,0.000178907,-0.256464869,-0.020974192,-0.035886935,0.014435026,-0.008492866,-0.016220318,-0.130841233,-0.025325483,-0.021876483,-0.010163663,-0.007604515,-0.011696443,-0.021092756,-0.10895486,-0.043208688,-0.019135237,-0.00336421,-0.012441432,-0.023386747,2.74909E-05
BR10_main,2.87030303,0.029099352,-0.000957274,-0.010212994,-0.021679224,-0.11358436,-0.014924759,0.000420048,-0.032590166,-0.009044299,0.025229498,0.000239738,-0.243160899,-0.010019635,-0.039478957,0.014817554,-0.0083279,-0.016009398,-0.146615891,-0.023951834,-0.020487675,-0.009519691,-0.008726777,-0.01124903,-0.020028338,-0.098712577,-0.041360132,-0.019585814,-0.003209129,-0.011981251,-0.02293057,2.61146E-05
BR10_main,2.98989899,0.026798132,-0.001076853,-0.01190288,-0.020423055,-0.095402439,-0.015116751,0.000439749,-0.031861418,-0.008869974,0.024332455,0.000258357,-0.231396528,-0.005489494,-0.040062583,0.015113515,-0.007924082,-0.01630634,-0.128767668,-0.024487137,-0.019718259,-0.009352053,-0.010037382,-0.010938179,-0.019972196,-0.09499265,-0.039513671,-0.020031761,-0.003166365,-0.01129074,-0.02285001,2.51139E-05
BR10_main,3.109494949,0.024962232,-0.001219443,-0.013351159,-0.018745083,-0.080987684,-0.014839082,0.000418421,-0.031758561,-0.008719767,0.024398412,0.00027306,-0.225924407,-0.003505527,-0.039867951,0.01594384,-0.007966869,-0.016714667,-0.143009733,-0.025217497,-0.018980499,-0.009202047,-0.010939325,-0.010482959,-0.019751325,-0.086631102,-0.037393924,-0.022213635,-0.003285156,-0.012286621,-0.022461913,2.38604E-05
BR10_main,3.229090909,0.023397131,-0.001317366,-0.017363697,-0.01664854,-0.085153431,-0.014705,0.0003557,-0.031274454,-0.008666513,0.022484579,0.000308881,-0.224435492,-0.002156814,-0.036984661,0.016221241,-0.008175491,-0.016806751,-0.137589039,-0.025886557,-0.019441476,-0.009459448,-0.011542857,-0.010103595,-0.019007134,-0.083183378,-0.034820596,-0.022119838,-0.003553863,-0.012310507,-0.021902466,2.24762E-05
BR10_main,3.348686869,0.022262637,-0.001436203,-0.023045908,-0.015413832,-0.069469707,-0.014577684,0.000378972,-0.030192963,-0.008413532,0.022028478,0.000306473,-0.2379362,-0.0013837,-0.030533998,0.015449057,-0.008326745,-0.016419377,-0.137387249,-0.028306795,-0.020642439,-0.009221929,-0.012741416,-0.010036772,-0.019934128,-0.082869605,-0.032051761,-0.021227501,-0.003726518,-0.013591108,-0.021385688,2.10895E-05
BR10_main,3.468282828,0.021282724,-0.001539289,-0.026805958,-0.014656561,-0.061572511,-0.014212005,0.000404438,-0.028439559,-0.008412644,0.02131637,0.000268289,-0.244509043,-0.000880112,-0.0273232,0.014354227,-0.00768641,-0.017822403,-0.132855884,-0.032816452,-0.021728263,-0.008918722,-0.014137422,-0.009573967,-0.02209434,-0.07715036,-0.029801836,-0.020543405,-0.004503506,-0.015075438,-0.021117389,1.9252E-05
BR10_main,3.587878788,0.020462562,-0.001576591,-0.030218861,-0.014116224,-0.056981811,-0.013857897,0.000294354,-0.027915498,-0.008407609,0.020286014,0.000306792,-0.245659156,-0.000600547,-0.022900619,0.013243804,-0.007109079,-0.020728457,-0.115258908,-0.039474336,-0.022450244,-0.008772325,-0.015005486,-0.009134506,-0.023055889,-0.071972799,-0.028967712,-0.017838871,-0.005351364,-0.014719493,-0.021742547,1.67945E-05
BR10_main,3.707474747,0.019877005,-0.001599178,-0.032727896,-0.013869619,-0.049292007,-0.013983099,0.000194261,-0.029382151,-0.00838,0.0188035,0.000316648,-0.255247944,-0.000352615,-0.021860012,0.011993426,-0.007265662,-0.021959306,-0.104782155,-0.040255097,-0.022582611,-0.008444195,-0.015473079,-0.009420487,-0.022194086,-0.066881891,-0.027305564,-0.016317104,-0.005748973,-0.016040656,-0.021758191,1.57372E-05
BR10_main,3.827070707,0.019357387,-0.001480229,-0.035104069,-0.013610365,-0.040147853,-0.014120691,0.000144102,-0.03102917,-0.008557152,0.018227029,0.000336881,-0.250622111,-0.000317123,-0.020664967,0.010931344,-0.007256338,-0.020525882,-0.094031384,-0.036396451,-0.022303435,-0.008120339,-0.015246861,-0.009423193,-0.021242855,-0.059805106,-0.026161239,-0.014891251,-0.005598818,-0.015658112,-0.021616996,1.24061E-05
BR10_main,3.946666667,0.018891041,-0.001175856,-0.035248124,-0.013104265,-0.041721352,-0.013984435,0.000135354,-0.036715308,-0.008728087,0.018064195,0.000356573,-0.249722768,-0.00025756,-0.020215417,0.009685837,-0.006830617,-0.017185484,-0.085306388,-0.033751318,-0.023453655,-0.007851788,-0.016349648,-0.009182949,-0.017308796,-0.055903111,-0.025349155,-0.014499856,-0.006222002,-0.014006805,-0.022155299,9.24706E-06
BR10_main,4.066262626,0.018535187,-0.000963127,-0.036059669,-0.012615075,-0.041373717,-0.01365551,0.000158756,-0.047537596,-0.008912246,0.017659947,0.000367585,-0.279739147,-0.000314043,-0.020989659,0.008574359,-0.006765471,-0.014443912,-0.073813507,-0.032278915,-0.022758847,-0.007361,-0.019913248,-0.009245932,-0.015751553,-0.052935916,-0.024382758,-0.014371836,-0.006418059,-0.01234703,-0.021558518,8.57524E-06
BR10_main,4.185858586,0.018243733,-0.000697883,-0.031218867,-0.012371485,-0.04281118,-0.013164918,0.000167642,-0.046858822,-0.00916147,0.017475922,0.000397279,-0.269060214,-0.00043506,-0.021453452,0.007045512,-0.006705784,-0.013625574,-0.056865915,-0.030749819,-0.021777471,-0.00726582,-0.016381718,-0.009422529,-0.01466958,-0.051703338,-0.023290719,-0.01434595,-0.00550325,-0.010638388,-0.020694887,8.75662E-06
BR10_main,4.305454545,0.017822034,-0.000544581,-0.027004272,-0.012278751,-0.043488898,-0.012168327,0.00034704,-0.042044983,-0.009343194,0.017045909,0.000421104,-0.274156059,-0.000481671,-0.021877725,0.005755066,-0.006735685,-0.013806505,-0.043766496,-0.031082681,-0.021719393,-0.007021541,-0.013461875,-0.010058922,-0.014695094,-0.050192727,-0.022509047,-0.014170879,-0.005004861,-0.010963693,-0.020039557,8.5686E-06
BR10_main,4.425050505,0.017467422,-0.000460337,-0.026039917,-0.012220618,-0.044178186,-0.011456419,0.000427752,-0.039567044,-0.009438634,0.016449976,0.000428842,-0.286280666,-0.000471094,-0.022361651,0.004491951,-0.006912042,-0.013276401,-0.033247455,-0.029169123,-0.020670898,-0.006827814,-0.00995794,-0.010717545,-0.014628411,-0.048495995,-0.021882601,-0.014198481,-0.004340902,-0.010816852,-0.019386486,8.63413E-06
BR10_main,4.544646465,0.017227701,-0.000379866,-0.024530237,-0.012091586,-0.044441105,-0.0104649,0.000456084,-0.033136219,-0.009537663,0.01582016,0.000426125,-0.283784631,-0.000406758,-0.022818337,0.003411487,-0.007003065,-0.013350583,-0.025709809,-0.026146127,-0.019231283,-0.006821976,-0.006769626,-0.010973478,-0.014610998,-0.047388232,-0.021229538,-0.013895415,-0.004050312,-0.010845912,-0.019317695,8.81255E-06
BR10_main,4.664242424,0.01699493,-0.000316728,-0.022488787,-0.011939237,-0.044599283,-0.010362096,0.00048502,-0.027902598,-0.009494662,0.01540892,0.000414015,-0.275992569,-0.000311921,-0.023048342,0.002529751,-0.007056703,-0.013274307,-0.021665228,-0.024425264,-0.018301833,-0.006813402,-0.004175883,-0.011318037,-0.0150547,-0.046286424,-0.020413127,-0.013957426,-0.003913619,-0.010573226,-0.018886747,9.86426E-06
BR10_main,4.783838384,0.016757123,-0.000261274,-0.019708187,-0.011856417,-0.044841278,-0.009953919,0.000524565,-0.025164837,-0.009381458,0.014812232,0.00040332,-0.27468597,-0.000229049,-0.02357741,0.001822575,-0.006861515,-0.013305705,-0.018148786,-0.024957273,-0.017473551,-0.006807613,-0.002793189,-0.011692804,-0.015594345,-0.044827431,-0.019402727,-0.014447622,-0.00391927,-0.009561596,-0.019978718,1.00784E-05
BR10_main,4.903434343,0.016502666,-0.000242353,-0.017140857,-0.01183948,-0.04514763,-0.009633872,0.000537836,-0.021137538,-0.009232172,0.014134393,0.000395842,-0.245237217,-0.000161502,-0.02431573,0.001220187,-0.007431449,-0.013477626,-0.014749296,-0.024226573,-0.017034375,-0.006804472,-0.001311607,-0.012581358,-0.017650979,-0.044957163,-0.018312077,-0.014610518,-0.004056187,-0.010170346,-0.020872981,1.10683E-05
BR10_main,5.023030303,0.016153771,-0.000223844,-0.014142242,-0.011752944,-0.046167072,-0.009638852,0.000529029,-0.017556786,-0.00905499,0.013439009,0.000384586,-0.244237784,-3.98875E-05,-0.02470568,0.000469741,-0.008090916,-0.013737818,-0.01253356,-0.02555786,-0.016492188,-0.007015627,-0.000179363,-0.012714865,-0.018741319,-0.044403271,-0.017208906,-0.014771901,-0.004315575,-0.010545725,-0.022107398,1.22958E-05
BR10_main,5.142626263,0.015716363,-0.000210959,-0.011575538,-0.011735149,-0.046736524,-0.009864712,0.000479465,-0.014499965,-0.008752491,0.01245009,0.00037265,-0.269091388,6.6455E-05,-0.02492825,-0.000352498,-0.009519323,-0.014084944,-0.010762025,-0.025196173,-0.016807154,-0.007149722,0.00092862,-0.013660982,-0.017487856,-0.042880428,-0.016234734,-0.015111982,-0.004474769,-0.010070176,-0.022027985,1.45114E-05
BR10_main,5.262222222,0.015235684,-0.00018547,-0.009251196,-0.011861188,-0.047416406,-0.01012352,0.0004544,-0.012272838,-0.008401721,0.011539642,0.000356861,-0.273358297,9.09303E-05,-0.025318588,-0.001295773,-0.010085935,-0.014435942,-0.009308407,-0.024706123,-0.01697155,-0.007125658,0.002050077,-0.013348229,-0.015234954,-0.041500756,-0.015614595,-0.015087296,-0.004464009,-0.009650915,-0.021101885,1.72809E-05
BR10_main,5.381818182,0.014708693,-0.000174123,-0.007854874,-0.011787934,-0.04801399,-0.012169408,0.000429691,-0.011459239,-0.008014937,0.01067548,0.000345644,-0.284247234,8.83701E-05,-0.025969146,-0.00213313,-0.009525917,-0.014800234,-0.007877617,-0.02486493,-0.016815038,-0.007214524,0.003073162,-0.013637889,-0.014750567,-0.039999133,-0.014658838,-0.014930769,-0.004442357,-0.009793234,-0.020007405,1.9693E-05
BR10_main,5.501414141,0.014091219,-0.000154812,-0.00683185,-0.011509966,-0.048322047,-0.014088512,0.000468762,-0.010582702,-0.007562333,0.009888948,0.000332933,-0.27937549,9.01623E-05,-0.027422601,-0.002695783,-0.008911835,-0.014847595,-0.007422242,-0.024076903,-0.017219108,-0.007197035,0.004143315,-0.012678987,-0.015314985,-0.037511162,-0.013610582,-0.014906336,-0.004335571,-0.0091111,-0.01923848,2.22022E-05
BR10_main,5.621010101,0.013252607,-0.000189937,-0.00610206,-0.010976872,-0.047750673,-0.015533128,0.000498342,-0.0101221,-0.007216043,0.009151024,0.000321993,-0.271927064,8.92567E-05,-0.027584509,-0.003053005,-0.007986966,-0.014937264,-0.007268006,-0.023555026,-0.017268043,-0.006988373,0.00495844,-0.011772504,-0.016976021,-0.035927249,-0.012738696,-0.014619068,-0.004237588,-0.009300832,-0.018777348,2.56643E-05
BR10_main,5.740606061,0.012356342,-0.00023109,-0.004992765,-0.01037494,-0.046325938,-0.018957776,0.000480587,-0.009787728,-0.006939176,0.008372758,0.00031278,-0.269989083,8.31979E-05,-0.0286009,-0.00325938,-0.007412809,-0.014703943,-0.006869488,-0.02331214,-0.016540454,-0.006624032,0.005788856,-0.010392736,-0.017284493,-0.034588937,-0.011860842,-0.014306649,-0.004228198,-0.009315306,-0.018664161,2.81655E-05
BR10_main,5.86020202,0.011338058,-0.000254896,-0.003870137,-0.009683574,-0.044135296,-0.018640576,0.000450729,-0.009439941,-0.006653459,0.007540602,0.000305211,-0.267399206,7.80719E-05,-0.028849744,-0.003471837,-0.007503831,-0.014083072,-0.00690717,-0.022833952,-0.016325604,-0.006160542,0.006985248,-0.009848207,-0.017366459,-0.032462517,-0.010892083,-0.013608252,-0.004137373,-0.009122973,-0.019685956,2.76717E-05
BR10_main,5.97979798,0.010303428,-0.000277208,-0.003092596,-0.008899264,-0.041317583,-0.019510404,0.000456233,-0.009162517,-0.006235343,0.006920186,0.000295297,-0.261715811,7.45155E-05,-0.027715748,-0.003323207,-0.006477483,-0.012988372,-0.006943009,-0.022365865,-0.016618057,-0.005709608,0.008117667,-0.009424259,-0.016193255,-0.030505891,-0.010051492,-0.012855433,-0.004054965,-0.009410627,-0.01868056,2.69309E-05
BR10_main,6.099393939,0.009290826,-0.000294991,-0.002485206,-0.00804055,-0.0383842,-0.020299164,0.000460007,-0.009128245,-0.00598873,0.006335739,0.00028932,-0.256721469,7.28974E-05,-0.026067144,-0.002778661,-0.005348101,-0.01221706,-0.006978873,-0.022372832,-0.015963822,-0.005222251,0.009143295,-0.009466153,-0.014636099,-0.027255395,-0.009337928,-0.011945335,-0.003916251,-0.008861951,-0.017929835,2.59489E-05
BR10_main,6.218989899,0.008375025,-0.000311964,-0.001903504,-0.007473571,-0.035562935,-0.020321773,0.000521975,-0.00910403,-0.005637265,0.005793111,0.000286263,-0.257682548,7.68708E-05,-0.023319912,-0.00245825,-0.004698387,-0.010648393,-0.006915297,-0.021637793,-0.015058739,-0.00464775,0.010205595,-0.009270175,-0.012606237,-0.024477032,-0.008479677,-0.010814357,-0.003690485,-0.009260753,-0.017907162,2.46955E-05
BR10_main,6.338585859,0.007324417,-0.00031408,-0.001612321,-0.006711654,-0.032363243,-0.020130805,0.000539337,-0.009073063,-0.005406301,0.005290555,0.000279805,-0.25560608,8.53832E-05,-0.02104224,-0.002255571,-0.00412936,-0.009049955,-0.006231993,-0.019955662,-0.013681358,-0.004154536,0.011181908,-0.009117904,-0.010211397,-0.021836941,-0.007772422,-0.009893628,-0.003575097,-0.009357733,-0.016994314,2.27538E-05
BR10_main,6.458181818,0.006285771,-0.000318404,-0.001523911,-0.005978068,-0.03013061,-0.018876148,0.00053521,-0.00887839,-0.005207917,0.004753671,0.000276639,-0.240637166,9.74565E-05,-0.019574911,-0.002036158,-0.003674837,-0.007922092,-0.006656872,-0.01754957,-0.011884437,-0.00376783,0.012155444,-0.008088517,-0.008711291,-0.019698941,-0.007088611,-0.008991015,-0.003332329,-0.009055376,-0.015592609,2.01613E-05
BR10_main,6.577777778,0.005247808,-0.000335135,-0.001499654,-0.005362843,-0.028099768,-0.016696641,0.000485632,-0.008837478,-0.005025701,0.004269998,0.000275817,-0.224932977,0.000114339,-0.017622511,-0.001755381,-0.002985228,-0.006976065,-0.007542687,-0.014942483,-0.009707336,-0.003347334,0.013247401,-0.006006501,-0.007283892,-0.01765506,-0.00646582,-0.007989293,-0.002847512,-0.007689663,-0.013074126,1.70931E-05
BR10_main,6.697373737,0.004283207,-0.000349083,-0.001646921,-0.004762471,-0.026031503,-0.015439976,0.000403683,-0.008793645,-0.004857093,0.003807417,0.000275715,-0.198175736,0.000137751,-0.016014364,-0.001464678,-0.002507415,-0.006065477,-0.007189975,-0.013155122,-0.008382302,-0.002996873,0.014456598,-0.004668049,-0.006287017,-0.016050242,-0.005990717,-0.007128554,-0.002496877,-0.005916199,-0.010582412,1.41897E-05
BR10_main,6.816969697,0.003384354,-0.000422816,-0.001698031,-0.004210087,-0.024126313,-0.013399886,0.000315456,-0.008664993,-0.004641493,0.003431293,0.000275177,-0.186769444,0.000170171,-0.014659074,-0.001160967,-0.002266134,-0.0052664,-0.005279853,-0.010710018,-0.007092552,-0.002610504,0.015475519,-0.004150804,-0.005423021,-0.015175073,-0.005550866,-0.006346828,-0.002101255,-0.004678813,-0.007961413,1.18327E-05
BR10_main,6.936565657,0.00255338,-0.000624372,-0.001654132,-0.003636758,-0.022578455,-0.010708221,0.000248178,-0.00870389,-0.004402668,0.003200202,0.000277283,-0.177770115,0.000214864,-0.013621315,-0.000779832,-0.002041722,-0.004526976,-0.00431768,-0.008691314,-0.005819733,-0.002290951,0.016320175,-0.003872954,-0.004786748,-0.01438393,-0.005168594,-0.005465648,-0.001795941,-0.003751056,-0.007166978,9.43825E-06
BR10_main,7.056161616,0.001752155,-0.000664407,-0.001511032,-0.003143365,-0.020993086,-0.007537396,0.0002127,-0.008733838,-0.004167042,0.002945722,0.000282156,-0.159734362,0.000276886,-0.012444838,-0.000329447,-0.00184462,-0.003924557,-0.00412527,-0.00761172,-0.004788938,-0.001990505,0.016947154,-0.003651669,-0.004305901,-0.013627077,-0.004866813,-0.00455373,-0.00149093,-0.003266151,-0.006711076,7.5659E-06
BR10_main,7.175757576,0.001073391,-0.000618404,-0.001328839,-0.002695172,-0.019989631,-0.006436772,0.000180413,-0.008657259,-0.003968389,0.002666946,0.000288897,-0.144847287,0.000347671,-0.011231276,4.94094E-05,-0.001694418,-0.003388282,-0.003678332,-0.00629123,-0.003976235,-0.001740234,0.017494427,-0.003340618,-0.003748222,-0.012896047,-0.004600473,-0.003749144,-0.001266753,-0.002778123,-0.006315842,5.8087E-06
BR10_main,7.295353535,0.000460546,-0.000412844,-0.001121937,-0.002378193,-0.019031778,-0.00559058,0.000169753,-0.008784589,-0.00369511,0.002357126,0.000296018,-0.136684872,0.000408209,-0.010203551,0.000597407,-0.00157528,-0.003028747,-0.003517392,-0.00537175,-0.003402646,-0.001569929,0.018009045,-0.00322643,-0.003333356,-0.012172412,-0.004377428,-0.003069444,-0.001065991,-0.002318147,-0.005747438,4.36344E-06
BR10_main,7.414949495,0.0000005,-0.00016415,-0.00088255,-0.002084015,-0.018099036,-0.004778495,0.000160705,-0.008873112,-0.003630498,0.002319319,0.00029942,-0.125714578,0.000427676,-0.009363774,0.000900304,-0.001513298,-0.002710402,-0.003301265,-0.004542257,-0.002826314,-0.001444803,0.018416928,-0.002912337,-0.002842919,-0.011437976,-0.004207163,-0.002656746,-0.000895016,-0.001964832,-0.005050825,2.90645E-06
BR10_main,7.534545455,0.0000005,4.77402E-05,-0.000670535,-0.001831946,-0.017221085,-0.005834462,0.000137828,-0.00898082,-0.003790535,0.002183745,0.000305421,-0.120095011,0.000473752,-0.008264246,0.000945424,-0.001486105,-0.002440511,-0.003098686,-0.004047418,-0.002567017,-0.001327017,0.018644985,-0.002836519,-0.002581748,-0.010640518,-0.004071212,-0.002361102,-0.000777926,-0.001681375,-0.004299199,1.75733E-06
BR10_main,7.654141414,0.0000005,0.000110647,-0.000565035,-0.001602518,-0.016462646,-0.006908663,0.00011768,-0.009045847,-0.003854437,0.00202813,0.000306186,-0.118099749,0.000421138,-0.007291275,0.000976706,-0.001450966,-0.002292231,-0.00278269,-0.003898953,-0.00248951,-0.001217368,0.018837605,-0.002549879,-0.002246262,-0.009699086,-0.003942724,-0.002139143,-0.000718635,-0.001470261,-0.003566823,9.613E-07
BR10_main,7.773737374,0.0000005,0.000155955,-0.000619895,-0.00139472,-0.015753818,-0.007726089,8.25818E-05,-0.009484931,-0.003901084,0.001666753,0.000306435,-0.112836966,0.00036176,-0.006601627,0.00101068,-0.001376033,-0.002152702,-0.002465935,-0.00392199,-0.002500068,-0.00108114,0.018875811,-0.002384934,-0.001938078,-0.008821557,-0.00383557,-0.001971151,-0.000712095,-0.00143273,-0.00308697,5.09111E-07
BR10_main,7.893333333,0.0000005,0.000206622,-0.000619265,-0.001207589,-0.015143245,-0.007425532,-2.06788E-05,-0.009753694,-0.003976198,0.000969677,0.000305745,-0.113278443,0.00023013,-0.00648584,0.001024028,-0.00126485,-0.002098815,-0.00211306,-0.003896328,-0.002489066,-0.000935715,0.018738296,-0.002185827,-0.001724846,-0.009438479,-0.003768732,-0.001831221,-0.000679941,-0.001500897,-0.002953403,4.63829E-07
BR10_main,8.012929293,0.0000005,0.000246782,-0.000580356,-0.001075489,-0.015286546,-0.006870958,-0.00019637,-0.010509076,-0.00397496,3.85645E-05,0.000306173,-0.111439888,0.000276427,-0.006683184,0.000907417,-0.001182812,-0.002011979,-0.001779223,-0.00391675,-0.002375516,-0.000866094,0.018461888,-0.002180471,-0.001552533,-0.009798221,-0.003707606,-0.001714358,-0.000638291,-0.001488587,-0.003129188,8.82271E-07
BR10_main,8.132525253,0.0000005,0.000321289,-0.000506632,-0.001023136,-0.016065874,-0.005958706,-0.000280407,-0.010441981,-0.003811231,-0.001114152,0.000304991,-0.109275102,0.000440531,-0.006855196,0.000757644,-0.001141175,-0.001755552,-0.001296316,-0.003655696,-0.002183876,-0.000831735,0.018097255,-0.002227222,-0.001438201,-0.010524464,-0.003663145,-0.001567634,-0.000607093,-0.001417635,-0.002992024,1.18982E-06
BR10_main,8.252121212,0.0000005,0.000412246,-0.000371698,-0.000986379,-0.018203466,-0.005136684,-0.000332232,-0.010265455,-0.003880942,-0.001843548,0.000304446,-0.103748819,0.000670356,-0.006751104,0.00058172,-0.001155572,-0.001656706,-0.00069356,-0.003763018,-0.00212723,-0.000830785,0.01761409,-0.002347658,-0.001360691,-0.012270035,-0.003696826,-0.00148833,-0.000593398,-0.001381194,-0.003573482,1.84432E-06
BR10_main,8.371717172,0.0000005,0.000534231,-0.000152573,-0.000935596,-0.021401055,-0.00463769,-0.000366668,-0.009743903,-0.004119113,-0.001937524,0.000301182,-0.104573535,0.000951033,-0.006597847,0.000405829,-0.001137096,-0.001630036,1.68513E-05,-0.003771929,-0.002110858,-0.000867693,0.016779162,-0.00236424,-0.001471802,-0.013800188,-0.003694002,-0.001547373,-0.000589495,-0.001277294,-0.004037475,2.43573E-06
BR10_main,8.491313131,0.0000005,0.00070695,-4.01064E-05,-0.00088736,-0.024594816,-0.003817197,-0.000539785,-0.009831467,-0.004342256,-0.001900116,0.000296587,-0.107282441,0.00115624,-0.006640993,0.00035473,-0.001153697,-0.001606101,0.00069156,-0.00373228,-0.00218291,-0.000969269,0.01613971,-0.002168437,-0.001459625,-0.013828255,-0.003625656,-0.001562267,-0.000565737,-0.001161185,-0.004340251,2.84693E-06
BR10_main,8.610909091,0.0000005,0.000938511,2.9098E-05,-0.000844777,-0.028147473,-0.002906998,-0.00068176,-0.009317119,-0.004514555,-0.001344727,0.000291388,-0.111453645,0.001255993,-0.006063788,0.000321756,-0.001166305,-0.00159359,0.001277047,-0.003633248,-0.002252492,-0.000991702,0.015270577,-0.002003983,-0.001413408,-0.012384642,-0.003536331,-0.001727522,-0.000544686,-0.001085123,-0.004437298,3.26613E-06
BR10_main,8.730505051,0.0000005,0.001235516,9.58786E-05,-0.000830277,-0.024849018,-0.002484759,-0.000765701,-0.008948931,-0.004436455,-0.000503515,0.000285668,-0.110810991,0.001286319,-0.006548582,0.000331219,-0.001118621,-0.00158494,0.001715146,-0.003329762,-0.002253919,-0.000900649,0.014491421,-0.001874903,-0.001403259,-0.01059728,-0.003420842,-0.00186364,-0.000533093,-0.001053723,-0.004647534,2.2907E-06
BR10_main,8.85010101,0.0000005,0.001449575,0.000190195,-0.0008325,-0.020903397,-0.002121559,-0.000968389,-0.008850415,-0.004514816,-0.00035736,0.000279756,-0.113277607,0.001311701,-0.006506905,0.000348929,-0.001064109,-0.001567808,0.001975466,-0.003355407,-0.002337744,-0.000782942,0.01365684,-0.001854412,-0.001384463,-0.008915547,-0.003265505,-0.002000717,-0.000519943,-0.001008937,-0.004713061,1.34784E-06
BR10_main,8.96969697,0.0000005,0.001680906,0.000284677,-0.000923225,-0.017070255,-0.001900427,-0.001308433,-0.009257662,-0.005042001,-0.000281469,0.000272424,-0.113833736,0.001363855,-0.006590346,0.000411075,-0.001071982,-0.001546906,0.002232346,-0.003212885,-0.002367606,-0.000752345,0.012920879,-0.001829647,-0.001379035,-0.007588172,-0.003114772,-0.002075136,-0.000504029,-0.000969548,-0.004832523,1.8815E-06
BR10_main,9.089292929,0.0000005,0.001814265,0.000359547,-0.000997792,-0.01506587,-0.001895551,-0.001690985,-0.009332911,-0.00577647,-0.000561567,0.0002652,-0.12031621,0.001474716,-0.006457152,0.000454604,-0.001031082,-0.001643212,0.002502443,-0.003482273,-0.002485595,-0.000788718,0.012220158,-0.001891476,-0.001436019,-0.007534422,-0.002989447,-0.00226897,-0.000476272,-0.000967523,-0.004445124,2.23278E-06
BR10_main,9.208888889,0.0000005,0.002023676,0.000428163,-0.00112265,-0.014909944,-0.00202677,-0.002222769,-0.011156464,-0.00576596,-0.000741957,0.000258426,-0.122685526,0.001614907,-0.006291109,0.000513401,-0.000973121,-0.001714669,0.002213735,-0.003831116,-0.0025502,-0.000849484,0.011560874,-0.001782754,-0.001343538,-0.007759085,-0.00287943,-0.002475433,-0.000468955,-0.000993947,-0.003438176,3.29502E-06
BR10_main,9.328484848,0.0000005,0.002042375,0.000508308,-0.001261428,-0.015743049,-0.002208395,-0.002708482,-0.012489542,-0.004859464,-0.000863982,0.000251115,-0.125173435,0.001778698,-0.005971138,0.000593717,-0.000932096,-0.001927769,0.001427892,-0.0041406,-0.002552075,-0.00090378,0.010914677,-0.001792976,-0.001325925,-0.008216447,-0.002870246,-0.002731552,-0.00049858,-0.001049728,-0.002974161,1.80817E-06
BR10_main,9.448080808,0.0000005,0.002071116,0.000689553,-0.001429331,-0.016549604,-0.002520463,-0.002759641,-0.014685238,-0.00416907,-0.000888172,0.000243396,-0.121635996,0.001961277,-0.006142786,0.000691231,-0.000933091,-0.00220886,0.000609113,-0.004543092,-0.002631352,-0.000963354,0.010382511,-0.00183306,-0.001265316,-0.008759998,-0.002898823,-0.00282229,-0.000569926,-0.001133865,-0.003019286,2.69504E-06
BR10_main,9.567676768,0.0000005,0.002370601,0.000816955,-0.00162605,-0.017387052,-0.002675113,-0.002761989,-0.014173441,-0.004120351,-0.00088813,0.000236,-0.124859635,0.002154064,-0.006223414,0.00079979,-0.000931963,-0.002623732,0.000146321,-0.005561504,-0.002684493,-0.001000381,0.010073042,-0.001957197,-0.001405327,-0.009098957,-0.002919471,-0.002827204,-0.000704995,-0.00129378,-0.003597267,4.39345E-06
BR10_main,9.687272727,0.0000005,0.002455807,0.000904709,-0.001773271,-0.018388699,-0.002852059,-0.001557693,-0.012218919,-0.004139029,-0.000945798,0.00023059,-0.130223072,0.002327999,-0.006639427,0.000897317,-0.000908033,-0.002887782,8.02051E-05,-0.00654218,-0.002701578,-0.001012089,0.009671288,-0.001998592,-0.001546135,-0.009763719,-0.002929848,-0.002909164,-0.000766646,-0.001324885,-0.003954734,4.45769E-06
BR10_main,9.806868687,0.0000005,0.002339141,0.000823999,-0.001874958,-0.019403148,-0.003022759,-0.0007415,-0.011589367,-0.004415498,-0.001021102,0.000222471,-0.134045254,0.002505121,-0.008398042,0.001033695,-0.000951422,-0.002885394,0.000228119,-0.007373488,-0.00278641,-0.000913965,0.009416617,-0.002004595,-0.001608176,-0.010186102,-0.002936636,-0.002946891,-0.000741482,-0.001421998,-0.003885794,5.34952E-06
BR10_main,9.926464646,0.0000005,0.002360349,0.000776286,-0.002089832,-0.020564161,-0.003215494,-0.000535654,-0.011430518,-0.004159413,-0.001190875,0.000208796,-0.139599078,0.002627702,-0.009760332,0.001080341,-0.001005049,-0.002825349,0.000440827,-0.007096207,-0.002860994,-0.000923246,0.009175594,-0.001977235,-0.001694411,-0.010695906,-0.002969653,-0.00290297,-0.000689281,-0.00134826,-0.003781213,4.15862E-06
BR10_main,10.04606061,0.0000005,0.002431575,0.000818355,-0.002212821,-0.021753098,-0.0034125,-0.000489754,-0.011858348,-0.004119625,-0.001379725,0.000205167,-0.143125197,0.002742537,-0.010023922,0.001175846,-0.00101757,-0.002758336,0.001002573,-0.006651303,-0.002931059,-0.000931574,0.009065555,-0.002028607,-0.001800544,-0.012346137,-0.003166798,-0.002874551,-0.000635008,-0.001231032,-0.003749825,2.512E-06
BR10_main,10.16565657,0.0000005,0.002201683,0.0009183,-0.002422372,-0.02287058,-0.003393969,-0.000527136,-0.01178868,-0.004367391,-0.001514073,0.000203377,-0.145318488,0.00282844,-0.010536124,0.001088524,-0.001037513,-0.002763941,0.001583409,-0.005637407,-0.003001752,-0.000953026,0.008922319,-0.002401027,-0.002020234,-0.014354668,-0.003276643,-0.002914886,-0.000623258,-0.001367762,-0.003849408,1.41004E-06
BR10_main,10.28525253,0.0000005,0.002264107,0.001074507,-0.002532799,-0.02429681,-0.003504993,-0.000858534,-0.011224502,-0.004348957,-0.001608901,0.000213004,-0.145007699,0.002906902,-0.011144803,0.001017023,-0.001124713,-0.002994184,0.00270414,-0.00492657,-0.003054009,-0.001038296,0.008865777,-0.002658234,-0.002202756,-0.016466162,-0.003463758,-0.003033337,-0.000595101,-0.001521844,-0.003805318,1.35313E-06
BR10_main,10.40484848,0.0000005,0.00195415,0.001291285,-0.002779175,-0.026392134,-0.003473344,-0.001230067,-0.012077865,-0.003961257,-0.001617815,0.000252625,-0.144441733,0.002978809,-0.013013439,0.000998394,-0.001232438,-0.003018717,0.003287609,-0.004517786,-0.003155103,-0.001165759,0.008884242,-0.003062095,-0.002379554,-0.018546832,-0.003605015,-0.00300842,-0.000619034,-0.00175276,-0.004755856,1.81321E-06
BR10_main,10.52444444,0.0000005,0.00137882,0.001428043,-0.002950337,-0.029359615,-0.003625449,-0.001530634,-0.012631532,-0.003813694,-0.00170637,0.000297018,-0.141476696,0.003044052,-0.014129235,0.000898822,-0.001262797,-0.002842119,0.003161452,-0.004262848,-0.003259535,-0.001315012,0.008903878,-0.003350958,-0.002518552,-0.023271239,-0.003805446,-0.002929207,-0.000650128,-0.001989678,-0.006893933,1.73514E-06
BR10_main,10.6440404,0.0000005,0.002056718,0.001468215,-0.003043823,-0.031547476,-0.003697446,-0.001524093,-0.014706126,-0.003774041,-0.001675784,0.000325255,-0.13511454,0.003091735,-0.016393049,0.000901779,-0.001488935,-0.002542437,0.003631877,-0.004409023,-0.003373494,-0.001521405,0.008572316,-0.003552955,-0.002671061,-0.03475908,-0.003886041,-0.002668729,-0.000667921,-0.0022981,-0.007359015,1.49982E-06
BR10_main,10.76363636,0.0000005,0.002613651,0.001648541,-0.003044403,-0.03257995,-0.003240708,-0.001331283,-0.017398265,-0.003492279,-0.001588166,0.00032686,-0.131215071,0.003132276,-0.016051657,0.00090541,-0.001804665,-0.002256836,0.004271359,-0.004526305,-0.003513887,-0.001789499,0.007077338,-0.003657635,-0.00302852,-0.042291946,-0.003864122,-0.002732003,-0.000713491,-0.002640762,-0.007071001,1.5537E-06
BR10_main,10.88323232,0.0000005,0.002889279,0.001879025,-0.002761193,-0.033202373,-0.003077662,-0.001420992,-0.020052534,-0.003231411,-0.001663859,0.000329014,-0.131771664,0.003138702,-0.013718643,0.000934841,-0.002057646,-0.002304742,0.004798889,-0.00476439,-0.00356182,-0.002025085,0.005530157,-0.003776716,-0.003521463,-0.041122289,-0.00363449,-0.002856595,-0.000767077,-0.002964293,-0.005831031,1.34629E-06
BR10_main,11.00282828,0.0000005,0.002776691,0.002019848,-0.002392002,-0.030739172,-0.003494739,-0.00143054,-0.023695753,-0.00303448,-0.001336664,0.00032897,-0.128912692,0.003052507,-0.011091882,0.001000603,-0.002227707,-0.002389349,0.004949016,-0.005099063,-0.003607877,-0.002053718,0.003779807,-0.003607021,-0.003606717,-0.031689078,-0.003300488,-0.003098013,-0.000962541,-0.004193545,-0.004846928,1.63456E-06
BR10_main,11.12242424,0.0000005,0.002912941,0.002030627,-0.002357294,-0.026161695,-0.003907327,-0.001673322,-0.022924841,-0.003000313,-0.0014039,0.000307743,-0.136468613,0.002910459,-0.006913608,0.001131058,-0.002246528,-0.002467864,0.005018595,-0.005602092,-0.003859091,-0.001779646,0.002573226,-0.003852269,-0.003437498,-0.020240179,-0.00290801,-0.003145134,-0.001252859,-0.006039306,-0.004946631,1.98013E-06
BR10_main,11.2420202,0.0000005,0.002062626,0.002051975,-0.002463304,-0.019948732,-0.004141903,-0.001750425,-0.022260113,-0.00297942,-0.001657893,0.000280242,-0.130545184,0.002698383,-0.005101975,0.001347986,-0.002231102,-0.002542918,0.004291058,-0.006093862,-0.00398476,-0.001610532,0.002037526,-0.004339513,-0.003828448,-0.011815779,-0.002857049,-0.003156798,-0.001455606,-0.007408279,-0.005501873,2.20627E-06
BR10_main,11.36161616,0.0000005,0.002133863,0.001993831,-0.002625583,-0.017282116,-0.004340222,-0.001957019,-0.017919758,-0.003376274,-0.00204669,0.000219642,-0.125496086,0.002426197,-0.003135896,0.001429126,-0.002611205,-0.003215877,0.001705946,-0.006660403,-0.004109052,-0.001508438,0.001941468,-0.005178834,-0.004194949,-0.008191531,-0.003043106,-0.003407314,-0.001386562,-0.006539502,-0.00641237,1.92914E-06
BR10_main,11.48121212,0.0000005,0.001879744,0.001870526,-0.00303734,-0.016099763,-0.004468028,-0.002170119,-0.016198003,-0.004181878,-0.002831132,0.000184832,-0.117127466,0.001897779,-0.00101114,0.001320453,-0.00288531,-0.003929535,-0.004504778,-0.007197687,-0.005025078,-0.001865136,0.000488854,-0.006107409,-0.005396,-0.006851899,-0.003466151,-0.004084972,-0.001290891,-0.005570031,-0.00688113,1.26792E-06
BR10_main,11.60080808,0.0000005,0.000688101,0.001297295,-0.004107158,-0.015118338,-0.004867175,-0.003104497,-0.017335126,-0.005706814,-0.004764643,0.000158075,-0.114848586,0.001439057,-0.00863146,0.00096283,-0.003019483,-0.005299191,-0.013209884,-0.00865137,-0.007991505,-0.002383849,0.001994444,-0.006880826,-0.007192367,-0.005639371,-0.003712884,-0.005178866,-0.001288513,-0.00690034,-0.007939614,2.93153E-06
BR10_main,11.72040404,0.0000005,-0.000750201,0.000741923,-0.00562248,-0.014263512,-0.007645014,-0.003915744,-0.020277713,-0.007744443,-0.006891226,0.000153174,-0.149465315,0.000779474,-0.029184131,0.000588335,-0.00334613,-0.007002415,-0.0219392,-0.010751685,-0.009497465,-0.003094039,-0.004350368,-0.007672966,-0.009592079,-0.004531521,-0.003880398,-0.006094996,-0.001498783,-0.008139446,-0.010356427,5.57651E-06
BR10_main,11.84,0.0000005,-0.001992121,8.96381E-05,-0.006737918,-0.013279465,-0.012303021,-0.004303426,-0.021166159,-0.008689731,-0.007770783,0.000146021,-0.199563539,0.000230695,-0.044988829,0.000277646,-0.003519227,-0.008465839,-0.026702728,-0.011732962,-0.01049147,-0.00341047,-0.010724384,-0.008012616,-0.010461667,-0.003562532,-0.003959875,-0.006670157,-0.001697988,-0.009288846,-0.012890438,7.71683E-06
BR11_main,0,0.019522917,-0.124213267,-0.308809791,-0.156563056,-4.334729988,-1.147700066,-0.163862819,-2.363686335,-0.095907193,-1.127291454,-0.1564527,-4.244214141,-2.964342762,-0.347493092,-0.48897669,-0.110902204,-0.357544294,-2.025536143,-0.789465646,-0.470779642,-0.095288049,-0.186740876,-0.181690452,-0.313605552,-2.289901749,-4.342529348,-0.189550722,-0.050389985,-0.730113887,-0.240184174,1.30324E-05
BR11_main,0.11959596,0.026124959,-0.1066204,-0.147254754,-0.133598432,-3.225834057,-0.641211276,-0.133072796,-1.915086615,-0.083420644,-0.870409088,-0.093139145,-3.785490777,-2.598471211,-0.281416713,-0.38008737,-0.098284469,-0.307976914,-0.520363404,-0.628939439,-0.387536007,-0.08157984,-0.318034161,-0.151785224,-0.286239291,-1.685966674,-3.244857214,-0.168587708,-0.044982937,-0.58150854,-0.220783259,1.92667E-05
BR11_main,0.239191919,0.031453933,-0.076809967,0.06675598,-0.098838561,-1.530208659,-0.316090722,-0.088495623,-1.15579291,-0.072032294,-0.446110638,-0.039394871,-3.1272555,-1.709379055,-0.325096289,-0.180840662,-0.081733396,-0.229786222,0.8615429,-0.398017451,-0.330330285,-0.064057698,-0.211501474,-0.12159058,-0.243962607,-1.06709247,-1.741709585,-0.150820737,-0.036204176,-0.352098749,-0.194368566,2.28206E-05
BR11_main,0.358787879,0.035310624,-0.046073075,0.126770547,-0.076217074,-0.69102258,-0.194062679,-0.064477779,-0.527900919,-0.05970116,-0.442236301,-0.006783398,-2.454812901,-1.028846425,-1.053216253,-0.088022699,-0.064314387,-0.165202933,0.818860245,-0.238630451,-0.220676178,-0.056632365,-0.230471347,-0.092993451,-0.215099956,-1.032537503,-1.149802921,-0.14065749,-0.028677457,-0.168419529,-0.166090375,2.53345E-05
BR11_main,0.478383838,0.037915126,-0.026482535,0.084293694,-0.062164932,-0.43554448,-0.134556469,-0.056028618,-1.035996951,-0.053624026,-0.544171052,0.003693219,-1.831245291,-0.948266763,-1.095107879,-0.229798953,-0.050635874,-0.12115309,0.732327887,-0.164666927,-0.181346462,-0.053318231,-0.219064551,-0.064738286,-0.178996415,-1.667255668,-1.251059752,-0.12727318,-0.02254211,-0.175830334,-0.149100132,2.7816E-05
BR11_main,0.597979798,0.039638254,-0.014025852,0.065357486,-0.056793032,-0.523482203,-0.075606156,-0.04835854,-1.588106928,-0.050268901,-0.731446455,0.005038573,-1.454140544,-0.877259351,-0.88413009,-0.236239397,-0.040066146,-0.094414231,0.700220934,-0.119746504,-0.156155601,-0.048297106,-0.048503459,-0.048748102,-0.141191598,-1.79093192,-0.931817201,-0.111450687,-0.018755418,-0.159771671,-0.134979948,3.0038E-05
BR11_main,0.717575758,0.040700386,-0.013227267,0.080043263,-0.050067215,-0.531796221,-0.077199165,-0.050341478,-1.471461974,-0.042928096,-0.619728989,0.004268039,-1.24627532,-0.686125157,-0.681183888,-0.179065434,-0.034013259,-0.076996931,0.604977403,-0.092341646,-0.136268654,-0.040551365,0.162930262,-0.0444758,-0.114338381,-1.668541089,-0.581981059,-0.09365483,-0.017974463,-0.148768261,-0.121886274,3.00521E-05
BR11_main,0.837171717,0.041308137,-0.016867648,0.085446315,-0.044714759,-0.416832314,-0.0672282,-0.050462862,-0.987222184,-0.035603923,-0.480802449,0.000656649,-1.103025574,-0.54037569,-0.436645897,-0.086646382,-0.029392551,-0.065816192,0.457735276,-0.077007499,-0.124890517,-0.033092645,0.230664282,-0.046340333,-0.091801207,-1.184372762,-0.363604031,-0.080059445,-0.016115508,-0.107090138,-0.109865733,2.59494E-05
BR11_main,0.956767677,0.041637411,-0.019458444,0.081086061,-0.040872986,-0.271345842,-0.047975124,-0.048811773,-0.50649974,-0.029057348,-0.325051458,-0.002898781,-0.968389465,-0.481426121,-0.272654652,-0.050221205,-0.025949121,-0.055650541,0.327352957,-0.06759837,-0.115064263,-0.026904337,0.24378225,-0.04751406,-0.081440842,-0.700086947,-0.314061144,-0.066667153,-0.015126097,-0.087907178,-0.09512652,2.61907E-05
BR11_main,1.076363636,0.041817668,-0.018454146,0.071641352,-0.039252364,-0.357244498,-0.044281095,-0.04516516,-0.405350025,-0.02233883,-0.181301205,-0.007738905,-0.848231061,-0.482991098,-0.128404047,-0.041612336,-0.023720619,-0.046526769,0.217340408,-0.064577585,-0.099743455,-0.022155654,0.207404581,-0.045296295,-0.075032219,-0.382765149,-0.237974334,-0.056829059,-0.013585342,-0.078820113,-0.084264666,2.65765E-05
BR11_main,1.195959596,0.04191326,-0.014725172,0.069968706,-0.037685397,-0.494158433,-0.048852025,-0.030737029,-0.485228967,-0.019549369,-0.113039083,-0.013215094,-0.721316171,-0.526208584,-0.043962368,-0.03654228,-0.0216425,-0.039814869,0.182228312,-0.063663422,-0.090877236,-0.019293251,0.175795421,-0.03970352,-0.069557274,-0.45072165,-0.205925661,-0.05011562,-0.012587403,-0.062620812,-0.07460401,2.37169E-05
BR11_main,1.315555556,0.041957818,-0.010707661,0.055488129,-0.037190493,-0.547274864,-0.038127928,-0.019005202,-0.563190153,-0.017223999,-0.135081937,-0.024505665,-0.63541792,-0.460460482,-0.03837386,-0.024131433,-0.019671255,-0.035396512,0.143318569,-0.063626729,-0.079046749,-0.017376222,0.137939282,-0.034343172,-0.06251306,-0.545910273,-0.267021691,-0.045544094,-0.012044779,-0.048347628,-0.066410595,1.9326E-05
BR11_main,1.435151515,0.041971199,-0.006454677,0.04600771,-0.035709619,-0.732378319,-0.037203703,-0.014084342,-0.563424868,-0.016708943,-0.143721983,-0.033936005,-0.568428471,-0.518902028,-0.038317555,-0.012180938,-0.017838723,-0.031607272,0.125599773,-0.063146444,-0.080061227,-0.016381485,0.102766191,-0.02956092,-0.055045814,-0.575589438,-0.245435722,-0.042850788,-0.011560187,-0.046232878,-0.059574468,1.8725E-05
BR11_main,1.554747475,0.041963585,-0.003371396,0.039722446,-0.03466345,-0.906055292,-0.037983198,-0.013272862,-0.434471074,-0.017168705,-0.152476724,-0.042706955,-0.524576966,-0.621452256,-0.043267367,-0.002481885,-0.016045654,-0.031659382,0.115908997,-0.061678227,-0.082735171,-0.015368129,0.073511141,-0.027483006,-0.04721013,-0.490858814,-0.227842859,-0.039517998,-0.011180299,-0.041673984,-0.056858477,1.89207E-05
BR11_main,1.674343434,0.041907326,-0.00230552,0.03688833,-0.033703535,-0.829435987,-0.040462663,-0.014757691,-0.268809012,-0.019437939,-0.114815103,-0.041969419,-0.494174433,-0.624639348,-0.046360679,0.004440044,-0.015084601,-0.037071943,0.112769475,-0.05905575,-0.091002018,-0.014676138,0.049946985,-0.02800565,-0.039281226,-0.344059708,-0.173037931,-0.038736554,-0.01073651,-0.041578373,-0.053529769,2.11659E-05
BR11_main,1.793939394,0.041812527,-0.001607346,0.030244394,-0.032051205,-0.832571659,-0.048006396,-0.014369767,-0.135253012,-0.024313503,-0.07579883,-0.033520929,-0.460816415,-0.504090099,-0.048229139,0.01013596,-0.014989643,-0.04671547,0.098132302,-0.057295518,-0.083654339,-0.014104732,0.024450313,-0.027911039,-0.033731915,-0.248004149,-0.129401128,-0.037952903,-0.010098684,-0.040431852,-0.04880082,1.99597E-05
BR11_main,1.913535354,0.041704142,-0.001359237,0.024148586,-0.030453378,-0.78169004,-0.05214643,-0.010317728,-0.069955443,-0.029867646,-0.04939166,-0.022822113,-0.432227576,-0.342824735,-0.048762443,0.012876288,-0.014215392,-0.053659791,0.094151723,-0.05596607,-0.090266208,-0.013790413,0.010151577,-0.025497514,-0.031094333,-0.197197096,-0.104997339,-0.036958071,-0.009683847,-0.03824039,-0.04403769,1.9764E-05
BR11_main,2.033131313,0.041527903,-0.001278137,0.021532006,-0.028530023,-0.606859557,-0.045846245,-0.010507597,-0.064978081,-0.028430067,-0.036013817,-0.012283062,-0.406785819,-0.239289123,-0.051778205,0.0141158,-0.013167049,-0.047942479,0.074856329,-0.053794843,-0.080880201,-0.012617275,0.00362795,-0.026226031,-0.029265581,-0.168016541,-0.087855541,-0.035026089,-0.009361962,-0.039890517,-0.039601207,1.61752E-05
BR11_main,2.152727273,0.041208855,-0.001234697,0.018788386,-0.026066248,-0.346022256,-0.038452441,-0.009845024,-0.059789013,-0.023595181,-0.019276352,-0.007305404,-0.382243855,-0.200357753,-0.050663586,0.013782914,-0.01207018,-0.038051966,0.048334989,-0.047405854,-0.078696603,-0.012179128,0.000485635,-0.023340329,-0.027422105,-0.140307471,-0.083945908,-0.031915783,-0.008263479,-0.037427734,-0.035982106,1.52923E-05
BR11_main,2.272323232,0.04075119,-0.001174699,0.016821822,-0.023861677,-0.176880339,-0.03246415,-0.008567731,-0.054137767,-0.020179594,-0.008083086,-0.002260182,-0.369973784,-0.169559512,-0.058647621,0.011282449,-0.01045154,-0.034056756,0.029167666,-0.041822519,-0.065715155,-0.010988833,-0.001785338,-0.019394398,-0.025197108,-0.124946473,-0.077765488,-0.026961203,-0.007240315,-0.031028537,-0.032249508,1.51763E-05
BR11_main,2.391919192,0.040175975,-0.001029669,0.01092271,-0.021766487,-0.164725675,-0.026014519,-0.005759922,-0.061678172,-0.017014112,-0.000462924,-0.000254022,-0.356507749,-0.123236804,-0.075043946,0.009329968,-0.010165087,-0.028629216,0.005034916,-0.03534658,-0.04476784,-0.009914146,-0.003222536,-0.016280646,-0.023352627,-0.108086391,-0.07357841,-0.021787138,-0.006468111,-0.029111811,-0.028768441,1.75355E-05
BR11_main,2.511515152,0.039420523,-0.000899836,0.003842012,-0.019758929,-0.148417704,-0.024100167,-0.004208826,-0.099448122,-0.012407623,-0.000345859,1.19502E-05,-0.340382601,-0.07701748,-0.084848732,0.008334711,-0.009373422,-0.023815654,-0.059186388,-0.030983953,-0.032600919,-0.009035118,-0.003878629,-0.014193317,-0.021934826,-0.094297569,-0.063803711,-0.01951306,-0.005765266,-0.024984219,-0.026143364,1.95563E-05
BR11_main,2.631111111,0.03842684,-0.00078748,-0.000960082,-0.018160362,-0.170947844,-0.022419695,-0.004372908,-0.118133842,-0.011305029,0.001548083,-0.000226252,-0.323608334,-0.041267455,-0.085994019,0.006667119,-0.009223335,-0.018486195,-0.094821806,-0.02766956,-0.032564376,-0.008718683,-0.004621065,-0.014125695,-0.020113781,-0.087873897,-0.050784154,-0.017864868,-0.005830944,-0.021493741,-0.024087483,2.05787E-05
BR11_main,2.750707071,0.036863508,-0.000690992,-0.005111714,-0.01677717,-0.154859264,-0.021453263,-0.004863795,-0.144661973,-0.011602972,0.00183164,-0.000602416,-0.321279671,-0.022276433,-0.079790966,0.006296986,-0.008475772,-0.01528294,-0.112682983,-0.025082352,-0.034296615,-0.008656777,-0.005953852,-0.013847537,-0.017472765,-0.082519007,-0.046074878,-0.016369986,-0.006025162,-0.026021965,-0.022170465,2.11383E-05
BR11_main,2.87030303,0.034654729,-0.000609202,-0.010841137,-0.015618246,-0.127143051,-0.021448777,-0.003702562,-0.14316246,-0.011203572,0.01269599,-0.000479769,-0.317254196,-0.01380053,-0.068878502,0.00583537,-0.008303583,-0.014012307,-0.121867703,-0.023823112,-0.029668746,-0.008388462,-0.006386889,-0.013153665,-0.016693331,-0.077480149,-0.041105916,-0.015225007,-0.005778236,-0.027338454,-0.021059616,2.10968E-05
BR11_main,2.98989899,0.032074116,-0.000573359,-0.016133519,-0.01442514,-0.093007973,-0.020635485,-0.003007268,-0.104718007,-0.010797871,0.015000083,-0.00026761,-0.313782812,-0.008422358,-0.054218829,0.005519586,-0.007983344,-0.013722218,-0.12352695,-0.023064649,-0.02622362,-0.008272444,-0.007264462,-0.012382898,-0.015991756,-0.073516937,-0.03766404,-0.014717877,-0.005436979,-0.023095092,-0.020000866,2.02586E-05
BR11_main,3.109494949,0.029270933,-0.00065296,-0.021205451,-0.01349812,-0.075472998,-0.020022311,-0.002906667,-0.082776778,-0.010361371,0.017048663,-3.15884E-05,-0.305057903,-0.004964241,-0.042876029,0.005231421,-0.007774478,-0.013648528,-0.130064954,-0.022418007,-0.025378369,-0.008010783,-0.008567397,-0.011526643,-0.016564682,-0.070716254,-0.035005912,-0.015102674,-0.005238082,-0.017721403,-0.018788962,1.97111E-05
BR11_main,3.229090909,0.026675472,-0.000736065,-0.023699093,-0.013106466,-0.071373855,-0.020676066,-0.001777075,-0.069523581,-0.011841136,0.020940437,5.53401E-05,-0.29243537,-0.002983493,-0.031066101,0.005042838,-0.007597221,-0.013581489,-0.144443834,-0.02203377,-0.024183774,-0.007753719,-0.009337969,-0.010850202,-0.016821555,-0.068375903,-0.032824174,-0.015612774,-0.00489671,-0.01597607,-0.017961371,1.96227E-05
BR11_main,3.348686869,0.024448424,-0.000873758,-0.023821659,-0.013207405,-0.075866304,-0.01956455,-0.000612576,-0.066767093,-0.014051786,0.018912879,9.58602E-05,-0.274805072,-0.001783794,-0.02608762,0.005082567,-0.007100432,-0.013517326,-0.142799301,-0.021918973,-0.022512936,-0.007830894,-0.010008159,-0.01122618,-0.016284589,-0.06606929,-0.030963896,-0.017037553,-0.004708528,-0.014642999,-0.017993723,1.93804E-05
BR11_main,3.468282828,0.02237667,-0.001180373,-0.025052103,-0.013444426,-0.05914567,-0.019606491,-3.22321E-05,-0.049117207,-0.013128593,0.020243726,0.000163081,-0.253349734,-0.001232556,-0.024577009,0.005204848,-0.006791021,-0.013643888,-0.135867076,-0.021743989,-0.023253792,-0.007971331,-0.011155775,-0.011856085,-0.01642676,-0.064934297,-0.029385829,-0.019807509,-0.004584216,-0.014323361,-0.018984924,1.94816E-05
BR11_main,3.587878788,0.020678072,-0.001591702,-0.025854721,-0.013482977,-0.052744019,-0.019467218,0.000236016,-0.043346453,-0.01382243,0.019878844,0.000313751,-0.230811132,-0.00095242,-0.02393387,0.005601482,-0.006867118,-0.013510012,-0.123313863,-0.022049869,-0.025484223,-0.00804423,-0.012748534,-0.011835342,-0.015315293,-0.063689992,-0.02814949,-0.020889241,-0.004430459,-0.015016589,-0.019182464,1.98422E-05
BR11_main,3.707474747,0.019550069,-0.001731726,-0.028095055,-0.01348284,-0.049363839,-0.01802687,0.000310612,-0.040724412,-0.013624788,0.019231925,0.000320767,-0.213834149,-0.000720472,-0.022612215,0.006254179,-0.006731556,-0.013499868,-0.113544871,-0.022434,-0.027306488,-0.008067538,-0.014170355,-0.01087164,-0.015985438,-0.06215342,-0.027135143,-0.022156778,-0.004492948,-0.014160206,-0.01953074,2.04866E-05
BR11_main,3.827070707,0.018705774,-0.001805164,-0.032530708,-0.013389609,-0.047611746,-0.01609845,0.000326223,-0.043414225,-0.014594545,0.018977153,0.000391172,-0.19732343,-0.00051125,-0.02227826,0.007237917,-0.006566536,-0.013739785,-0.116139589,-0.022809667,-0.028258628,-0.008012194,-0.016630696,-0.011051019,-0.017895938,-0.060458217,-0.026127095,-0.020805664,-0.004676393,-0.013450712,-0.020215457,2.0237E-05
BR11_main,3.946666667,0.01786838,-0.00165705,-0.033566196,-0.013319537,-0.048353889,-0.015276516,0.000328468,-0.048002531,-0.015043835,0.018261115,0.00039484,-0.185509527,-0.000456794,-0.022538565,0.007305796,-0.006332494,-0.016141459,-0.106318427,-0.022913972,-0.0278709,-0.007707488,-0.018150961,-0.011106258,-0.018876911,-0.058584147,-0.025133262,-0.020921107,-0.004749925,-0.012404728,-0.020509771,1.85785E-05
BR11_main,4.066262626,0.017350699,-0.001109283,-0.032319628,-0.013054603,-0.047967525,-0.014187595,0.000312551,-0.044052048,-0.015739462,0.017604045,0.000362027,-0.176754787,-0.000255022,-0.022551928,0.005792425,-0.006129559,-0.019590903,-0.088899029,-0.023027994,-0.02619883,-0.007430372,-0.019401798,-0.01136881,-0.019398665,-0.056535425,-0.024302444,-0.019566677,-0.004706731,-0.011929811,-0.020655085,1.8453E-05
BR11_main,4.185858586,0.017034688,-0.000810865,-0.030887293,-0.013280178,-0.047498821,-0.014233024,0.000308946,-0.03614257,-0.015143021,0.016543732,0.00032273,-0.174381491,-0.000233895,-0.022299256,0.004118786,-0.005906976,-0.021543464,-0.074882059,-0.023066364,-0.022580141,-0.007231375,-0.01841442,-0.011245213,-0.019575244,-0.054328626,-0.023360421,-0.016934834,-0.004755426,-0.010599693,-0.019854131,1.78063E-05
BR11_main,4.305454545,0.016788506,-0.000567885,-0.029452212,-0.013311875,-0.047319152,-0.014005564,0.000324743,-0.028211466,-0.014092866,0.014556604,0.000303964,-0.174095755,-0.000265289,-0.022040358,0.002882557,-0.005745072,-0.020104279,-0.055972883,-0.024044938,-0.020677723,-0.007179223,-0.013586184,-0.011195488,-0.019656229,-0.052025685,-0.022544062,-0.014486373,-0.004739979,-0.009391745,-0.020167861,1.75466E-05
BR11_main,4.425050505,0.016604983,-0.000438698,-0.027694563,-0.012515179,-0.047186507,-0.014511674,0.000325887,-0.024059518,-0.012506562,0.013659375,0.000263881,-0.1784875,-0.000310864,-0.021074971,0.002133971,-0.005486488,-0.0194281,-0.039032263,-0.0249327,-0.020141161,-0.006902011,-0.007990167,-0.010887509,-0.019520248,-0.049914465,-0.022229799,-0.013203521,-0.004742885,-0.009041749,-0.020380415,1.77562E-05
BR11_main,4.544646465,0.016476763,-0.000327564,-0.024727983,-0.01198295,-0.046643447,-0.014968041,0.000374801,-0.020169142,-0.010389875,0.012322144,0.000253276,-0.184438642,-0.000290401,-0.021872357,0.001571915,-0.005440064,-0.017431694,-0.029636874,-0.026009846,-0.019936179,-0.006790754,-0.003958664,-0.010483179,-0.017767807,-0.047833835,-0.021589218,-0.013157052,-0.004613039,-0.008849041,-0.021042238,1.70542E-05
BR11_main,4.664242424,0.016379118,-0.000221336,-0.021891372,-0.011558567,-0.0467795,-0.012169729,0.000347743,-0.019401764,-0.009566134,0.01069217,0.000267634,-0.190154395,-0.000287558,-0.022505439,0.001360432,-0.00557701,-0.016760145,-0.024743544,-0.027297825,-0.019999975,-0.006687073,-0.001706619,-0.009943089,-0.01593799,-0.046004389,-0.020848296,-0.013198789,-0.004493226,-0.008748573,-0.022515089,1.45005E-05
BR11_main,4.783838384,0.016208823,-0.000195849,-0.01929313,-0.011142202,-0.046500673,-0.0115179,0.00032449,-0.018338414,-0.009708223,0.009907924,0.000268081,-0.196111174,-0.000333123,-0.023421515,0.001168346,-0.006028721,-0.015104923,-0.019631859,-0.027371739,-0.020647202,-0.006548897,7.81648E-05,-0.009392975,-0.015181332,-0.044375446,-0.020008006,-0.0143649,-0.004301018,-0.008801126,-0.022080801,1.0603E-05
BR11_main,4.903434343,0.016051929,-0.000165895,-0.016641967,-0.010674054,-0.046912694,-0.011422366,0.000263226,-0.017616858,-0.009871165,0.009833438,0.000283986,-0.201999774,-0.000286707,-0.023762087,0.000571395,-0.006165844,-0.014086159,-0.016259013,-0.026024285,-0.020313928,-0.006428789,0.001509667,-0.008625748,-0.013948755,-0.042852273,-0.019047198,-0.014583868,-0.004049544,-0.009080339,-0.021585284,7.77653E-06
BR11_main,5.023030303,0.015813485,-0.00013867,-0.014016243,-0.010312882,-0.04715274,-0.010437414,0.000174313,-0.016859837,-0.010345863,0.008966802,0.00031862,-0.206931584,-0.000109404,-0.024181304,0.000247991,-0.00615654,-0.01285257,-0.012943096,-0.023829672,-0.020622673,-0.006389697,0.002835499,-0.0085662,-0.012792662,-0.041072756,-0.017985228,-0.015516576,-0.003886431,-0.008937625,-0.021472797,8.79898E-06
BR11_main,5.142626263,0.015439105,-0.000131554,-0.011092297,-0.010071862,-0.046770218,-0.008499675,0.000125116,-0.015662833,-0.01071898,0.008797462,0.000327804,-0.211343077,7.29766E-07,-0.024333914,5.49977E-05,-0.00582285,-0.01240591,-0.010757534,-0.022779299,-0.021067265,-0.006305397,0.003898466,-0.008372625,-0.012104734,-0.039171515,-0.016876823,-0.015212833,-0.003748947,-0.009091838,-0.020319207,1.02923E-05
BR11_main,5.262222222,0.014966355,-0.000118251,-0.00878986,-0.01008502,-0.046172765,-0.00907618,0.000143297,-0.014411201,-0.010722603,0.008962642,0.00032741,-0.217083689,2.07168E-05,-0.024968412,0.000304295,-0.005479002,-0.011382366,-0.009243338,-0.021512021,-0.022085014,-0.006221407,0.004682351,-0.008589991,-0.011665932,-0.037175948,-0.01589955,-0.014981181,-0.003656576,-0.008876108,-0.018960439,9.02561E-06
BR11_main,5.381818182,0.014441815,-0.0001207,-0.007595301,-0.010016092,-0.045526253,-0.009402499,0.000203831,-0.013794761,-0.009857473,0.009862839,0.000293334,-0.221457102,2.44416E-05,-0.024886411,0.000179143,-0.00523753,-0.011275862,-0.008660584,-0.01991962,-0.022881238,-0.006102873,0.005321816,-0.008464333,-0.01105812,-0.034954618,-0.014886152,-0.013450715,-0.003690369,-0.008638226,-0.020105789,6.06345E-06
BR11_main,5.501414141,0.013798379,-0.000132092,-0.006498897,-0.009818601,-0.044056137,-0.011074547,0.000266558,-0.012996734,-0.009348591,0.010193004,0.000259927,-0.22992287,1.66496E-05,-0.025145909,0.000170326,-0.005088223,-0.011045092,-0.008835792,-0.018540904,-0.02235735,-0.005969977,0.005972003,-0.008378557,-0.011238325,-0.032710064,-0.01388266,-0.013057994,-0.003625048,-0.009080888,-0.020965093,4.96403E-06
BR11_main,5.621010101,0.013204514,-0.000124045,-0.005808986,-0.00957274,-0.042427193,-0.013987251,0.00030213,-0.012456283,-0.009013104,0.009657057,0.000248996,-0.236042276,2.19018E-05,-0.026378132,-0.000105789,-0.004911762,-0.011109894,-0.008232374,-0.018050166,-0.021036755,-0.005801653,0.006634047,-0.008239142,-0.010866306,-0.030280315,-0.01296437,-0.013358415,-0.003559718,-0.009361903,-0.021928711,4.87527E-06
BR11_main,5.740606061,0.012425327,-0.000127348,-0.005340358,-0.009810076,-0.041013188,-0.01641608,0.000369213,-0.011889221,-0.008714214,0.009071729,0.000268694,-0.237011076,2.13437E-05,-0.026555857,-0.0010085,-0.004738694,-0.011346117,-0.007643742,-0.017969726,-0.019674751,-0.005674894,0.007346479,-0.007936983,-0.011413378,-0.028342272,-0.012037208,-0.012790183,-0.003518254,-0.009691085,-0.021894647,7.4772E-06
BR11_main,5.86020202,0.011599205,-0.000132808,-0.004267388,-0.00967169,-0.039270873,-0.017887929,0.00039687,-0.011364506,-0.008270135,0.008186804,0.000283072,-0.237687921,2.20482E-05,-0.026100166,-0.001714296,-0.004562875,-0.011564027,-0.007122813,-0.01824494,-0.019463289,-0.005610047,0.008115406,-0.007783416,-0.011598873,-0.026409911,-0.011131021,-0.012411815,-0.003558153,-0.009741764,-0.021092499,1.20169E-05
BR11_main,5.97979798,0.01064198,-0.000134782,-0.003599083,-0.009774777,-0.037062471,-0.019685527,0.000373032,-0.010922639,-0.00782636,0.007332806,0.000278894,-0.237840121,2.31579E-05,-0.025279677,-0.002011983,-0.004615455,-0.011731136,-0.006764987,-0.018446336,-0.018036243,-0.005603216,0.008943606,-0.008023342,-0.010917697,-0.024896274,-0.010300326,-0.012870359,-0.003613021,-0.009891387,-0.021568199,2.02706E-05
BR11_main,6.099393939,0.009624716,-0.000134975,-0.002790462,-0.009538518,-0.035486841,-0.022076433,0.000329531,-0.010281733,-0.007404429,0.006552789,0.000278001,-0.235074097,2.72988E-05,-0.024406265,-0.0027801,-0.004559191,-0.011951779,-0.006529908,-0.018846187,-0.018758733,-0.005386767,0.009878024,-0.008370758,-0.010947586,-0.023140289,-0.009574578,-0.014049365,-0.003637661,-0.00982436,-0.021567826,2.55576E-05
BR11_main,6.218989899,0.008540377,-0.000131242,-0.002137265,-0.009812702,-0.033727134,-0.02271095,0.000268346,-0.010053271,-0.006729748,0.005755171,0.000252925,-0.22614022,3.34541E-05,-0.023490951,-0.002527173,-0.004263517,-0.011504114,-0.00644804,-0.020366421,-0.016177514,-0.005082073,0.01090668,-0.008131248,-0.011888261,-0.021689295,-0.008806272,-0.013970648,-0.00368049,-0.009173261,-0.021352808,2.66366E-05
BR11_main,6.338585859,0.007400763,-0.000130056,-0.001815926,-0.009464555,-0.032236671,-0.022123199,0.000147756,-0.011776732,-0.006588849,0.00448003,0.000219512,-0.2165922,4.03851E-05,-0.021683344,-0.00244101,-0.003791558,-0.01120744,-0.006333475,-0.021542339,-0.013463095,-0.004858594,0.012047374,-0.007369338,-0.01255876,-0.020428754,-0.008207678,-0.013896878,-0.00365958,-0.008286021,-0.02085393,2.42754E-05
BR11_main,6.458181818,0.006285,-0.000160872,-0.001172466,-0.008148171,-0.030856932,-0.024657682,0.000112459,-0.012824062,-0.006280338,0.003617302,0.000195713,-0.205725276,4.85262E-05,-0.019600445,-0.002307796,-0.003235981,-0.011818002,-0.005962495,-0.020534282,-0.011316694,-0.004640765,0.013058136,-0.006548069,-0.012837499,-0.019250837,-0.007663845,-0.012457223,-0.003452232,-0.007253731,-0.01961355,1.89545E-05
BR11_main,6.577777778,0.005353008,-0.000215077,-0.000943155,-0.00714226,-0.029041447,-0.020406673,1.31959E-05,-0.014583618,-0.005693271,0.003162162,0.000173776,-0.192332208,5.91575E-05,-0.017418303,-0.002099577,-0.002741977,-0.011385116,-0.00588662,-0.018324394,-0.009394411,-0.004139151,0.014151932,-0.005781036,-0.01127326,-0.018083429,-0.007117535,-0.011363549,-0.003139583,-0.006731703,-0.016703473,1.44545E-05
BR11_main,6.697373737,0.00426024,-0.000209946,-0.000757818,-0.006034315,-0.027459614,-0.017560554,7.77499E-05,-0.0139433,-0.005253845,0.002781147,0.000153615,-0.180014238,7.14578E-05,-0.015776567,-0.00175262,-0.002399496,-0.009527745,-0.005613631,-0.015511932,-0.008234147,-0.003545165,0.015120349,-0.005079344,-0.009804925,-0.016958166,-0.006598728,-0.009737253,-0.002872611,-0.006557096,-0.012546981,1.13987E-05
BR11_main,6.816969697,0.002925036,-0.000130631,-0.000490792,-0.004741993,-0.026091761,-0.014243725,5.5442E-05,-0.012241885,-0.005164174,0.002310025,0.000139236,-0.167297474,8.4685E-05,-0.01362861,-0.001325004,-0.002142458,-0.007995358,-0.006798714,-0.01292742,-0.006878039,-0.003005359,0.015964115,-0.004118574,-0.008059807,-0.015814767,-0.006152952,-0.008018466,-0.00248239,-0.005719188,-0.009011574,8.82466E-06
BR11_main,6.936565657,0.001766436,-0.000133523,-0.000452568,-0.003593378,-0.024413738,-0.01084492,3.47052E-05,-0.009797976,-0.005219519,0.001693278,0.000121615,-0.152966277,0.00010278,-0.012169692,-0.000893323,-0.001918427,-0.006379874,-0.009961776,-0.009605749,-0.00563578,-0.002563,0.016771918,-0.003330886,-0.006836297,-0.01476559,-0.005756385,-0.006586813,-0.002129389,-0.005198563,-0.006360155,6.77766E-06
BR11_main,7.056161616,0.000928023,-0.000100843,-0.000420342,-0.002935656,-0.022766729,-0.008965597,-1.14926E-05,-0.010232894,-0.00510504,0.001338662,0.000110438,-0.139944464,0.000129741,-0.01111836,-0.00053217,-0.00172617,-0.004839348,-0.013117414,-0.007131962,-0.004701453,-0.002229526,0.017629272,-0.002751838,-0.005287475,-0.013782769,-0.0054308,-0.005161377,-0.001771811,-0.004530942,-0.005058307,5.94095E-06
BR11_main,7.175757576,0.000383537,-0.00022746,-0.000364881,-0.00237955,-0.021683515,-0.007573771,-2.46256E-05,-0.010515986,-0.00484357,0.001175639,0.000112715,-0.1279097,0.00017222,-0.010155899,-0.000128659,-0.001576856,-0.003807296,-0.014997232,-0.005605179,-0.004020952,-0.001881667,0.018446822,-0.002295665,-0.004343065,-0.012823126,-0.005128067,-0.004108238,-0.001457891,-0.003601833,-0.004411935,5.55681E-06
BR11_main,7.295353535,0.0000005,-0.000262942,-0.000306661,-0.001914183,-0.020814092,-0.006233254,-8.61075E-05,-0.011304348,-0.004229151,0.000956407,0.000117108,-0.118194483,0.000246562,-0.00946902,0.000377343,-0.001413785,-0.002832347,-0.015028486,-0.004222137,-0.003616074,-0.001626968,0.018997741,-0.001868994,-0.003566097,-0.011818363,-0.004856226,-0.003553661,-0.001205112,-0.002639637,-0.003808621,4.58566E-06
BR11_main,7.414949495,0.0000005,-0.000246352,-0.00032975,-0.001535311,-0.020399478,-0.005371247,-0.000117865,-0.012310273,-0.00400375,0.000765966,0.000114055,-0.109096448,0.000342141,-0.008937193,0.000451005,-0.001265394,-0.002201277,-0.012214786,-0.003206917,-0.003233408,-0.001402462,0.019432459,-0.00153883,-0.00275841,-0.010661279,-0.004622669,-0.003039528,-0.001030664,-0.00206369,-0.003647846,3.95904E-06
BR11_main,7.534545455,0.0000005,-0.000144526,-0.000321451,-0.001207791,-0.020040801,-0.004628273,-0.000205958,-0.012780467,-0.004087693,0.000592755,0.000104288,-0.101248324,0.000408775,-0.008020277,0.000561508,-0.001145966,-0.00205661,-0.010718347,-0.002618788,-0.003173583,-0.001155157,0.019790838,-0.001214321,-0.002100762,-0.009784243,-0.004380334,-0.002816693,-0.000864358,-0.001926037,-0.003696381,3.36992E-06
BR11_main,7.654141414,0.0000005,-1.79897E-05,-0.000561439,-0.001049333,-0.019254525,-0.004065427,-0.000259245,-0.013929655,-0.004024254,0.000439651,9.4861E-05,-0.094514024,0.000415072,-0.0071759,0.000615739,-0.001030622,-0.001857557,-0.008837337,-0.002269721,-0.00306889,-0.000986747,0.020062005,-0.001004604,-0.001847771,-0.008947894,-0.004181267,-0.002491103,-0.000747585,-0.00176532,-0.003792438,2.84934E-06
BR11_main,7.773737374,0.0000005,2.51061E-05,-0.000637536,-0.00108425,-0.018793252,-0.003545518,-0.000308783,-0.013002037,-0.004270113,0.000400937,8.64951E-05,-0.089360029,0.000458045,-0.006406071,0.000692285,-0.000928992,-0.001791053,-0.006444845,-0.002099888,-0.002924031,-0.000883283,0.020239228,-0.000876756,-0.001679138,-0.008347247,-0.004130989,-0.002331182,-0.000659111,-0.001660202,-0.003980345,2.30752E-06
BR11_main,7.893333333,0.0000005,3.2711E-05,-0.000645399,-0.001002038,-0.018552444,-0.003037997,-0.000385009,-0.012295021,-0.004444324,0.000357024,8.93427E-05,-0.087234627,0.000506692,-0.005875527,0.000787689,-0.000835749,-0.001783175,-0.00399997,-0.002573832,-0.002729125,-0.00078728,0.020304168,-0.00080514,-0.001476128,-0.007979607,-0.004218374,-0.002161544,-0.000577237,-0.00173259,-0.003976618,2.1242E-06
BR11_main,8.012929293,0.0000005,4.1429E-05,-0.000612348,-0.00086224,-0.018563364,-0.002625373,-0.000423152,-0.013049368,-0.004753831,0.000335852,7.82582E-05,-0.084226961,0.000555645,-0.005438457,0.000747327,-0.000739848,-0.001655743,-0.002810367,-0.002687013,-0.002591022,-0.00071064,0.020210246,-0.000803179,-0.001339168,-0.007670327,-0.004140641,-0.002071484,-0.000513034,-0.001848644,-0.003479572,2.2254E-06
BR11_main,8.132525253,0.0000005,6.75583E-05,-0.000671487,-0.000803985,-0.019016251,-0.002404999,-0.000537309,-0.013319415,-0.004914191,0.000100677,8.00575E-05,-0.08693663,0.000626714,-0.005159188,0.000687279,-0.000687963,-0.00181692,-0.00158453,-0.00236521,-0.002558557,-0.000671089,0.020011282,-0.000878,-0.001430983,-0.007524296,-0.00415899,-0.002045096,-0.000477013,-0.0020715,-0.003186777,2.07449E-06
BR11_main,8.252121212,0.0000005,9.5243E-05,-0.000766511,-0.000732252,-0.018940712,-0.002336613,-0.000743823,-0.014696028,-0.005026175,-0.000453899,9.07968E-05,-0.101934147,0.000704026,-0.005123793,0.000638055,-0.00070683,-0.001934201,-0.001434859,-0.001778269,-0.00253901,-0.000627715,0.019580644,-0.000942688,-0.001593197,-0.007379936,-0.004201699,-0.001982638,-0.000458594,-0.002277969,-0.002790683,2.16924E-06
BR11_main,8.371717172,0.0000005,0.000128276,-0.000862335,-0.000814916,-0.019551986,-0.00242551,-0.001138143,-0.016080138,-0.004703061,-0.001256154,7.87041E-05,-0.120392415,0.000799769,-0.005066662,0.000367695,-0.000757501,-0.00214726,-0.000768148,-0.001520561,-0.002530522,-0.000591353,0.019161676,-0.000986397,-0.00170865,-0.006998378,-0.004162183,-0.002005021,-0.000492042,-0.002350932,-0.002749898,2.27473E-06
BR11_main,8.491313131,0.0000005,0.000156697,-0.000898639,-0.000891851,-0.019912757,-0.002444257,-0.001397984,-0.018470552,-0.00421935,-0.001665695,7.33617E-05,-0.137749213,0.000819035,-0.005864206,0.000258249,-0.00078574,-0.002021255,-0.000278869,-0.001567867,-0.002528562,-0.000571576,0.018626825,-0.001026016,-0.00163863,-0.006993418,-0.003918378,-0.001975107,-0.000589625,-0.002490795,-0.002763776,2.37149E-06
BR11_main,8.610909091,0.0000005,0.000176393,-0.000757401,-0.00095491,-0.020221049,-0.002425536,-0.001546058,-0.016929466,-0.004134318,-0.001833931,8.49568E-05,-0.153046195,0.000833581,-0.006230697,0.000174781,-0.000774977,-0.002137768,-0.000225617,-0.00167078,-0.002568668,-0.000565198,0.01778737,-0.001054145,-0.001386542,-0.007012579,-0.003274757,-0.001995858,-0.000738716,-0.002639817,-0.002882243,2.8085E-06
BR11_main,8.730505051,0.0000005,0.000209266,-0.000762926,-0.000993156,-0.018795457,-0.002449204,-0.001707072,-0.01346075,-0.003850772,-0.003419671,0.000108156,-0.160061137,0.000870157,-0.006800114,0.000133893,-0.000768059,-0.001942011,-0.000240077,-0.001770295,-0.002609029,-0.000580807,0.016763259,-0.001118185,-0.001345899,-0.00713312,-0.003045786,-0.001995913,-0.000937407,-0.002702193,-0.00292195,3.1018E-06
BR11_main,8.85010101,0.0000005,0.000259238,-0.000860572,-0.000982544,-0.018512147,-0.002489365,-0.00175531,-0.012271037,-0.003778891,-0.003931558,0.00013333,-0.16746088,0.000959258,-0.006506405,0.000105438,-0.000769326,-0.001775581,-0.000145138,-0.001907003,-0.002633319,-0.000601902,0.015723689,-0.001173219,-0.001330803,-0.007441006,-0.002926505,-0.00207506,-0.001186158,-0.0029088,-0.003008384,3.67528E-06
BR11_main,8.96969697,0.0000005,0.000334376,-0.000937789,-0.001058432,-0.021445393,-0.002836423,-0.001499345,-0.010668735,-0.004105534,-0.003257437,0.000176875,-0.151759166,0.001042445,-0.005626369,0.000100194,-0.000737709,-0.001757441,0.000120144,-0.002066325,-0.002526913,-0.00062659,0.014584789,-0.001261367,-0.001379295,-0.008041411,-0.002760077,-0.002200973,-0.001295604,-0.002862845,-0.003100999,4.39012E-06
BR11_main,9.089292929,0.0000005,0.000431052,-0.000926137,-0.001069684,-0.020280882,-0.003084403,-0.001281758,-0.010091153,-0.004323864,-0.002517668,0.000206255,-0.151635608,0.001154284,-0.004697661,0.000101814,-0.000731712,-0.001777244,0.000353099,-0.002257356,-0.002527856,-0.000662936,0.013662769,-0.001157603,-0.001373433,-0.008607657,-0.002709518,-0.002288658,-0.001211361,-0.002753839,-0.003316439,5.36802E-06
BR11_main,9.208888889,0.0000005,0.000531443,-0.000828874,-0.001132865,-0.019339314,-0.002397381,-0.000980792,-0.010557599,-0.004516519,-0.001122796,0.00020223,-0.141368716,0.00126941,-0.004412371,0.000108953,-0.000725512,-0.001731387,0.000389488,-0.002420191,-0.00277446,-0.000734956,0.012689513,-0.001245938,-0.001493558,-0.009045693,-0.002666942,-0.002399671,-0.000968984,-0.002671751,-0.004053062,5.99802E-06
BR11_main,9.328484848,0.0000005,0.000687942,-0.000513508,-0.001265581,-0.017421758,-0.002713807,-0.000840109,-0.011380153,-0.004389311,-0.000162239,0.000206294,-0.134714462,0.001394051,-0.0043628,0.000122565,-0.000747544,-0.001887827,0.000431303,-0.002672664,-0.0028903,-0.000820332,0.011771458,-0.001475497,-0.001604902,-0.009383553,-0.002654137,-0.002569258,-0.00066184,-0.002537845,-0.005016581,6.71547E-06
BR11_main,9.448080808,0.0000005,0.000773454,2.18151E-05,-0.001522475,-0.016911518,-0.002894946,-0.000855224,-0.01259558,-0.00462936,-0.000200795,0.000198929,-0.118452134,0.001570178,-0.004433082,0.000145314,-0.000780662,-0.00203501,0.000471675,-0.002880575,-0.003442812,-0.000877749,0.011064414,-0.001656828,-0.001792301,-0.00963495,-0.002604511,-0.002657845,-0.000674515,-0.002346649,-0.005873149,7.62131E-06
BR11_main,9.567676768,0.0000005,0.000896703,0.000787817,-0.001729302,-0.016581251,-0.003554848,-0.000808341,-0.013774415,-0.004313626,-0.000293793,0.000190469,-0.113449824,0.001763507,-0.004504961,0.000179568,-0.000808133,-0.002202071,0.000208732,-0.003100532,-0.003916278,-0.000969578,0.010491829,-0.001809401,-0.001957663,-0.009823276,-0.002574056,-0.002730367,-0.000723061,-0.002392768,-0.00760545,7.76206E-06
BR11_main,9.687272727,0.0000005,0.001083138,0.000660992,-0.001865995,-0.017448162,-0.005514922,-0.000717027,-0.013520937,-0.004846947,-0.00042143,0.000185017,-0.117963895,0.001921666,-0.004503078,0.000210131,-0.000830303,-0.002349888,2.88759E-05,-0.003315075,-0.004415617,-0.001061005,0.009968171,-0.001807079,-0.002091618,-0.010186842,-0.00256591,-0.002790258,-0.000776202,-0.00275232,-0.008526741,7.73546E-06
BR11_main,9.806868687,0.0000005,0.001228291,0.000315092,-0.001857562,-0.019119018,-0.007118411,-0.000689743,-0.013200978,-0.005306096,-0.000471193,0.000184228,-0.120028995,0.002149245,-0.004586814,0.000242873,-0.00085727,-0.002486975,7.3148E-06,-0.003522384,-0.004756156,-0.001123341,0.009677925,-0.001547713,-0.002430778,-0.010614562,-0.002562339,-0.002837875,-0.000800202,-0.00312817,-0.008218516,7.52564E-06
BR11_main,9.926464646,0.0000005,0.001279238,-8.48401E-05,-0.001852209,-0.021542505,-0.008957945,-0.000676,-0.015351548,-0.005225456,-0.000763238,0.000193694,-0.119837189,0.002268487,-0.004719806,0.000295674,-0.000897182,-0.002598273,2.6553E-05,-0.003688623,-0.004647855,-0.001150077,0.009676091,-0.001298183,-0.002793244,-0.010951381,-0.002565834,-0.002861319,-0.000799526,-0.003153713,-0.007162782,7.4203E-06
BR11_main,10.04606061,0.0000005,0.001297312,-0.00052324,-0.001909445,-0.024682885,-0.007908391,-0.000715897,-0.017394633,-0.005116762,-0.000879662,0.000201646,-0.125516737,0.002366616,-0.004657383,0.000383867,-0.0009381,-0.002726284,5.7408E-05,-0.004000153,-0.004381897,-0.001146106,0.009147568,-0.001282853,-0.003170524,-0.011388913,-0.002568278,-0.00294639,-0.000833072,-0.002794768,-0.005270779,7.01745E-06
BR11_main,10.16565657,0.0000005,0.001269868,-0.000865462,-0.001913354,-0.0263415,-0.009126057,-0.00106243,-0.022520603,-0.004614534,-0.000948362,0.000209942,-0.125431079,0.002461793,-0.004813081,0.000423432,-0.000985928,-0.002825945,2.85343E-05,-0.004326451,-0.004088701,-0.001157053,0.008984442,-0.001406502,-0.00361027,-0.011727827,-0.002735258,-0.00309355,-0.000866157,-0.002449555,-0.004195526,6.21716E-06
BR11_main,10.28525253,0.0000005,0.001169297,-0.00096755,-0.001870984,-0.025592232,-0.008940006,-0.001319752,-0.018018012,-0.004075503,-0.001106416,0.000214623,-0.124451955,0.002550738,-0.005091467,0.000206176,-0.001066381,-0.002999459,0.000172033,-0.004788132,-0.004379017,-0.001177261,0.008478796,-0.001564627,-0.004044732,-0.012348875,-0.002873859,-0.003295308,-0.00091277,-0.002754606,-0.003990494,4.92944E-06
BR11_main,10.40484848,0.0000005,0.001066115,-0.001041527,-0.001838219,-0.023276972,-0.010604515,-0.001403054,-0.016502994,-0.003605594,-0.001301149,0.000204584,-0.135571376,0.002643287,-0.005465558,-0.000268657,-0.001181575,-0.003189823,0.000380215,-0.005212982,-0.004695156,-0.001234153,0.008198475,-0.001804101,-0.004301242,-0.013460649,-0.003142461,-0.003529154,-0.001032693,-0.003360653,-0.004367728,3.79888E-06
BR11_main,10.52444444,0.0000005,0.001027605,-0.001006967,-0.001961636,-0.02215244,-0.009027339,-0.00139946,-0.016614202,-0.003717377,-0.00177506,0.000134989,-0.141904383,0.002731905,-0.005788957,-0.000770187,-0.001294488,-0.003512906,-8.60191E-05,-0.005577783,-0.005126929,-0.00138639,0.007940312,-0.002157929,-0.00433544,-0.014923014,-0.003628299,-0.003836927,-0.001136157,-0.003957565,-0.004944679,3.08075E-06
BR11_main,10.6440404,0.0000005,0.000933832,-0.0010458,-0.002144012,-0.025147366,-0.009871557,-0.001316853,-0.017320235,-0.003730363,-0.002030668,0.00012677,-0.149966115,0.002819636,-0.006859782,-0.001146829,-0.001409754,-0.003834189,-0.001639198,-0.006127814,-0.005428251,-0.001519874,0.00760678,-0.002554842,-0.004924814,-0.015873743,-0.004132349,-0.004209799,-0.001237671,-0.005377864,-0.005472496,2.38396E-06
BR11_main,10.76363636,0.0000005,0.000949482,-0.001213426,-0.00240607,-0.027543841,-0.008515724,-0.001367722,-0.019317178,-0.004016917,-0.002090281,8.27576E-05,-0.152074727,0.002880949,-0.00808916,-0.003268661,-0.001541982,-0.004071232,-0.004824298,-0.006838179,-0.005895376,-0.001761958,0.007366726,-0.003145116,-0.005278773,-0.01616549,-0.004396939,-0.004564652,-0.001376671,-0.007577517,-0.005907402,2.32955E-06
BR11_main,10.88323232,0.0000005,0.00098847,-0.001306416,-0.002791468,-0.02891127,-0.006107883,-0.001467607,-0.02232718,-0.004492372,-0.001916117,-5.8915E-06,-0.161504255,0.00288957,-0.00913975,-0.005973037,-0.001635763,-0.004535221,-0.008038887,-0.007640854,-0.006373041,-0.001970039,0.007191513,-0.003807234,-0.005521397,-0.015902379,-0.004308231,-0.005209846,-0.001505936,-0.009841718,-0.00627635,2.34751E-06
BR11_main,11.00282828,0.0000005,0.000960661,-0.001439033,-0.003236011,-0.026766565,-0.005384614,-0.001442254,-0.024184302,-0.004201873,-0.001545332,-3.29029E-05,-0.165968527,0.002914407,-0.009539511,-0.007582857,-0.001678723,-0.005011756,-0.009856421,-0.008142155,-0.006903417,-0.002159746,0.007134187,-0.004155391,-0.005749771,-0.015446145,-0.003867583,-0.00600047,-0.001552693,-0.009814782,-0.006568045,1.79176E-06
BR11_main,11.12242424,0.0000005,0.000939253,-0.001514485,-0.003636807,-0.023812357,-0.005005664,-0.001448733,-0.0234443,-0.004253123,-0.001502194,0.00011374,-0.158049461,0.002831759,-0.009209663,-0.005554072,-0.001718142,-0.005369475,-0.010740749,-0.008667574,-0.007128025,-0.002526214,0.007511801,-0.004083374,-0.00616051,-0.015519107,-0.003328823,-0.006885068,-0.0015747,-0.0085012,-0.006912087,1.42209E-06
BR11_main,11.2420202,0.0000005,0.0008626,-0.001506579,-0.003792782,-0.022592131,-0.005298339,-0.001461915,-0.023134448,-0.004176984,-0.001736814,0.000212214,-0.147924912,0.002485629,-0.008953514,-0.002733686,-0.001994827,-0.005907129,-0.013303406,-0.008727177,-0.007657236,-0.002871923,0.007854321,-0.003708356,-0.006461222,-0.015794424,-0.003257599,-0.007863839,-0.001485906,-0.008626005,-0.007355745,3.28749E-06
BR11_main,11.36161616,0.0000005,8.60803E-05,-0.001551088,-0.003459062,-0.02418584,-0.006683878,-0.00138905,-0.019610325,-0.004017705,-0.003322225,0.00016694,-0.143308651,0.00206485,-0.008732888,-0.000891904,-0.002308035,-0.00612987,-0.019043463,-0.008410563,-0.008039664,-0.003041741,0.007908054,-0.003486303,-0.006986782,-0.01630438,-0.003824307,-0.00812417,-0.001370173,-0.009798244,-0.008334585,5.8078E-06
BR11_main,11.48121212,0.0000005,0.000131335,-0.001830251,-0.003143565,-0.025760899,-0.009774647,-0.001703223,-0.014262796,-0.004437298,-0.006303863,9.0247E-05,-0.146539151,0.0010857,-0.010704972,0.000425004,-0.002850651,-0.005642873,-0.02086962,-0.007767986,-0.007981304,-0.003043938,0.007393267,-0.003911118,-0.007678386,-0.017920292,-0.004474852,-0.007920227,-0.001326764,-0.009606939,-0.010691902,8.00886E-06
BR11_main,11.60080808,0.0000005,-0.000778371,-0.003489641,-0.002966797,-0.031669589,-0.016394354,-0.001889251,-0.017359534,-0.005649138,-0.010523765,-2.50522E-05,-0.147385822,-0.000465323,-0.012908716,0.000341553,-0.003419421,-0.006381216,-0.0287162,-0.00721786,-0.008244822,-0.003453457,0.004209435,-0.004387077,-0.0084341,-0.018455047,-0.005113281,-0.007435258,-0.001482613,-0.010321242,-0.014172979,8.74812E-06
BR11_main,11.72040404,0.0000005,-0.001727801,-0.004943409,-0.002825248,-0.034475873,-0.019324856,-0.0031001,-0.020601551,-0.006393263,-0.016065805,-0.000140663,-0.165458595,-0.002118321,-0.014422014,0.000280228,-0.003793091,-0.00698855,-0.032467485,-0.006938152,-0.008703775,-0.003820011,-0.000538739,-0.004613791,-0.008988779,-0.018713024,-0.00560994,-0.007741943,-0.001533519,-0.011762091,-0.017746861,8.69957E-06
BR11_main,11.84,0.0000005,-0.002039789,-0.006222374,-0.002636191,-0.036591767,-0.021533481,-0.003732086,-0.022706891,-0.006690118,-0.019011375,-0.000204454,-0.185285186,-0.00302599,-0.015038628,0.000218273,-0.003953692,-0.00742336,-0.034239502,-0.006684657,-0.008989253,-0.004254008,-0.002537793,-0.004735571,-0.009242062,-0.018623924,-0.005916606,-0.008059805,-0.001520229,-0.012809007,-0.019385781,8.65599E-06
BR12_main,0,0.020127386,-0.120771893,-0.310305299,-0.10743882,-1.526590975,-0.589495591,-0.08228574,-0.938749971,-0.223717367,-4.795623035,-0.016004745,-1.354861548,-1.789234247,-0.889487311,-0.304760068,-0.0437541,-0.401646624,0.845768019,-0.545337302,-0.209929915,-0.211676683,0.031192062,-0.070322156,-0.723294932,-2.139083933,-2.962272355,-0.081720917,-0.106360535,-0.658964572,-0.533578886,9.70266E-06
BR12_main,0.11959596,0.026706801,-0.101096401,-0.254926748,-0.086406998,-1.597579768,-0.504391007,-0.066273186,-0.806318938,-0.198171678,-3.157841225,-0.01349001,-1.287537385,-1.659420839,-0.461071168,-0.226739098,-0.039333648,-0.325589694,0.859612408,-0.457753666,-0.191492134,-0.174737113,0.246453756,-0.066384981,-0.520572117,-1.539367408,-2.268737102,-0.07819566,-0.0897823,-0.546903291,-0.42530303,1.45896E-05
BR12_main,0.239191919,0.031896453,-0.069600117,-0.055014733,-0.073926676,-1.328311005,-0.366278826,-0.048261088,-0.625584426,-0.165510766,-0.964684341,-0.009351092,-1.204469952,-1.338372569,-0.243535628,-0.095442841,-0.03460613,-0.290493994,0.888065812,-0.311761138,-0.174760332,-0.123832619,0.36643896,-0.060707135,-0.346553143,-0.819585281,-1.117140758,-0.073697523,-0.064777651,-0.357563311,-0.294883334,1.82789E-05
BR12_main,0.358787879,0.035708951,-0.048106408,-0.072331268,-0.06494138,-1.394271219,-0.24787369,-0.032514333,-0.425828169,-0.130982027,-0.472310865,-0.004975676,-1.113606829,-1.115530217,-0.432499663,-0.042143994,-0.029708738,-0.234542982,0.480434088,-0.200039515,-0.153425402,-0.08177188,0.398992948,-0.053637305,-0.264214553,-0.849583142,-0.955763189,-0.06852757,-0.042885282,-0.235179084,-0.192962402,2.59498E-05
BR12_main,0.478383838,0.038293709,-0.037052139,-0.152392465,-0.058261405,-1.791904148,-0.173130551,-0.048834427,-0.177187374,-0.098079894,-0.803999162,-0.002313615,-1.021446156,-0.992879153,-1.196205904,-0.086841305,-0.0249094,-0.170996267,0.088601944,-0.140217191,-0.165509013,-0.052068151,0.286173305,-0.045326834,-0.21663721,-1.394861678,-1.080320295,-0.063277836,-0.030419455,-0.154967189,-0.146875088,3.09965E-05
BR12_main,0.597979798,0.039921379,-0.032309192,-0.21138886,-0.052522921,-1.8217817,-0.182269402,-0.050883877,-0.135616752,-0.069493642,-0.759087345,-0.002412934,-0.932245513,-0.911655563,-2.049754993,-0.092643903,-0.019826386,-0.160970888,-0.015558168,-0.109781395,-0.212393766,-0.041797446,0.187201777,-0.0371679,-0.203336301,-1.802069064,-1.015891351,-0.058184398,-0.021520753,-0.090722411,-0.119605889,3.10312E-05
BR12_main,0.717575758,0.040888238,-0.030527993,-0.129743193,-0.048237467,-1.394404477,-0.212731511,-0.045443119,-0.164576454,-0.048283156,-0.539423022,-0.002656185,-0.8484495,-0.788575817,-2.277092826,-0.119559118,-0.015258184,-0.133861419,0.058972591,-0.088693187,-0.205123402,-0.033571656,0.129477862,-0.041844607,-0.154182263,-1.213228593,-1.027320893,-0.053395675,-0.01992028,-0.052154095,-0.094639185,2.77983E-05
BR12_main,0.837171717,0.041451494,-0.030274556,-0.020697668,-0.04449919,-1.046875739,-0.212285439,-0.043807954,-0.190274776,-0.046120087,-0.33415373,-0.002674762,-0.770450403,-0.646716701,-2.109157018,-0.088702638,-0.013799203,-0.116095576,0.207511484,-0.086150415,-0.161532046,-0.030118394,0.069419904,-0.046905424,-0.142649116,-0.604721166,-0.759660269,-0.049499959,-0.018795618,-0.053210973,-0.080372128,1.80082E-05
BR12_main,0.956767677,0.041762565,-0.025324467,0.038035483,-0.040984322,-0.662780656,-0.170920006,-0.03552981,-0.212838775,-0.046096457,-0.174202759,-0.002552589,-0.700711254,-0.488392611,-1.42203829,-0.053677012,-0.014316211,-0.093565936,0.310917548,-0.083205653,-0.117698176,-0.027555712,0.034499168,-0.051166356,-0.115604243,-0.308168356,-0.386083498,-0.045909715,-0.017412291,-0.049311636,-0.073845902,1.10321E-05
BR12_main,1.076363636,0.041935589,-0.021663296,0.049312211,-0.038427696,-0.406886538,-0.144010951,-0.030376908,-0.210697711,-0.041573583,-0.091001121,-0.002117777,-0.637865787,-0.495326239,-0.768635123,-0.024794908,-0.014068204,-0.066815496,0.334890202,-0.079126952,-0.09821435,-0.025400678,0.014022438,-0.049734118,-0.092104577,-0.264046092,-0.276454556,-0.042619023,-0.015841972,-0.045239407,-0.068826111,8.24783E-06
BR12_main,1.195959596,0.042024186,-0.018508969,0.065455895,-0.036171103,-0.825810307,-0.109359127,-0.024577472,-0.174292534,-0.032861145,-0.167334093,-0.001702974,-0.581148453,-0.39992993,-0.350777137,-0.008701269,-0.01318207,-0.048414503,0.322016471,-0.072303888,-0.079901449,-0.023696342,0.001734328,-0.042777202,-0.079455879,-0.220897835,-0.252654114,-0.039983374,-0.014041226,-0.041830305,-0.067158227,1.10415E-05
BR12_main,1.315555556,0.042077764,-0.017085653,0.048486481,-0.034540391,-1.377742463,-0.084401402,-0.012926208,-0.142958387,-0.021963685,-0.27479685,-0.001302419,-0.530042136,-0.375838893,-0.142459928,0.003577744,-0.012128014,-0.045970934,0.267936308,-0.066688347,-0.068420078,-0.022159758,-0.011467572,-0.033798641,-0.059314361,-0.188742933,-0.230876343,-0.037816724,-0.012152947,-0.041738894,-0.066047474,1.65336E-05
BR12_main,1.435151515,0.042104492,-0.011806034,0.037995293,-0.0330065,-1.439138106,-0.061152861,-0.008523293,-0.111698385,-0.01803287,-0.26621499,-0.000923028,-0.484021638,-0.407049229,-0.024336094,0.014390893,-0.011455945,-0.038291957,0.236263046,-0.06288615,-0.061755126,-0.02027588,-0.029671796,-0.024932359,-0.04912956,-0.2323085,-0.205686325,-0.03532622,-0.010905802,-0.045346212,-0.063582483,1.90191E-05
BR12_main,1.554747475,0.042111991,-0.008727597,0.035677197,-0.031887755,-1.353224053,-0.04596366,-0.006939775,-0.102289716,-0.018419416,-0.179288221,-0.000582183,-0.444027756,-0.457445445,-0.151922432,0.016995579,-0.0112654,-0.038799646,0.155394936,-0.059124717,-0.058554763,-0.018717014,-0.035862921,-0.020353954,-0.040842383,-0.201855616,-0.186010952,-0.033802546,-0.010104716,-0.037131319,-0.059206576,2.41562E-05
BR12_main,1.674343434,0.042093213,-0.007267839,0.029849887,-0.030723116,-1.083360068,-0.036077125,-0.004648347,-0.096353535,-0.018176963,-0.094659864,-0.000340251,-0.411007577,-0.481372172,-0.300486236,0.018261241,-0.011143643,-0.034260126,0.082238044,-0.055353565,-0.057323545,-0.018277598,-0.025744567,-0.019144249,-0.035762221,-0.173384332,-0.146190929,-0.032237162,-0.009365901,-0.031977305,-0.054349925,2.51548E-05
BR12_main,1.793939394,0.042058732,-0.005583328,0.022861488,-0.03028694,-0.997805264,-0.031811868,-0.004171761,-0.091853544,-0.017296927,-0.038781459,-0.000195013,-0.38370855,-0.43233881,-0.348393834,0.019001925,-0.01104237,-0.030746435,0.093500507,-0.051760302,-0.060232034,-0.018026715,-0.014151634,-0.018519336,-0.032480864,-0.166364442,-0.112549356,-0.031264335,-0.008869582,-0.029394656,-0.051119966,2.74236E-05
BR12_main,1.913535354,0.042017623,-0.00339542,0.014219449,-0.0294755,-0.867909937,-0.027787103,-0.003480347,-0.085403187,-0.016643252,-0.007291105,-3.63631E-05,-0.360371824,-0.341013184,-0.369124812,0.017997649,-0.01071753,-0.028769464,0.081822395,-0.048365485,-0.059885651,-0.017663584,-0.017439896,-0.017804238,-0.028864436,-0.147441151,-0.080377831,-0.030049694,-0.008476558,-0.029127069,-0.047241347,2.9015E-05
BR12_main,2.033131313,0.041946055,-0.002651151,0.007945751,-0.027930583,-0.632431044,-0.026608844,-0.002652247,-0.065898127,-0.016585024,0.016593116,9.98068E-05,-0.338329807,-0.260561053,-0.365861004,0.017306859,-0.010350261,-0.024215083,0.053379256,-0.045165691,-0.054171671,-0.017038682,-0.022413438,-0.016895263,-0.027192829,-0.126852728,-0.063894035,-0.028672124,-0.008126141,-0.026669523,-0.04056172,3.02046E-05
BR12_main,2.152727273,0.041820891,-0.002006679,0.005165459,-0.02605279,-0.366976403,-0.027488721,-0.002011924,-0.055391779,-0.016807809,0.03034404,0.000196068,-0.318290046,-0.219362585,-0.330292697,0.016816631,-0.010009394,-0.023505705,0.041035529,-0.042447831,-0.045171656,-0.016562191,-0.038341053,-0.015954116,-0.025735544,-0.112530276,-0.055842215,-0.027213813,-0.007656568,-0.023490183,-0.032890447,3.16925E-05
BR12_main,2.272323232,0.041641875,-0.001580479,0.006225191,-0.024151098,-0.179636179,-0.029568794,-0.001633876,-0.053898355,-0.015984965,0.033678234,0.000289805,-0.299595277,-0.170569702,-0.322945149,0.016655929,-0.009490991,-0.023030284,0.025762071,-0.040215053,-0.034803444,-0.016130306,-0.049686474,-0.01513832,-0.023909203,-0.103191891,-0.04949469,-0.025753531,-0.00715086,-0.022529725,-0.02870418,3.35459E-05
BR12_main,2.391919192,0.041353451,-0.00152421,0.003929705,-0.021681241,-0.155505433,-0.033788668,-0.001308623,-0.057257164,-0.015791533,0.032983322,0.000339904,-0.281329405,-0.13228445,-0.329717067,0.014650792,-0.009069957,-0.021770842,0.018696258,-0.038280916,-0.029666625,-0.014512303,-0.045732758,-0.014310334,-0.022734511,-0.092483353,-0.046902857,-0.024465258,-0.006689314,-0.021770812,-0.026330103,3.3565E-05
BR12_main,2.511515152,0.040943857,-0.001471336,0.001724337,-0.019527782,-0.152386976,-0.032595263,-0.000737238,-0.053337245,-0.014565719,0.033003979,0.000385552,-0.263977271,-0.084326334,-0.278015841,0.013358778,-0.008630183,-0.020237507,0.00371524,-0.036328582,-0.026041679,-0.013470683,-0.031389458,-0.013527699,-0.022023757,-0.088420118,-0.045242168,-0.023173528,-0.006309725,-0.020004785,-0.025772091,3.06423E-05
BR12_main,2.631111111,0.040340033,-0.001324354,-0.001155424,-0.017596878,-0.162713711,-0.032710016,-0.000341192,-0.049083619,-0.013765011,0.0346541,0.000448801,-0.248582916,-0.045005932,-0.200443303,0.013357916,-0.008178088,-0.018938625,-0.04310718,-0.034873588,-0.023878265,-0.01230462,-0.03119139,-0.012863494,-0.020959892,-0.085160881,-0.043162194,-0.021896309,-0.00592998,-0.020987105,-0.025960138,2.87396E-05
BR12_main,2.750707071,0.03936764,-0.001425683,-0.003644988,-0.016245956,-0.194472533,-0.024879642,-0.000122933,-0.042518416,-0.012769897,0.032826492,0.000472177,-0.234523467,-0.026698568,-0.141673843,0.01164595,-0.00774591,-0.018213791,-0.092458425,-0.033464768,-0.022137781,-0.0109241,-0.026755506,-0.012401782,-0.019799889,-0.080570286,-0.040765901,-0.020671617,-0.005548652,-0.023685857,-0.026132965,2.7522E-05
BR12_main,2.87030303,0.037985134,-0.001598093,-0.005578155,-0.015093172,-0.181859532,-0.023798452,9.18487E-05,-0.03889412,-0.012867598,0.031501045,0.000425177,-0.221386663,-0.013778527,-0.088587249,0.011129063,-0.007283735,-0.017446588,-0.122364703,-0.031866345,-0.021055384,-0.011243443,-0.021759116,-0.011923417,-0.018655594,-0.076610342,-0.038243332,-0.01948567,-0.005175677,-0.025005315,-0.02525132,2.63101E-05
BR12_main,2.98989899,0.036257958,-0.001736482,-0.007514842,-0.014054773,-0.145009181,-0.019737522,0.000304113,-0.040369053,-0.013257713,0.030865134,0.000365981,-0.212053706,-0.00762196,-0.054436558,0.011695575,-0.006916552,-0.01693552,-0.142968598,-0.030457412,-0.020020667,-0.011106075,-0.0276477,-0.011416718,-0.017561073,-0.074146219,-0.035954051,-0.018418231,-0.004837862,-0.022673845,-0.025958982,2.51532E-05
BR12_main,3.109494949,0.034059731,-0.001893871,-0.010527549,-0.013335493,-0.097691294,-0.020021462,0.00053455,-0.040557479,-0.012970599,0.030494827,0.000326371,-0.206277743,-0.004727661,-0.041515356,0.011865557,-0.006602607,-0.016465848,-0.161410348,-0.029133921,-0.01909832,-0.010404091,-0.030016583,-0.010964271,-0.016591923,-0.07049002,-0.033811553,-0.017646342,-0.004532222,-0.01882314,-0.024700574,2.34438E-05
BR12_main,3.229090909,0.030980843,-0.002171844,-0.012981566,-0.012750177,-0.078322808,-0.025421578,0.000903748,-0.041552865,-0.012324216,0.029713167,0.000276019,-0.200081192,-0.003007235,-0.034981976,0.012242235,-0.006325504,-0.015946078,-0.191854309,-0.028026996,-0.018272188,-0.00932495,-0.02111012,-0.010665696,-0.015988428,-0.066661947,-0.031919468,-0.016962693,-0.004267558,-0.016932212,-0.024908127,2.2879E-05
BR12_main,3.348686869,0.027811256,-0.001791048,-0.016434363,-0.01239388,-0.062954955,-0.030622598,0.001289299,-0.042389533,-0.011813876,0.027613046,0.0002486,-0.194717844,-0.002169131,-0.033383934,0.011172054,-0.006062862,-0.015570563,-0.191486217,-0.026943225,-0.017584403,-0.008629122,-0.025155067,-0.010403812,-0.015582025,-0.062999184,-0.030345587,-0.016617202,-0.004046125,-0.016293142,-0.0232079,2.17774E-05
BR12_main,3.468282828,0.024872683,-0.001301924,-0.021147153,-0.012086629,-0.065095553,-0.030081527,0.00141291,-0.043552416,-0.011996326,0.025404163,0.000241053,-0.192335233,-0.00150919,-0.031115306,0.010401768,-0.005849665,-0.015289338,-0.160084119,-0.026052641,-0.017130105,-0.008302011,-0.027188949,-0.010245698,-0.015254473,-0.060359722,-0.028916411,-0.016173577,-0.003868809,-0.013507252,-0.021504266,2.08697E-05
BR12_main,3.587878788,0.022292158,-0.001478797,-0.025775438,-0.012121192,-0.062375693,-0.029928036,0.001037223,-0.042510408,-0.012184651,0.02144081,0.000239253,-0.191619784,-0.001001309,-0.029393156,0.010140892,-0.005665883,-0.015038948,-0.133228035,-0.025358377,-0.016777007,-0.007993994,-0.026781143,-0.010099168,-0.0150829,-0.05761365,-0.02785615,-0.016021806,-0.003745429,-0.012791792,-0.021700182,2.02107E-05
BR12_main,3.707474747,0.020439938,-0.00151159,-0.031863306,-0.012470142,-0.062500585,-0.027078869,0.000714722,-0.041873237,-0.01212733,0.019897777,0.000231695,-0.191652787,-0.000667184,-0.02747156,0.009222025,-0.005489712,-0.014804759,-0.127158516,-0.024748918,-0.016568424,-0.007703754,-0.017499977,-0.01004926,-0.014930918,-0.056832995,-0.026879726,-0.015882169,-0.00367094,-0.01238263,-0.021234041,1.97883E-05
BR12_main,3.827070707,0.018369414,-0.001555,-0.036380103,-0.012654704,-0.056646881,-0.021262835,0.000611759,-0.039603061,-0.012159718,0.019124864,0.000219644,-0.192070361,-0.000348548,-0.025186943,0.008266887,-0.005373671,-0.014547574,-0.108228475,-0.024161281,-0.016285917,-0.007514056,-0.012469949,-0.010151307,-0.015146182,-0.054482305,-0.026030825,-0.015678868,-0.003611097,-0.011890263,-0.021217475,1.95274E-05
BR12_main,3.946666667,0.017178222,-0.001326355,-0.037488214,-0.012491265,-0.05594175,-0.016185472,0.000800238,-0.036849447,-0.011765366,0.018052888,0.000228107,-0.192082691,-0.000106291,-0.024790604,0.006685478,-0.005255117,-0.014393837,-0.095677421,-0.023593963,-0.01620427,-0.007468359,-0.010545655,-0.010084742,-0.015276429,-0.05229312,-0.025330828,-0.015361204,-0.003535198,-0.011275666,-0.020134556,1.92938E-05
BR12_main,4.066262626,0.016136206,-0.001222831,-0.038292211,-0.012456364,-0.053150857,-0.011706367,0.00025644,-0.032846137,-0.011422957,0.016942836,0.000241653,-0.191516934,-8.81854E-06,-0.024954219,0.005462534,-0.005116878,-0.014278087,-0.076721241,-0.023028389,-0.016395683,-0.008156411,-0.00926568,-0.009858517,-0.015501147,-0.050126002,-0.024970187,-0.014945918,-0.003517049,-0.010598152,-0.021328718,1.91095E-05
BR12_main,4.185858586,0.015496931,-0.001005606,-0.036605951,-0.012140512,-0.052004665,-0.009463718,0.000141448,-0.029588457,-0.01140224,0.015414037,0.000251635,-0.19038505,-1.53855E-06,-0.024809524,0.004559687,-0.004975747,-0.014090366,-0.059730651,-0.022423801,-0.016261637,-0.009560414,-0.009064244,-0.00949439,-0.015423421,-0.047865676,-0.024407585,-0.014447862,-0.003497018,-0.010084447,-0.020307794,1.90101E-05
BR12_main,4.305454545,0.015177878,-0.000822067,-0.035287586,-0.011965142,-0.05177287,-0.009117712,-2.21916E-05,-0.026039055,-0.01145939,0.014774018,0.000257844,-0.188764152,1.03581E-05,-0.025330157,0.003881699,-0.004828243,-0.013839459,-0.043493782,-0.02178171,-0.015985116,-0.009785887,-0.009126573,-0.009027317,-0.01506744,-0.045017179,-0.023665901,-0.013905913,-0.003472027,-0.00986396,-0.01889826,1.89682E-05
BR12_main,4.425050505,0.0149854,-0.00055449,-0.031616332,-0.011504951,-0.049816093,-0.009171148,5.39369E-06,-0.022459443,-0.010225221,0.01460299,0.000263947,-0.187228744,1.94829E-05,-0.025567056,0.003316302,-0.004674014,-0.013678825,-0.036856825,-0.021109022,-0.01594008,-0.009767952,-0.008623134,-0.008473773,-0.014538122,-0.042991641,-0.022685155,-0.013295469,-0.003456631,-0.009344325,-0.018225556,1.89652E-05
BR12_main,4.544646465,0.014746698,-0.00051586,-0.025709333,-0.011154799,-0.04916295,-0.009536314,8.72464E-05,-0.019889579,-0.009737126,0.014577221,0.000275484,-0.185945369,2.86363E-05,-0.025685235,0.002630974,-0.004526757,-0.013372095,-0.031808755,-0.020408147,-0.015884038,-0.009618711,-0.006321423,-0.007922791,-0.01393748,-0.041494192,-0.021856389,-0.012720063,-0.003445179,-0.009024554,-0.017654339,1.89933E-05
BR12_main,4.664242424,0.01458608,-0.000327472,-0.021379107,-0.01067926,-0.048272929,-0.009962243,0.00011062,-0.020072435,-0.009918739,0.014562733,0.000288396,-0.184044637,3.7094E-05,-0.02615178,0.002056679,-0.004357159,-0.0130024,-0.0261769,-0.019671765,-0.015748596,-0.008228863,-0.003716224,-0.007536021,-0.013233867,-0.04003361,-0.021103104,-0.012145987,-0.003431591,-0.008688125,-0.01828319,1.91038E-05
BR12_main,4.783838384,0.014361327,-0.000259159,-0.017361061,-0.010303086,-0.046330132,-0.010244627,0.000113989,-0.01950812,-0.010443057,0.014270462,0.000298255,-0.183372922,4.08034E-05,-0.026457501,0.001426287,-0.004212856,-0.012501221,-0.020489498,-0.019046546,-0.015563745,-0.008292261,-0.002493936,-0.007182208,-0.012562846,-0.039414055,-0.020255321,-0.011599045,-0.003430385,-0.0086497,-0.018462861,1.92998E-05
BR12_main,4.903434343,0.014175075,-0.000199522,-0.013710399,-0.010044418,-0.046160458,-0.010550755,0.000110658,-0.018665718,-0.010398293,0.013659767,0.000308224,-0.184098321,4.3288E-05,-0.026668681,0.001115583,-0.004091612,-0.012074927,-0.01656309,-0.018447425,-0.01534971,-0.007652481,-0.003084428,-0.006925801,-0.01192016,-0.038580138,-0.019309281,-0.011183093,-0.003442338,-0.008645162,-0.017467625,1.94799E-05
BR12_main,5.023030303,0.01391675,-0.000152387,-0.011075359,-0.009827286,-0.045741478,-0.011085661,0.000118768,-0.01729674,-0.010073451,0.013262549,0.000319519,-0.185539761,4.42842E-05,-0.026702321,0.000923514,-0.003978304,-0.011617192,-0.012541925,-0.018039794,-0.015125625,-0.006081117,-0.003085116,-0.006755512,-0.011344224,-0.037623681,-0.01828448,-0.01080652,-0.003480119,-0.008716711,-0.016570977,1.95313E-05
BR12_main,5.142626263,0.013729852,-0.000129206,-0.008521211,-0.009734438,-0.045164889,-0.011442975,0.000119097,-0.016012918,-0.009843222,0.012674266,0.000334366,-0.18694974,4.25094E-05,-0.026591341,0.000621871,-0.003866841,-0.01121883,-0.009416265,-0.017598078,-0.014869001,-0.006690321,-0.001754295,-0.00664464,-0.010945424,-0.035987246,-0.017255183,-0.010471943,-0.003495648,-0.008778049,-0.016486513,1.95992E-05
BR12_main,5.262222222,0.013538428,-0.000132493,-0.006773948,-0.009647671,-0.044753706,-0.011495297,0.000131924,-0.014593217,-0.009307142,0.012303528,0.000349024,-0.187853345,4.28071E-05,-0.026349862,-0.000371811,-0.003779964,-0.011034609,-0.007471333,-0.017266483,-0.014550213,-0.007595374,-0.000964984,-0.00655034,-0.010524788,-0.035512714,-0.016192105,-0.010195377,-0.003545143,-0.008824412,-0.017825229,1.98105E-05
BR12_main,5.381818182,0.013234833,-0.000132175,-0.005139058,-0.009581346,-0.044738307,-0.012069182,0.000162575,-0.013489829,-0.008606737,0.01190519,0.000344177,-0.189228862,2.60834E-05,-0.026039561,-0.00073156,-0.003688552,-0.010940248,-0.005598783,-0.016974254,-0.014209978,-0.007535612,-0.000287524,-0.006466457,-0.010071457,-0.034136529,-0.0151975,-0.00995891,-0.00355099,-0.008700124,-0.018106219,2.0077E-05
BR12_main,5.501414141,0.012845974,-0.000122812,-0.004129714,-0.009746605,-0.0443007,-0.012279646,0.000179244,-0.013107998,-0.008450924,0.011363474,0.000342581,-0.190341374,1.469E-05,-0.025734714,-0.000936244,-0.003604677,-0.010595977,-0.004100082,-0.0167097,-0.01384068,-0.007153802,0.000748738,-0.006382262,-0.009640519,-0.033898007,-0.014294027,-0.009739781,-0.003519885,-0.008764974,-0.018262948,2.01966E-05
BR12_main,5.621010101,0.01241699,-0.000106328,-0.003466723,-0.009350421,-0.043335494,-0.012279137,0.000187882,-0.01308909,-0.008265635,0.010786185,0.000332869,-0.192523361,9.81158E-06,-0.025333647,-0.001016626,-0.003523662,-0.010154535,-0.00373861,-0.016465186,-0.013387842,-0.007741627,0.00107699,-0.006305485,-0.00924341,-0.033443336,-0.013292598,-0.009551196,-0.003473738,-0.009228452,-0.018457239,2.02543E-05
BR12_main,5.740606061,0.011845233,-8.94041E-05,-0.002949062,-0.009106393,-0.043531091,-0.012572424,0.000195031,-0.012862157,-0.008096198,0.010306146,0.000323437,-0.194155747,4.65337E-06,-0.024712038,-0.000698056,-0.003445424,-0.009736838,-0.003637283,-0.016258107,-0.012967036,-0.007834374,0.001823266,-0.006226833,-0.008946866,-0.032218916,-0.012298542,-0.009366804,-0.003438391,-0.008930931,-0.018797264,2.0294E-05
BR12_main,5.86020202,0.011150849,-8.21254E-05,-0.0025518,-0.008569925,-0.04233744,-0.012930295,0.000233633,-0.013338787,-0.007952242,0.009873534,0.000316624,-0.195449303,2.46939E-06,-0.02402524,-0.000812797,-0.003379178,-0.009334134,-0.0026263,-0.016094755,-0.012560455,-0.007909086,0.003636617,-0.006142285,-0.008623089,-0.030392422,-0.011365851,-0.00918771,-0.003361893,-0.007938265,-0.018425252,2.04564E-05
BR12_main,5.97979798,0.010477381,-0.000130124,-0.002283412,-0.008027418,-0.041869737,-0.013395408,0.000256156,-0.01427799,-0.007678735,0.009514368,0.000308636,-0.196840478,1.3138E-06,-0.023257582,-0.000971671,-0.003311934,-0.008925906,-0.001967922,-0.015922111,-0.012208513,-0.007520497,0.005348392,-0.006050915,-0.008439259,-0.02887232,-0.010506403,-0.00904406,-0.003267149,-0.007547718,-0.017483925,2.05363E-05
BR12_main,6.099393939,0.009813709,-9.19347E-05,-0.002093196,-0.007597294,-0.040296063,-0.014011123,0.000300706,-0.015168043,-0.007448549,0.00918548,0.000300844,-0.198043522,7.36002E-07,-0.022310544,-0.001304292,-0.003245026,-0.008590007,-0.001314408,-0.015728089,-0.011746476,-0.006949626,0.006508924,-0.005952243,-0.00826795,-0.026968313,-0.009751487,-0.008904252,-0.003152357,-0.007293211,-0.016489336,2.05002E-05
BR12_main,6.218989899,0.009181838,-5.79399E-05,-0.0022335,-0.007266656,-0.037186061,-0.01455132,0.000339291,-0.015519822,-0.007136291,0.008869647,0.000293141,-0.19922431,8.5812E-07,-0.021205783,-0.001591886,-0.003180074,-0.008277811,-0.00132797,-0.015580818,-0.011281315,-0.006327338,0.007096153,-0.005848168,-0.008083888,-0.026014905,-0.009001082,-0.008754538,-0.003030171,-0.006978401,-0.014894529,2.04404E-05
BR12_main,6.338585859,0.008529481,-4.77277E-05,-0.002642011,-0.006953314,-0.034913334,-0.015302972,0.000416719,-0.014165015,-0.006691785,0.008594172,0.000281316,-0.200843404,1.25163E-06,-0.019945915,-0.001322363,-0.003116815,-0.007984731,-0.001375415,-0.015397512,-0.010821358,-0.004737453,0.006504626,-0.005750693,-0.007894252,-0.025160192,-0.008303764,-0.0086422,-0.002923883,-0.006706734,-0.012964835,2.05389E-05
BR12_main,6.458181818,0.00770494,-3.95984E-05,-0.00283607,-0.006734411,-0.033562014,-0.015704309,0.000512713,-0.013580411,-0.006357673,0.008350613,0.000273469,-0.202788188,1.17594E-06,-0.018685723,-0.001001588,-0.003062416,-0.007777393,-0.001280651,-0.015192413,-0.010347699,-0.004493255,0.006339885,-0.005646197,-0.007775332,-0.024625976,-0.007727552,-0.008549613,-0.002837995,-0.006628221,-0.011026585,2.03897E-05
BR12_main,6.577777778,0.006854151,-2.88618E-05,-0.002631826,-0.006551178,-0.030700781,-0.015634647,0.00055919,-0.013376275,-0.005940389,0.008285995,0.000265377,-0.204575604,1.19896E-06,-0.017428978,-0.000363614,-0.003010669,-0.007587277,-0.001179075,-0.014954356,-0.009922996,-0.004223854,0.005391275,-0.005539494,-0.00764965,-0.024040289,-0.007186988,-0.008447058,-0.002765282,-0.006637456,-0.010318437,2.02584E-05
BR12_main,6.697373737,0.005806003,-2.06253E-05,-0.002655482,-0.006375281,-0.02939184,-0.015491995,0.000586568,-0.013017664,-0.005757927,0.008228737,0.000252087,-0.206182314,1.76136E-06,-0.016290624,-0.000207836,-0.002962324,-0.007441901,-0.00104464,-0.014722531,-0.009522476,-0.004098592,0.003692352,-0.005453796,-0.007519924,-0.023379554,-0.006684704,-0.008336426,-0.002720225,-0.006656144,-0.009917098,2.01874E-05
BR12_main,6.816969697,0.004829855,4.5436E-06,-0.002700747,-0.006168911,-0.028274618,-0.014658805,0.000580147,-0.013019874,-0.005651286,0.007958625,0.000235809,-0.207583913,-5.94788E-07,-0.015119005,-6.6251E-06,-0.002924235,-0.007337449,-0.000833357,-0.014517748,-0.009118917,-0.004028604,0.002521359,-0.005367515,-0.007415492,-0.022977683,-0.006210031,-0.008225171,-0.002673607,-0.006695139,-0.009865429,2.01403E-05
BR12_main,6.936565657,0.004028359,1.85922E-05,-0.0027398,-0.005992903,-0.026967619,-0.014128246,0.000555812,-0.016122462,-0.005638204,0.007755529,0.000219937,-0.208755701,-1.68237E-06,-0.014271614,9.69632E-05,-0.002888485,-0.007215948,-0.000740371,-0.014327231,-0.008767096,-0.003997353,-0.001306707,-0.005294201,-0.007348269,-0.022853384,-0.005777888,-0.008110969,-0.002622145,-0.006637293,-0.010031422,2.00594E-05
BR12_main,7.056161616,0.003184739,3.64446E-05,-0.003007642,-0.005775888,-0.025818237,-0.013326429,0.000547885,-0.015337682,-0.005619787,0.00741851,0.000202929,-0.209673415,-7.09155E-06,-0.01341966,0.000215174,-0.002843994,-0.00712591,-0.000511385,-0.014108334,-0.008456943,-0.003944764,-0.009955546,-0.005270401,-0.007308945,-0.02246841,-0.005377071,-0.007990957,-0.002573409,-0.006577136,-0.009675356,1.98719E-05
BR12_main,7.175757576,0.002397885,3.38092E-05,-0.003681572,-0.005577195,-0.024581914,-0.012905192,0.000494322,-0.014013661,-0.005578405,0.007246631,0.000188029,-0.21043514,-3.39203E-05,-0.01288058,0.000432984,-0.002790625,-0.007052284,-0.000484025,-0.013860037,-0.008168366,-0.00372119,-0.019962809,-0.005214606,-0.007235096,-0.022216767,-0.005005515,-0.007864232,-0.00252604,-0.006655755,-0.009385293,1.9698E-05
BR12_main,7.295353535,0.001748824,4.37099E-05,-0.003943236,-0.005383788,-0.023591227,-0.012250537,0.000464994,-0.011509254,-0.005508868,0.006690975,0.00016665,-0.210706355,-4.49345E-05,-0.012364804,0.000575518,-0.002733373,-0.006980159,-0.000483982,-0.013582182,-0.007891521,-0.003620509,-0.030614608,-0.005142939,-0.007198584,-0.022085021,-0.004681405,-0.007723993,-0.002489789,-0.006699874,-0.009259479,1.96232E-05
BR12_main,7.414949495,0.001222507,8.75861E-05,-0.004225847,-0.005252832,-0.022629884,-0.011655359,0.000445549,-0.009999462,-0.005503677,0.006492211,0.000128225,-0.210901259,-6.66252E-05,-0.011850345,0.000692033,-0.002685592,-0.006901362,-0.000588869,-0.013212167,-0.007606346,-0.003524085,-0.036827932,-0.005041997,-0.007236906,-0.022007065,-0.004445847,-0.007568516,-0.002467303,-0.006684696,-0.009128759,1.95442E-05
BR12_main,7.534545455,0.000881696,6.86595E-05,-0.004586469,-0.005115736,-0.021596584,-0.011122275,0.00037552,-0.010274958,-0.005389035,0.00640393,9.67812E-05,-0.210742542,-0.000127393,-0.011351951,0.000820665,-0.002637795,-0.006833142,-0.000722606,-0.012864222,-0.007357598,-0.00344037,-0.039552722,-0.004926363,-0.007254963,-0.021984838,-0.004263078,-0.007457344,-0.002439536,-0.006579811,-0.00906856,1.94343E-05
BR12_main,7.654141414,0.000629962,8.66805E-05,-0.004938307,-0.004960697,-0.020529662,-0.010621654,0.000349317,-0.012091181,-0.005327226,0.006373992,5.39115E-05,-0.210513963,-0.000204643,-0.010919143,0.000960675,-0.002585001,-0.006772312,-0.000891372,-0.012488153,-0.0071765,-0.003399734,-0.041030866,-0.004824432,-0.007247531,-0.021781434,-0.004166537,-0.007335891,-0.002417135,-0.006680316,-0.00885726,1.93626E-05
BR12_main,7.773737374,0.000460586,7.75018E-05,-0.005252643,-0.004787386,-0.019836328,-0.010121177,0.000301832,-0.014477755,-0.005354072,0.00631011,1.04892E-05,-0.210372979,-0.00027824,-0.010573517,0.001028948,-0.002526567,-0.006680786,-0.001146486,-0.012150952,-0.006997826,-0.003319506,-0.028196414,-0.004721883,-0.007249767,-0.021711004,-0.004107542,-0.007223888,-0.002430178,-0.006953378,-0.008724352,1.93016E-05
BR12_main,7.893333333,0.000225582,6.02883E-05,-0.005443063,-0.004611236,-0.019268697,-0.00972954,0.000237261,-0.014354655,-0.005317091,0.006210973,-1.42563E-06,-0.209176785,-0.000336044,-0.010228947,0.00112925,-0.002461914,-0.006618329,-0.001387112,-0.011888876,-0.006874196,-0.003270681,-0.013911938,-0.004647251,-0.007222428,-0.021521257,-0.004013385,-0.007062838,-0.002387201,-0.006868663,-0.008648356,1.92753E-05
BR12_main,8.012929293,0.0000005,4.64302E-05,-0.0052848,-0.004438761,-0.019089327,-0.009333882,0.000235963,-0.013002951,-0.005026589,0.006173219,-1.26578E-05,-0.208134288,-0.00042079,-0.010141846,0.001233092,-0.002390939,-0.006551,-0.001662244,-0.011554427,-0.006827133,-0.003302683,-0.003772229,-0.004566621,-0.00714738,-0.021269966,-0.003887411,-0.006935736,-0.002367697,-0.007294651,-0.008564743,1.91383E-05
BR12_main,8.132525253,0.0000005,1.36283E-05,-0.005162338,-0.004299962,-0.019154976,-0.008837199,0.000213332,-0.011310064,-0.005014037,0.005832735,-2.51321E-05,-0.206898739,-0.000404184,-0.010101027,0.001327711,-0.002326338,-0.0064657,-0.001865989,-0.011262754,-0.006816952,-0.003239675,0.001097777,-0.004489409,-0.007040128,-0.021189078,-0.003709688,-0.006815637,-0.002348584,-0.007599897,-0.008354636,1.89402E-05
BR12_main,8.252121212,0.0000005,-3.10249E-06,-0.004694677,-0.004165024,-0.019608089,-0.008279049,0.000193218,-0.010670364,-0.005554077,0.005782305,1.2264E-05,-0.205233668,-0.00030786,-0.010064791,0.001452183,-0.002256933,-0.006368161,-0.002379348,-0.01099314,-0.006786423,-0.003240783,0.004546617,-0.004367081,-0.006916109,-0.020923241,-0.003474268,-0.006668692,-0.0022845,-0.007716093,-0.008180845,1.88455E-05
BR12_main,8.371717172,0.0000005,-1.67722E-05,-0.004432748,-0.004008196,-0.019784519,-0.007796052,0.000185419,-0.01024415,-0.005510514,0.005446981,6.70217E-05,-0.203807522,-0.000172227,-0.010038568,0.001623584,-0.002202959,-0.006274223,-0.003742252,-0.01070491,-0.006803958,-0.003368077,0.007044897,-0.004246284,-0.006783522,-0.020433383,-0.003188386,-0.00648605,-0.002231948,-0.00763764,-0.008005562,1.8691E-05
BR12_main,8.491313131,0.0000005,-4.53105E-05,-0.004218711,-0.003860657,-0.020327225,-0.007607219,0.000160233,-0.009448965,-0.005236706,0.005183687,8.08681E-05,-0.201862645,-8.69644E-05,-0.010078994,0.001794355,-0.002132722,-0.006203154,-0.004980485,-0.010449777,-0.006836836,-0.003560822,0.00873537,-0.004114494,-0.006620057,-0.019826231,-0.002897284,-0.006290356,-0.002200929,-0.007351863,-0.007857724,1.84092E-05
BR12_main,8.610909091,0.0000005,-7.50054E-05,-0.00443158,-0.003720079,-0.020250495,-0.007526397,0.000138921,-0.009085818,-0.005083341,0.004880771,8.4029E-05,-0.20011086,-7.64081E-05,-0.009989797,0.001987897,-0.002045793,-0.0060859,-0.007079408,-0.010177044,-0.006963612,-0.003397384,0.008900451,-0.004005798,-0.006418295,-0.019353389,-0.002688681,-0.006107939,-0.002154948,-0.006930337,-0.007690024,1.79432E-05
BR12_main,8.730505051,0.0000005,-0.000130811,-0.005129551,-0.00361526,-0.020241947,-0.007619011,0.000119209,-0.0092143,-0.005053951,0.004517011,7.23125E-05,-0.198598306,-6.08559E-05,-0.009788326,0.002161919,-0.001971395,-0.005965316,-0.009289999,-0.009919447,-0.006765928,-0.003214658,0.009241617,-0.003908121,-0.006157831,-0.018895475,-0.00255752,-0.005923954,-0.002150592,-0.006705109,-0.007549233,1.75189E-05
BR12_main,8.85010101,0.0000005,-0.00029753,-0.005645168,-0.003479627,-0.0205333,-0.008220907,9.1956E-05,-0.009077691,-0.004880845,0.004380495,6.64867E-05,-0.197460457,-2.88819E-05,-0.009512711,0.002158918,-0.001900422,-0.00587795,-0.011881972,-0.009646154,-0.006179585,-0.002963427,0.009219696,-0.003812069,-0.005959562,-0.018920042,-0.002450686,-0.005747123,-0.002140389,-0.006525241,-0.007379698,1.69978E-05
BR12_main,8.96969697,0.0000005,-0.000505447,-0.006271405,-0.003380282,-0.022720753,-0.008512747,3.93007E-05,-0.009560657,-0.005098942,0.004376934,6.23611E-05,-0.196324176,-9.35269E-06,-0.009543487,0.001653303,-0.001828887,-0.005752764,-0.013970033,-0.009359315,-0.00592128,-0.002860676,0.009409965,-0.00370595,-0.005746344,-0.019639339,-0.002363583,-0.005562794,-0.002068839,-0.00663115,-0.007214561,1.65449E-05
BR12_main,9.089292929,0.0000005,-0.000567364,-0.006630899,-0.003306418,-0.021262152,-0.009357195,-3.60041E-05,-0.010716059,-0.005351261,0.004336143,4.30813E-05,-0.196141059,-4.83812E-06,-0.009574067,0.000492211,-0.001744193,-0.005794107,-0.012341226,-0.009061708,-0.005610074,-0.002638241,0.009524287,-0.003609325,-0.005548383,-0.020170392,-0.002305461,-0.005386797,-0.002067241,-0.006762067,-0.007168323,1.61479E-05
BR12_main,9.208888889,0.0000005,-0.000530195,-0.006975932,-0.003292718,-0.0189256,-0.009966843,-0.000111299,-0.010925585,-0.005583726,0.004563974,4.53139E-05,-0.195731989,4.31706E-06,-0.009650955,-0.001192647,-0.001667791,-0.005683493,-0.009622091,-0.008787708,-0.005360329,-0.002610309,0.008389907,-0.003504406,-0.00540023,-0.020581144,-0.00225757,-0.005231291,-0.002071216,-0.006969583,-0.007136273,1.5761E-05
BR12_main,9.328484848,0.0000005,-0.00041057,-0.006862603,-0.0034433,-0.017394841,-0.009852222,-0.000178606,-0.012144844,-0.005839419,0.004485498,4.85423E-05,-0.19513067,3.19323E-05,-0.009678802,-0.001570488,-0.001616645,-0.005569074,-0.009914864,-0.00865371,-0.00512878,-0.002547509,0.006961792,-0.003528991,-0.005234301,-0.020093493,-0.002259432,-0.005072601,-0.002045508,-0.00739577,-0.007175867,1.54678E-05
BR12_main,9.448080808,0.0000005,-0.000232958,-0.006384285,-0.00380471,-0.016760784,-0.009611624,-0.000262096,-0.01224116,-0.005831314,0.004627885,6.68056E-05,-0.194875491,4.41508E-05,-0.009709266,-0.000653612,-0.001583244,-0.005479744,-0.010599722,-0.008580904,-0.004961329,-0.002435804,0.002566774,-0.003568544,-0.005043185,-0.019659958,-0.002193081,-0.004897606,-0.002030251,-0.007714029,-0.007097506,1.5275E-05
BR12_main,9.567676768,0.0000005,-0.000137994,-0.0055969,-0.00392888,-0.016686014,-0.009560502,-0.000308336,-0.013546867,-0.005379489,0.004503694,0.000109292,-0.195040101,6.1316E-05,-0.009904157,0.000268604,-0.001619363,-0.00537259,-0.011338338,-0.008913432,-0.004817899,-0.002256881,-0.002639653,-0.003604674,-0.004807108,-0.019719641,-0.002148761,-0.004773161,-0.002047424,-0.007831135,-0.00700501,1.48749E-05
BR12_main,9.687272727,0.0000005,-0.000171292,-0.004926772,-0.003838169,-0.016899031,-0.00834514,-0.000258146,-0.014772999,-0.005182533,0.004396037,0.000117473,-0.194582869,7.32345E-05,-0.010123512,0.001389912,-0.001620495,-0.005206874,-0.011049414,-0.009365886,-0.004675566,-0.002335349,-0.006729847,-0.003612956,-0.004526991,-0.019618718,-0.002124488,-0.004673855,-0.002073666,-0.008343574,-0.006824249,1.42914E-05
BR12_main,9.806868687,0.0000005,-0.000194431,-0.00473624,-0.003759936,-0.017212932,-0.006916173,-0.000224274,-0.016503095,-0.005134473,0.004313477,0.000127906,-0.19465152,7.87564E-05,-0.010673878,0.002778718,-0.001770224,-0.005039482,-0.010576243,-0.009515397,-0.004520607,-0.002269554,-0.007209698,-0.003588749,-0.004213774,-0.019306125,-0.002094649,-0.004543959,-0.002110563,-0.008035945,-0.006616784,1.38471E-05
BR12_main,9.926464646,0.0000005,-0.00021298,-0.004683626,-0.00380416,-0.017610907,-0.007373462,-0.00017308,-0.0146268,-0.005401396,0.004121076,0.000129639,-0.194188751,9.06804E-05,-0.010968784,0.00413196,-0.001971911,-0.00481848,-0.009145755,-0.009717354,-0.004354127,-0.002345576,-0.002892093,-0.003704012,-0.00390344,-0.018854216,-0.002071015,-0.004520414,-0.002152944,-0.007254698,-0.006400006,1.39317E-05
BR12_main,10.04606061,0.0000005,-0.000199032,-0.00482707,-0.00359525,-0.018268212,-0.008355636,-6.47364E-05,-0.016385535,-0.005908718,0.003735123,0.000128083,-0.198194467,0.000104385,-0.011190058,0.004038114,-0.002075406,-0.004497393,-0.010676912,-0.009930137,-0.004165083,-0.002448319,0.001578662,-0.003733341,-0.003650833,-0.018372504,-0.002032082,-0.004550096,-0.002122557,-0.006421648,-0.006427607,1.39643E-05
BR12_main,10.16565657,0.0000005,-0.000169777,-0.004989578,-0.003145257,-0.018860387,-0.010193725,-9.30499E-05,-0.016348891,-0.006237175,0.002804488,0.000122858,-0.204343911,0.000100284,-0.011381654,0.003866094,-0.002026964,-0.00426494,-0.009672607,-0.00948966,-0.003970489,-0.002498394,0.004986015,-0.00370779,-0.003474992,-0.017813157,-0.00192861,-0.004584426,-0.002011115,-0.005916508,-0.006393074,1.37492E-05
BR12_main,10.28525253,0.0000005,-0.000144613,-0.005094291,-0.002835473,-0.019664082,-0.013699859,-0.000206686,-0.017527659,-0.005871471,0.001561094,0.000120749,-0.229848917,5.79849E-05,-0.011576365,0.003938887,-0.002059221,-0.004171759,-0.009814646,-0.009331761,-0.003899088,-0.002306793,0.007362252,-0.003620177,-0.0033081,-0.017484634,-0.001771779,-0.004663317,-0.00195264,-0.005844457,-0.006520525,1.35596E-05
BR12_main,10.40484848,0.0000005,-0.000160621,-0.005128887,-0.002696555,-0.020462793,-0.019255767,-0.000444041,-0.016834409,-0.005894741,-0.000455902,0.000110072,-0.247726716,-6.35843E-05,-0.01177196,0.004654518,-0.002067298,-0.004201318,-0.010257625,-0.009527526,-0.003878598,-0.001915082,0.008876455,-0.003644204,-0.003166715,-0.01734335,-0.001920631,-0.004708415,-0.001969633,-0.005156056,-0.00669685,1.32134E-05
BR12_main,10.52444444,0.0000005,-3.07755E-05,-0.004994283,-0.002671664,-0.021473443,-0.021837346,-0.000809257,-0.015289518,-0.005636285,-0.002862602,4.36763E-05,-0.252177974,-0.000327593,-0.0121382,0.004490307,-0.002054568,-0.004280706,-0.009854401,-0.009232512,-0.003852084,-0.001870813,0.008752255,-0.003608562,-0.003021383,-0.017346514,-0.002709286,-0.004993194,-0.002102839,-0.005607267,-0.006759928,1.23213E-05
BR12_main,10.6440404,0.0000005,0.000215505,-0.005031039,-0.002600246,-0.023648647,-0.016219842,-0.00112236,-0.015481757,-0.005744694,-0.004635507,-5.85865E-05,-0.240581013,-0.000583644,-0.012366314,0.004521312,-0.002006037,-0.004299787,-0.010818803,-0.009558011,-0.003828158,-0.001792338,0.008188664,-0.003583247,-0.002862122,-0.01773031,-0.003884085,-0.005117297,-0.002128962,-0.006150142,-0.006424302,1.19831E-05
BR12_main,10.76363636,0.0000005,0.000387144,-0.005917948,-0.002504,-0.024988972,-0.011585678,-0.001980557,-0.015729858,-0.00564211,-0.005829188,-0.000106288,-0.225558595,-0.000655757,-0.012504834,0.004823052,-0.001816978,-0.004227413,-0.010756179,-0.010005415,-0.003862739,-0.001700044,0.009168863,-0.003618776,-0.002776867,-0.018248616,-0.004752175,-0.00536704,-0.002085615,-0.006083086,-0.00601054,9.08847E-06
BR12_main,10.88323232,0.0000005,0.000422316,-0.008872366,-0.002408951,-0.025486842,-0.007919108,-0.003833159,-0.01807402,-0.00565019,-0.006591746,-0.00014807,-0.223027037,-0.000562867,-0.012302037,0.00538659,-0.001632051,-0.004070127,-0.013167942,-0.009551112,-0.003930525,-0.001688725,0.011257909,-0.003540733,-0.002801146,-0.018364177,-0.004247781,-0.005459463,-0.002033098,-0.005785788,-0.005435691,5.91662E-06
BR12_main,11.00282828,0.0000005,0.000466401,-0.011660134,-0.002301927,-0.024695698,-0.003752533,-0.005037478,-0.023128346,-0.005513648,-0.009555787,-0.000101394,-0.231681803,-0.000282145,-0.010894441,0.005393273,-0.001532621,-0.003866905,-0.013928488,-0.009198582,-0.003899639,-0.001814448,0.011317091,-0.003449765,-0.002804105,-0.018039981,-0.003078741,-0.005529533,-0.001954224,-0.005760121,-0.005523589,3.53757E-06
BR12_main,11.12242424,0.0000005,0.000525012,-0.013097867,-0.002192898,-0.022599426,-0.002864063,-0.005277399,-0.025120353,-0.005875821,-0.011901996,-6.43658E-05,-0.236804977,-1.33762E-05,-0.010116091,0.005557635,-0.001496709,-0.003722998,-0.016320109,-0.01040936,-0.003995004,-0.001853751,0.010956503,-0.003157112,-0.002774004,-0.01784219,-0.002565061,-0.005502362,-0.002058761,-0.005034413,-0.005699693,3.10286E-06
BR12_main,11.2420202,0.0000005,0.000524898,-0.009812895,-0.002120888,-0.021458263,-0.003946972,-0.004480785,-0.024506278,-0.00607599,-0.012219489,2.99624E-05,-0.231160063,-0.00015227,-0.00920487,0.0054113,-0.001487061,-0.003542891,-0.019464502,-0.010914403,-0.003905537,-0.002051717,0.011363046,-0.003187503,-0.00313235,-0.017043367,-0.002907702,-0.005044919,-0.00201662,-0.004934668,-0.005761184,1.25333E-06
BR12_main,11.36161616,0.0000005,0.000537678,-0.00498055,-0.002092844,-0.020674427,-0.009247274,-0.002897715,-0.021530608,-0.006769953,-0.009997603,9.98851E-05,-0.233433455,-0.000359378,-0.008775249,0.005447278,-0.001723683,-0.003796482,-0.018859081,-0.012063384,-0.004140927,-0.002273957,0.010154101,-0.002995327,-0.00366809,-0.015530006,-0.003796606,-0.005004242,-0.002016257,-0.005747015,-0.005308882,6.11497E-07
BR12_main,11.48121212,0.0000005,0.000169594,-0.003967238,-0.002213272,-0.020369359,-0.016477426,-0.002238544,-0.021279376,-0.007099294,-0.008526629,0.000211174,-0.238951649,-0.000554715,-0.008365859,0.003756952,-0.001967677,-0.003983338,-0.019612913,-0.012730723,-0.004409624,-0.002636544,0.008787861,-0.003819252,-0.003980296,-0.015320218,-0.004645203,-0.005327755,-0.002031356,-0.007885795,-0.006472359,1.98355E-06
BR12_main,11.60080808,0.0000005,-0.000297797,-0.003045177,-0.002349831,-0.021937719,-0.031602431,-0.002227285,-0.022831804,-0.007972962,-0.012304534,0.000251749,-0.244458988,-0.00076444,-0.008054281,0.001256628,-0.002321734,-0.004169207,-0.020163928,-0.014873577,-0.004751374,-0.003430749,0.00274461,-0.005207656,-0.00435886,-0.017318451,-0.006081335,-0.005887053,-0.002297453,-0.009827008,-0.009934908,5.64217E-06
BR12_main,11.72040404,0.0000005,-0.000828306,-0.003161839,-0.002439717,-0.022097143,-0.046549637,-0.003128176,-0.025835152,-0.010671127,-0.019712519,0.000224359,-0.235726213,-0.001041117,-0.007867579,-0.002630151,-0.003097258,-0.004354255,-0.024843676,-0.020309544,-0.005010936,-0.004693085,-0.007075881,-0.007456627,-0.004740221,-0.020563914,-0.007366918,-0.007439853,-0.002762108,-0.01489549,-0.012362965,8.28748E-06
BR12_main,11.84,0.0000005,-0.001102424,-0.003228254,-0.002458223,-0.02198447,-0.055556563,-0.003743697,-0.027091103,-0.0124229,-0.030609626,0.000159179,-0.227880863,-0.001269822,-0.007661456,-0.003611084,-0.003888674,-0.004518853,-0.030158077,-0.027551518,-0.005171478,-0.006504787,-0.015616909,-0.009841827,-0.005177392,-0.021933872,-0.00792599,-0.009341858,-0.003015955,-0.018255097,-0.013966652,7.63607E-06