BR,time,vcd,ac,ala,arg,asn,asp,cit,cys,cyst,form,fum,glc,gln,glu,gly,his,ile,lac,leu,lys,met,nh4,phe,pro,ser,succ,thr,trp,tyr,val,titer
BR1_main,0,0.020868891,0.05499729,1.600249659,-0.011829797,0.55893984,0.217352858,0.153704545,1.493838688,-0.000710395,2.333138886,0.017521602,-0.957993612,0.134127038,0.655717894,0.965786658,-0.003202328,-0.009172309,2.13228865,-0.002774816,-0.001095438,-0.005713197,0.931888461,-0.002360925,-0.003140204,2.15696918,0.309912042,-0.01427399,-0.009883349,0.614767852,-0.00989647,0.000497219
BR1_main,0.11969697,0.026861333,0.046564085,1.113188714,-0.009491327,0.497106866,0.187484249,0.113841739,1.101044111,-0.003042784,1.773368147,0.011189176,-0.919629238,-0.133850871,0.703895286,0.654635816,-0.003060916,-0.023734939,2.046735882,-0.005699432,-0.0059987,-0.010267111,0.832567712,-0.016386839,-0.004682847,1.637429861,0.021628056,-0.015837516,-0.009715813,0.424292206,-0.028288264,0.000437885
BR1_main,0.239393939,0.031905691,0.023248427,0.501806057,-0.008139555,0.422961855,0.280093927,0.069347443,0.707609832,-0.004600619,1.048863829,0.004874352,-0.868643874,-0.415927666,0.511951461,0.252462397,-0.003362665,-0.033836983,1.991985916,-0.009183222,-0.007176789,-0.013177898,0.731860032,-0.014237073,-0.006153454,0.912777434,-0.237218526,-0.017302893,-0.008979946,0.183509664,-0.039164084,0.000367046
BR1_main,0.359090909,0.035691231,0.013573047,0.379617498,-0.004159348,0.339006559,0.473973938,0.045975373,0.451929637,-0.004614964,0.795851177,0.001484987,-0.811276507,-0.386423761,0.760355614,0.170120088,-0.003409661,-0.034340608,1.849611616,-0.012740743,-0.007320422,-0.016462875,0.599676713,-0.012948582,-0.007721621,0.493265274,-0.122236635,-0.020124871,-0.007922138,0.046099568,-0.048436055,0.000297458
BR1_main,0.478787879,0.038315135,0.010623683,0.345584198,-0.002404001,0.512568297,0.450512453,0.050960319,0.343365304,-0.005338678,1.339946582,0.000661434,-0.72075375,-0.246389481,1.005890177,0.135731477,-0.002267607,-0.032590164,1.336050384,-0.014523029,-0.007097603,-0.01660104,0.539157598,-0.011959501,-0.008793428,0.690895586,0.392091963,-0.019454206,-0.005847004,0.025395872,-0.040061989,0.000230012
BR1_main,0.598484848,0.039967026,0.00680129,0.32565734,-0.004735609,0.799974334,0.460222788,0.048034429,0.378234933,-0.005196476,1.527370956,0.000553187,-0.694446302,-0.149491002,1.071736109,0.121177754,-0.001232119,-0.029370274,1.129115092,-0.013778808,-0.007443108,-0.010619916,0.55718275,-0.011827562,-0.006433642,0.738704581,0.708621673,-0.018973646,-0.00390567,0.031131816,-0.030733637,0.00016939
BR1_main,0.718181818,0.04090488,0.005186857,0.306563664,-0.005601671,0.639196244,0.345057176,0.038048643,0.525997193,-0.005180088,1.318241139,0.00054674,-0.634125097,-0.152974804,1.127989551,0.102448687,-0.000876604,-0.019052603,0.928394849,-0.01103879,-0.006567368,-0.006179392,0.65721217,-0.013511421,-0.004666097,0.586012868,0.64423284,-0.013996229,-0.003008623,0.038752261,-0.020831826,0.000135127
BR1_main,0.837878788,0.041462773,0.006906188,0.27056933,-0.00629393,0.429409916,0.208561076,0.030603535,0.528514574,-0.005274606,0.941090986,0.000468419,-0.560329367,-0.152443536,0.89820644,0.107804293,-0.000612242,-0.010759163,0.818123112,-0.008576152,-0.005310471,-0.001843305,0.716503079,-0.013253224,-0.00438752,0.394930133,0.472052981,-0.011054721,-0.002501252,0.03495681,-0.016766038,0.000107012
BR1_main,0.957575758,0.041783428,0.003612191,0.263773515,-0.009541593,0.280223338,0.170055535,0.028203877,0.433083451,-0.005739166,0.593713613,0.001606242,-0.498105964,-0.118016785,0.593627496,0.116038665,-0.00034531,-0.007164289,0.72826664,-0.005002222,-0.004706841,-0.001600874,0.623283728,-0.010430855,-0.003377942,0.165223924,0.23176076,-0.008527294,-0.001847761,0.057242289,-0.015523182,8.87564E-05
BR1_main,1.077272727,0.041975113,0.004210582,0.245778003,-0.01367481,0.253036244,0.129294942,0.022724317,0.342874522,-0.006117811,0.346432808,0.002993342,-0.412476934,-0.120318976,0.29487705,0.112139973,-0.000438864,-0.005819519,0.654736904,-0.006370461,-0.004068579,-0.005152957,0.455293404,-0.00682578,-0.002284955,0.128268593,0.072048366,-0.008241861,-0.001757388,0.050100234,-0.014666142,7.30391E-05
BR1_main,1.196969697,0.042092169,0.004013291,0.209352041,-0.017706249,0.178051986,0.093569969,0.017197347,0.243750423,-0.006105411,0.266018054,0.003403739,-0.356935735,-0.133241519,0.125336356,0.104760716,-0.000715755,-0.007244973,0.576023743,-0.010425562,-0.002826197,-0.009066208,0.299629621,-0.00366157,-0.00322417,0.167871246,0.117332613,-0.00599978,-0.002362027,0.064747457,-0.013958799,6.84645E-05
BR1_main,1.316666667,0.042151127,0.003278924,0.170775081,-0.019679418,0.094658911,0.088592345,0.015054507,0.249794393,-0.00603265,0.272228175,0.003215511,-0.320287151,-0.077049007,0.237655474,0.095610248,-0.001123538,-0.010280227,0.706254325,-0.012577453,-0.002362422,-0.009314371,0.205568482,-0.002547968,-0.003015484,0.236736056,0.15878123,-0.005268095,-0.003091869,0.067814282,-0.013932786,6.29896E-05
BR1_main,1.436363636,0.042174587,0.00249847,0.130805237,-0.020077883,0.043656564,0.122732763,0.01268505,0.296080701,-0.005697423,0.243008035,0.00289868,-0.277010305,-0.025278043,0.221880365,0.090532088,-0.001744275,-0.013511541,0.963968511,-0.014341307,-0.002283063,-0.009744898,0.163092032,-0.002632712,-0.002758926,0.168291757,0.210792002,-0.005909522,-0.00342403,0.058435985,-0.010488924,5.82299E-05
BR1_main,1.556060606,0.04217116,0.002022328,0.130327267,-0.01967976,0.023589781,0.136313919,0.011731772,0.270278156,-0.005029576,0.231367282,0.002507383,-0.25349974,-0.007375787,0.241233243,0.082210734,-0.002535707,-0.013817386,1.054968004,-0.014953072,-0.00248255,-0.009226722,0.145999548,-0.003132952,-0.001925844,0.092313358,0.16248995,-0.006785247,-0.003104399,0.055095273,-0.008979768,5.41236E-05
BR1_main,1.675757576,0.042133741,0.001511333,0.153804819,-0.018531908,0.011172685,0.123880857,0.010464427,0.238405755,-0.004460642,0.215817176,0.002104773,-0.24142016,-0.007170126,0.21585336,0.077559216,-0.003337105,-0.012812957,0.959868744,-0.015403352,-0.003017496,-0.008523628,0.128213896,-0.003970437,-0.001917815,0.042174412,0.162821231,-0.007251316,-0.003605438,0.039450597,-0.005526273,5.1047E-05
BR1_main,1.795454545,0.042061578,0.001283036,0.182570225,-0.017058242,-0.008764311,0.105669876,0.010361815,0.209969438,-0.003982882,0.178585118,0.001755441,-0.222857374,-0.033030062,0.137859516,0.072891134,-0.004064898,-0.012093439,0.741996377,-0.014556118,-0.003597879,-0.008034891,0.109509624,-0.004689017,-0.001759562,-0.005618744,0.114213618,-0.007422037,-0.003495228,0.020415819,-0.00502419,4.7879E-05
BR1_main,1.915151515,0.041959038,0.001108904,0.196515978,-0.015766304,0.009339923,0.083747929,0.009874221,0.1024175,-0.004058401,0.160181897,0.001475076,-0.206378315,-0.076374214,0.056493646,0.066283125,-0.004692828,-0.011271504,0.589408844,-0.01393045,-0.00423621,-0.007669111,0.093890385,-0.005453584,-0.001433557,-0.030459832,0.067966541,-0.006531428,-0.002857315,0.009085881,-0.006188785,4.73785E-05
BR1_main,2.034848485,0.041879802,0.001039176,0.163170468,-0.014441872,0.026596038,0.059164615,0.008907439,0.062124251,-0.003994054,0.140380927,0.001321771,-0.192503271,-0.118553034,0.037548386,0.056665481,-0.005204262,-0.010286484,0.514408014,-0.014353477,-0.005795494,-0.00737363,0.079815133,-0.005848327,-0.001017704,-0.039560995,0.023929111,-0.008059928,-0.002555873,0.001985342,-0.006903263,4.5311E-05
BR1_main,2.154545455,0.041724047,0.000944752,0.148057634,-0.013329988,0.076597712,0.025604203,0.008784359,0.045582622,-0.003675515,0.123797943,0.00117945,-0.182921607,-0.106278402,0.042674067,0.049150323,-0.005589695,-0.009839221,0.368082416,-0.014759198,-0.007455652,-0.007116537,0.065577169,-0.006349217,-0.000890139,-0.044836337,-0.003968869,-0.009538924,-0.00269819,0.000771083,-0.007378978,4.41094E-05
BR1_main,2.274242424,0.041489815,0.000843551,0.133507938,-0.012411085,0.072221046,0.013654835,0.006776317,0.029055741,-0.003369529,0.105702574,0.000991865,-0.176690343,-0.062785547,0.085390804,0.042037196,-0.005721242,-0.009933777,0.232169041,-0.015357647,-0.008496854,-0.006854422,0.053451833,-0.006755797,-0.00092166,-0.046545353,-0.014446665,-0.010693957,-0.002239544,-0.001013144,-0.008782715,4.46585E-05
BR1_main,2.393939394,0.041300917,0.000739268,0.097446133,-0.011247264,0.076991391,0.004699554,0.006064494,0.020601076,-0.002869651,0.096048804,0.000910277,-0.17304606,-0.035118328,0.148226208,0.042597648,-0.005789893,-0.01011143,0.200550069,-0.016043027,-0.008736913,-0.006604169,0.04107499,-0.007015964,-0.001060834,-0.045174853,-0.019872392,-0.01075249,-0.002015193,-0.002784376,-0.009577225,4.57118E-05
BR1_main,2.513636364,0.041047547,0.000636959,0.071157991,-0.010051331,0.038366912,0.001986689,0.005621526,0.013483684,-0.002772845,0.087107164,0.000815159,-0.171270699,-0.018542872,0.136192326,0.043270142,-0.005729424,-0.010240787,0.157395205,-0.016564988,-0.009680414,-0.006381002,0.029103707,-0.006969567,-0.001339784,-0.044778377,-0.015910917,-0.010562518,-0.001936366,-0.003265625,-0.010653402,4.7098E-05
BR1_main,2.633333333,0.040488991,0.000453754,0.054152154,-0.008869649,0.010001079,0.0032788,0.005575134,0.002047876,-0.002797514,0.087257017,0.000711534,-0.167963838,-0.008634688,0.123461431,0.042188,-0.005690729,-0.01019404,0.085567547,-0.017101112,-0.00935015,-0.006223589,0.020854612,-0.006470146,-0.001889964,-0.045658232,-0.020658461,-0.010400741,-0.001963915,-0.00416118,-0.010358304,4.67692E-05
BR1_main,2.753030303,0.039689827,0.000353162,0.047600425,-0.008598484,-0.009048343,0.015144028,0.005192726,-0.000524189,-0.002704868,0.083559076,0.000658863,-0.161038812,-0.00333035,0.096106346,0.037219702,-0.005460819,-0.010082994,0.037440028,-0.017449515,-0.010339301,-0.006032367,0.013569991,-0.006295325,-0.002344333,-0.045656324,-0.021732419,-0.010374563,-0.002063066,-0.004410775,-0.009345469,4.56068E-05
BR1_main,2.872727273,0.038812403,0.000319902,0.038171664,-0.007678057,-0.011265149,0.004917913,0.005231804,-0.005324027,-0.00259818,0.077212618,0.000640214,-0.156888772,-0.000738185,0.074507909,0.030731467,-0.005216941,-0.010180889,-0.015695194,-0.018588053,-0.009519727,-0.005871247,0.007130242,-0.006315334,-0.002746741,-0.044976414,-0.022864924,-0.010473049,-0.002112503,-0.00434337,-0.009101919,4.55472E-05
BR1_main,2.992424242,0.037750637,0.000287114,0.024158663,-0.007263147,-0.009568639,-0.002284156,0.005109661,-0.005510653,-0.002728708,0.068056973,0.000590821,-0.151525727,0.000680667,0.038675403,0.023247546,-0.004980361,-0.010129548,-0.05530602,-0.01882715,-0.010101305,-0.005674099,0.001522462,-0.005851174,-0.003450399,-0.044233006,-0.024482532,-0.010629009,-0.002088782,-0.004696163,-0.009345063,4.8048E-05
BR1_main,3.112121212,0.036381436,0.000254743,0.007157252,-0.007100124,-0.008501979,0.000817666,0.00464306,-0.004562245,-0.002847982,0.064591833,0.000558253,-0.14767224,0.001486656,0.003075268,0.022055452,-0.004761005,-0.009810664,-0.067922981,-0.018663568,-0.010547909,-0.005509645,-0.002958654,-0.005755404,-0.003037114,-0.043824186,-0.023991527,-0.011183818,-0.002039262,-0.00251371,-0.009387243,4.91577E-05
BR1_main,3.231818182,0.034634788,0.000229007,-0.006073228,-0.007293349,-0.008109409,-0.004979983,0.004001702,-0.005313672,-0.003044996,0.054275052,0.000532357,-0.142963324,0.00167197,-0.007100116,0.022444331,-0.004569241,-0.009605955,-0.077559759,-0.018004273,-0.011117973,-0.005378458,-0.003597764,-0.005931346,-0.002441934,-0.043288009,-0.023172372,-0.010582455,-0.001991762,-0.001011574,-0.009162144,5.03075E-05
BR1_main,3.351515152,0.032848686,0.000220242,-0.010156282,-0.007460765,-0.007466363,-0.005480808,0.004246382,-0.007267872,-0.003331238,0.049647901,0.000575976,-0.135934923,0.001709227,-0.00963736,0.021847679,-0.004404732,-0.009663809,-0.072698977,-0.01747693,-0.011138714,-0.005219101,-0.003836047,-0.005879016,-0.002410527,-0.042974965,-0.022543727,-0.010118291,-0.001919319,-0.000590333,-0.008851882,5.15654E-05
BR1_main,3.471212121,0.031383316,0.000246962,-0.014629019,-0.00778988,-0.007578575,-0.003614474,0.004130659,-0.008150334,-0.003569687,0.045539878,0.000641817,-0.127269222,0.001584588,-0.009854495,0.020674999,-0.00423915,-0.009761306,-0.059404851,-0.017065945,-0.011805335,-0.00509983,-0.003734111,-0.005721325,-0.002198545,-0.042798144,-0.021623108,-0.009337549,-0.001853803,-0.001480594,-0.009731086,4.86806E-05
BR1_main,3.590909091,0.029900705,0.000229281,-0.01717358,-0.007902632,-0.008619908,-0.004998759,0.004152097,-0.007420998,-0.003481335,0.042869709,0.000666884,-0.120215158,0.001409277,-0.010251044,0.01965378,-0.004079774,-0.009330949,-0.053922597,-0.01674797,-0.010967169,-0.005031178,-0.002511948,-0.005541774,-0.002237128,-0.042066865,-0.01986551,-0.009222432,-0.001854847,-0.003252599,-0.011442983,4.6245E-05
BR1_main,3.710606061,0.028589303,0.000291321,-0.014359132,-0.007785744,-0.010459934,-0.00332136,0.003936008,-0.007828424,-0.00349421,0.039278695,0.000673987,-0.114909813,0.001242715,-0.009901579,0.019351589,-0.003946748,-0.009336737,-0.047806829,-0.016512771,-0.011178628,-0.004984726,-0.00196172,-0.005654646,-0.002347602,-0.040986909,-0.018763121,-0.009115043,-0.001903843,-0.004268327,-0.012435721,4.32744E-05
BR1_main,3.83030303,0.027198762,0.000375304,-0.013831259,-0.007892357,-0.012228617,-0.003168053,0.003907139,-0.007642491,-0.003475951,0.034603745,0.000710964,-0.110629005,0.001084875,-0.010011699,0.018145975,-0.003875834,-0.009262575,-0.044340351,-0.016098827,-0.009557393,-0.004958139,-0.000249607,-0.005891478,-0.002147451,-0.039477301,-0.017677385,-0.008867321,-0.002086276,-0.004840411,-0.012937711,3.81188E-05
BR1_main,3.95,0.025762923,0.000377212,-0.014125958,-0.007876455,-0.013409543,-0.005269723,0.00421124,-0.007332671,-0.003594548,0.030849999,0.000676204,-0.108863713,0.000984917,-0.010287369,0.018098745,-0.003822438,-0.009201557,-0.037578558,-0.015926466,-0.008626499,-0.004911022,0.00216176,-0.005895909,-0.002124272,-0.038233698,-0.01670705,-0.00898564,-0.002242187,-0.004530948,-0.013506893,3.53691E-05
BR1_main,4.06969697,0.024314975,0.000397732,-0.014565464,-0.007668662,-0.016099527,-0.004754441,0.003914663,-0.007621085,-0.003686975,0.02959625,0.000705175,-0.110358187,0.000935397,-0.010708566,0.017038622,-0.003718865,-0.009178952,-0.028653394,-0.014723329,-0.008819694,-0.004833767,0.005036223,-0.005894861,-0.002256817,-0.036909078,-0.016289986,-0.008954986,-0.002377282,-0.004383322,-0.013456586,3.3395E-05
BR1_main,4.189393939,0.022880715,0.000306294,-0.014871252,-0.007676906,-0.020081374,-0.004250335,0.003872632,-0.00859317,-0.003865484,0.028435773,0.000613469,-0.114168255,0.000955464,-0.01157073,0.01572579,-0.003640906,-0.009126248,-0.021297557,-0.013955777,-0.009950914,-0.004753934,0.007898005,-0.006125124,-0.001962112,-0.035284469,-0.015668337,-0.009121149,-0.002513182,-0.004101905,-0.013467228,3.06625E-05
BR1_main,4.309090909,0.021464998,0.000209422,-0.013344047,-0.00789612,-0.021230375,-0.004443403,0.003742765,-0.008337727,-0.004151366,0.027934177,0.000623363,-0.118941755,0.000984537,-0.012846696,0.013066418,-0.00358049,-0.008755781,-0.015372526,-0.013680199,-0.010013746,-0.004739323,0.010109455,-0.006051598,-0.001541377,-0.033956687,-0.01515041,-0.009138684,-0.002775684,-0.004059385,-0.013171644,2.87803E-05
BR1_main,4.428787879,0.020015911,0.000151886,-0.011816006,-0.008305204,-0.022042564,-0.004592239,0.003328298,-0.007941023,-0.004198031,0.026831881,0.00053937,-0.124917044,0.000993008,-0.013421721,0.01010456,-0.003489358,-0.008651522,-0.010748614,-0.013542018,-0.009875187,-0.004714452,0.011552757,-0.005987992,-0.001214724,-0.03289521,-0.014905527,-0.008810524,-0.002859544,-0.004158845,-0.01294579,2.6955E-05
BR1_main,4.548484848,0.0195776,0.000138107,-0.009416993,-0.008173243,-0.021834497,-0.004842997,0.003044733,-0.007370558,-0.004176807,0.026337484,0.000509994,-0.131475862,0.000990126,-0.012680281,0.008021408,-0.003415364,-0.008474172,-0.007305559,-0.013582046,-0.01041087,-0.004667958,0.012292923,-0.005901133,-0.001044915,-0.031892395,-0.014556157,-0.008731748,-0.00279052,-0.00442467,-0.013033435,2.56142E-05
BR1_main,4.668181818,0.019302123,0.000146122,-0.007171898,-0.007901595,-0.021930401,-0.004918646,0.002849626,-0.006516858,-0.004239439,0.025058854,0.00046203,-0.136301235,0.000996559,-0.012686475,0.007157635,-0.003360968,-0.00830402,-0.004866891,-0.013501766,-0.009765875,-0.004630617,0.012899327,-0.005892604,-0.00105842,-0.030740962,-0.014022613,-0.008800542,-0.002787169,-0.004673532,-0.012851118,2.57278E-05
BR1_main,4.787878788,0.019109397,0.000152291,-0.005770054,-0.007743131,-0.02170837,-0.00507578,0.002601581,-0.005813295,-0.004300007,0.02663968,0.000446235,-0.140243986,0.000976701,-0.012823647,0.006104337,-0.003312683,-0.008014534,-0.002597537,-0.013207229,-0.009415082,-0.004586752,0.013355437,-0.005763673,-0.001185293,-0.029666841,-0.013516067,-0.008773421,-0.002740325,-0.004779198,-0.012548517,2.54656E-05
BR1_main,4.907575758,0.018864008,0.000127162,-0.004282171,-0.007643658,-0.021570313,-0.004818364,0.00251837,-0.006053252,-0.004396852,0.030682812,0.000424943,-0.14285727,0.000930068,-0.013474237,0.005399648,-0.003254741,-0.007752765,-0.000480769,-0.012618895,-0.00851031,-0.004540029,0.013877832,-0.005522475,-0.001400759,-0.028669771,-0.013006556,-0.008614274,-0.002605647,-0.004947289,-0.012198279,2.51188E-05
BR1_main,5.027272727,0.018557348,0.000115102,-0.0027358,-0.007501538,-0.021190137,-0.005987868,0.00263146,-0.00650359,-0.0043415,0.034845617,0.000411768,-0.14499826,0.000873012,-0.014427153,0.004980255,-0.003190697,-0.007445926,0.000786194,-0.012070427,-0.007882226,-0.004503658,0.014286324,-0.005482298,-0.001632987,-0.027635621,-0.012527347,-0.008476097,-0.002542675,-0.005051307,-0.011686987,2.54707E-05
BR1_main,5.146969697,0.018163394,0.000138877,-0.00199673,-0.007319858,-0.021627098,-0.006440109,0.002503437,-0.00650068,-0.004591865,0.037134018,0.000408803,-0.148536795,0.000806807,-0.014745874,0.004721019,-0.003130015,-0.007098621,0.002195166,-0.011858112,-0.007683419,-0.004470308,0.014570807,-0.005332699,-0.001850031,-0.026678474,-0.011972121,-0.008364251,-0.002471525,-0.005154225,-0.011028195,2.56938E-05
BR1_main,5.266666667,0.017589175,0.000164813,-0.001337584,-0.007173382,-0.020050383,-0.006542958,0.002510457,-0.006394,-0.004730766,0.033637842,0.000423865,-0.151865135,0.000734075,-0.015311165,0.004470668,-0.003079987,-0.007082302,0.003853362,-0.011652559,-0.00717223,-0.004425486,0.0146351,-0.005188138,-0.002073852,-0.025795598,-0.011441524,-0.00825733,-0.002406239,-0.005220075,-0.010457132,2.5793E-05
BR1_main,5.386363636,0.017086847,0.000187988,-0.000557697,-0.007025174,-0.020151732,-0.007079654,0.002519033,-0.006718588,-0.004525315,0.031542373,0.000429274,-0.154376504,0.000657764,-0.015983997,0.004252751,-0.003029953,-0.00710598,0.005498084,-0.011566367,-0.006214397,-0.004351722,0.014895508,-0.005159409,-0.002392694,-0.024742829,-0.010859654,-0.008190085,-0.002269215,-0.00526603,-0.010011618,2.58465E-05
BR1_main,5.506060606,0.016622373,0.000242005,0.000379621,-0.006855999,-0.018293761,-0.007527483,0.002450723,-0.006813621,-0.004456255,0.028972899,0.00042658,-0.155559983,0.000578924,-0.017345407,0.003936136,-0.002971043,-0.006894012,0.006501427,-0.01157621,-0.005690973,-0.004233961,0.015616108,-0.005103414,-0.00289054,-0.023671118,-0.010384405,-0.008095415,-0.002176742,-0.005286392,-0.009674773,2.5997E-05
BR1_main,5.625757576,0.016178725,0.000248292,0.001998631,-0.006588365,-0.017479383,-0.008513819,0.002065486,-0.006738111,-0.004202695,0.02824372,0.000427088,-0.158609805,0.000497901,-0.016884391,0.003721564,-0.002899469,-0.006513388,0.007060419,-0.011574672,-0.005558049,-0.004036374,0.016899175,-0.005059183,-0.003228968,-0.022572675,-0.009891812,-0.00790829,-0.00210837,-0.005257518,-0.009622904,2.66322E-05
BR1_main,5.745454545,0.01600195,0.000251716,0.003374203,-0.006248312,-0.017117738,-0.008512754,0.001725967,-0.006168117,-0.004198323,0.026148086,0.00042327,-0.160777634,0.000438572,-0.016110275,0.003602095,-0.002832576,-0.006558434,0.007229846,-0.011595645,-0.005276128,-0.003835227,0.01894633,-0.004945028,-0.003339875,-0.021560038,-0.009393548,-0.007823617,-0.002085113,-0.005212033,-0.009580104,2.75329E-05
BR1_main,5.865151515,0.015581443,0.000269309,0.003310271,-0.005949827,-0.017884822,-0.008888411,0.001365355,-0.006203705,-0.004068529,0.023179976,0.000416453,-0.161633624,0.000395055,-0.015589971,0.003371772,-0.002762364,-0.006598205,0.006623698,-0.011642413,-0.00542524,-0.003651359,0.021707121,-0.004803289,-0.00373187,-0.020701014,-0.008825448,-0.007698358,-0.002024305,-0.005109548,-0.009154688,2.77416E-05
BR1_main,5.984848485,0.014884462,0.000314926,0.004460199,-0.005726758,-0.019386996,-0.009508625,0.001254757,-0.005843635,-0.004036013,0.021798411,0.000402017,-0.163281278,0.000368851,-0.015180048,0.003013159,-0.002686464,-0.006676578,0.005870071,-0.011642443,-0.005555821,-0.003519213,0.022262113,-0.004787385,-0.003924577,-0.020029469,-0.008223892,-0.007555537,-0.001974313,-0.005014994,-0.008830847,2.79797E-05
BR1_main,6.104545455,0.013858333,0.000347859,0.005970806,-0.005437351,-0.021003513,-0.00955341,0.001166273,-0.00566093,-0.004127261,0.01701683,0.000391008,-0.166042703,0.000346888,-0.013973824,0.002854872,-0.00261644,-0.006237745,0.005163119,-0.011557167,-0.005944428,-0.00347788,0.023167854,-0.004723661,-0.003642475,-0.019535827,-0.007625309,-0.007418554,-0.001978957,-0.004905271,-0.008602597,2.81732E-05
BR1_main,6.224242424,0.013444248,0.000409764,0.005350518,-0.00526039,-0.022459818,-0.009597815,0.001027183,-0.005569568,-0.004167819,0.01455727,0.000367603,-0.167842777,0.000324379,-0.01284986,0.002634155,-0.002566256,-0.005898333,0.004596672,-0.011596804,-0.006217204,-0.003449839,0.024317115,-0.004629335,-0.003516486,-0.019197052,-0.007090925,-0.00728416,-0.001976949,-0.00476093,-0.008498352,2.82174E-05
BR1_main,6.343939394,0.013059908,0.000404615,0.006556875,-0.005077982,-0.023902832,-0.009425521,0.000926495,-0.005747869,-0.003986443,0.012540226,0.000352155,-0.169980477,0.000308368,-0.013257381,0.002363214,-0.002522943,-0.005931294,0.004089327,-0.011567792,-0.006422435,-0.003324748,0.02360758,-0.004468708,-0.004110653,-0.018881298,-0.00661407,-0.007137956,-0.001934689,-0.00465086,-0.008366561,2.78859E-05
BR1_main,6.463636364,0.012761177,0.000471491,0.005690555,-0.004888847,-0.024518394,-0.009135574,0.000871418,-0.005772259,-0.003825146,0.011984654,0.00033659,-0.172475211,0.000285812,-0.012843541,0.002144061,-0.002470624,-0.006097117,0.00376789,-0.011542625,-0.006229953,-0.003204203,0.021548085,-0.004383869,-0.004828871,-0.018630596,-0.006212694,-0.00665731,-0.001894452,-0.004591835,-0.008229463,2.7593E-05
BR1_main,6.583333333,0.012151252,0.00054577,0.004782595,-0.004797482,-0.023808442,-0.008661804,0.000858545,-0.005693828,-0.003736537,0.011420865,0.000318889,-0.174130098,0.000268418,-0.01224878,0.00227545,-0.002427042,-0.006006475,0.003406823,-0.011522225,-0.006430125,-0.003132915,0.018694495,-0.004263269,-0.004864519,-0.018483475,-0.005866406,-0.006201006,-0.001935206,-0.00452793,-0.008078828,2.75597E-05
BR1_main,6.703030303,0.010975682,0.00070269,0.003602032,-0.004789748,-0.022595132,-0.008088595,0.000852822,-0.005188027,-0.003476137,0.01085941,0.00030221,-0.175618467,0.000251054,-0.011414386,0.002366469,-0.002377692,-0.006020677,0.002945922,-0.011504417,-0.00688125,-0.003065324,0.018148354,-0.004153739,-0.004663371,-0.018424644,-0.005465161,-0.005665552,-0.00193116,-0.004468816,-0.007933416,2.68725E-05
BR1_main,6.822727273,0.009932684,0.00093936,0.003167408,-0.004813772,-0.021253848,-0.007642322,0.000924097,-0.004972631,-0.003229214,0.010311486,0.000290767,-0.177835052,0.000244667,-0.01108378,0.002285772,-0.002343957,-0.005997636,0.002565599,-0.011533085,-0.006808508,-0.003022557,0.016570219,-0.004063787,-0.004455095,-0.018519663,-0.00512929,-0.005307168,-0.001935529,-0.004320073,-0.008007726,2.61849E-05
BR1_main,6.942424242,0.008785332,0.000883199,0.001919054,-0.004838247,-0.019850422,-0.00725585,0.001082503,-0.004831848,-0.003040246,0.009983756,0.000274113,-0.179178958,0.000240383,-0.010190903,0.002073188,-0.002324444,-0.005557733,0.002331362,-0.011470263,-0.006594384,-0.002994674,0.015504936,-0.004006307,-0.00392131,-0.018676665,-0.004680562,-0.005303065,-0.001917125,-0.004192141,-0.007606522,2.55698E-05
BR1_main,7.062121212,0.008247819,0.000828775,0.000883755,-0.004770418,-0.018912811,-0.006807775,0.001212309,-0.004650223,-0.002554567,0.009803908,0.000259555,-0.180939517,0.000235569,-0.009373925,0.00192556,-0.002306444,-0.005309788,0.002140611,-0.011332308,-0.006497032,-0.002883669,0.014917419,-0.003929452,-0.00384691,-0.01878027,-0.004214216,-0.005107436,-0.001898169,-0.004092752,-0.007365699,2.49658E-05
BR1_main,7.181818182,0.007368837,0.000842392,0.000460839,-0.00466507,-0.01804334,-0.006227763,0.00147534,-0.00455471,-0.002040834,0.009938636,0.000246596,-0.18272707,0.000229069,-0.008834628,0.001927003,-0.002266052,-0.005133028,0.001919918,-0.011102673,-0.006077906,-0.00281858,0.014075962,-0.003833089,-0.003755698,-0.018737909,-0.003841243,-0.005030409,-0.001932227,-0.004026274,-0.007125071,2.40694E-05
BR1_main,7.301515152,0.006854091,0.000940804,0.000295735,-0.004546508,-0.016741289,-0.005659573,0.001609457,-0.004803497,-0.002284976,0.010246963,0.000242698,-0.182244837,0.000236231,-0.008185815,0.002015495,-0.002241057,-0.004916027,0.001782192,-0.01088123,-0.005746511,-0.002738626,0.013249952,-0.003746229,-0.003687874,-0.018835609,-0.003548929,-0.004653586,-0.00193187,-0.003937877,-0.006780672,2.29422E-05
BR1_main,7.421212121,0.006151958,0.000896122,7.17868E-05,-0.004401978,-0.015594188,-0.005292112,0.001803998,-0.005098959,-0.002143326,0.0108371,0.000231424,-0.182115324,0.000242684,-0.00821129,0.002087324,-0.002196993,-0.004703231,0.001712434,-0.010656993,-0.005056693,-0.002601992,0.012884742,-0.003646017,-0.003498196,-0.018825685,-0.003298042,-0.004488097,-0.001892447,-0.003808113,-0.006550319,2.21255E-05
BR1_main,7.540909091,0.005995104,0.00086227,-0.000245387,-0.004243205,-0.014876794,-0.005152788,0.001996066,-0.004859222,-0.001965153,0.011516555,0.000221841,-0.181480759,0.000258909,-0.00838946,0.002328556,-0.002147184,-0.004429258,0.001635562,-0.010330346,-0.004371081,-0.00243435,0.012261928,-0.003526049,-0.002944159,-0.018662087,-0.003082315,-0.004290945,-0.00170559,-0.003680743,-0.006156742,2.11009E-05
BR1_main,7.660606061,0.005887392,0.000840041,-0.000646449,-0.004093874,-0.014609166,-0.004875537,0.002264055,-0.004818189,-0.002186013,0.011870726,0.000217487,-0.181226456,0.000266836,-0.007904302,0.00262376,-0.002116288,-0.004702598,0.001540423,-0.009938813,-0.004211957,-0.002304817,0.011745916,-0.003422997,-0.002383045,-0.018507565,-0.002854779,-0.004237604,-0.001596879,-0.003588083,-0.005934131,2.06915E-05
BR1_main,7.78030303,0.005757643,0.000929133,-0.00086568,-0.003956304,-0.013541664,-0.004696661,0.002159636,-0.005153399,-0.002343142,0.012071774,0.000216942,-0.181344553,0.000285683,-0.007612685,0.002864514,-0.002082429,-0.0047219,0.0014028,-0.009546494,-0.004206664,-0.002242032,0.011189945,-0.003301087,-0.002350687,-0.018312913,-0.002651506,-0.004309229,-0.001520488,-0.003589615,-0.005957472,2.03932E-05
BR1_main,7.9,0.005336545,0.00092799,-0.001185153,-0.003821467,-0.012438169,-0.004640862,0.002294329,-0.005513364,-0.001963169,0.012335342,0.000211576,-0.181451005,0.000300317,-0.007016381,0.003161101,-0.002043382,-0.004709581,0.001078334,-0.009089169,-0.00375076,-0.002159039,0.010840093,-0.003215602,-0.002048964,-0.018064147,-0.002460596,-0.004121109,-0.001441591,-0.003458626,-0.006075317,2.00075E-05
BR1_main,8.01969697,0.004413638,0.000677,-0.001590179,-0.003699413,-0.011055778,-0.004612406,0.002158527,-0.005669569,-0.002213287,0.012662235,0.000203616,-0.181205079,0.000309056,-0.005952914,0.003481417,-0.002003959,-0.004711743,0.00047505,-0.008583717,-0.0038418,-0.00181927,0.010949096,-0.003134564,-0.002000355,-0.017789353,-0.002292386,-0.003929393,-0.001386344,-0.003260572,-0.006123652,2.00296E-05
BR1_main,8.139393939,0.004022856,0.000512376,-0.001751964,-0.003585327,-0.010045797,-0.00452907,0.001639966,-0.00536394,-0.002307578,0.012958196,0.000196949,-0.180759783,0.000310668,-0.004986453,0.003552003,-0.001945944,-0.004581249,-9.06146E-05,-0.008022495,-0.003950671,-0.001738978,0.011371114,-0.003046077,-0.002118098,-0.017485063,-0.002130716,-0.00386825,-0.001341549,-0.003115657,-0.006095789,1.9926E-05
BR1_main,8.259090909,0.0035185,0.000380959,-0.00151526,-0.003433894,-0.009818938,-0.004386405,0.001406844,-0.005217285,-0.002440237,0.013749847,0.000189369,-0.178920248,0.000314562,-0.006172899,0.003471186,-0.001879971,-0.00456129,-0.000740762,-0.007554421,-0.003484354,-0.001746491,0.011354349,-0.002986032,-0.002334768,-0.017217406,-0.001975783,-0.003993151,-0.001367473,-0.002937972,-0.006050882,1.9832E-05
BR1_main,8.378787879,0.002925648,0.000263375,-0.001520561,-0.003271533,-0.009537048,-0.004325719,0.001187828,-0.005323847,-0.002009596,0.013850028,0.000183996,-0.176672315,0.000317585,-0.005031446,0.004263482,-0.001814127,-0.004364253,-0.001844028,-0.007294956,-0.003464909,-0.001409924,0.013268836,-0.002891493,-0.00224642,-0.016941332,-0.001836865,-0.003383764,-0.001433178,-0.002785329,-0.005971329,2.00248E-05
BR1_main,8.498484848,0.00248648,0.000221307,-0.00149829,-0.00309147,-0.009105979,-0.004351935,0.000956386,-0.005403484,-0.00177406,0.013497952,0.000180223,-0.174469711,0.00031697,-0.004483828,0.005155221,-0.001746081,-0.004240183,-0.003342124,-0.006877637,-0.003442365,-0.001364363,0.015616614,-0.002884031,-0.002037605,-0.016470719,-0.001712178,-0.003369549,-0.001510577,-0.002443346,-0.00583725,2.01456E-05
BR1_main,8.618181818,0.002200063,0.000213536,-0.00154467,-0.002930503,-0.009892876,-0.004298568,0.000738159,-0.005411662,-0.001977338,0.012397282,0.00017246,-0.172020113,0.000323679,-0.004376778,0.006937028,-0.001677442,-0.004040099,-0.004561618,-0.006435871,-0.003223354,-0.001091354,0.016809993,-0.002830125,-0.001702346,-0.015984298,-0.001623721,-0.003386755,-0.001539087,-0.00203145,-0.005598518,2.02741E-05
BR1_main,8.737878788,0.001791926,0.000206937,-0.001617318,-0.002821725,-0.010410968,-0.004147499,0.000726677,-0.00534408,-0.002330011,0.011130483,0.000169351,-0.169316666,0.000332677,-0.005029753,0.007318666,-0.001600083,-0.003761408,-0.004087182,-0.006164864,-0.00315458,-0.000861807,0.016759302,-0.002807899,-0.001592335,-0.015476877,-0.001546153,-0.003699497,-0.001556948,-0.001740444,-0.00548684,2.3355E-05
BR1_main,8.857575758,0.001278677,0.000197808,-0.001638266,-0.002737059,-0.009874661,-0.004032273,0.00068469,-0.005190119,-0.002332184,0.009826089,0.000162282,-0.166724882,0.000347857,-0.005096278,0.0074885,-0.001528064,-0.003658744,-0.003182874,-0.005855891,-0.003098076,-0.001164357,0.017295538,-0.002758983,-0.001434853,-0.014967649,-0.001478476,-0.003520859,-0.001560168,-0.000765588,-0.005297333,2.58433E-05
BR1_main,8.977272727,0.001005462,0.000199773,-0.001586893,-0.002635788,-0.009382923,-0.003889535,0.000662971,-0.005067652,-0.002417805,0.008901165,0.000152336,-0.164565356,0.000384095,-0.006103958,0.008135553,-0.001445822,-0.003550945,-0.001970552,-0.005503791,-0.002993898,-0.00112454,0.01975407,-0.002723091,-0.001274963,-0.014419182,-0.001419393,-0.003507926,-0.001552602,-0.000533632,-0.005091234,2.72186E-05
BR1_main,9.096969697,0.000754281,0.000216586,-0.001568706,-0.002543544,-0.00727552,-0.003754296,0.000675862,-0.004670281,-0.002349513,0.008421397,0.000146583,-0.162663288,0.000418114,-0.0063752,0.009639561,-0.001354784,-0.003533645,-0.000786318,-0.005347551,-0.00267387,-0.001097981,0.020118873,-0.00266516,-0.001134863,-0.013687715,-0.001353275,-0.003285194,-0.001555531,0.000149453,-0.004841295,2.89408E-05
BR1_main,9.216666667,0.000588666,0.000227988,-0.001680191,-0.002463537,-0.005978062,-0.003424795,0.000657833,-0.004548099,-0.002457876,0.008114585,0.000139306,-0.16107553,0.000445125,-0.006614883,0.009502817,-0.001281708,-0.003489827,-0.000102075,-0.005000246,-0.002104178,-0.001265621,0.020336081,-0.002618032,-0.001036808,-0.013234723,-0.001187882,-0.003206061,-0.001555326,-0.000710137,-0.0048017,2.92222E-05
BR1_main,9.336363636,0.000453133,0.000254345,-0.001753244,-0.002393938,-0.006087283,-0.003128409,0.000644483,-0.00449122,-0.002512987,0.00785558,0.000138124,-0.160039001,0.000472523,-0.006920509,0.008345473,-0.001193456,-0.0034367,0.000381928,-0.004512952,-0.001266523,-0.00101661,0.021496499,-0.002576493,-0.000820859,-0.012835765,-0.000994406,-0.002548111,-0.001529777,-0.000321356,-0.00486566,2.92763E-05
BR1_main,9.456060606,0.00046205,0.000313319,-0.001781679,-0.002333996,-0.006709996,-0.002673437,0.000684683,-0.004265995,-0.002416503,0.007537683,0.000148089,-0.159603281,0.000507156,-0.006722093,0.007033152,-0.001093909,-0.003360128,0.000759387,-0.004098788,-0.001286007,-0.001081249,0.022375499,-0.002489067,-0.00070637,-0.012452947,-0.000833786,-0.002020034,-0.001510269,-0.000314158,-0.004900565,2.90443E-05
BR1_main,9.575757576,0.000471038,0.000397018,-0.00157751,-0.002282526,-0.006507137,-0.002420407,0.000653063,-0.003193537,-0.002344531,0.007003209,0.000157271,-0.159330606,0.000537158,-0.006512423,0.007456953,-0.00099533,-0.003317303,0.001128281,-0.003842961,-0.001584488,-0.001139088,0.023053994,-0.00236946,-0.000519459,-0.012207704,-0.000675965,-0.002572482,-0.001487021,-0.000628805,-0.004958853,2.86139E-05
BR1_main,9.695454545,0.000480057,0.00047829,-0.001286608,-0.002222901,-0.00433207,-0.002307064,0.000618743,-0.00368609,-0.002369729,0.006623459,0.000167513,-0.159977121,0.000554068,-0.005997317,0.007936205,-0.000899033,-0.00329771,0.001463188,-0.003549359,-0.001630528,-0.001284667,0.023639111,-0.002306849,-0.000492533,-0.011980669,-0.00050213,-0.00271954,-0.001459388,-0.001049792,-0.005143404,2.75614E-05
BR1_main,9.815151515,0.000489079,0.000570545,-0.000892394,-0.002149143,-0.007064072,-0.002646346,0.000586499,-0.004021324,-0.002511521,0.006450935,0.000175937,-0.160228571,0.000570719,-0.005609032,0.008617955,-0.000806776,-0.003179793,0.001513129,-0.003387058,-0.001313341,-0.001289775,0.023601152,-0.002335007,-0.000410483,-0.011699787,-0.000281954,-0.002708471,-0.001445049,-0.001111284,-0.005010651,2.59374E-05
BR1_main,9.934848485,0.000498086,0.000560664,-0.000683785,-0.002091623,-0.008145697,-0.002638877,0.000602631,-0.003982062,-0.002637769,0.006599661,0.000180411,-0.159619565,0.000575374,-0.005480381,0.008892344,-0.000720157,-0.003088667,0.001715607,-0.003151259,-0.0013443,-0.00120084,0.025023522,-0.002450919,-0.00040173,-0.011550174,-6.46683E-05,-0.002924461,-0.001360417,-0.001718945,-0.004782494,2.53543E-05
BR1_main,10.05454545,0.00044233,0.00079568,-0.000455509,-0.002045793,-0.007478909,-0.00262435,0.000583808,-0.004569906,-0.002569955,0.006447561,0.000181114,-0.160645709,0.000591111,-0.005741513,0.00914018,-0.000653549,-0.002975637,0.001860384,-0.003034983,-0.000954361,-0.001141973,0.025005029,-0.002406785,-0.000382342,-0.011512051,0.000162711,-0.002806212,-0.001271488,-0.002706731,-0.004657383,2.51512E-05
BR1_main,10.17424242,0.000450159,0.000614944,-0.000258695,-0.00199818,-0.006671352,-0.002535174,0.000627617,-0.00455024,-0.00220498,0.007002863,0.00018044,-0.157978913,0.000623184,-0.005761297,0.009445971,-0.000604012,-0.002813916,0.002051214,-0.00297673,-0.000753105,-0.001099547,0.024715117,-0.002361998,-0.000420269,-0.01126208,0.000382191,-0.00254358,-0.001219125,-0.002420795,-0.004507393,2.55162E-05
BR1_main,10.29393939,0.000458098,0.000524927,-0.00017673,-0.001948762,-0.008966934,-0.002412812,0.000621971,-0.00433329,-0.001776713,0.007354063,0.000185455,-0.152360234,0.000718796,-0.005692945,0.00963648,-0.000507623,-0.002690835,0.002171066,-0.002772447,-0.000781725,-0.001002476,0.023613511,-0.002295999,-0.000439124,-0.011482579,0.000562101,-0.001915236,-0.001230926,-0.002210962,-0.004251418,2.39278E-05
BR1_main,10.41363636,0.000466129,0.000446323,0.000104696,-0.00189477,-0.005523023,-0.002161689,0.000652684,-0.004404591,-0.001547418,0.007628142,0.000209494,-0.141995196,0.000816406,-0.0054542,0.01032151,-0.000459398,-0.002757121,0.002259245,-0.002802307,-0.000851853,-0.00086819,0.023539531,-0.0022792,-0.000331047,-0.011368621,0.000646707,-0.001751276,-0.001183928,-0.001428315,-0.003955623,2.33224E-05
BR1_main,10.53333333,0.000474217,0.00036556,0.00062586,-0.001847472,-0.003549706,-0.002002555,0.00083493,-0.004849287,-0.001145577,0.007854862,0.000233032,-0.130985681,0.000848454,-0.005307288,0.010482206,-0.000439817,-0.00269108,0.002307581,-0.00249117,-0.000497347,-0.000680529,0.023481205,-0.002244221,-0.00036943,-0.011263836,0.000735225,-0.002005765,-0.001133037,0.000855481,-0.003639593,2.03738E-05
BR1_main,10.6530303,0.000482334,0.00042025,0.001095467,-0.001746488,0.000831337,-0.001391986,0.001028527,-0.005202094,-0.001535187,0.007950872,0.000260622,-0.126874529,0.000850582,-0.004551635,0.010793417,-0.000383151,-0.00251105,0.002286598,-0.00189776,-0.000215903,-0.000531506,0.021753957,-0.002171877,-0.00034594,-0.011007714,0.000776194,-0.001774916,-0.001098193,0.003710912,-0.003517471,1.61872E-05
BR1_main,10.77272727,0.000490459,0.00052815,0.002514613,-0.001565371,0.000918146,0.000861383,0.001063292,-0.004741035,-0.001450223,0.007811631,0.00027691,-0.128509256,0.000823575,-0.003760607,0.010893796,-0.000304159,-0.002154954,0.002334384,-0.001358354,-0.000160124,-0.000496995,0.024358034,-0.002105613,-0.000379343,-0.010807224,0.000995712,-0.001797727,-0.001051096,0.004622336,-0.00339165,1.42995E-05
BR1_main,10.89242424,0.000498574,0.00095152,0.003300307,-0.001213146,0.000301064,0.002690613,0.001154775,-0.00405558,-0.001321449,0.007463859,0.000293431,-0.120901249,0.000797574,-0.003168344,0.011453712,-0.000321331,-0.001993141,0.002357896,-0.00110435,-0.00016092,-0.000363397,0.028785539,-0.002022032,-0.000551901,-0.010565964,0.000938251,-0.002279215,-0.000986396,0.005230093,-0.003174728,1.33729E-05
BR1_main,11.01212121,0.00050609,0.001179609,0.003307942,-0.00086752,-0.000543548,0.003607211,0.001421988,-0.003446393,-0.00146045,0.007041023,0.000292124,-0.108812403,0.000697897,-0.0023004,0.011448353,-0.000283644,-0.001858955,0.002481522,-0.001016434,-0.000180945,-0.000361982,0.034858613,-0.0019049,-0.00075408,-0.01018937,0.000654645,-0.002277841,-0.000773582,0.004498663,-0.002931361,1.40049E-05
BR1_main,11.13181818,0.000508811,0.001242972,0.002374605,-0.000752754,-0.002240614,0.00351861,0.001412727,-0.00253205,-0.001282137,0.006506956,0.000273115,-0.101990056,0.00058607,-0.002664866,0.010883537,-0.000280958,-0.001717553,0.002729814,-0.001115733,-0.000395758,-0.000440058,0.042155437,-0.001803051,-0.000861129,-0.010018507,0.000599533,-0.001966224,-0.000610716,0.002845046,-0.002787303,1.56904E-05
BR1_main,11.25151515,0.000512114,0.001271515,0.002277152,-0.000852053,-0.004621188,0.002050028,0.001345994,-0.00116339,-0.00132571,0.006167849,0.00025023,-0.110920336,0.000571545,-0.00413056,0.009589286,-0.000211795,-0.001553943,0.00305018,-0.001639772,-0.0007783,-0.00054696,0.046726167,-0.001686778,-0.000839365,-0.009607678,0.000514898,-0.001423828,-0.000431528,0.00035113,-0.002510016,1.80536E-05
BR1_main,11.37121212,0.000515979,0.001030713,0.001495641,-0.001032925,-0.007299311,0.000203004,0.00126107,0.00248939,-0.001562709,0.00599787,0.000224802,-0.133752624,0.000563579,-0.003403783,0.008929393,-0.000308653,-0.001101832,0.003933133,-0.002356897,-0.001468717,-0.000599395,0.046063772,-0.001575554,-0.001321448,-0.009390375,0.000540372,-0.001254811,-0.000582153,-0.003557028,-0.002258926,2.06599E-05
BR1_main,11.49090909,0.000520326,0.000981621,0.001575234,-0.001114139,-0.004431297,-5.94669E-06,0.00119864,0.008206533,-0.001672396,0.006346553,0.000234494,-0.143591017,0.000570952,-0.002309046,0.008428582,-0.000327262,-0.001125487,0.004158985,-0.002709381,-0.002041104,-0.000631978,0.037986173,-0.00146882,-0.00166033,-0.008642977,0.000656495,-0.001018541,-0.000634871,-0.005960518,-0.001904595,2.30181E-05
BR1_main,11.61060606,0.000525081,0.001101454,0.002131918,-0.000693245,0.002030422,0.000322974,0.001091104,0.01760249,-0.001380165,0.006357194,0.000248079,-0.14416608,0.000577895,-0.001302175,0.012010303,-0.000408755,-0.000985395,0.004129791,-0.002831572,-0.002362401,-0.000594357,0.031068356,-0.001319145,-0.001747474,-0.007742434,0.000725472,-0.000982821,-0.000718032,-0.006176747,-0.001379751,2.58486E-05
BR1_main,11.73030303,0.000530178,0.001256865,0.002572338,-0.000315647,0.014040366,0.000672218,0.001603799,0.028332304,-0.00093428,0.007489195,0.000253022,-0.08341438,0.000584474,-0.000688277,0.015685143,-0.000343563,-0.00038831,0.004294141,-0.002865173,-0.002393649,-0.000543957,0.020062921,-0.001203761,-0.000995878,-0.006757746,0.000768072,-0.001489571,-0.000761587,-0.004798549,-0.001085441,2.93685E-05
BR1_main,11.85,0.000535562,0.001380291,0.002723716,-0.000185973,0.022213092,0.001002981,0.001839892,0.039730006,-0.000685742,0.007792288,0.000252576,-0.026794649,0.000590746,-2.77873E-05,0.018970875,-0.000265262,-6.71587E-05,0.004597548,-0.000591231,-0.002390955,-0.000475609,0.017629749,-0.001140621,-0.000309025,-0.005959661,0.00080026,-0.001246375,-0.000772074,-0.002460422,-0.000918532,3.28807E-05
BR2_main,0,0.021010476,0.08090258,0.901919273,-0.002888527,2.733828671,0.288401309,0.180268867,1.366108031,-0.004110965,0.719918957,0.027148982,-0.082325735,0.080344406,0.116601824,0.17902219,-0.012339421,-0.00870013,3.432454996,-0.171585845,-0.040763611,-0.018028185,2.289511113,-0.011794108,-0.040880267,2.288708033,-0.422648646,-0.033894419,-0.013427194,0.27670761,-0.024369109,0.000579464
BR2_main,0.11969697,0.027579035,0.06968429,0.733853628,-0.022655715,1.272770013,0.247436786,0.135690748,1.236323798,-0.005034564,0.622309968,0.021629107,-0.148281287,-0.14176371,0.096258684,0.171140534,-0.013894254,-0.015645752,2.978401847,-0.149371305,-0.073077047,-0.016442825,1.514090351,-0.011569735,-0.066894442,1.511339479,-0.440456154,-0.052519856,-0.012775075,0.179935831,-0.023231302,0.000498424
BR2_main,0.239393939,0.032686839,0.053297721,0.553216674,-0.028611623,0.077798873,0.17850608,0.090718821,1.036369991,-0.004867244,0.495242033,0.013665315,-0.174316289,-0.501839755,0.056401268,0.191534601,-0.013976877,-0.016820672,2.253719208,-0.110325566,-0.056805968,-0.018775174,0.900083054,-0.012673837,-0.055625104,0.517712292,-0.406843006,-0.050968078,-0.011665599,0.107155484,-0.021784383,0.000382643
BR2_main,0.359090909,0.036428679,0.033497212,0.425050286,-0.028482435,-0.02100353,0.115673835,0.056500391,0.685405741,-0.005893934,0.349613266,0.005268923,-0.166352362,-0.492975017,0.046385594,0.212693784,-0.010298811,-0.017307554,1.558898669,-0.077582878,-0.033845916,-0.021539695,0.814243845,-0.010238213,-0.044025445,0.590903554,-0.369990714,-0.037852163,-0.010962742,0.078649731,-0.021444184,0.00027655
BR2_main,0.478787879,0.038891569,0.015945597,0.567654612,-0.029528077,0.314492591,0.082584011,0.030559377,0.650489375,-0.005679967,0.226089366,0.002679204,-0.18855358,-0.055501906,0.259109674,0.192394977,-0.007245931,-0.015885808,1.254288838,-0.052533347,-0.017561503,-0.011118511,0.811115831,-0.010768138,-0.013715008,1.603239743,-0.330691512,-0.031968218,-0.010333097,0.085935341,-0.019685735,0.000202965
BR2_main,0.598484848,0.040408607,0.006577108,0.573921418,-0.028969939,0.879669893,0.135530659,0.019061559,0.735641247,-0.004985602,0.144194761,0.001893825,-0.212561938,0.050627301,0.426519056,0.156207419,-0.002213028,-0.011765568,1.096739539,-0.030646664,-0.017203271,-0.00538511,0.825188217,-0.010346734,-0.010015168,2.015739023,-0.274463491,-0.02177449,-0.008912891,0.103233156,-0.017695969,0.000166291
BR2_main,0.718181818,0.041300301,0.005363009,0.472085869,-0.027869832,1.17009456,0.234212294,0.01017267,0.611499489,-0.004038261,0.098937505,0.002026949,-0.244053191,-0.042553338,0.391457029,0.121374726,-0.002456146,-0.0087168,1.209121606,-0.01619432,-0.01087941,-0.006096376,0.699335037,-0.004992169,-0.016099074,1.927779502,-0.18893332,-0.012058462,-0.006959424,0.105006385,-0.00997348,0.000148999
BR2_main,0.837878788,0.041813176,0.01049101,0.35144166,-0.026768054,1.135252919,0.277461886,0.014995614,0.392673714,-0.003625107,0.080423561,0.00223116,-0.269823891,-0.189964902,0.247773771,0.121148685,-0.00197376,-0.008349876,1.286918816,-0.007022601,-0.008053916,-0.003277725,0.53597241,-0.004485277,-0.012487889,1.612976129,-0.131353961,-0.005713274,-0.004260249,0.091369651,-0.004393242,0.00013329
BR2_main,0.957575758,0.042105024,0.013504528,0.268482046,-0.025706134,1.137225593,0.242899521,0.016984661,0.299604458,-0.002759195,0.080763468,0.002191704,-0.28645369,-0.172419232,0.172377467,0.111487932,-0.001772426,-0.008467747,1.342887574,-0.004393202,-0.007249283,-0.002312427,0.521832041,-0.006759223,-0.013571018,1.210633676,-0.083055711,-0.003355306,-0.002358245,0.056127396,-0.003891701,0.000113841
BR2_main,1.077272727,0.042266365,0.013715424,0.216551186,-0.024611356,0.939720062,0.152349641,0.013649232,0.303493218,-0.001660274,0.080253922,0.002135639,-0.31138322,-0.106484714,0.118905673,0.102209045,-0.001635863,-0.010042742,1.21613182,-0.006511889,-0.003944016,-0.002276473,0.52793976,-0.006661986,-0.010760568,0.652942211,-0.053947794,-0.00272039,-0.001356256,0.057424706,-0.003007861,0.00010378
BR2_main,1.196969697,0.042354671,0.011764986,0.20327868,-0.01872763,0.479039157,0.101049285,0.010519838,0.270553587,-0.00185217,0.078645035,0.002056385,-0.320744944,-0.063148679,0.08844497,0.108215517,-0.001730438,-0.009328508,1.030216586,-0.009088568,-0.002277039,-0.001750457,0.493935099,-0.005278146,-0.005404655,0.324077001,-0.034794519,-0.004173008,-0.001068226,0.050925816,-0.00237367,9.7869E-05
BR2_main,1.316666667,0.042400852,0.008648921,0.181638543,-0.013907999,0.14072482,0.062840686,0.007740146,0.353437148,-0.002723092,0.075686909,0.00185074,-0.332289339,-0.035292945,0.064213789,0.108055751,-0.001481853,-0.006734392,0.802361286,-0.006577748,-0.00166238,-0.001392022,0.388368577,-0.003671012,-0.003332597,0.281988369,-0.023964936,-0.005446162,-0.001172942,0.062937405,-0.00239523,9.41788E-05
BR2_main,1.436363636,0.042421641,0.005943512,0.162358557,-0.008751834,0.343174023,0.037390071,0.006687855,0.396538232,-0.002699349,0.07484403,0.001649408,-0.324921896,-0.017779459,0.042719924,0.099204346,-0.001542279,-0.006096239,0.582374326,-0.00525278,-0.001134906,-0.001612364,0.309111777,-0.003124677,-0.002906869,0.403179806,-0.018925689,-0.005253518,-0.001302084,0.074612761,-0.003986295,8.81212E-05
BR2_main,1.556060606,0.04242668,0.004671971,0.154064907,-0.005506838,0.506855904,0.020307603,0.005494804,0.347197317,-0.002980401,0.078743308,0.001506633,-0.317573795,-0.02753396,0.0248222,0.098974252,-0.001495864,-0.004979894,0.47059318,-0.004532419,-0.002641187,-0.001511764,0.274377811,-0.002462146,-0.003863156,0.457937134,-0.017437033,-0.004018258,-0.001783511,0.077267626,-0.004296315,8.06787E-05
BR2_main,1.675757576,0.042421108,0.004141497,0.145397867,-0.00417107,0.503069705,0.009479269,0.004953574,0.311269033,-0.002875539,0.078873365,0.001463377,-0.308874699,-0.022362163,0.012605669,0.100613167,-0.00120647,-0.003488927,0.354198638,-0.005713402,-0.004382434,-0.001412092,0.213507589,-0.002546659,-0.003808793,0.477810069,-0.016834711,-0.003908801,-0.002324106,0.08755485,-0.005064292,8.09278E-05
BR2_main,1.795454545,0.042404063,0.003489146,0.138210234,-0.004230594,0.400355222,0.002346421,0.005101194,0.304303856,-0.002021083,0.07851769,0.001319463,-0.287386682,-0.044843212,0.00584879,0.103316235,-0.001470864,-0.003015812,0.269063504,-0.004973094,-0.004948682,-0.000823859,0.199431448,-0.002303394,-0.003790239,0.42466286,-0.017484993,-0.004257758,-0.002676988,0.077280822,-0.002797026,8.53908E-05
BR2_main,1.915151515,0.042372172,0.002932954,0.140217369,-0.004316567,0.259106373,-0.002506771,0.004966518,0.324767977,-0.001696948,0.07748727,0.001188629,-0.255722405,-0.09567596,-0.000264953,0.097627189,-0.001880076,-0.002195865,0.208296905,-0.004264848,-0.004569177,-0.000843888,0.172840046,-0.003124622,-0.002818759,0.270875551,-0.020192657,-0.005040809,-0.002497978,0.064313895,-0.004252355,8.18895E-05
BR2_main,2.034848485,0.042341754,0.002416923,0.14000845,-0.004739474,0.152135982,-0.00366359,0.004689894,0.200336685,-0.001599068,0.075563311,0.001081137,-0.227512358,-0.138006354,-0.003544887,0.089975341,-0.002426354,-0.00276692,0.158891228,-0.004109069,-0.00496232,-0.001270332,0.138479895,-0.003924286,-0.002078443,0.245782644,-0.024366674,-0.005580048,-0.002472491,0.053368725,-0.005513393,7.38249E-05
BR2_main,2.154545455,0.042302526,0.002127393,0.125787369,-0.005848421,0.165540564,-0.005804634,0.00472585,0.104493694,-0.001253645,0.071275195,0.001014759,-0.202182484,-0.082461202,-0.007114378,0.075179178,-0.003243745,-0.003172949,0.119552815,-0.004296189,-0.005956531,-0.001604843,0.100248353,-0.003680917,-0.001443187,0.150588815,-0.02547712,-0.005954964,-0.002483811,0.032809271,-0.005215169,6.2795E-05
BR2_main,2.274242424,0.04221632,0.00183637,0.099899114,-0.006955398,0.280055481,-0.008369462,0.00448669,0.067176882,-0.001368283,0.067322853,0.001001325,-0.181235698,-0.033533049,-0.008854775,0.05672846,-0.003920596,-0.003425885,0.089316692,-0.005828489,-0.007353466,-0.002290948,0.056306747,-0.003100858,-0.002131328,0.119964343,-0.026634623,-0.006638993,-0.002386511,0.021630947,-0.004622456,5.61124E-05
BR2_main,2.393939394,0.042050569,0.001532965,0.069812299,-0.008454941,0.268826512,-0.011550584,0.00424313,0.046674083,-0.001389742,0.06354336,0.001018629,-0.163964544,-0.011734835,-0.011340722,0.048960748,-0.003638421,-0.002762143,0.06865112,-0.004325783,-0.008643297,-0.002476765,0.019209081,-0.002215155,-0.002678882,0.099544571,-0.027038133,-0.006918704,-0.002363353,0.037009974,-0.004271009,5.12522E-05
BR2_main,2.513636364,0.041759647,0.00121423,0.052823702,-0.009220746,0.26566797,-0.013010873,0.004491586,0.018754707,-0.001223255,0.059871486,0.001064668,-0.149771826,-0.002423504,-0.010057445,0.049892335,-0.002605774,-0.002437451,0.051388601,-0.003417,-0.009419688,-0.002818231,0.013979796,-0.002181833,-0.003952954,0.08107505,-0.027951256,-0.007803106,-0.002325382,0.043072667,-0.00417601,4.56697E-05
BR2_main,2.633333333,0.041348145,0.000886101,0.041912347,-0.009471054,0.249586998,-0.012532609,0.004841176,0.000181954,-0.001596651,0.056545127,0.001061349,-0.138165056,0.000987744,-0.00767944,0.04752145,-0.001532908,-0.00228143,0.037997721,-0.004673886,-0.008287089,-0.003419583,0.010702263,-0.002484946,-0.004262732,0.055116805,-0.026628155,-0.009252759,-0.002311251,0.037015861,-0.004278567,4.1948E-05
BR2_main,2.753030303,0.040584667,0.000612569,0.03143481,-0.009651574,0.189364889,-0.011995748,0.005035229,0.001457064,-0.001679752,0.053171064,0.001033339,-0.128690573,0.002138248,-0.006846102,0.044397759,-0.000992509,-0.002369889,0.026529332,-0.007182221,-0.006727661,-0.004033972,0.008700017,-0.002707924,-0.004557265,0.024423257,-0.025510728,-0.009742274,-0.002355576,0.032904813,-0.00407037,3.79486E-05
BR2_main,2.872727273,0.039408799,0.00042868,0.020930002,-0.010065458,0.091508687,-0.010135883,0.005203289,-0.00467364,-0.001763138,0.049714969,0.00098357,-0.120742017,0.002617251,-0.008262873,0.036567704,-0.000845674,-0.002311106,0.01721459,-0.009608198,-0.005241117,-0.004133677,0.007144809,-0.002359555,-0.003942152,-0.002795161,-0.023893236,-0.009347904,-0.002262837,0.017031987,-0.004040791,3.57618E-05
BR2_main,2.992424242,0.037890101,0.000312512,0.012167088,-0.010246281,0.032434082,-0.007537532,0.004540893,-0.006317934,-0.002126646,0.046325663,0.000916229,-0.114697746,0.002214406,-0.007706171,0.033376755,-0.001098302,-0.002496344,0.008636967,-0.010593179,-0.005198362,-0.004478284,0.005813126,-0.002120385,-0.003984268,-0.023644649,-0.022594958,-0.009359098,-0.002260722,0.015696026,-0.003613558,3.34432E-05
BR2_main,3.112121212,0.03619234,0.000155176,0.005002518,-0.010327192,0.003268756,-0.006704182,0.004401829,-0.00408408,-0.00228677,0.042943379,0.000844883,-0.111195562,0.001772234,-0.007906614,0.0298727,-0.001770658,-0.002867339,0.000100731,-0.013296925,-0.003604959,-0.004804357,0.004598505,-0.002010732,-0.004118976,-0.03888792,-0.021590538,-0.009505692,-0.0022021,0.011329855,-0.003568472,3.42993E-05
BR2_main,3.231818182,0.033711784,0.00037586,-0.00087245,-0.01009162,-0.011835985,-0.006765213,0.00426839,-0.00310208,-0.002038768,0.039901679,0.000794035,-0.108912467,0.001533673,-0.008522282,0.02640654,-0.002410753,-0.003623914,-0.007199661,-0.012357056,-0.005758902,-0.005078204,0.0034743,-0.002288327,-0.004690804,-0.0432177,-0.020677318,-0.009020277,-0.002162714,0.006125472,-0.003984671,3.72473E-05
BR2_main,3.351515152,0.031726901,0.000400099,-0.006153096,-0.009849107,-0.016993762,-0.006870407,0.00449779,-0.003937283,-0.002307926,0.037362317,0.000844968,-0.10386032,0.001323082,-0.009203529,0.023591817,-0.002617427,-0.003868995,-0.014212495,-0.01348413,-0.007640246,-0.005150587,0.002503315,-0.002521009,-0.004563333,-0.039829105,-0.019224953,-0.009427359,-0.002218135,0.002322659,-0.004075318,4.18322E-05
BR2_main,3.471212121,0.029599445,0.000614182,-0.009042486,-0.009479621,-0.019799979,-0.007277979,0.004716839,-0.00562251,-0.002610617,0.034962482,0.000935943,-0.09306615,0.001132572,-0.010579848,0.021386577,-0.002929624,-0.005102787,-0.024573489,-0.013332043,-0.009427561,-0.005066735,0.00145419,-0.003222816,-0.004996352,-0.036837439,-0.017101752,-0.009325292,-0.002288982,-0.001097218,-0.004661144,4.52316E-05
BR2_main,3.590909091,0.027523748,0.000815561,-0.011382265,-0.0091021,-0.021603802,-0.007791217,0.005192406,-0.006018882,-0.003037255,0.032820641,0.000858728,-0.084565117,0.000959893,-0.01175186,0.019613094,-0.003214839,-0.005992636,-0.037363853,-0.014010724,-0.009672352,-0.005088003,0.000531627,-0.00365401,-0.005189898,-0.03639521,-0.015049293,-0.009206165,-0.002311954,-0.002063747,-0.005729354,4.71828E-05
BR2_main,3.710606061,0.025588031,0.000606437,-0.013920433,-0.008740378,-0.023077911,-0.007750583,0.005609457,-0.005731648,-0.003372938,0.030691876,0.000751046,-0.083921956,0.000803631,-0.011047392,0.017898626,-0.003566814,-0.005742327,-0.041344578,-0.013669366,-0.009304366,-0.004958916,5.52614E-05,-0.00378982,-0.005709172,-0.035129417,-0.011942336,-0.009339457,-0.002351292,-0.002013335,-0.007554147,4.67476E-05
BR2_main,3.83030303,0.0235136,0.000339415,-0.013476404,-0.008363542,-0.02453933,-0.007171633,0.005283449,-0.005486796,-0.004084316,0.028950355,0.000648911,-0.086879225,0.000674112,-0.010298186,0.017852465,-0.003613675,-0.00548007,-0.043064171,-0.013067423,-0.010757382,-0.004843326,0.000634421,-0.003958402,-0.005717566,-0.034520867,-0.009525978,-0.00880525,-0.002443581,-0.001773035,-0.009622441,4.69373E-05
BR2_main,3.95,0.021836547,0.000274586,-0.014523551,-0.008078094,-0.025963072,-0.006121689,0.004853985,-0.009245745,-0.005126585,0.027387992,0.000547153,-0.100144279,0.000546822,-0.010357139,0.01625151,-0.003742483,-0.006079893,-0.041659995,-0.012918491,-0.011077594,-0.004731935,0.001144243,-0.004126144,-0.005563349,-0.034278768,-0.008059344,-0.008604929,-0.002599209,-0.001193373,-0.010918256,4.32901E-05
BR2_main,4.06969697,0.020356549,0.000155425,-0.014044873,-0.007986247,-0.027600671,-0.005541304,0.003841142,-0.009804341,-0.00579797,0.025530261,0.000509273,-0.108421108,0.000542217,-0.010747108,0.014383485,-0.003684057,-0.006746135,-0.035459459,-0.013145631,-0.010644266,-0.00468444,0.002964674,-0.004364488,-0.005151448,-0.033262681,-0.009270132,-0.00849648,-0.002803459,-0.001808778,-0.010261331,3.85802E-05
BR2_main,4.189393939,0.019292173,5.51308E-05,-0.013864897,-0.007834989,-0.028720959,-0.005293166,0.003067224,-0.0080816,-0.006088053,0.023597634,0.000472266,-0.120057001,0.000478478,-0.011583951,0.013083234,-0.003629406,-0.006482352,-0.025553932,-0.012888769,-0.010789183,-0.004723885,0.004540982,-0.004635294,-0.00477223,-0.032544364,-0.011142995,-0.00845622,-0.00296928,-0.001525827,-0.010267659,3.26722E-05
BR2_main,4.309090909,0.018785437,8.25924E-05,-0.012170585,-0.007680314,-0.029748863,-0.005247085,0.002413154,-0.008356637,-0.006304074,0.02203089,0.000450126,-0.129997737,0.00056521,-0.012515421,0.011648867,-0.003558126,-0.006279062,-0.012182058,-0.013240151,-0.010996151,-0.004750438,0.005764396,-0.004880434,-0.00474058,-0.031704057,-0.012702857,-0.008197454,-0.003090639,-0.002433585,-0.009856284,2.8454E-05
BR2_main,4.428787879,0.018510977,0.000112245,-0.009542947,-0.007500803,-0.030723943,-0.005325631,0.00217363,-0.008491695,-0.006455899,0.020855661,0.000426938,-0.140072388,0.000739909,-0.013284956,0.009039115,-0.003528501,-0.004735907,-0.005282307,-0.013937987,-0.010922099,-0.004754581,0.006814488,-0.005119921,-0.003948739,-0.031262561,-0.013900312,-0.007995137,-0.003177691,-0.003782399,-0.009388588,2.69918E-05
BR2_main,4.548484848,0.018180556,0.000108414,-0.008230698,-0.007427729,-0.031811556,-0.00565947,0.001812347,-0.008172071,-0.006415109,0.01979471,0.000405244,-0.146116735,0.000819845,-0.014683428,0.007106265,-0.003502843,-0.00567717,-0.001909523,-0.014721461,-0.010897276,-0.004779175,0.007772977,-0.00536614,-0.004200352,-0.031242701,-0.015610687,-0.008341411,-0.0031318,-0.004870473,-0.008814181,2.70259E-05
BR2_main,4.668181818,0.017935899,9.83895E-05,-0.00723507,-0.007400692,-0.032865865,-0.006083092,0.001702915,-0.007705669,-0.006622373,0.018741653,0.000385305,-0.154041656,0.000816785,-0.015928659,0.005987888,-0.003443396,-0.004787399,-0.000160535,-0.015598151,-0.010126749,-0.004839734,0.008487888,-0.005558664,-0.00305237,-0.03088483,-0.016402541,-0.008224596,-0.003046566,-0.005664773,-0.007998786,2.7713E-05
BR2_main,4.787878788,0.017633713,0.00010071,-0.005566867,-0.007192707,-0.033822031,-0.006393224,0.001595119,-0.007344034,-0.006126996,0.017699839,0.000364631,-0.155661657,0.00080745,-0.016906483,0.005043706,-0.003424882,-0.004041157,0.000390403,-0.01648931,-0.010073741,-0.00489567,0.009076423,-0.005543023,-0.003191812,-0.030974702,-0.016165,-0.007946739,-0.003042763,-0.006009647,-0.006751591,2.78766E-05
BR2_main,4.907575758,0.017339102,9.8422E-05,-0.004960514,-0.007283135,-0.034663746,-0.006652084,0.001513795,-0.005995553,-0.005702223,0.016674049,0.000343894,-0.159671844,0.000754518,-0.01826919,0.004110618,-0.003365311,-0.004832276,0.00174705,-0.01738017,-0.009409939,-0.004971299,0.010451506,-0.005300036,-0.003879368,-0.030988761,-0.015404978,-0.007847234,-0.003174416,-0.006198329,-0.00646587,2.84139E-05
BR2_main,5.027272727,0.017087971,9.91626E-05,-0.003960499,-0.007206637,-0.035199977,-0.006920662,0.00140576,-0.006139605,-0.005467306,0.015669836,0.000331182,-0.162105946,0.000626258,-0.018681426,0.003195979,-0.00330574,-0.00536227,0.002563552,-0.017697526,-0.008525924,-0.005018939,0.011778132,-0.005113985,-0.004389706,-0.031231094,-0.014541273,-0.008120767,-0.0032212,-0.006455971,-0.007443619,2.95416E-05
BR2_main,5.146969697,0.016812445,9.45895E-05,-0.003004261,-0.007063645,-0.035634688,-0.007278431,0.001350247,-0.005662116,-0.005243525,0.014692884,0.000329174,-0.164161705,0.000486129,-0.019555244,0.002471142,-0.003214018,-0.005553409,0.002852282,-0.017879692,-0.008109666,-0.004987804,0.013222374,-0.004988807,-0.003757401,-0.031256218,-0.013639236,-0.008745809,-0.003235018,-0.005979676,-0.008248362,3.04432E-05
BR2_main,5.266666667,0.016515907,8.80794E-05,-0.00193769,-0.007005695,-0.035979612,-0.007567193,0.001314933,-0.005381365,-0.005379784,0.013733704,0.000347266,-0.158395886,0.000435997,-0.020199101,0.001789563,-0.003186145,-0.006779203,0.003014752,-0.017940729,-0.008224876,-0.004969173,0.01294398,-0.004959179,-0.003994921,-0.030794272,-0.012495953,-0.009116062,-0.003173486,-0.005708699,-0.009137399,3.20401E-05
BR2_main,5.386363636,0.01615955,8.32821E-05,-0.001308392,-0.007130236,-0.036041267,-0.00765322,0.001328316,-0.005218985,-0.005606034,0.012757977,0.000377441,-0.156814107,0.000412964,-0.020689107,0.001268911,-0.003072041,-0.007524394,0.003098586,-0.017712083,-0.008362579,-0.004907948,0.013111843,-0.005042675,-0.003855726,-0.02963732,-0.011108202,-0.009417098,-0.003103432,-0.005254723,-0.009924163,3.6001E-05
BR2_main,5.506060606,0.015682881,7.86282E-05,-0.001021392,-0.007290844,-0.035814811,-0.008262453,0.001463656,-0.004165385,-0.005362995,0.011735002,0.000413457,-0.153521397,0.000433189,-0.021011812,0.001027556,-0.003017044,-0.006793451,0.003138159,-0.017428675,-0.008590806,-0.004763792,0.012472887,-0.00505028,-0.00501764,-0.028124921,-0.010366433,-0.009689995,-0.002744124,-0.005236312,-0.009466603,4.14255E-05
BR2_main,5.625757576,0.01515928,7.73198E-05,-8.38916E-05,-0.007245292,-0.03515085,-0.008445424,0.001591278,-0.00482205,-0.005276639,0.011220349,0.000433241,-0.145851821,0.000469938,-0.020647263,0.000895053,-0.003077203,-0.006591144,0.003263512,-0.016891369,-0.008410311,-0.004543788,0.012118433,-0.004747721,-0.005589697,-0.026829436,-0.009492685,-0.009788031,-0.002571401,-0.004910684,-0.008977136,4.46014E-05
BR2_main,5.745454545,0.014666838,7.57847E-05,0.001217132,-0.00720933,-0.034151432,-0.008552392,0.00173336,-0.004279988,-0.005335924,0.011353595,0.000432126,-0.142892052,0.000503297,-0.020068267,0.000796931,-0.003025974,-0.006002603,0.003621334,-0.016143902,-0.008133073,-0.00433484,0.01197076,-0.004449619,-0.005055505,-0.025195493,-0.008264341,-0.009698025,-0.002470362,-0.004505542,-0.009023353,4.76581E-05
BR2_main,5.865151515,0.014341417,8.02085E-05,0.001895774,-0.007110457,-0.032958026,-0.009394058,0.001746625,-0.004155506,-0.005225705,0.01352585,0.000430535,-0.14497492,0.000524618,-0.019401978,0.000768389,-0.002964569,-0.005552864,0.0034565,-0.015356666,-0.007866776,-0.004096569,0.011795563,-0.004273507,-0.004302095,-0.023665261,-0.007139063,-0.009446037,-0.002264473,-0.004367843,-0.008451024,5.05975E-05
BR2_main,5.984848485,0.014015449,8.26331E-05,0.003557321,-0.00664047,-0.031790453,-0.009919841,0.001912036,-0.003887833,-0.004882485,0.016878262,0.000413992,-0.151774828,0.000543992,-0.018719046,0.000847399,-0.003081729,-0.005069731,0.003503634,-0.014459092,-0.008021478,-0.003824695,0.011572826,-0.003759695,-0.003707698,-0.022227157,-0.006250766,-0.008954244,-0.002338255,-0.004213444,-0.007316184,4.67468E-05
BR2_main,6.104545455,0.013555658,9.01154E-05,0.003928054,-0.006212738,-0.030375501,-0.009958905,0.002004848,-0.003774935,-0.004592967,0.019805371,0.000406295,-0.151973202,0.000563153,-0.017998025,0.001004354,-0.003031624,-0.004541025,0.003519725,-0.013477216,-0.008189244,-0.003556435,0.011358088,-0.003359316,-0.003376499,-0.020642728,-0.005532158,-0.008315778,-0.002307996,-0.004339559,-0.008835738,4.20766E-05
BR2_main,6.224242424,0.012918661,0.000103705,0.004143161,-0.005710394,-0.028792234,-0.010464193,0.002059733,-0.003883655,-0.004263818,0.020201956,0.000375863,-0.164063948,0.000578852,-0.016492557,0.001015367,-0.002939098,-0.003995782,0.003493009,-0.01247779,-0.008730091,-0.003251403,0.011296254,-0.003089489,-0.002510199,-0.019220431,-0.005051884,-0.007635555,-0.002190967,-0.004237446,-0.007822172,3.80764E-05
BR2_main,6.343939394,0.012140779,0.000129168,0.004200972,-0.005252881,-0.027076253,-0.009769628,0.001992904,-0.003959337,-0.003971172,0.018596839,0.000354018,-0.162425366,0.000599123,-0.015048657,0.001137262,-0.00260915,-0.003646128,0.003159143,-0.011511565,-0.008152703,-0.003010645,0.011494521,-0.00285855,-0.001953836,-0.017681798,-0.004548544,-0.006886768,-0.001987687,-0.004227333,-0.007252943,3.71212E-05
BR2_main,6.463636364,0.01108487,0.000190429,0.003919636,-0.004784183,-0.025489315,-0.008586807,0.002241806,-0.003917855,-0.003727848,0.016703392,0.000336677,-0.155431223,0.000628575,-0.013753343,0.001189689,-0.002295301,-0.00382232,0.002851242,-0.010449095,-0.007200592,-0.002744585,0.011815872,-0.002781838,-0.001479999,-0.016143406,-0.004125527,-0.006207219,-0.001743468,-0.004049701,-0.006596535,4.02722E-05
BR2_main,6.583333333,0.009896144,0.000250069,0.003605091,-0.004321767,-0.023822578,-0.007309229,0.002099341,-0.003879229,-0.003465144,0.016531502,0.000329156,-0.147927599,0.000654987,-0.01238673,0.001248603,-0.001946884,-0.003103989,0.002489713,-0.009248049,-0.005920906,-0.002513113,0.012072796,-0.002807938,-0.001139552,-0.014787927,-0.003650221,-0.00554294,-0.001493386,-0.003866602,-0.005081099,3.78727E-05
BR2_main,6.703030303,0.008879427,0.000324628,0.003724243,-0.003959721,-0.02220836,-0.006167064,0.002358314,-0.003776378,-0.003256937,0.016051891,0.000315442,-0.140859478,0.000687726,-0.011237537,0.001332897,-0.001542424,-0.002635671,0.001973764,-0.008200893,-0.005025807,-0.0022727,0.012443639,-0.002305913,-0.000836875,-0.013516428,-0.003629173,-0.004967945,-0.001321041,-0.003407661,-0.004138795,3.22611E-05
BR2_main,6.822727273,0.007974521,0.000354411,0.003558608,-0.003328145,-0.020799196,-0.004896885,0.002481261,-0.004243872,-0.002971293,0.013906429,0.000303244,-0.13411441,0.000722273,-0.010097896,0.001395829,-0.001300793,-0.002433228,0.001600768,-0.007275025,-0.003858802,-0.002027516,0.012892908,-0.001787029,-0.00067116,-0.011995125,-0.003534943,-0.004286185,-0.001164726,-0.002752172,-0.003480903,2.51372E-05
BR2_main,6.942424242,0.007024537,0.000314612,0.003084566,-0.002786371,-0.01952919,-0.003541755,0.002631371,-0.004774123,-0.002776604,0.011552121,0.000298256,-0.127943325,0.000758813,-0.00893986,0.001478111,-0.001115885,-0.002254672,0.00063311,-0.006403273,-0.002866944,-0.001812214,0.013526286,-0.001528992,-0.000496884,-0.010438106,-0.003258435,-0.003546384,-0.001036228,-0.00227982,-0.002681578,2.11487E-05
BR2_main,7.062121212,0.005825503,0.000254569,0.002416089,-0.002118784,-0.018443073,-0.002476317,0.002701946,-0.004499089,-0.002737806,0.00935221,0.000292034,-0.120738462,0.000798621,-0.007465179,0.001582818,-0.00093909,-0.00182566,0.00043743,-0.005643339,-0.002207098,-0.001618998,0.01403925,-0.00120849,-0.000336955,-0.009142165,-0.002986667,-0.002937912,-0.000929921,-0.001829891,-0.002102516,1.80509E-05
BR2_main,7.181818182,0.00497222,0.000293984,0.001422093,-0.00152268,-0.017468783,-0.001868608,0.002625331,-0.004180148,-0.002651249,0.007692058,0.000286321,-0.114843833,0.000856178,-0.006104703,0.001674662,-0.000829017,-0.001448238,-0.000458148,-0.004985545,-0.001731735,-0.001442789,0.014607063,-0.000990836,-0.000260618,-0.007958834,-0.002704541,-0.00253877,-0.000775929,-0.001436438,-0.001557973,1.63496E-05
BR2_main,7.301515152,0.004126748,0.000340738,0.001061434,-0.001050326,-0.016437749,-0.001132978,0.002656418,-0.003949154,-0.002600661,0.006886037,0.000282119,-0.107402528,0.000925477,-0.005096807,0.001783761,-0.000743347,-0.00103523,0.000483094,-0.004419084,-0.001272475,-0.001274287,0.015198705,-0.000791916,-0.000158032,-0.006986216,-0.002312752,-0.002214842,-0.000601553,-0.00115894,-0.001210321,1.4761E-05
BR2_main,7.421212121,0.003297094,0.000429335,0.001023858,-0.000545709,-0.015482291,-0.00058218,0.002250781,-0.003823239,-0.002459792,0.006221216,0.000280424,-0.0978699,0.000991389,-0.004048275,0.001889699,-0.000628668,-0.000789412,0.001388905,-0.003940356,-0.000886993,-0.001124545,0.015736942,-0.000348386,-0.000183292,-0.00617885,-0.001604792,-0.001863637,-0.000431678,-0.000910156,-0.000941857,1.27763E-05
BR2_main,7.540909091,0.002499475,0.000575099,0.001056107,-0.000344026,-0.014639988,-0.000185301,0.002011008,-0.003639278,-0.00243138,0.005509599,0.000289813,-0.090104115,0.001055844,-0.003011654,0.00198401,-0.000541747,-0.000750573,0.001717767,-0.003444498,-0.000436347,-0.000995146,0.016093641,-0.000214081,-0.000153427,-0.00552132,-0.00142936,-0.001444659,-0.000380757,-0.000696577,-0.00083479,1.13733E-05
BR2_main,7.660606061,0.001713916,0.000748479,0.001106171,-0.000364983,-0.014000431,0.000845887,0.001796398,-0.003394707,-0.002268433,0.004922598,0.000293882,-0.087277534,0.001128082,-0.001950963,0.002076202,-0.000473586,-0.000708319,0.001774507,-0.00299706,-0.000106425,-0.000870369,0.01634796,-0.000193816,-0.000130116,-0.00516141,-0.001229468,-0.001144206,-0.000423981,-0.000530578,-0.000745333,1.04459E-05
BR2_main,7.78030303,0.000992702,0.000954561,0.001209351,-0.000271947,-0.013543117,0.001215684,0.001717623,-0.003553654,-0.002240153,0.004470126,0.000304793,-0.086282124,0.001201867,-0.001047413,0.002185806,-0.00042702,-0.000461879,0.001927424,-0.002618158,-9.65099E-05,-0.000738004,0.016559488,-0.000213953,-0.000125885,-0.00491444,-0.001005917,-0.000835955,-0.000441417,-0.00038508,-0.000600085,9.40992E-06
BR2_main,7.9,0.000339907,0.001220032,0.001379838,-0.000192184,-0.013030599,0.00178952,0.00162125,-0.003608955,-0.002286737,0.004188036,0.000323189,-0.087031092,0.001275225,-0.000196028,0.002293163,-0.000391124,-0.000354476,0.002548935,-0.002266608,-0.000132528,-0.000620718,0.01667312,-0.000249998,-0.000130914,-0.004860644,-0.000879259,-0.000801059,-0.000433297,-0.000330168,-0.000516397,8.70582E-06
BR2_main,8.01969697,0.0000015,0.001523382,0.001428281,-0.000176437,-0.012833629,0.00172699,0.001375668,-0.003383454,-0.002404492,0.004056971,0.000340498,-0.081979972,0.001348431,0.000689063,0.002432416,-0.000351807,-0.000403508,0.003890244,-0.001949198,-0.000325614,-0.00049778,0.016548527,-0.000288568,-0.0001133,-0.004485656,-0.0009252,-0.000657101,-0.000424007,-0.000232209,-0.000443837,8.04668E-06
BR2_main,8.139393939,0.0000015,0.001845064,0.001401626,-0.000156774,-0.013046623,0.001507514,0.001218303,-0.003301749,-0.002485379,0.003953422,0.000370236,-0.084014607,0.001434109,0.0014932,0.002630946,-0.000310072,-0.000408145,0.005124663,-0.001689606,-0.000476066,-0.000355605,0.01653436,-0.000270995,-0.00010111,-0.003934011,-0.001060833,-0.000555488,-0.000392225,-0.000171893,-0.000364929,7.71668E-06
BR2_main,8.259090909,0.0000015,0.002179827,0.001365253,-0.000138654,-0.01349971,0.001230605,0.001116774,-0.003345217,-0.00263046,0.003878968,0.000405521,-0.082813864,0.001536813,0.002165057,0.002841669,-0.00025847,-0.000387711,0.006972475,-0.001460698,-0.000471359,-0.000225305,0.016605468,-0.0002111,-0.000109479,-0.002567402,-0.001226918,-0.00045242,-0.000360445,8.59411E-05,-0.000325683,7.40291E-06
BR2_main,8.378787879,0.0000015,0.002579508,0.001393064,-0.000100208,-0.013638077,0.001870791,0.000979826,-0.003424807,-0.002622138,0.003869473,0.000436591,-0.080995329,0.001634947,0.002961061,0.003044782,-0.000199045,-0.000359569,0.008257568,-0.001274766,-0.000428518,-0.000113692,0.016387165,-0.000184986,-0.000104036,-0.00179072,-0.00137058,-0.000431252,-0.00033957,0.00071506,-0.000338238,7.54566E-06
BR2_main,8.498484848,0.0000015,0.00304031,0.001478897,-9.61395E-05,-0.013585935,0.001937354,0.000927224,-0.003593091,-0.002548114,0.003843514,0.000482,-0.077223384,0.001744557,0.00377464,0.003170121,-0.000115949,-0.000287338,0.009144984,-0.001086988,-0.000331296,-5.22677E-05,0.016321215,-0.000144457,-0.000122161,-0.002811541,-0.001582518,-0.000324626,-0.000310187,0.001356862,-0.000269799,8.13094E-06
BR2_main,8.618181818,0.0000015,0.003782702,0.002071658,-8.67658E-05,-0.013533779,0.002569754,0.000867362,-0.003718045,-0.00257509,0.003851935,0.00052957,-0.082844287,0.001865931,0.004675538,0.003265291,-4.6886E-05,-0.00025292,0.01000822,-0.000891089,-0.000193128,-1.85335E-05,0.016133551,-0.000103016,-0.000154657,-0.00362236,-0.001704325,-0.000236381,-0.000276338,0.00160047,-0.000223538,8.45613E-06
BR2_main,8.737878788,0.0000015,0.004715069,0.002781189,-5.54787E-05,-0.01353762,0.003118676,0.000810409,-0.003818794,-0.002615431,0.003875652,0.000562547,-0.084873336,0.001985177,0.005198664,0.003340862,-3.77445E-05,-0.000196035,0.011476908,-0.000790456,-0.000143588,-2.76561E-05,0.015867171,-9.26306E-05,-0.000161495,-0.004172879,-0.001998281,-0.000237636,-0.000239856,0.001442142,-0.000196379,8.80188E-06
BR2_main,8.857575758,0.0000015,0.005685783,0.003597597,-6.18832E-05,-0.013599103,0.003713838,0.000771359,-0.003759521,-0.002502852,0.003855792,0.000583718,-0.08702129,0.00210576,0.005608324,0.003429447,-4.87581E-05,-0.000142033,0.012509661,-0.000678598,-0.000141115,-6.86207E-05,0.015512037,-0.000104418,-0.000145552,-0.004195482,-0.002243699,-0.000269305,-0.0002392,0.001030791,-0.000183738,9.30393E-06
BR2_main,8.977272727,0.0000015,0.006536746,0.0043696,-6.21711E-05,-0.013718981,0.003957007,0.000716925,-0.00375908,-0.002409493,0.00391768,0.000625407,-0.088798679,0.002226666,0.005740371,0.003589663,-6.65566E-05,-0.000115379,0.01367761,-0.000548136,-0.000185361,-0.000117004,0.01504552,-8.93339E-05,-0.000143051,-0.003801893,-0.002650754,-0.000358653,-0.000217502,0.000572025,-0.000185586,9.81673E-06
BR2_main,9.096969697,0.0000015,0.007060571,0.004849893,-3.98191E-05,-0.013847851,0.0043864,0.000716237,-0.003505368,-0.002247421,0.004236634,0.000702439,-0.089591849,0.002352702,0.005971269,0.003651483,-0.000108952,-8.90471E-05,0.015092276,-0.000440206,-0.000174901,-0.00018994,0.014410061,-7.37831E-05,-0.00012856,-0.003459552,-0.002852764,-0.000501779,-0.000197937,0.000293961,-0.000216518,1.0477E-05
BR2_main,9.216666667,0.0000015,0.007378834,0.006233555,-3.86058E-05,-0.013670744,0.003653516,0.000841484,-0.003256659,-0.002162456,0.004610266,0.00075073,-0.090483462,0.002473325,0.006338657,0.004157234,-0.000153594,-7.86073E-05,0.01668864,-0.000381208,-0.000185775,-0.000247536,0.013622125,-5.56607E-05,-0.000129003,-0.003254135,-0.002896777,-0.000468083,-0.000192685,9.68336E-05,-0.000158106,1.18831E-05
BR2_main,9.336363636,0.0000015,0.007755877,0.006842101,-6.70561E-05,-0.012817068,0.002450114,0.000964078,-0.003090146,-0.00225994,0.00494723,0.000809316,-0.090106147,0.002600761,0.006604385,0.004382852,-0.000207144,-6.81585E-05,0.018858807,-0.000371764,-0.00017548,-0.000299083,0.012707236,-5.50421E-05,-0.000113804,-0.003234789,-0.002975465,-0.000359004,-0.000173117,-4.52301E-05,-0.00013778,1.24829E-05
BR2_main,9.456060606,0.0000015,0.008354062,0.00884426,-0.000112052,-0.012427486,0.00153618,0.001219018,-0.003400793,-0.002640287,0.006169751,0.000966369,-0.088695981,0.002720944,0.006621334,0.004453018,-0.000224615,-6.06104E-05,0.02204422,-0.000394639,-0.00017659,-0.000347988,0.011587121,-4.53652E-05,-7.46236E-05,-0.003132769,-0.003090637,-0.000293058,-0.000159875,2.02675E-06,-9.629E-05,1.34641E-05
BR2_main,9.575757576,0.0000015,0.008915194,0.010800986,-0.000123708,-0.012247705,0.001683882,0.001513723,-0.003903222,-0.00278968,0.009196206,0.001124874,-0.088712204,0.002843165,0.006251491,0.004289227,-0.000255958,-5.59271E-05,0.026000677,-0.000452616,-0.00014422,-0.00037206,0.010557236,-4.72796E-05,-8.90917E-05,-0.003318237,-0.003028379,-0.000269945,-0.000143713,0.000150645,-4.06786E-05,1.42615E-05
BR2_main,9.695454545,0.0000015,0.009675525,0.012162376,-0.000181631,-0.011872343,0.001966681,0.002011496,-0.004189185,-0.002881353,0.009961746,0.001291647,-0.091096848,0.002955737,0.005924153,0.004006399,-0.000263183,-5.86472E-05,0.031139539,-0.000526528,-0.000194343,-0.000404449,0.009522596,-5.05818E-05,-8.18486E-05,-0.003684454,-0.002701985,-0.000294592,-0.000133376,0.000265049,-3.24857E-05,1.52971E-05
BR2_main,9.815151515,0.0000015,0.010664802,0.013167377,-0.000275866,-0.011568896,0.002116596,0.002674136,-0.004010492,-0.002973941,0.010146717,0.001362732,-0.094824787,0.003086255,0.005472197,0.00401906,-0.000268927,-5.89314E-05,0.036610139,-0.000552371,-0.000330909,-0.000449373,0.008461764,-4.66077E-05,-0.000111066,-0.004212841,-0.002567887,-0.000302138,-0.000129803,0.000298791,-3.54662E-05,1.63965E-05
BR2_main,9.934848485,0.0000015,0.012006439,0.012152985,-0.000213215,-0.011514954,0.003055406,0.002600525,-0.004351309,-0.003033722,0.012727712,0.001365033,-0.099662737,0.00320642,0.005193815,0.004101657,-0.000271551,-8.57051E-05,0.043743584,-0.000570865,-0.000433146,-0.000460961,0.007436354,-4.07549E-05,-0.000122335,-0.004529095,-0.002190707,-0.000355526,-0.000144218,0.000289567,-5.96044E-05,1.56198E-05
BR2_main,10.05454545,0.0000015,0.013801841,0.011332831,-0.000189096,-0.012172922,0.004136665,0.001946626,-0.004475547,-0.00311973,0.016921148,0.001395858,-0.101416286,0.003290661,0.004720832,0.004256456,-0.000276302,-0.000109154,0.046043138,-0.00064627,-0.000460018,-0.000480601,0.006562114,-3.54958E-05,-0.000134759,-0.004647137,-0.002037282,-0.0004505,-0.000177234,0.000271943,-9.59917E-05,1.41009E-05
BR2_main,10.17424242,0.0000015,0.016048974,0.009768425,-0.000171238,-0.01312122,0.004785684,0.001455976,-0.00410179,-0.003045341,0.015918687,0.001301582,-0.105374009,0.003355984,0.004513339,0.004292588,-0.000283225,-0.000117078,0.048636331,-0.000870529,-0.000430664,-0.000517991,0.005937713,-3.01693E-05,-0.000156874,-0.00511655,-0.001849203,-0.000611816,-0.000204556,0.000153307,-9.33557E-05,1.17952E-05
BR2_main,10.29393939,0.0000015,0.017289884,0.009506482,-0.000123145,-0.013867215,0.00476711,0.001043299,-0.003684338,-0.002254543,0.012158827,0.001186149,-0.108123939,0.003411536,0.004257127,0.004297665,-0.000292816,-0.000115913,0.052219107,-0.001266896,-0.00048354,-0.000555893,0.005383137,-2.62583E-05,-0.000150567,-0.005392546,-0.001607307,-0.000803952,-0.000241844,-0.000127065,-9.76699E-05,1.061E-05
BR2_main,10.41363636,0.0000015,0.014705497,0.010386377,-0.000123114,-0.014334845,0.004415976,0.000868148,-0.003380604,-0.001788281,0.008403827,0.00106765,-0.110519575,0.003492934,0.003693628,0.004383071,-0.000306084,-0.000106091,0.054769132,-0.001766827,-0.000553334,-0.000574553,0.004844938,-2.56163E-05,-0.00014091,-0.005846628,-0.001519128,-0.000957021,-0.000284622,-0.000563783,-0.000116822,9.65948E-06
BR2_main,10.53333333,0.0000015,0.013480567,0.011814773,-0.000159372,-0.014936201,0.003396395,0.000761181,-0.00262815,-0.001782647,0.004353035,0.000978501,-0.107699917,0.003558747,0.003694883,0.004467226,-0.000324725,-5.99107E-05,0.060620002,-0.002077436,-0.000594136,-0.000590909,0.004396736,-2.75319E-05,-0.000169108,-0.006760986,-0.001652935,-0.001049465,-0.000324142,-0.000923269,-0.000116237,9.34311E-06
BR2_main,10.6530303,0.0000015,0.012889341,0.012896956,-0.000262751,-0.015626696,0.0020766,0.000809901,0.001488531,-0.001508501,0.004251475,0.000996399,-0.106862932,0.003610232,0.003195922,0.004786457,-0.000353485,-3.13455E-05,0.067249756,-0.002064784,-0.000623032,-0.00060721,0.004012022,-3.31334E-05,-0.00018459,-0.006888801,-0.001679676,-0.001101624,-0.000309798,-0.001494573,-0.000112945,8.89447E-06
BR2_main,10.77272727,0.0000015,0.01150757,0.014056877,-0.000385837,-0.016058233,0.001824237,0.00114326,0.003976029,-0.001490809,0.005071308,0.000999851,-0.106768827,0.003670098,0.002622315,0.006213402,-0.000390274,-5.29729E-05,0.076519147,-0.001832657,-0.000674185,-0.000622192,0.003612575,-3.83226E-05,-0.000166588,-0.006971947,-0.001261694,-0.00105359,-0.000295774,-0.00199702,-0.000102322,9.01778E-06
BR2_main,10.89242424,0.0000015,0.015470542,0.015899557,-0.0004069,-0.016738528,0.002188535,0.001642713,0.002985837,-0.001835495,0.007174276,0.001035257,-0.104993096,0.003671519,0.002910886,0.007109892,-0.000429346,-9.90507E-05,0.087134386,-0.001841921,-0.000772941,-0.000638592,0.003243171,-4.74477E-05,-0.000193077,-0.007546216,-0.000369936,-0.00125725,-0.00031279,-0.002166093,-0.000131281,9.13266E-06
BR2_main,11.01212121,0.0000015,0.022224942,0.01777243,-0.000413171,-0.017319811,0.002220433,0.002666191,0.000126344,-0.001617219,0.010233092,0.001348172,-0.106231221,0.003648056,0.003673169,0.006221495,-0.000464968,-0.00015322,0.099500393,-0.001977037,-0.000955172,-0.000653634,0.003168538,-6.03875E-05,-0.000204199,-0.008606431,0.000939466,-0.001338119,-0.000372447,-0.002378937,-0.000220103,9.238E-06
BR2_main,11.13181818,0.0000015,0.027099132,0.019494779,-0.000434724,-0.017575216,0.002536311,0.003350501,0.004075079,-0.001593933,0.015025431,0.001583946,-0.112944017,0.003565775,0.004317152,0.005745236,-0.00049969,-0.000252366,0.115688257,-0.002435533,-0.001100487,-0.000657636,0.003222699,-0.00010732,-0.000268317,-0.009147018,0.001428296,-0.001378295,-0.000418437,-0.002455527,-0.000280556,9.43757E-06
BR2_main,11.25151515,0.0000015,0.029082986,0.020035808,-0.000492631,-0.017481401,0.003239419,0.003285011,0.007815747,-0.00193223,0.019173588,0.001811354,-0.115866521,0.003505581,0.005937446,0.005987365,-0.000494213,-0.000434948,0.128395512,-0.003131234,-0.001505097,-0.000633726,0.004285609,-0.000209924,-0.000270761,-0.009791477,0.000592485,-0.001838111,-0.000514778,-0.002370064,-0.000535353,1.02521E-05
BR2_main,11.37121212,0.0000015,0.026794067,0.020364885,-0.00061607,-0.016203029,0.004516101,0.002998322,0.01201269,-0.002083585,0.018875271,0.001933726,-0.118933611,0.003493022,0.011255063,0.007488226,-0.000455796,-0.000470268,0.133422378,-0.003079185,-0.001891788,-0.000604807,0.005776083,-0.000368234,-0.000276,-0.008664286,-3.98251E-05,-0.002047669,-0.000677764,-0.001041452,-0.000645033,1.31667E-05
BR2_main,11.49090909,0.0000015,0.020024897,0.01876582,-0.000683383,-0.01423701,0.006339791,0.002887159,0.014116141,-0.002019562,0.015601966,0.001888319,-0.110326745,0.003481161,0.014111901,0.010458084,-0.000425828,-0.000503358,0.127595619,-0.002264141,-0.00196264,-0.000578218,0.00859861,-0.000405058,-0.000278068,-0.005829006,0.00062352,-0.001656895,-0.00067302,0.001221381,-0.000595003,1.8616E-05
BR2_main,11.61060606,0.0000015,0.011425807,0.022117792,-0.000893389,-0.012238571,0.006440666,0.0029328,0.022129615,-0.001811851,0.016517817,0.001996204,-0.080151808,0.003471987,0.008371101,0.011653796,-0.000386185,-0.000562524,0.119442408,-0.001668737,-0.001808949,-0.000563107,0.012117743,-0.000367005,-0.000279905,-0.000475913,0.003024787,-0.001097125,-0.000550363,0.004042914,-0.000454167,2.47954E-05
BR2_main,11.73030303,0.0000015,0.007438376,0.026431206,-0.000942305,-0.009915211,0.011768674,0.0050191,0.032702884,-0.001408793,0.020879865,0.002026241,-0.043168451,0.003489788,0.002927456,0.010004776,-0.000344506,-0.000594885,0.127329224,-0.001320626,-0.001519672,-0.000561065,0.015525595,-0.00041219,-0.000279164,0.005125789,0.005375485,-0.000736261,-0.000334496,0.006859809,-0.000323035,3.10763E-05
BR2_main,11.85,0.0000015,0.008478872,0.028009484,-0.001036287,-0.007893023,0.016210262,0.005869855,0.041720556,-0.00063973,0.02236525,0.002030379,-0.024090641,0.003467087,0.004288853,0.010324053,-0.000328459,-0.000538066,0.139564519,-0.001065112,-0.001276397,-0.000562532,0.016657485,-0.00040662,-0.000196344,0.008273859,0.006999557,-0.000367132,-7.14322E-05,0.008206611,-0.00026293,3.41949E-05
BR3_main,0,0.021033546,0.222436664,0.351953203,-0.002754504,1.16953026,0.15899165,0.125157437,1.115515152,-0.001031636,0.308425908,0.085333419,-0.072888681,-0.141426627,0.694662093,1.342746492,-0.003187072,-0.014997155,4.616504867,-0.003033975,-0.022454545,-0.00846282,1.053810018,-0.004158898,-0.050784227,6.359034395,0.398271235,-0.05504735,-0.001182629,0.300623264,-0.068076002,0.000408558
BR3_main,0.11959596,0.027588266,0.183808669,0.335706553,-0.01195262,0.920354667,0.140782474,0.096805162,0.806337943,-0.001960375,0.271009982,0.061433529,-0.188525708,-0.236760511,0.533951449,0.945209846,-0.010344053,-0.027088488,3.667206592,-0.005968019,-0.023946879,-0.007918191,0.876655727,-0.007182428,-0.051920445,4.471193157,0.211811805,-0.030006923,-0.001795214,0.226853957,-0.054299992,0.000361925
BR3_main,0.239191919,0.032689581,0.128592136,0.302838285,-0.020126975,0.588999603,0.119986012,0.048090689,0.762379917,-0.002475475,0.262890887,0.026613835,-0.334810989,-0.38979569,0.305308363,0.358527123,-0.014925168,-0.035629796,2.331427507,-0.012255033,-0.024788097,-0.007369679,0.735989364,-0.008125205,-0.054642359,1.450350443,-0.035083129,-0.018393616,-0.003085311,0.160697732,-0.040459961,0.000305346
BR3_main,0.358787879,0.036430871,0.0782899,0.267163147,-0.023637506,0.240353946,0.098548312,0.034493936,1.210345828,-0.00288599,0.370428766,0.01055357,-0.496032404,-0.511111326,0.194835067,0.247734404,-0.01745221,-0.038589661,1.846054668,-0.019011152,-0.024674306,-0.006542656,0.630431566,-0.012543901,-0.051842968,2.03568511,-0.051983959,-0.0130742,-0.00308058,0.1034107,-0.030398164,0.000257563
BR3_main,0.478383838,0.038899276,0.13320677,0.242277932,-0.02585556,0.203581988,0.078011823,0.020515045,2.3899329,-0.003171576,0.484698295,0.014425566,-0.689509993,-0.278909594,0.220792573,0.16326811,-0.018046134,-0.028737482,1.560773019,-0.025100576,-0.023358197,-0.006213036,0.572267371,-0.009732501,-0.044115687,3.045004487,0.102923805,-0.012202956,-0.002794874,0.052931366,-0.016169051,0.000225584
BR3_main,0.597979798,0.040415387,0.260270289,0.238133353,-0.027536513,0.428405307,0.071401887,0.032269708,2.571795878,-0.002888077,0.4763476,0.02134036,-0.559584643,-0.17214113,0.270419818,0.398172937,-0.01785859,-0.028747769,1.427888237,-0.030366805,-0.021803957,-0.006057037,0.66253429,-0.006042302,-0.030331814,2.970683257,0.266612755,-0.009206895,-0.002781202,0.041460925,-0.005467717,0.00019906
BR3_main,0.717575758,0.041313866,0.307477634,0.227056094,-0.028035907,0.583484019,0.080945104,0.034668561,2.321692132,-0.002558627,0.384081077,0.025541763,-0.31870225,-0.100845301,0.228666901,0.929834288,-0.017934113,-0.026593787,1.259981919,-0.034889356,-0.019669341,-0.005603018,0.706135494,-0.002773371,-0.022167234,2.366704856,0.401766954,-0.010023037,-0.002531476,0.040826226,-0.003561692,0.000175178
BR3_main,0.837171717,0.04183469,0.24912252,0.216307863,-0.027545845,0.472690205,0.075878802,0.028815923,1.573416231,-0.002016757,0.302020786,0.029372593,-0.280969999,-0.059069094,0.169984707,1.210261959,-0.016971115,-0.020001111,1.224020811,-0.037310208,-0.018289358,-0.004475462,0.662155636,-0.006310136,-0.014583918,1.565558565,0.439548777,-0.008779466,-0.001789742,0.031637988,-0.006737916,0.0001586
BR3_main,0.956767677,0.04212371,0.129579906,0.202229737,-0.026800554,0.375307183,0.065543635,0.018653743,0.666708315,-0.001557944,0.237234696,0.020932833,-0.280271912,-0.091097779,0.129736791,0.874215054,-0.015776144,-0.013359354,1.121516556,-0.037912354,-0.017567062,-0.003976222,0.539298562,-0.003882925,-0.013513979,0.752753753,0.413370188,-0.006941973,-0.001304702,0.027688919,-0.010128685,0.000140209
BR3_main,1.076363636,0.042284353,0.030082696,0.183920928,-0.02624974,0.248004649,0.056574721,0.011828714,0.323154369,-0.001485369,0.177607381,0.009869328,-0.329705223,-0.135092291,0.092136362,0.641113638,-0.011978205,-0.012658032,0.964068878,-0.038832226,-0.018071228,-0.003466153,0.367609569,-0.003431977,-0.007069579,0.372031336,0.296159033,-0.006132335,-0.001030891,0.025779523,-0.015202864,0.000127249
BR3_main,1.195959596,0.042374075,0.014907256,0.165964584,-0.025436653,0.135607941,0.044894343,0.009121693,0.447204332,-0.001484776,0.147043178,0.008099645,-0.257819848,-0.119167662,0.06366443,0.269200036,-0.008950982,-0.011671291,0.891506129,-0.039559083,-0.018957841,-0.00311312,0.273596665,-0.003350859,-0.004541466,0.637858813,0.14031421,-0.004793028,-0.001156046,0.024207617,-0.019049765,0.000118172
BR3_main,1.315555556,0.042421306,0.010427641,0.147673544,-0.024585124,0.102792292,0.029673451,0.007293067,0.467287276,-0.001974132,0.133508931,0.008804946,-0.176103532,-0.118808406,0.038055826,0.108111984,-0.006735387,-0.010639193,0.783455042,-0.038628384,-0.019025826,-0.002663148,0.212732175,-0.001595754,-0.004192395,0.766203853,0.188762662,-0.00395919,-0.000994748,0.021691575,-0.022303607,0.000107308
BR3_main,1.435151515,0.042442732,0.005745634,0.129347922,-0.023466484,0.069013007,0.021947078,0.006558692,0.555229003,-0.002125944,0.119832059,0.009289312,-0.11805562,-0.094687145,0.019024672,0.08862049,-0.005168702,-0.009977321,0.82345601,-0.037254351,-0.01903232,-0.002297734,0.163304506,-0.001241673,-0.006541905,1.65660509,0.226956221,-0.00275128,-0.000974272,0.019830347,-0.022312401,9.56154E-05
BR3_main,1.554747475,0.042450404,0.003801864,0.111087553,-0.022386071,0.03910942,0.014246246,0.006400903,0.396498603,-0.002209074,0.102901941,0.007656387,-0.081302622,-0.106756362,0.004516068,0.077620929,-0.004167546,-0.008281516,0.964012088,-0.033427715,-0.019286548,-0.002388208,0.128634933,-0.000927083,-0.009758683,1.792751171,0.17357939,-0.002955416,-0.000893297,0.018321794,-0.021073016,8.58552E-05
BR3_main,1.674343434,0.042450708,0.003172781,0.094130941,-0.021309785,0.038442893,0.008729669,0.006088333,0.366797902,-0.002579087,0.090564602,0.005361341,-0.070449342,-0.098701062,-0.004180652,0.067678154,-0.003507304,-0.007981284,1.051546292,-0.028328371,-0.019012288,-0.002642023,0.104769392,-0.000683091,-0.011166403,1.103645442,0.09316917,-0.002774884,-0.00079895,0.014063104,-0.019897591,7.77802E-05
BR3_main,1.793939394,0.042439876,0.003221008,0.079425662,-0.020165998,0.033314764,0.005920594,0.005567574,0.313537787,-0.003114264,0.082352376,0.004666741,-0.066114034,-0.080233778,-0.008662794,0.062621434,-0.003297545,-0.009010689,0.865668112,-0.025205464,-0.019348832,-0.003052704,0.085264401,-0.000952613,-0.013741771,0.433440104,0.01037839,-0.002363297,-0.000721667,0.010939163,-0.018615608,6.91249E-05
BR3_main,1.913535354,0.042414869,0.009799113,0.066475096,-0.019002367,0.022315914,0.003345832,0.005109233,0.236956416,-0.003467639,0.075151911,0.004011669,-0.077271773,-0.079978655,-0.003321124,0.056435017,-0.003102788,-0.010742117,0.73855297,-0.022684142,-0.019995675,-0.003867568,0.070131392,-0.001715214,-0.013794282,0.104701364,-0.030696562,-0.001785615,-0.000524562,0.007423665,-0.017101419,6.2299E-05
BR3_main,2.033131313,0.042365963,0.011496505,0.055395605,-0.017967383,0.008791276,0.000899491,0.004971129,0.179166849,-0.003696042,0.067217349,0.003245253,-0.086643626,-0.089890546,-3.50236E-05,0.052710447,-0.002979675,-0.010676679,0.660293513,-0.020719389,-0.020216839,-0.004414738,0.05578339,-0.002172076,-0.014785423,-0.02883178,-0.036045359,-0.001898855,-0.000740604,0.005423076,-0.01655828,5.5903E-05
BR3_main,2.152727273,0.042279376,0.010407299,0.045304126,-0.01674681,-0.002394461,-0.001345771,0.005072762,0.119245206,-0.004007671,0.061009742,0.002541944,-0.106466391,-0.067947826,0.006845033,0.054937174,-0.003013002,-0.009677456,0.556389164,-0.01921876,-0.020335295,-0.004735277,0.044113403,-0.001601749,-0.013468258,-0.025690224,0.0253483,-0.002412274,-0.001251552,0.001835383,-0.016610693,5.09359E-05
BR3_main,2.272323232,0.042151167,0.00970766,0.036418798,-0.015432673,0.000769654,-0.002785973,0.004894931,0.050972565,-0.00445498,0.055746894,0.00220647,-0.123228049,-0.035215316,0.007180923,0.072347211,-0.003110398,-0.009475055,0.428884,-0.018094242,-0.019881941,-0.005082282,0.034069821,-0.001514778,-0.011569253,-0.043554355,0.106989359,-0.002989323,-0.001618037,-0.000481818,-0.016398964,4.77604E-05
BR3_main,2.391919192,0.041942214,0.007668332,0.028765226,-0.014169877,-0.004047457,-0.003677484,0.004842266,0.017887288,-0.004936114,0.050577826,0.00245775,-0.130702137,-0.013491349,-0.004784711,0.074564915,-0.003299246,-0.009200044,0.28405352,-0.016949103,-0.019575466,-0.005560363,0.025262463,-0.001701873,-0.010212033,-0.032510446,0.147384511,-0.00300074,-0.001763964,0.001847238,-0.015716792,4.96595E-05
BR3_main,2.511515152,0.041654536,0.005447628,0.021849941,-0.013024314,-0.000839658,-0.005316678,0.004704226,-0.002151597,-0.00545466,0.045797895,0.00241371,-0.125525686,-0.005007244,-0.007924323,0.07249189,-0.003421995,-0.008508477,0.173867411,-0.01606035,-0.018262755,-0.005929626,0.017953,-0.001919099,-0.009375316,-0.036961047,0.182055763,-0.003282843,-0.00176873,-3.75804E-06,-0.015052317,5.65645E-05
BR3_main,2.631111111,0.041132454,0.00437072,0.015964414,-0.012026825,-0.002968088,-0.007291911,0.004451007,-0.015148627,-0.005678246,0.042100463,0.0023501,-0.103593418,-0.001007666,-0.008402894,0.066843938,-0.003472534,-0.008142144,0.129952176,-0.01540631,-0.016652706,-0.006189121,0.011123627,-0.001996128,-0.008611921,-0.031341289,0.16720889,-0.003665605,-0.001811815,-0.001360192,-0.014555301,6.7169E-05
BR3_main,2.750707071,0.040232235,0.003967968,0.010827965,-0.011204224,-0.003429192,-0.009418379,0.003963173,-0.016142694,-0.005905971,0.039356719,0.002118994,-0.091823969,0.001393231,-0.010325976,0.057187079,-0.003335131,-0.007763932,0.098013776,-0.016114733,-0.014525,-0.006393533,0.004587948,-0.001771327,-0.008352132,-0.02847414,0.136005652,-0.003486814,-0.001793175,-0.001868789,-0.014477456,7.77553E-05
BR3_main,2.87030303,0.038820643,0.004246171,0.005869003,-0.01070012,-0.008259964,-0.01073431,0.003876679,-0.015582129,-0.00597613,0.036714154,0.001523208,-0.080525378,0.001358864,-0.010175738,0.048014592,-0.003535699,-0.007507376,0.069912904,-0.016926978,-0.013445511,-0.006520875,-0.001640014,-0.001663695,-0.008326401,-0.032734842,0.083027966,-0.003023813,-0.001838023,-0.001663509,-0.01397366,8.76797E-05
BR3_main,2.98989899,0.036816872,0.004214583,0.001985922,-0.010493612,-0.015664268,-0.010538101,0.004045444,-0.013649097,-0.006367232,0.034942587,0.000986425,-0.057224528,0.001108499,-0.009245106,0.038890656,-0.003575954,-0.007418237,0.028552306,-0.017143615,-0.011886199,-0.006600159,-0.003874231,-0.001900465,-0.008406778,-0.033157626,0.039165422,-0.002766209,-0.001884904,-0.002350412,-0.01355305,8.75834E-05
BR3_main,3.109494949,0.034323103,0.00367466,-0.001764755,-0.010508592,-0.019951168,-0.010057938,0.003846105,-0.012046442,-0.006634961,0.033495264,0.000783212,-0.061542665,0.001422119,-0.009019598,0.032626867,-0.003584305,-0.007220726,0.000528193,-0.016992788,-0.011766178,-0.006669729,-0.004506892,-0.001273629,-0.007558682,-0.033230884,0.004537097,-0.002644478,-0.001953402,-0.002861707,-0.013697051,7.34311E-05
BR3_main,3.229090909,0.031288954,0.003566621,-0.005597225,-0.010457166,-0.022011945,-0.009668486,0.004107502,-0.01064711,-0.006862961,0.032318352,0.000664677,-0.080731394,0.001806153,-0.009199892,0.029769672,-0.003685785,-0.007303043,-0.015702788,-0.016917224,-0.013175961,-0.00670105,-0.006119757,-0.000993428,-0.007139823,-0.034347946,-0.011425196,-0.002640346,-0.00206395,-0.002277713,-0.013749075,7.07467E-05
BR3_main,3.348686869,0.028568353,0.002959013,-0.00988114,-0.010359432,-0.023434138,-0.009120728,0.004194984,-0.010825946,-0.006822945,0.031092637,0.000677841,-0.104407463,0.001752245,-0.00905192,0.026542568,-0.003771589,-0.007124814,-0.027805419,-0.017003606,-0.014554071,-0.00667628,-0.006125277,-0.001148816,-0.006868021,-0.035869715,-0.017806703,-0.003030116,-0.001994588,-0.002439782,-0.013959246,5.94744E-05
BR3_main,3.468282828,0.026026488,0.001876368,-0.014187819,-0.010225069,-0.026165704,-0.008291764,0.004232998,-0.010623622,-0.007028853,0.030969009,0.000668173,-0.110179299,0.001762015,-0.009122146,0.024461522,-0.003628028,-0.007418602,-0.037345086,-0.016944852,-0.014857793,-0.006602145,-0.005921153,-0.001388449,-0.006840559,-0.037263388,-0.017808899,-0.003626782,-0.00203742,-0.002628367,-0.013858437,5.16392E-05
BR3_main,3.587878788,0.023903968,0.001236302,-0.01883219,-0.010242073,-0.02663709,-0.007449088,0.004193836,-0.010251685,-0.006968924,0.032562906,0.000635433,-0.114061016,0.001620324,-0.009427576,0.022779446,-0.003392885,-0.00800107,-0.044751179,-0.016749306,-0.014657362,-0.006553403,-0.004577252,-0.001503962,-0.00683633,-0.037075213,-0.017979367,-0.004254207,-0.002192061,-0.003286104,-0.013813074,4.00996E-05
BR3_main,3.707474747,0.02234955,0.000741204,-0.022423661,-0.01027355,-0.026868241,-0.007295118,0.004213614,-0.009529319,-0.006880878,0.034278706,0.000578245,-0.112237608,0.001469466,-0.01042883,0.018364806,-0.003119987,-0.008470607,-0.040098251,-0.016621955,-0.014499674,-0.006490798,-0.000940551,-0.001733121,-0.007246204,-0.036082346,-0.018182285,-0.004723807,-0.002320402,-0.00409579,-0.013835624,4.0722E-05
BR3_main,3.827070707,0.021256716,0.000658492,-0.024275948,-0.010265619,-0.025683705,-0.006567324,0.004808009,-0.008834091,-0.006793543,0.034645794,0.000570067,-0.114500642,0.001434601,-0.01088675,0.016409467,-0.003086176,-0.008532891,-0.033440206,-0.016662065,-0.01453766,-0.006407474,0.001186855,-0.001767915,-0.008463025,-0.035516406,-0.017908425,-0.004900463,-0.002473864,-0.004884878,-0.013939158,4.33773E-05
BR3_main,3.946666667,0.020747704,0.000590688,-0.024854077,-0.01020818,-0.024963391,-0.005625833,0.004161628,-0.008176561,-0.006703472,0.034045289,0.000551764,-0.118239379,0.001345261,-0.010923925,0.014089285,-0.002981525,-0.008463398,-0.028906876,-0.016762101,-0.014728934,-0.006312804,0.002603886,-0.001819566,-0.009517637,-0.035329491,-0.017588967,-0.005353851,-0.002629291,-0.005274162,-0.014092457,4.45233E-05
BR3_main,4.066262626,0.020456048,0.000582761,-0.024548993,-0.010165869,-0.025314912,-0.005178059,0.004075505,-0.007695996,-0.006607683,0.032385822,0.000535794,-0.122212261,0.001220644,-0.01190302,0.01208962,-0.003258213,-0.00879113,-0.022043035,-0.016967762,-0.014886995,-0.006175835,0.003670686,-0.002001059,-0.010944636,-0.035421924,-0.017778627,-0.005632915,-0.002715062,-0.005053895,-0.013793701,4.40927E-05
BR3_main,4.185858586,0.020231849,0.000577352,-0.023385159,-0.010128926,-0.02651762,-0.005142648,0.003578736,-0.007816519,-0.006498845,0.028794224,0.000529622,-0.127150592,0.001070519,-0.013478753,0.010012247,-0.003784558,-0.008919611,-0.016742466,-0.017356924,-0.014887164,-0.006061841,0.004688567,-0.002335794,-0.011201005,-0.035694235,-0.017545141,-0.005820048,-0.0028109,-0.005120394,-0.013412211,4.21705E-05
BR3_main,4.305454545,0.020058096,0.000579949,-0.021703823,-0.010072099,-0.027837269,-0.005253308,0.002800329,-0.007667034,-0.006309092,0.025890419,0.000514511,-0.132779219,0.000953589,-0.014193519,0.008088223,-0.003912811,-0.008997391,-0.012744029,-0.017744603,-0.014862839,-0.005958786,0.005213739,-0.002525677,-0.011129794,-0.035744765,-0.016700006,-0.006089883,-0.002914387,-0.005655602,-0.013310916,3.80855E-05
BR3_main,4.425050505,0.019877232,0.000567821,-0.019519446,-0.009986042,-0.029002099,-0.00550271,0.002367104,-0.007677741,-0.006263558,0.023484851,0.000515919,-0.139870287,0.001046812,-0.014181121,0.006875373,-0.003864843,-0.009224618,-0.01048105,-0.018151559,-0.014851416,-0.005821079,0.005587808,-0.002548797,-0.010859224,-0.035753676,-0.015326793,-0.006442677,-0.003027819,-0.005597759,-0.013404604,3.43825E-05
BR3_main,4.544646465,0.019675743,0.000535614,-0.016368749,-0.009888798,-0.030085503,-0.005943265,0.002429628,-0.008651048,-0.006089463,0.02204254,0.000523428,-0.148092576,0.001336349,-0.015122809,0.005893113,-0.003775518,-0.009403589,-0.008562576,-0.018257234,-0.014791686,-0.005626062,0.006147605,-0.002681252,-0.010665563,-0.035530223,-0.013990154,-0.006764,-0.003152299,-0.005828735,-0.013473859,3.07281E-05
BR3_main,4.664242424,0.019442576,0.000486386,-0.012853227,-0.009744103,-0.031096491,-0.00633318,0.002398688,-0.008616022,-0.005729967,0.020566958,0.000521768,-0.154880468,0.001412533,-0.015210839,0.005263062,-0.003691737,-0.009456601,-0.004989221,-0.017964555,-0.014637482,-0.005422824,0.006484766,-0.00280216,-0.010332638,-0.034784605,-0.013185767,-0.007067125,-0.003328244,-0.005966499,-0.013297076,2.89104E-05
BR3_main,4.783838384,0.019167859,0.000431202,-0.009394818,-0.009604944,-0.031469814,-0.006897433,0.002459593,-0.007906091,-0.00539722,0.019151927,0.00052165,-0.159597781,0.001178158,-0.015983367,0.005064431,-0.003539129,-0.00939735,-0.001786557,-0.017762247,-0.014345147,-0.005218729,0.006804043,-0.003249865,-0.010164236,-0.033747351,-0.012805055,-0.007651108,-0.003501584,-0.006092465,-0.013215946,2.89235E-05
BR3_main,4.903434343,0.018842207,0.000400888,-0.006734918,-0.009432462,-0.030851621,-0.007630087,0.003108149,-0.007100917,-0.004890261,0.017858965,0.000518247,-0.164025017,0.001214581,-0.016707355,0.004567471,-0.003492063,-0.009064596,-5.68558E-05,-0.017437221,-0.014008403,-0.005032393,0.007028881,-0.004042652,-0.009500328,-0.032642186,-0.012427633,-0.007000482,-0.003624797,-0.004950459,-0.013189624,3.10469E-05
BR3_main,5.023030303,0.018456315,0.000405237,-0.004893392,-0.009255752,-0.031059431,-0.008295296,0.00330057,-0.007302328,-0.004542988,0.016679177,0.000510917,-0.16856703,0.000942135,-0.017389149,0.004237215,-0.00356367,-0.009105908,0.000793713,-0.016866762,-0.013657586,-0.004853506,0.007327699,-0.004089524,-0.009320729,-0.031396552,-0.012162949,-0.006434502,-0.003675593,-0.00228524,-0.013175702,3.39692E-05
BR3_main,5.142626263,0.018001228,0.00040774,-0.003613475,-0.009029771,-0.030139931,-0.008720545,0.003185026,-0.007822007,-0.004325293,0.015691545,0.000504017,-0.173584954,0.001020574,-0.017579149,0.003666296,-0.003541263,-0.00892931,0.001184879,-0.01667881,-0.013319333,-0.004670465,0.007827003,-0.0037967,-0.008867427,-0.030116409,-0.011728622,-0.005616384,-0.003677369,-0.003537741,-0.013107984,3.74041E-05
BR3_main,5.262222222,0.017510531,0.000329543,-0.002611226,-0.008763173,-0.029772658,-0.009189791,0.002588119,-0.0079765,-0.004146507,0.014800244,0.000483642,-0.176508102,0.000942149,-0.016007674,0.003221367,-0.003535905,-0.008657516,0.001643262,-0.01650057,-0.012905686,-0.004490104,0.008243378,-0.0036265,-0.008377484,-0.028864043,-0.011540485,-0.005139759,-0.003631154,-0.003886923,-0.013166851,4.3649E-05
BR3_main,5.381818182,0.017364829,0.000319002,-0.001938538,-0.008482426,-0.029549716,-0.009451786,0.002078505,-0.007027689,-0.004027209,0.014221075,0.000461865,-0.180912617,0.000872634,-0.016164526,0.002780707,-0.003600235,-0.008586885,0.0018793,-0.016190501,-0.012518393,-0.004319985,0.009025303,-0.003520712,-0.007872132,-0.027374482,-0.0115071,-0.004744925,-0.00355629,-0.004225583,-0.013054846,5.30687E-05
BR3_main,5.501414141,0.017025427,0.000375227,-0.00153901,-0.008192635,-0.02820696,-0.009683922,0.001668381,-0.006772139,-0.003954053,0.013676735,0.000443089,-0.181192004,0.000653029,-0.017718429,0.002344442,-0.003514545,-0.008064443,0.002655647,-0.015770118,-0.012170294,-0.004161123,0.010137134,-0.003405429,-0.007330475,-0.025918924,-0.011423141,-0.004523677,-0.003421868,-0.005543421,-0.012747625,5.79273E-05
BR3_main,5.621010101,0.01653114,0.000451027,-0.001260316,-0.007904409,-0.02670103,-0.00993692,0.001492243,-0.006425368,-0.003909386,0.013167203,0.000422645,-0.181579814,0.000386686,-0.01788564,0.001872136,-0.003334583,-0.007854834,0.00366917,-0.015277728,-0.011750823,-0.004010106,0.011910288,-0.002848397,-0.007602274,-0.024222027,-0.010758584,-0.004460152,-0.003281602,-0.005676509,-0.012554444,5.9267E-05
BR3_main,5.740606061,0.016057792,0.000471469,-0.001063784,-0.007602075,-0.025568121,-0.009971411,0.001444438,-0.005725358,-0.003854202,0.012696887,0.000395909,-0.181036042,0.000254659,-0.017461591,0.001972859,-0.003166539,-0.007797657,0.004228558,-0.014750919,-0.011304521,-0.003871011,0.014163356,-0.002418845,-0.007694257,-0.022668454,-0.009886145,-0.004394298,-0.003169826,-0.005670202,-0.012267573,5.65652E-05
BR3_main,5.86020202,0.015657144,0.000520696,-0.000879667,-0.007326656,-0.024740397,-0.00990171,0.001402262,-0.005030759,-0.003788269,0.012270461,0.000370312,-0.180444377,0.000183104,-0.016466289,0.002061099,-0.003004536,-0.007747823,0.004615214,-0.014349863,-0.010830856,-0.003718593,0.016072215,-0.002510255,-0.007773471,-0.021350198,-0.009001882,-0.0043029,-0.003038055,-0.005660333,-0.011815657,5.32133E-05
BR3_main,5.97979798,0.015075064,0.000537331,-0.000734221,-0.007035428,-0.024311952,-0.009804026,0.001344976,-0.004737985,-0.003736922,0.011879686,0.000347663,-0.178765498,0.000170384,-0.015884384,0.002028003,-0.002845577,-0.007750344,0.005138487,-0.014037556,-0.010284287,-0.003563342,0.017133186,-0.002209897,-0.007895745,-0.020120289,-0.008388158,-0.004095341,-0.00288753,-0.005418905,-0.01140806,4.62893E-05
BR3_main,6.099393939,0.014280925,0.000508506,-0.000665934,-0.006731671,-0.023870896,-0.00967842,0.001330412,-0.00431985,-0.003707273,0.011527055,0.00033061,-0.177703615,0.00016095,-0.015721208,0.002080008,-0.002710826,-0.007570125,0.005193117,-0.013531166,-0.009804233,-0.003421401,0.017931243,-0.002355366,-0.007722794,-0.01921772,-0.007701457,-0.004138493,-0.002735499,-0.004871948,-0.010850479,4.23523E-05
BR3_main,6.218989899,0.013257837,0.000580252,-0.00061738,-0.006406833,-0.022678789,-0.009471593,0.001357575,-0.004156958,-0.0037014,0.011238384,0.000315271,-0.177242277,0.00015648,-0.014643018,0.002013793,-0.002568408,-0.007262963,0.005365672,-0.012878766,-0.009348282,-0.003300753,0.017221674,-0.002534431,-0.007572412,-0.018557001,-0.007252568,-0.004169519,-0.002597512,-0.004091146,-0.01015136,3.9835E-05
BR3_main,6.338585859,0.012009059,0.000634933,-0.000626984,-0.006097317,-0.022052784,-0.009246981,0.001401175,-0.003645795,-0.00369556,0.010962945,0.000300853,-0.176272298,0.000152676,-0.013188963,0.002003555,-0.002452013,-0.0069375,0.00566228,-0.012511983,-0.008895579,-0.003186705,0.014734423,-0.002791529,-0.007431834,-0.018220734,-0.006566935,-0.00426991,-0.002473815,-0.003322962,-0.009547438,3.77553E-05
BR3_main,6.458181818,0.010570394,0.000737384,-0.000687055,-0.005802992,-0.021190498,-0.009027179,0.001504545,-0.003458177,-0.003681046,0.010725494,0.000289559,-0.174685765,0.000149262,-0.011324145,0.002066785,-0.002323627,-0.006738699,0.004909981,-0.011603488,-0.008467151,-0.003088127,0.013613971,-0.002803599,-0.006976795,-0.018014791,-0.005921088,-0.003941673,-0.002359859,-0.002587556,-0.009148959,3.70093E-05
BR3_main,6.577777778,0.009360959,0.000842148,-0.000830593,-0.005475396,-0.019824355,-0.008612681,0.00158506,-0.003550951,-0.003677577,0.010617651,0.000281923,-0.174871684,0.000146204,-0.010576875,0.002159102,-0.002205615,-0.006271046,0.004035233,-0.010787436,-0.007974948,-0.003008808,0.012175412,-0.002826879,-0.006178396,-0.017883831,-0.005354461,-0.004184452,-0.002237115,-0.00204325,-0.00861627,3.39172E-05
BR3_main,6.697373737,0.008192127,0.000987851,-0.001064183,-0.005128641,-0.018540627,-0.008230294,0.001656987,-0.00380054,-0.003666034,0.010562935,0.000274489,-0.174639753,0.000143433,-0.009191101,0.002278987,-0.002119016,-0.005801481,0.003341505,-0.010016733,-0.007548417,-0.002945129,0.01091513,-0.002887109,-0.00570685,-0.017502875,-0.00487066,-0.004254612,-0.002139638,-0.002174223,-0.008191239,3.00773E-05
BR3_main,6.816969697,0.007210091,0.001124658,-0.001393361,-0.0048408,-0.016619158,-0.00759867,0.001974844,-0.004246612,-0.003670796,0.010460881,0.000267298,-0.173988144,0.000140455,-0.008222969,0.002437203,-0.002054925,-0.005559217,0.003148653,-0.009372331,-0.007146681,-0.002891968,0.009506451,-0.002962608,-0.005889495,-0.017188269,-0.004359115,-0.00397344,-0.002081109,-0.002763029,-0.00784252,2.80936E-05
BR3_main,6.936565657,0.006273883,0.001270249,-0.00179743,-0.004578955,-0.014047093,-0.007070956,0.002278799,-0.004765101,-0.003664497,0.010330991,0.000263987,-0.172952924,0.000130287,-0.007058319,0.002940196,-0.002002628,-0.005211605,0.002939861,-0.009161287,-0.006745316,-0.002836402,0.008342732,-0.00285354,-0.005675531,-0.017044118,-0.00382011,-0.003842246,-0.002033322,-0.003287942,-0.007530739,2.61185E-05
BR3_main,7.056161616,0.005476347,0.00142389,-0.002297641,-0.004279404,-0.012770021,-0.006547058,0.002251837,-0.004883815,-0.003647896,0.010286427,0.000263076,-0.172244488,0.000119419,-0.00626664,0.003223623,-0.001946797,-0.005084627,0.00372878,-0.008805344,-0.006394376,-0.002787342,0.00770069,-0.002791323,-0.005594266,-0.016922786,-0.00341718,-0.003913294,-0.001987766,-0.003267726,-0.007267228,2.55443E-05
BR3_main,7.175757576,0.004739479,0.001586426,-0.002986714,-0.004003521,-0.011360067,-0.006077183,0.002162899,-0.004737752,-0.003639911,0.010387959,0.000264177,-0.17263385,0.00011058,-0.005332291,0.003539371,-0.001894109,-0.004932807,0.004010683,-0.008443157,-0.005968204,-0.002738286,0.007331538,-0.002828453,-0.005269093,-0.017036239,-0.003119486,-0.003623157,-0.001963978,-0.00294575,-0.006981474,2.48934E-05
BR3_main,7.295353535,0.004071339,0.001757152,-0.00348855,-0.003742244,-0.009844931,-0.005521632,0.001968667,-0.004760599,-0.003628693,0.010547277,0.000265883,-0.173035313,0.000111048,-0.005072273,0.003921557,-0.001865778,-0.00486949,0.004654448,-0.008264979,-0.005554855,-0.002694843,0.006980539,-0.002856055,-0.004855604,-0.017018659,-0.002761317,-0.003064689,-0.001936598,-0.002576753,-0.006796855,2.46493E-05
BR3_main,7.414949495,0.003423124,0.002018375,-0.003747228,-0.003415241,-0.008137523,-0.005138686,0.00188872,-0.004731116,-0.003616367,0.010797905,0.000267133,-0.174108281,0.0001287,-0.004800561,0.004316892,-0.00181685,-0.00458092,0.003995908,-0.008184902,-0.005276927,-0.002655779,0.006668283,-0.002766536,-0.004679696,-0.01702969,-0.002485804,-0.00265452,-0.001904807,-0.002290465,-0.006615902,2.43235E-05
BR3_main,7.534545455,0.00284556,0.002343764,-0.003974292,-0.003186331,-0.007623328,-0.004580302,0.001823102,-0.004738527,-0.00360623,0.011046529,0.000267564,-0.174588383,0.000127916,-0.005123028,0.004678179,-0.001780254,-0.004402374,0.002543441,-0.007843821,-0.005005874,-0.002615877,0.006328014,-0.002738492,-0.004362081,-0.017084923,-0.002356142,-0.002596985,-0.001896105,-0.002255444,-0.006583515,2.39865E-05
BR3_main,7.654141414,0.002324097,0.002987952,-0.004053159,-0.003122997,-0.004973209,-0.004015766,0.001652755,-0.004823433,-0.003590365,0.011269174,0.000268645,-0.174711598,0.000137831,-0.005280936,0.004974228,-0.001739845,-0.004392677,0.00212011,-0.007707021,-0.004725105,-0.002573649,0.005971345,-0.002728008,-0.004044926,-0.017177883,-0.002296549,-0.002555325,-0.001894771,-0.002365274,-0.006591007,2.34356E-05
BR3_main,7.773737374,0.001867854,0.003368937,-0.00408656,-0.00308694,-0.003209366,-0.003605851,0.001448526,-0.005031289,-0.003583663,0.011273004,0.000270124,-0.174433403,0.000181128,-0.00594949,0.00537664,-0.001702901,-0.004371518,0.001725347,-0.007667728,-0.004620594,-0.002531829,0.005830093,-0.002664412,-0.003322085,-0.017198608,-0.002298303,-0.002564296,-0.001897821,-0.002405818,-0.006612598,2.30987E-05
BR3_main,7.893333333,0.001474718,0.004022113,-0.004082178,-0.00308896,-0.004131055,-0.00328493,0.001222061,-0.005354374,-0.003457944,0.011181406,0.000270779,-0.174901086,0.000267033,-0.00666417,0.006086864,-0.001665681,-0.004338017,0.001505878,-0.007787122,-0.004536103,-0.002484684,0.00572579,-0.002534258,-0.002848638,-0.017163877,-0.00221266,-0.002429557,-0.001892053,-0.002571767,-0.00653356,2.31388E-05
BR3_main,8.012929293,0.001119283,0.004278961,-0.004031943,-0.003081538,-0.005344879,-0.002945636,0.001134144,-0.005827375,-0.003261853,0.010995081,0.000269877,-0.176829486,0.000361007,-0.006582937,0.006787881,-0.00163367,-0.004225293,0.001208175,-0.007784652,-0.004610508,-0.002428988,0.005777372,-0.002431882,-0.002473309,-0.017109155,-0.002247571,-0.002109877,-0.001891764,-0.002627278,-0.006375022,2.28481E-05
BR3_main,8.132525253,0.00082298,0.004859264,-0.003933305,-0.003063143,-0.005926625,-0.002717385,0.001062657,-0.006078195,-0.003126228,0.010720979,0.000269588,-0.176939631,0.000413497,-0.006747452,0.007655059,-0.001607754,-0.004076752,0.001053405,-0.007957091,-0.004551716,-0.00236726,0.006297323,-0.00241673,-0.002279163,-0.01703005,-0.00214946,-0.002081645,-0.001894716,-0.002633277,-0.006293821,2.28376E-05
BR3_main,8.252121212,0.000582264,0.005049857,-0.00378531,-0.003098486,-0.005767873,-0.002623086,0.001025589,-0.006239561,-0.002990399,0.010371102,0.000269811,-0.176683916,0.000452843,-0.006950474,0.008065998,-0.00158708,-0.004044239,0.001238161,-0.007925978,-0.004459634,-0.002313845,0.007262538,-0.002245585,-0.002642979,-0.016942799,-0.002064092,-0.002213087,-0.001889181,-0.002642776,-0.006217755,2.2853E-05
BR3_main,8.371717172,0.000449795,0.005234466,-0.003520698,-0.003018214,-0.005873875,-0.002414179,0.000980914,-0.006250602,-0.00285679,0.009886598,0.000271999,-0.175163164,0.000418845,-0.006860029,0.008411203,-0.00157035,-0.004005346,0.001710094,-0.007836095,-0.004307003,-0.002251616,0.00894891,-0.001940592,-0.003460086,-0.016863405,-0.001973148,-0.002463458,-0.001881654,-0.002399516,-0.006144271,2.28193E-05
BR3_main,8.491313131,0.000359898,0.005162137,-0.003091571,-0.002920937,-0.006212164,-0.002315479,0.000938233,-0.006259861,-0.002729651,0.009383564,0.000275068,-0.175512846,0.000344906,-0.006791136,0.008763466,-0.001560085,-0.003994884,0.001918582,-0.007766385,-0.004173515,-0.002168819,0.009596944,-0.001838836,-0.003703434,-0.016774686,-0.001863701,-0.002439308,-0.001875133,-0.002753091,-0.006090174,2.28096E-05
BR3_main,8.610909091,0.000291503,0.005151297,-0.00263828,-0.002837847,-0.005537103,-0.001981201,0.000891851,-0.005928973,-0.002591721,0.009126188,0.000275371,-0.176058114,0.000269193,-0.006580167,0.008809688,-0.001557485,-0.003995197,0.002135562,-0.007713224,-0.003927414,-0.002085484,0.009497704,-0.001811358,-0.003941061,-0.016627742,-0.001755432,-0.002467169,-0.001869256,-0.002323109,-0.006001757,2.33915E-05
BR3_main,8.730505051,0.000259619,0.005322016,-0.002292638,-0.002792303,-0.005254353,-0.001894719,0.000841576,-0.005516101,-0.002460984,0.009014101,0.000271621,-0.175413423,0.000243826,-0.006497969,0.008638694,-0.00154581,-0.004005184,0.002067322,-0.007633709,-0.004187609,-0.002006223,0.009661603,-0.001788231,-0.003856479,-0.016403341,-0.001665385,-0.002593842,-0.001863773,-0.00211397,-0.005914197,2.54163E-05
BR3_main,8.85010101,0.000236322,0.00560992,-0.001974332,-0.002789855,-0.007444403,-0.001965197,0.000800417,-0.00480965,-0.002373543,0.008880995,0.000263752,-0.174407557,0.000287821,-0.006541368,0.008712294,-0.001541425,-0.004144095,0.001664262,-0.007430104,-0.003983326,-0.001918768,0.010637243,-0.001751534,-0.003788956,-0.016142149,-0.001563115,-0.002681508,-0.001858547,-0.002272368,-0.005885429,3.11647E-05
BR3_main,8.96969697,0.000220416,0.00566947,-0.001765052,-0.002804105,-0.010169284,-0.002231329,0.000829726,-0.004001442,-0.002290287,0.00871691,0.00025205,-0.173274524,0.000317355,-0.006563118,0.008749425,-0.001527637,-0.004080641,0.001443933,-0.007023753,-0.00388458,-0.001826437,0.011632767,-0.001655964,-0.003491956,-0.015745674,-0.001356062,-0.003005328,-0.001853562,-0.002352517,-0.005814679,3.19789E-05
BR3_main,9.089292929,0.000224777,0.005787442,-0.001631562,-0.002870361,-0.010484147,-0.002416307,0.000805151,-0.003599925,-0.002309281,0.008581719,0.000239297,-0.174919745,0.000370569,-0.006634518,0.008903326,-0.001503198,-0.004057724,0.000868097,-0.006750735,-0.003771649,-0.001737938,0.011776896,-0.001381981,-0.003344225,-0.015439163,-0.001225898,-0.003149535,-0.001848879,-0.002527693,-0.005653657,3.04207E-05
BR3_main,9.208888889,0.000231712,0.005241861,-0.001525458,-0.002819962,-0.010255394,-0.002332115,0.000895904,-0.003322547,-0.00240692,0.008441238,0.000226788,-0.176330475,0.000406235,-0.006653937,0.008981637,-0.001486057,-0.004038793,0.000648471,-0.006513683,-0.003913956,-0.001648854,0.012808776,-0.001377925,-0.002675891,-0.015032167,-0.001116403,-0.00319642,-0.001839694,-0.002542686,-0.005553567,3.03367E-05
BR3_main,9.328484848,0.000235439,0.004091897,-0.001468572,-0.002775682,-0.010896348,-0.001939483,0.000862017,-0.003181301,-0.002613266,0.008284332,0.000221591,-0.176896851,0.000454516,-0.00664039,0.009485636,-0.001472803,-0.00400239,6.724E-06,-0.006397272,-0.004029219,-0.001556698,0.013086168,-0.001398701,-0.002340172,-0.014599706,-0.000965517,-0.003222874,-0.001832896,-0.002758768,-0.005456006,3.031E-05
BR3_main,9.448080808,0.000240506,0.003768098,-0.001390956,-0.002778772,-0.010675885,-0.001485266,0.001074489,-0.003146497,-0.002736344,0.008219921,0.000212656,-0.176917909,0.00049314,-0.006791252,0.009781214,-0.001454532,-0.003917665,-1.37192E-05,-0.006545086,-0.003979871,-0.001478872,0.012632039,-0.001242473,-0.002283629,-0.014181098,-0.00078376,-0.003148179,-0.001807687,-0.002809894,-0.005378508,2.96563E-05
BR3_main,9.567676768,0.000246599,0.003578121,-0.001298906,-0.002708105,-0.010567809,-0.001447595,0.001035642,-0.00328102,-0.002679757,0.008103086,0.000210746,-0.17578703,0.000548071,-0.006518848,0.010457853,-0.001436457,-0.003702451,-0.000157706,-0.00653776,-0.003969062,-0.001398003,0.012637717,-0.001172181,-0.002264166,-0.013755578,-0.000702468,-0.003156306,-0.00176486,-0.002611313,-0.005311919,2.87187E-05
BR3_main,9.687272727,0.000253479,0.003239139,-0.001269735,-0.002584223,-0.010660546,-0.000205318,0.000953563,-0.003393917,-0.002587435,0.008095533,0.000211474,-0.175223722,0.000577174,-0.005733541,0.010927395,-0.00141253,-0.003337239,0.000247678,-0.006378128,-0.003958311,-0.00133149,0.013028575,-0.001006671,-0.002419617,-0.013242611,-0.000636606,-0.002836971,-0.001719747,-0.00248508,-0.005277605,2.86321E-05
BR3_main,9.806868687,0.000260957,0.003054314,-0.001221109,-0.002483495,-0.010155204,0.002840885,0.001022913,-0.003642201,-0.002410412,0.008366179,0.000216052,-0.173301784,0.000599083,-0.005177443,0.011628018,-0.001391472,-0.003162679,0.000693489,-0.006185298,-0.00384722,-0.001252211,0.014668515,-0.0009586,-0.002581815,-0.012783901,-0.000569057,-0.002677208,-0.001668939,-0.002546942,-0.005230061,3.37592E-05
BR3_main,9.926464646,0.000268888,0.003100796,-0.001341431,-0.002414614,-0.009357611,0.003198119,0.001325406,-0.003887747,-0.002410771,0.008692745,0.000220525,-0.173066837,0.000651663,-0.005284048,0.011768183,-0.00136594,-0.002902073,0.000903918,-0.005637894,-0.003685338,-0.00120177,0.016669764,-0.000951494,-0.0025799,-0.012277988,-0.000529996,-0.00216409,-0.0016201,-0.002548556,-0.005203463,3.68182E-05
BR3_main,10.04606061,0.00027702,0.003154409,-0.00128648,-0.002360926,-0.008817106,0.001185785,0.001318874,-0.004226111,-0.002399724,0.008590362,0.000233838,-0.17452618,0.000740328,-0.004803707,0.011466065,-0.001344011,-0.002774739,0.001313253,-0.005349635,-0.003647104,-0.001161894,0.017240546,-0.000955568,-0.002520753,-0.011876318,-0.000529488,-0.001760233,-0.001568312,-0.002545587,-0.005196761,3.62179E-05
BR3_main,10.16565657,0.000285228,0.003144624,-0.001183608,-0.002284455,-0.009137721,-0.000899888,0.001563366,-0.004787491,-0.002280553,0.008438887,0.000256294,-0.173969097,0.000892945,-0.00510201,0.010843431,-0.00132668,-0.00277808,0.001420417,-0.005146533,-0.00358686,-0.001137794,0.020685614,-0.000973188,-0.00253613,-0.011751384,-0.000593035,-0.001481343,-0.001513387,-0.002739241,-0.005170787,3.56861E-05
BR3_main,10.28525253,0.000293583,0.002422148,-0.001109019,-0.002069139,-0.010044522,-0.0029085,0.001197739,-0.005284647,-0.002079984,0.007988481,0.000290193,-0.173890899,0.001019348,-0.00571902,0.01123238,-0.001313415,-0.002794856,0.001526591,-0.005107922,-0.003570869,-0.001095361,0.021257136,-0.001011133,-0.002513924,-0.011709768,-0.000758737,-0.001181833,-0.001450001,-0.003124682,-0.005181702,2.98934E-05
BR3_main,10.40484848,0.00030207,0.001763712,-0.001031348,-0.001963035,-0.010822803,-0.002877063,0.000905371,-0.005172798,-0.001807282,0.007438951,0.000335129,-0.172622383,0.001140256,-0.005779853,0.009715411,-0.001303374,-0.002917001,0.002274236,-0.005278832,-0.003381555,-0.001024352,0.021606908,-0.00102702,-0.002501791,-0.011542046,-0.000994918,-0.001004087,-0.001366038,-0.002991559,-0.005162376,2.43228E-05
BR3_main,10.52444444,0.000310649,0.001554764,-0.000628304,-0.001747197,-0.010564648,-0.002775574,0.000971994,-0.004797849,-0.001808526,0.00753187,0.000390079,-0.172605003,0.001328696,-0.005101112,0.009852391,-0.001283991,-0.002584142,0.003172711,-0.00529231,-0.003303834,-0.000937387,0.020560004,-0.000911925,-0.002477531,-0.011505617,-0.001307214,-0.001069931,-0.001282681,-0.002403579,-0.005100895,2.17937E-05
BR3_main,10.6440404,0.000319289,0.001847694,-0.000561762,-0.001532252,-0.010374464,-0.001192139,0.000977288,-0.004991054,-0.001808086,0.00778588,0.000481616,-0.17241965,0.001636094,-0.005248914,0.010869486,-0.001267291,-0.002428499,0.004037136,-0.005403841,-0.003270382,-0.000843442,0.019801446,-0.000787631,-0.002521663,-0.011168939,-0.001692822,-0.001005867,-0.001132375,-0.001472861,-0.005079424,2.11933E-05
BR3_main,10.76363636,0.000327963,0.002443894,-0.000263322,-0.00151032,-0.009464879,0.000215507,0.000945515,-0.005098854,-0.001253651,0.008159045,0.000584806,-0.17307608,0.001795452,-0.004683512,0.011672858,-0.001267143,-0.002037214,0.005887343,-0.004984254,-0.003221717,-0.000794541,0.020452746,-0.000744301,-0.002417478,-0.010859636,-0.001658518,-0.000521074,-0.001015941,-0.001295407,-0.005003962,2.1308E-05
BR3_main,10.88323232,0.000336654,0.003078231,-0.000184793,-0.001423234,-0.009184149,0.002718421,0.001071575,-0.005098205,-0.001033571,0.008519522,0.000668749,-0.17396905,0.001927607,-0.0046126,0.012033089,-0.001161048,-0.001572575,0.009918692,-0.004516158,-0.003177481,-0.000714191,0.022776289,-0.000902292,-0.002294726,-0.010451888,-0.001614409,-0.000336595,-0.000947146,-0.001301377,-0.004742482,2.1917E-05
BR3_main,11.00282828,0.00034524,0.002344636,0.000651291,-0.001375391,-0.007023619,0.004307314,0.001590803,-0.005080963,-0.000884417,0.012754808,0.000730957,-0.170739857,0.001941285,-0.004546465,0.012121711,-0.00102876,-0.001100003,0.016781425,-0.004097188,-0.003157883,-0.000585492,0.026622355,-0.000822455,-0.002185172,-0.010032893,-0.001567381,-0.000770008,-0.000916803,-0.001460334,-0.004467208,2.31924E-05
BR3_main,11.12242424,0.000353664,0.00181808,0.001835355,-0.001440525,-0.005806257,0.005464541,0.001952406,-0.005495145,-0.000854488,0.018654366,0.00068746,-0.169386885,0.001795565,-0.002711565,0.011673561,-0.000884501,-0.000850195,0.020740459,-0.003870204,-0.003120972,-0.000463414,0.035306114,-0.000983069,-0.001771703,-0.009583167,-0.001508646,-0.00095805,-0.000917016,8.53098E-06,-0.004096213,2.30313E-05
BR3_main,11.2420202,0.00036202,0.000977701,0.002809828,-0.001593954,-0.005901449,0.004175573,0.002052218,-0.005152329,-0.000786463,0.020895039,0.000585112,-0.165790074,0.001484969,-0.001833085,0.011717334,-0.00078572,-0.000762517,0.016497927,-0.003656506,-0.00290569,-0.000465886,0.039549521,-0.001155864,-0.001152935,-0.009557769,-0.001413992,-0.001499709,-0.000949609,0.00044168,-0.003671477,2.23658E-05
BR3_main,11.36161616,0.000370347,0.000519266,0.002946118,-0.001659901,-0.006588122,4.99855E-05,0.00197286,-0.004427384,-0.000791712,0.01616765,0.000393773,-0.159949406,0.001296523,-0.001840543,0.011072236,-0.000786574,-0.000774846,0.008492927,-0.003595161,-0.002708005,-0.000633692,0.036513903,-0.001528231,-0.000405631,-0.0083163,-0.000980504,-0.001551713,-0.000930233,0.0019438,-0.003270308,2.30722E-05
BR3_main,11.48121212,0.000378643,0.00033501,0.0027584,-0.001602085,-0.004788314,-0.002431051,0.001664842,-0.002907489,-0.000536616,0.010925251,0.00025285,-0.152738632,0.001353145,-0.002384838,0.010723154,-0.000867636,-0.000632526,0.011383955,-0.003867011,-0.002502333,-0.000782447,0.029701079,-0.001621083,-7.38135E-05,-0.006456794,0.00010887,-0.00167149,-0.000728007,0.004271,-0.002889008,2.40089E-05
BR3_main,11.60080808,0.000386903,0.000298902,0.002592643,-0.001427962,0.000182827,-0.003957586,0.000943106,0.002425399,-0.000123808,0.004098399,0.000220121,-0.131248195,0.001406298,-0.004115275,0.010727642,-0.000973238,-0.001064949,0.013982136,-0.004076288,-0.002301126,-0.0005946,0.027522244,-0.001546884,-0.000369916,-0.004388565,0.001329997,-0.001633097,-0.000534946,0.007215809,-0.002560702,2.53905E-05
BR3_main,11.72040404,0.000395125,0.000431539,0.002661154,-0.001295365,0.009308174,-0.004144533,0.000205577,0.0095505,-0.000419314,0.002061763,0.000213359,-0.117017655,0.001512474,-0.003349233,0.011239293,-0.001046951,-0.001517131,0.016823944,-0.003643115,-0.002112479,-0.000414337,0.020535907,-0.001257431,-0.000869497,-0.000909036,0.005076826,-0.001546171,-0.000400689,0.00644405,-0.002234028,2.60666E-05
BR3_main,11.84,0.000403305,0.000292136,0.002805333,-0.000861431,0.027869385,-0.004309081,0.000382056,0.017140692,-0.000872158,0.005857534,0.000228416,-0.084556615,0.001599686,0.000204339,0.011807834,-0.001081741,-0.001862856,0.019333328,-0.002219811,-0.001944864,-0.00040044,0.019594107,-0.000908028,-0.000460192,0.003216132,0.009095098,-0.001385524,-0.000270325,0.007829364,-0.001998894,3.15226E-05
BR4_main,0,0.020189571,0.039133312,0.632123656,-0.040833075,0.48359379,0.247764126,0.022544003,3.924451368,-0.005319835,0.707710552,0.004783825,-0.790482462,0.489060598,1.449063209,0.177030051,-0.00610478,-0.016576229,1.942201041,-0.038933034,-0.008662303,-0.017478726,1.314854848,-0.001461561,-0.030460175,8.125409487,-0.513000416,-0.005359863,-0.00397596,-0.019204888,-0.022936339,0.000248281
BR4_main,0.11959596,0.025802094,0.031124822,0.555911667,-0.037248413,0.426447307,0.204541356,-0.00163021,2.275375356,-0.004747524,0.488050146,0.004229746,-0.804687166,-0.036019526,1.168706028,0.154923061,-0.006539057,-0.059272594,1.733106075,-0.039472515,-0.012424636,-0.011949525,0.883207307,-0.001738378,-0.028427617,4.888105657,-0.47774767,-0.007520097,-0.004198752,-0.015806155,-0.02397622,0.000232766
BR4_main,0.239191919,0.030691451,0.020465588,0.443795654,-0.033108521,0.349255701,0.147718453,-0.006211602,0.831290034,-0.004285546,0.333293186,0.003181224,-0.878636575,-0.53193431,0.742923437,0.130249636,-0.007089346,-0.06071992,1.409729861,-0.03817134,-0.01911918,-0.006663186,0.663350922,-0.001820928,-0.025991415,0.670780891,-0.722278397,-0.007637135,-0.004384054,-0.01234224,-0.024916071,0.000208845
BR4_main,0.358787879,0.03460539,0.012201459,0.380691149,-0.027849563,0.167790707,0.099846104,-0.00369478,0.239107719,-0.003984315,0.26052029,0.002090173,-0.951720062,-0.340719578,0.699695949,0.100976722,-0.006985303,-0.037561409,1.473554655,-0.031926096,-0.022128497,0.000481292,0.528533391,-0.001869657,-0.022225304,0.507171769,-0.422893518,-0.006679985,-0.004633604,-0.014894507,-0.026113438,0.00018219
BR4_main,0.478383838,0.037392639,0.012806145,0.476737431,-0.021679864,0.134449852,0.049501875,0.010801054,0.299110096,-0.002857392,0.261421699,0.001338635,-0.883970934,0.369679161,0.793698886,0.114627833,-0.005863047,-0.017400522,1.317604935,-0.023535279,-0.023089797,-0.003586725,0.476111996,-0.001929078,-0.018740492,0.86731728,0.679073286,-0.006697367,-0.004941684,0.01173607,-0.023662441,0.000158333
BR4_main,0.597979798,0.039281538,0.00879421,0.466188879,-0.017350653,0.185234415,0.039317958,0.026232087,0.430631261,-0.002085203,0.296312983,0.000808682,-0.669886326,0.589998196,0.570278323,0.120449067,-0.004718888,-0.009418811,1.013393806,-0.016960072,-0.021686461,-0.003103533,0.428288694,-0.001617324,-0.016537218,1.068742574,1.155981609,-0.007581678,-0.004914984,0.045297356,-0.019903999,0.000133123
BR4_main,0.717575758,0.040447954,0.006877381,0.399107132,-0.014973278,0.255402832,0.0551031,0.028986219,0.483195832,-0.001628661,0.319167026,0.000562628,-0.512789337,0.528539523,0.465961136,0.120125882,-0.003203059,-0.00871194,0.906713758,-0.01422854,-0.019912797,-0.005109866,0.386387698,-0.001822527,-0.014763765,1.060726165,1.036867719,-0.00648122,-0.004743328,0.065419406,-0.017182999,0.000118425
BR4_main,0.837171717,0.041141795,0.007631964,0.272122352,-0.012917284,0.281268537,0.062946959,0.030917113,0.42813176,-0.001321964,0.348615921,0.000524991,-0.444252587,0.267057339,0.213071185,0.104714605,-0.001911644,-0.009600511,0.831268645,-0.010267256,-0.02203733,-0.005064945,0.35650559,-0.001471455,-0.010258937,0.909261524,0.686047355,-0.003543559,-0.004247382,0.063912678,-0.013478786,0.000108033
BR4_main,0.956767677,0.041561159,0.008222722,0.238241897,-0.011389718,0.275426004,0.062915902,0.02546567,0.336189404,-0.00148464,0.327213912,0.000564181,-0.37092439,0.182357109,0.156551435,0.092639933,-0.001282393,-0.00395621,0.819590279,-0.008922467,-0.021676555,-0.005175577,0.34625217,-0.001665421,-0.005440609,0.663499524,0.386257418,-0.005514662,-0.003112542,0.050960198,-0.013146279,0.000100864
BR4_main,1.076363636,0.04183802,0.010752846,0.203176263,-0.012168491,0.262081519,0.044978498,0.020337823,0.239193751,-0.002294708,0.162088732,0.000598309,-0.314351429,0.021849427,0.098271324,0.0979231,-0.00158425,-0.002236494,0.813515013,-0.009938273,-0.022821567,-0.004981989,0.336402559,-0.002268247,-0.002256841,0.403740922,0.253195602,-0.005323744,-0.001937587,0.037928314,-0.01476692,9.35564E-05
BR4_main,1.195959596,0.042011747,0.009693847,0.185331941,-0.013003138,0.233222593,0.033207527,0.018120846,0.233434357,-0.003425169,0.113290454,0.000607057,-0.27928121,-0.178589588,0.350117801,0.086713886,-0.002550547,-0.002270449,0.740452212,-0.012225709,-0.021851278,-0.00312595,0.310852914,-0.002713578,-0.00203309,0.340565622,0.18492373,-0.005352519,-0.001168439,0.026371463,-0.016329292,8.65853E-05
BR4_main,1.315555556,0.042111538,0.00694947,0.179679883,-0.014019697,0.17185555,0.020659989,0.014566711,0.337730564,-0.00438136,0.09039296,0.000599072,-0.252090308,-0.127961592,0.718219463,0.073080267,-0.003081471,-0.00263413,0.648193728,-0.013919863,-0.019593323,-0.001317875,0.275095878,-0.004008177,-0.003667974,0.415899496,0.107974663,-0.007351323,-0.000833746,0.016325416,-0.01813963,7.99884E-05
BR4_main,1.435151515,0.042163473,0.003883583,0.166890998,-0.01456956,0.121869632,0.011013707,0.011790921,0.363537845,-0.005087172,0.084024643,0.00060883,-0.237099654,-0.109537144,0.895202231,0.065162711,-0.003162643,-0.000879417,0.535320652,-0.015808017,-0.01761528,-0.001228823,0.238830256,-0.00536982,-0.006022805,0.37183454,0.047505804,-0.009036381,-0.000765051,0.007942293,-0.01927255,7.38151E-05
BR4_main,1.554747475,0.042196458,0.002580657,0.16314047,-0.015536505,0.082538082,0.005071879,0.01077673,0.286624791,-0.005496782,0.07449464,0.000634628,-0.224397876,-0.058218355,1.055546925,0.059111436,-0.003688413,-0.001808588,0.435530032,-0.01696092,-0.015870916,-0.000806067,0.201629334,-0.00610536,-0.006817075,0.337956543,-0.003617132,-0.010721838,-0.000822839,0.00204675,-0.018330384,6.83175E-05
BR4_main,1.674343434,0.042180238,0.001776645,0.155204147,-0.015968881,0.075174007,0.002772771,0.009939872,0.235697908,-0.005186925,0.067328555,0.000637382,-0.204943394,-0.042051569,0.975864551,0.051801436,-0.00342735,-0.003287365,0.390893533,-0.017359914,-0.014167474,-0.00083849,0.167769917,-0.006838724,-0.0074155,0.319238248,-0.026559878,-0.012705162,-0.000940153,-0.001920412,-0.017484493,6.32523E-05
BR4_main,1.793939394,0.042119476,0.001195591,0.136936276,-0.015688713,0.069185074,0.003900008,0.010067402,0.139885492,-0.004897403,0.062127131,0.00062127,-0.195883039,-0.04454476,0.754533586,0.050805057,-0.003384686,-0.003486296,0.385287147,-0.017550354,-0.0133906,-0.000935625,0.13386939,-0.007517967,-0.007891871,0.219214455,-0.050737472,-0.014213335,-0.00113186,-0.00421625,-0.016954767,5.85369E-05
BR4_main,1.913535354,0.042003084,0.000931035,0.113784253,-0.015357508,0.054557817,0.004257448,0.009737022,0.087243355,-0.00461638,0.059052156,0.00060247,-0.185024864,-0.047608395,0.352928342,0.044748498,-0.003161636,-0.004057913,0.362647808,-0.017820934,-0.011699864,-0.001327686,0.096150048,-0.00827258,-0.006930344,0.136577286,-0.072776503,-0.015146116,-0.00140793,-0.005487746,-0.017008925,5.40837E-05
BR4_main,2.033131313,0.041841308,0.000736577,0.123435055,-0.014675609,0.041017381,0.003400777,0.008493114,0.043886159,-0.004032672,0.057885136,0.000592292,-0.171937431,-0.063987283,0.151424289,0.04096831,-0.002977053,-0.00446761,0.343614419,-0.018466555,-0.011227393,-0.001654315,0.076928833,-0.008663343,-0.006504231,0.083076582,-0.076470563,-0.015287912,-0.00158387,-0.006277101,-0.017305412,4.99542E-05
BR4_main,2.152727273,0.041584547,0.000602863,0.10993818,-0.014350649,0.025832652,0.001939246,0.008671193,0.034427854,-0.003248354,0.06077479,0.000579526,-0.158389772,-0.064452185,0.049058673,0.036573681,-0.002450504,-0.004887162,0.315010827,-0.018737045,-0.010718,-0.001229711,0.056826882,-0.009153261,-0.003365594,0.084050793,-0.064888092,-0.015151165,-0.001697521,-0.006723597,-0.017256673,4.63111E-05
BR4_main,2.272323232,0.041140476,0.000530134,0.098186187,-0.013998904,0.004752907,0.000281634,0.008497655,0.035542367,-0.002812779,0.056551942,0.000562412,-0.151828831,-0.047551032,0.03309536,0.034381341,-0.002042847,-0.004459465,0.243059973,-0.018258899,-0.011941917,-0.001757575,0.045816279,-0.009329616,-0.003375238,0.062774209,-0.053514478,-0.015103445,-0.001873826,-0.00699453,-0.017034316,4.2955E-05
BR4_main,2.391919192,0.040585204,0.000674777,0.068184093,-0.012924737,-0.011271657,-0.001455058,0.008214885,0.04119062,-0.002335577,0.056135726,0.000542634,-0.145902464,-0.023778854,0.027512527,0.033916942,-0.001865417,-0.005055006,0.166876982,-0.01760805,-0.012231452,-0.00165695,0.033612633,-0.009409004,-0.002665639,0.088843386,-0.036476428,-0.014701304,-0.002085422,-0.006910804,-0.016392191,4.03385E-05
BR4_main,2.511515152,0.039676571,0.000623213,0.038273167,-0.01157636,-0.016010215,-0.003009474,0.00795077,0.036772572,-0.001837551,0.051660975,0.000520968,-0.136015226,-0.010179204,0.039801223,0.034495983,-0.001919669,-0.005923456,0.110165695,-0.017129989,-0.012634359,-0.001805242,0.024864052,-0.009386286,-0.002636379,0.106367169,-0.027799196,-0.013780718,-0.00218947,-0.006826721,-0.016252727,3.89492E-05
BR4_main,2.631111111,0.038308883,0.000645639,0.023473433,-0.010454206,-0.018634305,-0.004536159,0.007500688,0.010803924,-0.001495655,0.047308296,0.0005044,-0.127519379,-0.004123695,0.049915681,0.036869907,-0.002159388,-0.005159526,0.07533873,-0.016558092,-0.012648719,-0.001280295,0.018015128,-0.009282031,-0.001985612,0.07823361,-0.022052457,-0.013057387,-0.002285682,-0.006215382,-0.01603728,3.7552E-05
BR4_main,2.750707071,0.036543514,0.000613437,0.014198743,-0.009715192,-0.024382634,-0.005641286,0.006477628,-0.004861331,-0.001440472,0.043324763,0.00050474,-0.120883086,-0.001705172,0.029350387,0.037618185,-0.002493343,-0.004513206,0.062862148,-0.016426343,-0.012113481,-0.000798632,0.013642922,-0.009169754,-0.001766387,0.056952368,-0.019658566,-0.01257929,-0.002363653,-0.006323021,-0.015316618,3.63858E-05
BR4_main,2.87030303,0.034396475,0.000563664,0.00992118,-0.009338469,-0.02759713,-0.006908785,0.005509202,-0.005859365,-0.001628297,0.03983627,0.000518219,-0.115581508,0.000672366,0.021862383,0.034319625,-0.002645983,-0.004634615,0.036135963,-0.016273101,-0.011770429,-0.000841078,0.010211274,-0.00901837,-0.001787887,0.022657424,-0.018423729,-0.012243506,-0.002446178,-0.006313358,-0.014769272,3.72637E-05
BR4_main,2.98989899,0.031805796,0.000498252,0.005689488,-0.009242096,-0.028682349,-0.008995818,0.004692972,-0.008948368,-0.001567621,0.038625158,0.000544351,-0.112908872,0.001749422,0.009572769,0.031027738,-0.00259239,-0.004801627,0.007937143,-0.015781209,-0.011175164,-0.001251208,0.008492355,-0.008867936,-0.002021213,-0.007903333,-0.018191142,-0.011872344,-0.00242601,-0.006237301,-0.014426669,3.92264E-05
BR4_main,3.109494949,0.029510842,0.000422068,0.0032233,-0.009369855,-0.028186247,-0.010844842,0.004091074,-0.008686833,-0.001769621,0.041765874,0.00056295,-0.109618851,0.00244396,-0.00076213,0.027854472,-0.002365013,-0.00539493,-0.017118859,-0.01506808,-0.010775941,-0.001577565,0.007006846,-0.008626436,-0.002073163,-0.025181994,-0.018373445,-0.011559004,-0.002442528,-0.006487071,-0.014188819,5.77733E-05
BR4_main,3.229090909,0.027430149,0.000342473,0.001168738,-0.009495325,-0.027452968,-0.010850931,0.003567069,-0.008737538,-0.002355365,0.04481203,0.000567837,-0.107369138,0.003080062,-0.009192505,0.028932534,-0.002059583,-0.00610584,-0.039544724,-0.014449835,-0.010885903,-0.001202906,0.005740815,-0.008400492,-0.003148025,-0.034090269,-0.018576317,-0.011317836,-0.002520165,-0.006476063,-0.013990253,7.76655E-05
BR4_main,3.348686869,0.025789083,0.000286834,-0.00161421,-0.00960305,-0.02725012,-0.010586062,0.003287491,-0.009550012,-0.003119131,0.044646637,0.000558573,-0.105756642,0.00287688,-0.008641616,0.028450977,-0.001890805,-0.006877815,-0.049652363,-0.014240793,-0.010846397,-0.001225014,0.00355471,-0.008272264,-0.004668276,-0.032438558,-0.019009957,-0.011135595,-0.002700951,-0.006247597,-0.013673364,9.14904E-05
BR4_main,3.468282828,0.024349131,0.000276554,-0.004748761,-0.009722256,-0.027318986,-0.010263681,0.003324212,-0.010106017,-0.003757209,0.040624435,0.000537888,-0.107192226,0.002141936,-0.010708286,0.025899223,-0.001866464,-0.007479548,-0.046227184,-0.01433167,-0.011021064,-0.001660761,0.001523839,-0.008229463,-0.004767027,-0.028958263,-0.019366484,-0.01104937,-0.002881102,-0.006218687,-0.013439108,8.60784E-05
BR4_main,3.587878788,0.023070316,0.000269179,-0.009171658,-0.009877346,-0.027215585,-0.009787772,0.003429234,-0.01083881,-0.004227079,0.034194816,0.000517327,-0.11036789,0.001376634,-0.011497666,0.023231892,-0.001942873,-0.008447005,-0.039830186,-0.014980565,-0.011474701,-0.001909046,0.000646431,-0.008155654,-0.006316159,-0.022578882,-0.019920784,-0.010699877,-0.002947086,-0.005823927,-0.013402283,6.67776E-05
BR4_main,3.707474747,0.022174032,0.000217144,-0.011573116,-0.010063297,-0.027021824,-0.008685906,0.002928189,-0.010683281,-0.004564634,0.02884963,0.000486768,-0.114416661,0.001255734,-0.012555774,0.020846715,-0.002017364,-0.008848546,-0.029736459,-0.015695484,-0.012267197,-0.002111877,-0.00147963,-0.007993884,-0.007424008,-0.013431839,-0.020503402,-0.010637036,-0.003024875,-0.00570162,-0.013070462,5.40154E-05
BR4_main,3.827070707,0.021737058,0.000257377,-0.014354259,-0.010165645,-0.026406559,-0.007411674,0.003496625,-0.011382055,-0.004921058,0.027892463,0.00046287,-0.116096354,0.001062623,-0.013083752,0.018715184,-0.002275737,-0.009076401,-0.022933716,-0.016070664,-0.012965932,-0.002162971,-0.001215715,-0.007836561,-0.007686188,-0.020212636,-0.02109767,-0.010613642,-0.003040387,-0.005747081,-0.012707863,4.68645E-05
BR4_main,3.946666667,0.021260916,0.000277036,-0.016332814,-0.010150537,-0.025111935,-0.006868577,0.003425059,-0.010916313,-0.00531564,0.026852701,0.000435197,-0.118343261,0.000943719,-0.01266766,0.019768723,-0.002695202,-0.00934121,-0.01989295,-0.016069101,-0.01285359,-0.002289612,0.000505695,-0.007680892,-0.008325688,-0.025137559,-0.021491009,-0.010575448,-0.002966456,-0.005976219,-0.012569444,5.30205E-05
BR4_main,4.066262626,0.020786074,0.00022246,-0.016881673,-0.010078035,-0.024838998,-0.006472837,0.003461197,-0.010951457,-0.005569009,0.025839389,0.000414929,-0.122073194,0.000836913,-0.013160582,0.018276145,-0.002639691,-0.009010645,-0.016399736,-0.015899673,-0.012515283,-0.002711276,0.002681168,-0.00752437,-0.008277222,-0.027119411,-0.021658949,-0.010576234,-0.002931464,-0.006150725,-0.012467535,5.43202E-05
BR4_main,4.185858586,0.020417591,0.000201311,-0.016092158,-0.009975068,-0.0246819,-0.006276645,0.002571434,-0.01129106,-0.00549896,0.024758804,0.000401183,-0.130416556,0.000832486,-0.013695605,0.014003908,-0.002656405,-0.008724211,-0.013112999,-0.015551997,-0.010317099,-0.003105848,0.004604712,-0.007369157,-0.008120324,-0.02987968,-0.021627423,-0.010550417,-0.002925307,-0.006197397,-0.012498263,4.65102E-05
BR4_main,4.305454545,0.020059574,0.000203772,-0.012360864,-0.009819075,-0.02505302,-0.006028762,0.0020811,-0.010591464,-0.005538015,0.023629944,0.000382716,-0.139134572,0.001136469,-0.014303539,0.010819324,-0.002681021,-0.008530352,-0.0114151,-0.015711016,-0.009891494,-0.003346649,0.006656182,-0.007186628,-0.008083879,-0.029382031,-0.021508214,-0.010482093,-0.002912195,-0.006142399,-0.012459187,3.56951E-05
BR4_main,4.425050505,0.019727076,0.000142481,-0.009826083,-0.00965016,-0.025524608,-0.006109172,0.001957394,-0.010191887,-0.005721866,0.022476011,0.000372907,-0.14494645,0.00158286,-0.015244653,0.009421861,-0.002818697,-0.008333184,-0.009136333,-0.015511449,-0.011004555,-0.003176487,0.009153488,-0.006996071,-0.007709828,-0.030167887,-0.02104977,-0.010475142,-0.002914433,-0.00607787,-0.012642772,2.74764E-05
BR4_main,4.544646465,0.01945957,0.000130846,-0.005830708,-0.009475674,-0.025056976,-0.006216626,0.0017715,-0.010269295,-0.005913239,0.021327426,0.000363533,-0.153060706,0.001877388,-0.015949418,0.007805712,-0.003035393,-0.008147424,-0.00637242,-0.01515986,-0.012357371,-0.00316535,0.01131686,-0.006810091,-0.007513422,-0.03391153,-0.020362893,-0.010379719,-0.002747099,-0.006091855,-0.012636501,2.60047E-05
BR4_main,4.664242424,0.019242881,0.000128738,-0.003735736,-0.009259326,-0.02434173,-0.006358038,0.001617055,-0.010138324,-0.006032342,0.020170544,0.000351502,-0.159779142,0.002270254,-0.016888425,0.006321817,-0.003172718,-0.00804682,-0.004314092,-0.015066084,-0.01219055,-0.003168602,0.012357458,-0.006629572,-0.007276087,-0.033291279,-0.019613896,-0.010305305,-0.002617942,-0.006209162,-0.012681089,2.60307E-05
BR4_main,4.783838384,0.018874554,0.000124282,-0.002485223,-0.009056549,-0.023934367,-0.006510958,0.001448265,-0.010338981,-0.005989933,0.019052718,0.000341729,-0.16592565,0.002096602,-0.017945049,0.004999091,-0.003133291,-0.008002644,-0.002829091,-0.014968107,-0.011936793,-0.003199088,0.013867708,-0.006445564,-0.007217292,-0.031720317,-0.018820805,-0.010273346,-0.002518129,-0.006223708,-0.012734656,2.60127E-05
BR4_main,4.903434343,0.018302623,0.000129313,-0.00184617,-0.008854762,-0.024011785,-0.006718367,0.001250584,-0.009386586,-0.006006391,0.018097635,0.000331885,-0.169094611,0.002098324,-0.018590978,0.004068489,-0.003063429,-0.008165618,-0.001689025,-0.015073398,-0.01161897,-0.002927696,0.015662915,-0.006239873,-0.007440997,-0.029920741,-0.017872823,-0.010198208,-0.002469091,-0.006664141,-0.012848594,2.60456E-05
BR4_main,5.023030303,0.017682214,0.000122509,-0.001634414,-0.008648692,-0.024517809,-0.007119184,0.001079475,-0.007620643,-0.005978236,0.017207416,0.000322021,-0.171118462,0.002063742,-0.018375027,0.00339719,-0.003025585,-0.008165938,-0.000791482,-0.0152383,-0.011045785,-0.002576786,0.017094144,-0.006098815,-0.007011248,-0.025861099,-0.01666335,-0.010004971,-0.002444673,-0.00674448,-0.01275664,2.60463E-05
BR4_main,5.142626263,0.017040218,0.000135892,-0.001538845,-0.008435635,-0.024558668,-0.007638425,0.000939958,-0.006646578,-0.005737174,0.016274664,0.000312187,-0.172378103,0.001696656,-0.018426363,0.003000601,-0.002945001,-0.007882717,6.69002E-05,-0.015090633,-0.010744292,-0.002364804,0.019035318,-0.005947218,-0.00665024,-0.022115715,-0.015408596,-0.009800438,-0.002427911,-0.006612772,-0.01258049,2.60236E-05
BR4_main,5.262222222,0.016405619,0.000187741,-0.001343848,-0.00820083,-0.024349508,-0.007864435,0.000885686,-0.006853677,-0.005979623,0.015476806,0.000305362,-0.173154366,0.001193904,-0.01858171,0.002650568,-0.002859004,-0.007677062,0.000845544,-0.014705762,-0.010625717,-0.002155484,0.020153207,-0.005776838,-0.005004349,-0.020709038,-0.014318417,-0.009531955,-0.002414339,-0.00633733,-0.012394636,2.59882E-05
BR4_main,5.381818182,0.015906215,0.000201432,-0.001316415,-0.007974594,-0.024090309,-0.008375319,0.000944226,-0.005861623,-0.006245226,0.014809665,0.000300803,-0.173296161,0.000952715,-0.019113583,0.002474415,-0.002906055,-0.007553035,0.001465798,-0.014100811,-0.010265832,-0.001625455,0.020706025,-0.005624777,-0.002053209,-0.019431137,-0.013249181,-0.009382011,-0.002411331,-0.005874109,-0.012219706,2.62462E-05
BR4_main,5.501414141,0.015521086,0.000211195,-0.000821804,-0.007752556,-0.026011917,-0.008654845,0.000931635,-0.002907563,-0.0061105,0.014218261,0.000295619,-0.172567501,0.000806957,-0.019848986,0.00237737,-0.002927365,-0.007500371,0.002314618,-0.013348286,-0.01028885,-0.001520996,0.021395358,-0.005450738,-0.002177751,-0.019160063,-0.012146589,-0.009199025,-0.002412128,-0.005702373,-0.012034202,2.64334E-05
BR4_main,5.621010101,0.015184665,0.000218502,-0.000117728,-0.007540035,-0.026296475,-0.00894096,0.000904731,-0.002799533,-0.005955948,0.013816845,0.000292193,-0.17041533,0.000631871,-0.020523445,0.002165,-0.002956935,-0.007539912,0.003658106,-0.011405452,-0.010154934,-0.001432108,0.02225613,-0.005295704,-0.002505065,-0.019069942,-0.011099884,-0.00889261,-0.002416699,-0.0055631,-0.011884013,2.74657E-05
BR4_main,5.740606061,0.014611676,0.000240531,0.000599871,-0.007337413,-0.025943913,-0.009193316,0.000869028,-0.003581611,-0.005464577,0.013374501,0.000299535,-0.168487617,0.000517615,-0.02072829,0.002020789,-0.002877842,-0.007015142,0.005108377,-0.009803869,-0.0099438,-0.001425951,0.022372471,-0.005159209,-0.002226033,-0.019655296,-0.01007374,-0.008712991,-0.002425478,-0.005297574,-0.011701861,2.85694E-05
BR4_main,5.86020202,0.013841932,0.00025165,0.002192326,-0.007139056,-0.026498178,-0.00944984,0.001120293,-0.004960301,-0.005006407,0.012909029,0.000307494,-0.167487982,0.000494875,-0.019990256,0.00168853,-0.002792732,-0.006615614,0.007688045,-0.009425077,-0.009563199,-0.001323897,0.023899044,-0.005036364,-0.00252531,-0.020781282,-0.009136028,-0.008445186,-0.002435037,-0.004794585,-0.011514854,2.97304E-05
BR4_main,5.97979798,0.012961388,0.00026327,0.003389583,-0.006939635,-0.026175516,-0.009862181,0.001512074,-0.004773376,-0.004718174,0.012580396,0.000311559,-0.166375772,0.000398979,-0.01949797,0.001406448,-0.002770141,-0.006119897,0.010961162,-0.008719359,-0.009313783,-0.001317937,0.024103668,-0.004935175,-0.003780162,-0.021944006,-0.008282901,-0.008095164,-0.002445282,-0.004525905,-0.01134865,3.07021E-05
BR4_main,6.099393939,0.011915502,0.000272207,0.003860187,-0.006736394,-0.0257102,-0.009903814,0.00193245,-0.004879326,-0.004484927,0.012239445,0.0003124,-0.167883725,0.000348579,-0.01859322,0.001136605,-0.002700938,-0.005662026,0.013798912,-0.008870134,-0.009068197,-0.001256917,0.022750801,-0.00485035,-0.005334209,-0.022201206,-0.007524188,-0.007692086,-0.002440128,-0.004403366,-0.011164481,3.14148E-05
BR4_main,6.218989899,0.011029909,0.000275038,0.002927461,-0.006543978,-0.025130076,-0.009920077,0.002320995,-0.00486057,-0.004166782,0.011964351,0.000310777,-0.167904725,0.000328491,-0.017581215,0.000889402,-0.002649359,-0.005415021,0.015849876,-0.008644601,-0.008799165,-0.001238317,0.021480569,-0.004776486,-0.005876176,-0.021398113,-0.006866165,-0.007193383,-0.002428282,-0.004345955,-0.010943885,3.15102E-05
BR4_main,6.338585859,0.010119868,0.000277473,0.002307785,-0.006371652,-0.024589247,-0.00987767,0.00278123,-0.004171246,-0.003986806,0.011706385,0.000315375,-0.167166683,0.000307833,-0.016479184,0.000835214,-0.00252061,-0.005160914,0.017793939,-0.009492727,-0.008547997,-0.001261737,0.020894329,-0.004701394,-0.006210077,-0.021039005,-0.00631195,-0.006828079,-0.00241188,-0.00414116,-0.010645574,3.18607E-05
BR4_main,6.458181818,0.009245973,0.000363343,0.002689224,-0.006187435,-0.023836483,-0.00987612,0.003168988,-0.00400945,-0.003851301,0.011464309,0.000316017,-0.166840156,0.000289257,-0.015381065,0.000906334,-0.002310432,-0.004986318,0.018370478,-0.010717308,-0.008386587,-0.001270788,0.018892196,-0.004661063,-0.006552883,-0.020428545,-0.005793494,-0.006622162,-0.00240012,-0.004073372,-0.010270076,3.17617E-05
BR4_main,6.577777778,0.008448985,0.000397553,0.002342007,-0.006010177,-0.023562172,-0.009646787,0.003927948,-0.003808609,-0.003662189,0.011235412,0.000313749,-0.167783204,0.000275495,-0.014146515,0.001096487,-0.002121752,-0.004904826,0.015063822,-0.010605862,-0.008274624,-0.001369913,0.017471735,-0.004608457,-0.006236249,-0.019909027,-0.005363075,-0.006312607,-0.002369898,-0.003714033,-0.009789141,3.13828E-05
BR4_main,6.697373737,0.007691515,0.000385966,0.003408198,-0.005825537,-0.023254426,-0.009387112,0.004391175,-0.003585244,-0.003483921,0.011012216,0.000304497,-0.1697422,0.000256097,-0.012977543,0.00128135,-0.001958765,-0.004911064,0.011400374,-0.010142919,-0.008063933,-0.00146297,0.016937278,-0.004557036,-0.006080644,-0.019546094,-0.004953623,-0.0062171,-0.002354125,-0.003494827,-0.009368274,3.07348E-05
BR4_main,6.816969697,0.006860177,0.000460388,0.00377485,-0.00564403,-0.021360688,-0.008955075,0.004260955,-0.003484384,-0.003348899,0.010786719,0.000288183,-0.172791587,0.000233547,-0.011959111,0.001566015,-0.001768167,-0.004998656,0.00949337,-0.010125963,-0.007775284,-0.001386189,0.017006553,-0.004507555,-0.00586903,-0.019342751,-0.004572076,-0.006026251,-0.002328197,-0.003568427,-0.009065488,2.96558E-05
BR4_main,6.936565657,0.00615401,0.000646674,0.003749336,-0.005467114,-0.020858868,-0.008502239,0.003966572,-0.003888333,-0.003234554,0.010560433,0.000273824,-0.173762521,0.000215601,-0.011104309,0.001930463,-0.001616475,-0.005135953,0.008097312,-0.00974073,-0.007423169,-0.00130971,0.015999114,-0.004461904,-0.005854815,-0.019161591,-0.004266862,-0.005875126,-0.002283527,-0.003536451,-0.00884014,2.82305E-05
BR4_main,7.056161616,0.005536852,0.000694061,0.002644287,-0.005286459,-0.019827368,-0.008060794,0.003164864,-0.004028785,-0.003152494,0.01033073,0.000261889,-0.175424736,0.000202298,-0.01040475,0.002223581,-0.001536128,-0.005291915,0.006626537,-0.009333773,-0.007188526,-0.00128637,0.01432228,-0.004418143,-0.005699445,-0.018841387,-0.004040739,-0.005665658,-0.002235784,-0.003945064,-0.00862364,2.6741E-05
BR4_main,7.175757576,0.004956673,0.000746163,0.001977204,-0.005118524,-0.019719992,-0.00764802,0.002626998,-0.004138378,-0.003133401,0.01009712,0.0002525,-0.180984342,0.000192837,-0.009803618,0.002466146,-0.001513761,-0.00534642,0.005325929,-0.008430637,-0.006856353,-0.001316599,0.013457892,-0.004368964,-0.005514137,-0.018548147,-0.003899356,-0.005378497,-0.002202704,-0.004461951,-0.008295334,2.49818E-05
BR4_main,7.295353535,0.004455526,0.000870675,0.00146873,-0.004961827,-0.018529113,-0.007176052,0.001823262,-0.004297669,-0.00301329,0.009858942,0.000246029,-0.183051901,0.000191577,-0.009394414,0.002622033,-0.001552931,-0.005344555,0.004119954,-0.006375739,-0.006568396,-0.001285015,0.012310168,-0.004317194,-0.005526731,-0.018271414,-0.003837239,-0.005473618,-0.002190265,-0.004869413,-0.007943155,2.33323E-05
BR4_main,7.414949495,0.004005022,0.000985108,0.000853073,-0.004807612,-0.017372495,-0.006745091,0.00120107,-0.004330756,-0.002949862,0.009895407,0.000235521,-0.184516013,0.000194298,-0.009078312,0.002775564,-0.00154473,-0.005352766,0.00279364,-0.006035453,-0.006014477,-0.001288343,0.01125205,-0.004278932,-0.005580017,-0.018056664,-0.003782679,-0.005422127,-0.00215209,-0.004867883,-0.007712893,2.24414E-05
BR4_main,7.534545455,0.003595238,0.001203857,0.000262329,-0.004634148,-0.016615697,-0.006359397,0.001038929,-0.004610909,-0.002777594,0.010346466,0.000226351,-0.185430542,0.000218401,-0.009005858,0.003072028,-0.001543482,-0.005319254,0.002005896,-0.00531748,-0.005405409,-0.001287025,0.011062467,-0.004209347,-0.00550105,-0.017888459,-0.003713331,-0.005031097,-0.002098617,-0.004856144,-0.007461906,2.23827E-05
BR4_main,7.654141414,0.00320702,0.001287289,-0.000166228,-0.004463284,-0.016110814,-0.00597282,0.001010063,-0.004823225,-0.002627043,0.010947294,0.000220882,-0.186369622,0.00024363,-0.008633923,0.003072502,-0.001522934,-0.005306302,0.001755894,-0.005491589,-0.005111174,-0.001238813,0.01084143,-0.004126391,-0.005422981,-0.017636246,-0.003600542,-0.004608637,-0.002055304,-0.004732889,-0.007174311,2.23286E-05
BR4_main,7.773737374,0.002851619,0.001226242,-0.000542482,-0.004301971,-0.014782128,-0.005501551,0.001047979,-0.005114214,-0.00250761,0.010820477,0.000213868,-0.185803335,0.000309533,-0.008479982,0.003207844,-0.001463877,-0.005104835,0.001430565,-0.006212588,-0.00453512,-0.001217719,0.010547335,-0.00404787,-0.005099663,-0.016862218,-0.003478688,-0.00461059,-0.00202769,-0.004429746,-0.006892886,2.22196E-05
BR4_main,7.893333333,0.002531149,0.001080046,-0.001036106,-0.004156984,-0.013883675,-0.004793871,0.001050689,-0.005572603,-0.002411287,0.009923284,0.000208663,-0.186342347,0.000376145,-0.008236301,0.003250709,-0.001393976,-0.00493364,0.001041519,-0.006528379,-0.004354901,-0.001234398,0.010410524,-0.003959656,-0.004954337,-0.016339593,-0.00338476,-0.004697202,-0.001983029,-0.00396489,-0.006671395,2.20744E-05
BR4_main,8.012929293,0.002238928,0.000759798,-0.001433351,-0.004013284,-0.013101919,-0.004231994,0.001014434,-0.005983064,-0.002390325,0.008871738,0.000202393,-0.186501504,0.000419714,-0.008059261,0.003512879,-0.001357467,-0.004785018,0.000276726,-0.006612445,-0.004389688,-0.001153403,0.010380583,-0.003853965,-0.004876152,-0.015755116,-0.00329593,-0.00490942,-0.001938244,-0.003703464,-0.006491244,2.18929E-05
BR4_main,8.132525253,0.002015224,0.000461179,-0.001695266,-0.003871261,-0.012432098,-0.003774355,0.000966662,-0.006284571,-0.002444224,0.008339201,0.000196909,-0.184937943,0.000439318,-0.007988105,0.00378605,-0.001365407,-0.004655989,-0.000291741,-0.006916353,-0.004248144,-0.0011315,0.010522236,-0.003747404,-0.004849653,-0.01554326,-0.003207683,-0.004908991,-0.001847434,-0.003479505,-0.006305649,2.16756E-05
BR4_main,8.252121212,0.00182061,0.00041023,-0.001723167,-0.0037035,-0.011997692,-0.00344506,0.000905245,-0.006784612,-0.002450156,0.008165481,0.000191315,-0.182495297,0.000421342,-0.007993856,0.003905682,-0.001383926,-0.004541562,-0.000685405,-0.006963934,-0.004089905,-0.001092916,0.010845244,-0.003624078,-0.004763917,-0.015576465,-0.00311974,-0.004899848,-0.001774909,-0.003154165,-0.006041539,2.1516E-05
BR4_main,8.371717172,0.001623934,0.000344812,-0.001735965,-0.003464923,-0.010981476,-0.003232707,0.000930097,-0.006748938,-0.002320102,0.007986554,0.000184691,-0.179036006,0.000354528,-0.008036088,0.004240217,-0.001264853,-0.004401748,-0.001095714,-0.007059983,-0.004026082,-0.001119068,0.011412475,-0.003489913,-0.004555455,-0.01547689,-0.003019813,-0.004542124,-0.001653471,-0.002649516,-0.005860388,2.1354E-05
BR4_main,8.491313131,0.001440524,0.000290421,-0.001427242,-0.003198364,-0.01018775,-0.003263922,0.001026559,-0.006493211,-0.002246278,0.007912797,0.000182732,-0.177922592,0.000288945,-0.008199783,0.004630418,-0.00119833,-0.004281132,-0.001446775,-0.006751979,-0.004020846,-0.001111464,0.011712237,-0.003356083,-0.004408936,-0.015295544,-0.00291143,-0.004317408,-0.001620146,-0.002439255,-0.005646227,2.11477E-05
BR4_main,8.610909091,0.001282115,0.000261511,-0.00115663,-0.002952858,-0.009684289,-0.003102837,0.001015517,-0.006255006,-0.002240083,0.007868358,0.000183231,-0.176659875,0.000276948,-0.008100835,0.004708851,-0.001201805,-0.004143728,-0.001596353,-0.006516801,-0.004002356,-0.001117264,0.012429769,-0.003205581,-0.004254534,-0.015224485,-0.002802389,-0.004190037,-0.001534885,-0.003003855,-0.005424034,2.10965E-05
BR4_main,8.730505051,0.001143006,0.0002424,-0.001003417,-0.002744592,-0.009112932,-0.002944967,0.001037971,-0.00543815,-0.002143354,0.007817163,0.00021522,-0.173867528,0.000297681,-0.007990101,0.004982151,-0.001220497,-0.003985928,-0.001650837,-0.006327242,-0.003898898,-0.001149214,0.013143971,-0.003052688,-0.004143301,-0.015222033,-0.002619268,-0.004277638,-0.001411704,-0.00318626,-0.005222871,2.20835E-05
BR4_main,8.85010101,0.001023851,0.000233391,-0.000906792,-0.002633397,-0.008533646,-0.002713083,0.001108514,-0.004852781,-0.002307471,0.007761095,0.000237568,-0.169252326,0.000312656,-0.007873385,0.005160777,-0.001112808,-0.003813928,-0.001681152,-0.005952969,-0.003859196,-0.001069121,0.014073337,-0.002894788,-0.003941541,-0.015105289,-0.002304203,-0.004032885,-0.001319712,-0.003466166,-0.005126467,2.38972E-05
BR4_main,8.96969697,0.000949078,0.000231234,-0.000691755,-0.002640078,-0.008602915,-0.002549842,0.001207556,-0.004393353,-0.002360576,0.007685389,0.000269487,-0.168334679,0.000344005,-0.007729893,0.005449157,-0.001066936,-0.003629633,-0.001811496,-0.00570393,-0.003821876,-0.001033993,0.014485057,-0.002736251,-0.003737699,-0.014901131,-0.002010827,-0.003925415,-0.001323975,-0.003819258,-0.005104696,2.55423E-05
BR4_main,9.089292929,0.000895111,0.000241745,-0.000658745,-0.002593498,-0.008576792,-0.002560288,0.001276609,-0.00395956,-0.0020981,0.007584302,0.000255716,-0.168066788,0.000394288,-0.007569349,0.005349842,-0.00107613,-0.003456969,-0.001904642,-0.00556029,-0.003862032,-0.001018493,0.016120544,-0.002575441,-0.003588909,-0.014544253,-0.001782844,-0.003794602,-0.001359353,-0.004048326,-0.004896548,2.78345E-05
BR4_main,9.208888889,0.000872937,0.000249683,-0.000534573,-0.002587749,-0.009558911,-0.002590941,0.001286798,-0.003562197,-0.001946794,0.007443139,0.000240731,-0.168371569,0.000437216,-0.007392142,0.005602114,-0.001081838,-0.00321011,-0.002034023,-0.005393208,-0.003815579,-0.001031254,0.01798538,-0.002437152,-0.003441533,-0.01447148,-0.001630358,-0.003360018,-0.001375867,-0.004187379,-0.004693184,2.82878E-05
BR4_main,9.328484848,0.000856157,0.000323308,-0.000551482,-0.002570595,-0.010706445,-0.002389303,0.001194992,-0.00332272,-0.002086824,0.007238481,0.000238265,-0.165403865,0.000478127,-0.007148805,0.005356858,-0.001100103,-0.002984024,-0.00202428,-0.005176296,-0.003765364,-0.000950892,0.018774296,-0.00230998,-0.003200574,-0.014350988,-0.001527498,-0.003034508,-0.001324243,-0.004217718,-0.004573677,2.7008E-05
BR4_main,9.448080808,0.000843704,0.000449515,-0.000759692,-0.002508941,-0.010793061,-0.002244154,0.001070574,-0.002993752,-0.002188046,0.006904892,0.000231626,-0.163797949,0.000524399,-0.006947576,0.006292513,-0.00105749,-0.002803145,-0.001882553,-0.00496745,-0.003710266,-0.000794396,0.0185581,-0.002200778,-0.002999735,-0.013929343,-0.001464064,-0.002840563,-0.001225933,-0.004248804,-0.004227946,2.69854E-05
BR4_main,9.567676768,0.000834849,0.000519421,-0.001022586,-0.002434988,-0.011023656,-0.001874083,0.000918756,-0.002700936,-0.001848627,0.006514542,0.000237974,-0.163130189,0.000588565,-0.006505292,0.00646958,-0.000962454,-0.002655476,-0.000743058,-0.004878696,-0.003551361,-0.000676635,0.01936432,-0.002113837,-0.002825147,-0.013713162,-0.001405316,-0.002783577,-0.001136348,-0.004226354,-0.004213161,2.76117E-05
BR4_main,9.687272727,0.000828985,0.000677714,-0.001092009,-0.002376822,-0.010034812,-0.001515806,0.000898634,-0.002670216,-0.001813943,0.00612843,0.000232328,-0.162542447,0.000662582,-0.006194068,0.007113523,-0.000889967,-0.002510416,0.000130647,-0.004793993,-0.003379961,-0.00058992,0.019732218,-0.002031949,-0.002741502,-0.013326928,-0.001361271,-0.002926585,-0.00113443,-0.004143036,-0.004217357,2.80487E-05
BR4_main,9.806868687,0.000825606,0.001031753,-0.001252126,-0.002324237,-0.009534163,0.002619017,0.000977342,-0.002523803,-0.002029289,0.006840029,0.000262052,-0.160756733,0.000733521,-0.005856448,0.00739322,-0.000804119,-0.002335839,0.000745356,-0.004512563,-0.0032701,-0.000528767,0.019662767,-0.001922318,-0.002630396,-0.012954629,-0.001322696,-0.002779482,-0.001139721,-0.004065694,-0.004118443,2.67458E-05
BR4_main,9.926464646,0.00082429,0.001088542,-0.001297774,-0.002266332,-0.009245388,0.006095749,0.001093186,-0.00249675,-0.001951519,0.008890159,0.000264051,-0.159407062,0.000815856,-0.005594333,0.007677083,-0.000738455,-0.002238481,0.000961038,-0.004501758,-0.003190652,-0.000489551,0.019096249,-0.001808936,-0.002630476,-0.012787523,-0.001279874,-0.002742793,-0.001115486,-0.003984278,-0.003894902,2.451E-05
BR4_main,10.04606061,0.000824554,0.000911004,-0.000503403,-0.002218481,-0.008638278,0.00817583,0.00109274,-0.0025194,-0.001886409,0.009002681,0.000288604,-0.15740893,0.000921188,-0.005356069,0.008026187,-0.000701307,-0.002252841,0.001370154,-0.004647335,-0.00314293,-0.000463366,0.01907093,-0.001718958,-0.002634268,-0.012713461,-0.001265651,-0.002682778,-0.001094716,-0.003892903,-0.003529086,2.24392E-05
BR4_main,10.16565657,0.000826074,0.000842752,0.000394234,-0.002210576,-0.007975111,0.008317769,0.001012451,-0.00290069,-0.001731982,0.008481606,0.000323273,-0.156145377,0.001054188,-0.005480722,0.007668213,-0.000643189,-0.002373123,0.001542611,-0.004907711,-0.0031346,-0.000449294,0.019367348,-0.001707313,-0.002599155,-0.012695773,-0.001232275,-0.002604568,-0.000970122,-0.00373689,-0.003330901,2.12081E-05
BR4_main,10.28525253,0.000828742,0.000654518,0.001846495,-0.002192047,-0.006034984,0.003166547,0.000869652,-0.003267145,-0.001850988,0.006874289,0.000339162,-0.151890798,0.001130778,-0.005599506,0.007708337,-0.000599994,-0.002594227,0.001020298,-0.005082957,-0.003092524,-0.000464445,0.01960089,-0.001669222,-0.002567903,-0.012838324,-0.001235886,-0.002586921,-0.000873762,-0.00361872,-0.003195597,2.1931E-05
BR4_main,10.40484848,0.000832388,0.00055888,0.002421268,-0.002151541,-0.002890299,-0.001845413,0.000594494,-0.003747141,-0.001857069,0.00507429,0.000343726,-0.147034204,0.001298619,-0.005565541,0.008937663,-0.000537904,-0.002541258,0.001457595,-0.005174656,-0.002887524,-0.000415758,0.020340163,-0.001634815,-0.002564878,-0.012916498,-0.001313534,-0.002468325,-0.00070695,-0.003517423,-0.002998483,2.12461E-05
BR4_main,10.52444444,0.000836845,0.000539129,0.00233692,-0.002088166,0.001088711,-0.00178104,0.00042154,-0.003967298,-0.001898343,0.005435325,0.000360446,-0.143318285,0.001517441,-0.006224903,0.010173476,-0.000546115,-0.00223334,0.001305466,-0.004674225,-0.002751336,-0.000343684,0.021345875,-0.001638785,-0.002489743,-0.012729901,-0.00120792,-0.002602547,-0.000536732,-0.003349979,-0.002992046,2.07836E-05
BR4_main,10.6440404,0.000841973,0.000534256,0.001207058,-0.001972641,0.001764613,-0.00210764,0.000394344,-0.004254011,-0.001803817,0.006420822,0.00033577,-0.141586752,0.001660373,-0.006547393,0.009295936,-0.000439749,-0.002038488,0.001327915,-0.004675801,-0.002649087,-0.000249714,0.022608526,-0.001781064,-0.002426516,-0.012459548,-0.001094027,-0.002435753,-0.000454662,-0.003276443,-0.003053948,1.82089E-05
BR4_main,10.76363636,0.000847654,0.00063882,-2.8096E-05,-0.001858212,0.000760112,7.39986E-06,0.000371713,-0.00424775,-0.001837346,0.008107857,0.000312362,-0.139501701,0.001674296,-0.006159005,0.007297726,-0.000325188,-0.001693932,0.001365001,-0.004346213,-0.002518773,-0.000126823,0.023640049,-0.001773359,-0.00240336,-0.012358265,-0.001000812,-0.002524617,-0.000482301,-0.003284433,-0.003133341,1.82149E-05
BR4_main,10.88323232,0.000853791,0.000897338,-0.000170421,-0.001758017,-0.004690003,0.00228751,0.000435865,-0.004164695,-0.001830834,0.009562392,0.00032269,-0.139157325,0.001546147,-0.006200728,0.007468675,-0.00020614,-0.001707729,0.001351337,-0.004047666,-0.002263773,-7.20806E-05,0.024400537,-0.001796156,-0.00235932,-0.011944449,-0.000957595,-0.002131586,-0.000366917,-0.003389411,-0.002474424,2.22247E-05
BR4_main,11.00282828,0.0008602,0.001264875,-5.07075E-05,-0.001695185,-0.005974445,0.006132899,0.000555538,-0.004529782,-0.0013727,0.011450153,0.000367557,-0.146032742,0.001240882,-0.006166257,0.007823486,-0.000184646,-0.001883359,0.002265919,-0.00342736,-0.002034902,-0.000139091,0.02482978,-0.001972335,-0.002219984,-0.011349008,-0.000968955,-0.002021058,-0.000343971,-0.003523988,-0.002355333,3.26055E-05
BR4_main,11.12242424,0.000866771,0.001380632,0.000105098,-0.001685889,-0.007979118,0.010036961,0.000635365,-0.00473873,-0.001229852,0.012815409,0.000444053,-0.149983964,0.000888665,-0.006014584,0.008170055,-0.000247017,-0.001799537,0.003263789,-0.002874197,-0.001359497,-0.000250569,0.025160845,-0.002124275,-0.002226369,-0.010309805,-0.0010208,-0.001878627,-0.000370202,-0.003321787,-0.00216422,3.35815E-05
BR4_main,11.2420202,0.000873549,0.001403107,0.00074875,-0.001659232,-0.01055758,0.010335086,0.000646221,-0.005230505,-0.00102773,0.013597306,0.000508969,-0.146544725,0.000426576,-0.005408403,0.008826385,-0.000333442,-0.00186586,0.005308893,-0.002561422,-0.000597163,-0.000323184,0.024117709,-0.002265138,-0.002201013,-0.008511315,-0.000914302,-0.00198201,-0.000407621,-0.003525768,-0.001240823,2.66246E-05
BR4_main,11.36161616,0.000880528,0.001607888,0.001967726,-0.001682396,-0.008100305,0.006646892,0.000693196,-0.003829027,-0.000998167,0.015567109,0.000540298,-0.140978185,-0.000335946,-0.002556726,0.011077124,-0.000387231,-0.001530318,0.008405359,-0.001905239,-0.000627114,-0.000288055,0.022134984,-0.002251937,-0.002262555,-0.005912635,-0.000418593,-0.002512604,-0.000647308,-0.003955312,-0.000626628,3.03913E-05
BR4_main,11.48121212,0.000887673,0.00197805,0.005285164,-0.001657342,0.003858115,0.00197645,0.000959583,-0.001784312,-0.001129093,0.015160364,0.000611426,-0.133654338,-0.001317645,0.000546348,0.013885511,-0.000614106,-0.001272532,0.012339998,-0.001528265,-0.000999559,-0.000275083,0.021474845,-0.002194984,-0.001931211,-0.002484793,0.000101477,-0.002597412,-0.000778516,-0.004088818,-0.000500485,3.58613E-05
BR4_main,11.60080808,0.000895179,0.001966458,0.0086473,-0.001621019,0.025268929,0.001590544,0.001840248,0.000827616,-0.000969889,0.01846626,0.000637219,-0.103445646,-0.002381207,0.003560872,0.015443635,-0.000708662,-0.00103156,0.016967729,-0.001155827,-0.001220449,-0.000258652,0.024057939,-0.001709757,-0.001445836,0.001834733,0.000683354,-0.002170049,-0.000854121,-0.003940642,-0.000619723,4.23889E-05
BR4_main,11.72040404,0.000902799,0.002250058,0.012243573,-0.001552999,0.042657119,0.001138071,0.003088083,0.004283143,-0.000678155,0.025232116,0.000670907,-0.058130957,-0.00279379,0.006009411,0.015242343,-0.000782405,-0.000886961,0.021200169,-0.000801961,-0.000776126,-0.000240683,0.028350411,-0.001533261,-0.000977973,0.007000338,0.001051953,-0.000991049,-0.000661346,-0.003666145,-0.000517438,6.76685E-05
BR4_main,11.84,0.000910469,0.002355099,0.011891455,-0.001452043,0.050881528,0.000150502,0.003887269,0.006385918,-0.00032264,0.030147018,0.000788369,-0.011884984,-0.002959891,0.007391327,0.012780729,-0.000751863,-0.000743545,0.023136891,-0.000122179,-0.000344676,-0.000191774,0.031222517,-0.001673298,-0.000686412,0.010056789,0.001267277,-0.000372391,-0.000100854,-0.002744101,-0.0003495,8.86529E-05
BR5_main,0,0.021032723,0.069399549,0.566957735,-0.022852274,2.157991079,0.714631815,0.071148426,1.923122139,-0.008466107,0.832370453,0.011825621,-0.087300879,0.1249128,0.625857281,0.337553505,-0.005436469,-0.020848359,3.910228469,-0.050952111,-0.046558756,-0.007374279,1.70843333,-0.006136886,-0.000936268,0.171568897,-0.116047023,-0.078951164,-0.002905035,0.292981008,-0.043020135,0.000977684
BR5_main,0.11959596,0.027610564,0.058665577,0.511648391,-0.026019043,1.844208981,0.569675211,0.055685484,1.706540695,-0.007479598,0.850034978,0.010392667,-0.163058459,-0.299712621,0.423095265,0.266051844,-0.012568247,-0.040274712,3.055527543,-0.053013486,-0.051048611,-0.011231321,1.409711394,-0.010384067,-0.007019422,0.071042477,-0.116048449,-0.076076903,-0.003392424,0.195183492,-0.067494769,0.000848725
BR5_main,0.239191919,0.032692567,0.042141928,0.417270441,-0.028454718,1.125488742,0.369346395,0.055233564,1.201647812,-0.00649954,0.839296937,0.007830611,-0.268049157,-0.718199877,0.306743655,0.167512123,-0.018813525,-0.043075927,1.95873383,-0.058934168,-0.04971725,-0.018927437,0.992662138,-0.016501356,-0.012326136,-0.016837436,-0.114120926,-0.073068761,-0.003819715,0.124760487,-0.081087947,0.000663781
BR5_main,0.358787879,0.036441614,0.018973768,0.328150938,-0.033526508,0.289173481,0.274724535,0.055243793,0.608719805,-0.004861756,1.258470869,0.005005102,-0.298951681,-0.420045847,0.57167924,0.160983956,-0.01835142,-0.047561563,1.969351392,-0.069492944,-0.049724922,-0.021259976,0.666327358,-0.018513962,-0.016968322,-0.049798852,-0.111009095,-0.067620676,-0.004137951,0.085689792,-0.085559925,0.000493108
BR5_main,0.478383838,0.038920457,0.014475246,0.291288889,-0.032944592,0.629461832,0.370528683,0.060350097,0.349918597,-0.003902139,1.358062388,0.002263609,-0.277314991,0.109119414,1.059337964,0.293864606,-0.011967639,-0.042867875,1.889702476,-0.069075081,-0.045906648,-0.016714087,0.669612028,-0.015859852,-0.020805826,0.133636125,-0.107406032,-0.045936801,-0.004137454,0.061890028,-0.060050341,0.000337268
BR5_main,0.597979798,0.040448056,0.014424921,0.284743788,-0.025219245,1.303282206,0.365957053,0.075695524,0.269626448,-0.002329477,1.324437934,0.001511138,-0.265704874,0.359387896,1.701377278,0.339571927,-0.004556239,-0.034643162,1.77618923,-0.073875722,-0.027632462,-0.009247084,0.626122901,-0.008944932,-0.024092144,0.311630688,-0.09594263,-0.025752443,-0.004288404,0.05282375,-0.03513432,0.000245895
BR5_main,0.717575758,0.041336427,0.010460748,0.280967672,-0.021210325,1.394166063,0.369958258,0.053925263,0.288694601,-0.002579309,1.228280865,0.001327565,-0.25930768,0.206573843,1.892400923,0.330565434,-0.002068351,-0.0245594,1.436904364,-0.071469002,-0.009724449,-0.004125758,0.551572548,-0.006264767,-0.026693473,0.369229683,-0.083502562,-0.015691891,-0.004405312,0.064845826,-0.018223307,0.000209439
BR5_main,0.837171717,0.04185325,0.008669267,0.269827664,-0.014876547,1.273197649,0.322927451,0.023986994,0.318727211,-0.002765,0.868909798,0.002633307,-0.240988235,0.037551635,1.597556948,0.274508568,-0.002851826,-0.014866258,1.067080315,-0.065061741,-0.004856363,-0.002108487,0.528600705,-0.002958134,-0.028722765,0.255497812,-0.055919989,-0.008464894,-0.004475008,0.019020612,-0.012122584,0.000175629
BR5_main,0.956767677,0.042142282,0.007921099,0.253225777,-0.013663241,0.856322314,0.281494667,0.011356338,0.364133892,-0.003239805,0.570100052,0.003682222,-0.21082592,-0.055039838,0.938333512,0.193546376,-0.003200803,-0.008910162,0.903136659,-0.060300629,-0.003168745,-0.001696959,0.587175517,-0.003300297,-0.0302423,0.112058999,-0.03796061,-0.003725696,-0.00440791,0.013232188,-0.00851562,0.000135247
BR5_main,1.076363636,0.042305507,0.006700105,0.230348033,-0.011807505,0.38915108,0.224300764,0.008326086,0.412400192,-0.003314375,0.319921403,0.003762322,-0.20881433,-0.102380955,0.350280019,0.155378114,-0.002908204,-0.00563444,0.855433367,-0.053525118,-0.00437785,-0.001433193,0.574953469,-0.00290536,-0.031307592,0.051489873,-0.02759296,-0.001933421,-0.004195844,0.005571744,-0.007450656,0.000112122
BR5_main,1.195959596,0.042396463,0.005179201,0.204456055,-0.009981638,1.172255824,0.184668395,0.006946565,0.354406724,-0.003404482,0.264901453,0.003068541,-0.238024668,-0.123787759,0.192157568,0.122145718,-0.002743571,-0.006400891,0.773719181,-0.04734883,-0.00680457,-0.001215306,0.459688691,-0.002713988,-0.031970591,0.026319397,-0.023758613,-0.001538515,-0.003741348,0.013499888,-0.006799046,0.000108491
BR5_main,1.315555556,0.042445934,0.004510748,0.177826372,-0.009025165,1.719073661,0.177345099,0.006733158,0.232509805,-0.002002585,0.267116148,0.002159084,-0.244751121,-0.112177161,0.204474643,0.164601455,-0.002936522,-0.003285924,0.696290927,-0.04239946,-0.008958839,-0.001642205,0.35295434,-0.003750292,-0.032278527,0.01138747,-0.024907938,-0.001435144,-0.003459264,0.014420879,-0.006970132,0.00010356
BR5_main,1.435151515,0.042471881,0.002750744,0.152015786,-0.008502854,1.894747118,0.168028095,0.006744268,0.126780613,-0.001570734,0.309171861,0.001476599,-0.239521768,-0.121158942,0.296268019,0.180413895,-0.002703493,-0.001637187,0.687571236,-0.037059908,-0.011737847,-0.001983778,0.234224719,-0.005129672,-0.032159931,-0.00591217,-0.029425105,-0.001756101,-0.002883433,0.016091068,-0.007550144,9.73644E-05
BR5_main,1.554747475,0.042483789,0.002132395,0.126666927,-0.009511032,1.90699059,0.156453706,0.008632487,0.078336288,-0.001897838,0.356412093,0.001027302,-0.241913942,-0.124300493,0.329631036,0.175083541,-0.00301392,-0.001775166,0.830086045,-0.033328715,-0.013628852,-0.002374646,0.194443458,-0.004298549,-0.031404528,-0.020636666,-0.032617163,-0.002598554,-0.002344058,0.014508489,-0.008501705,8.98014E-05
BR5_main,1.674343434,0.04248654,0.001848931,0.10466321,-0.00911205,1.422677251,0.133448531,0.008626999,0.057295469,-0.001608685,0.326259682,0.000810994,-0.228485322,-0.13570048,0.353880452,0.145245085,-0.00348972,-0.001259093,0.966503982,-0.029212467,-0.014771823,-0.002739872,0.165330756,-0.004498029,-0.030515901,-0.026466478,-0.036540069,-0.003542332,-0.001769467,0.010154048,-0.008334974,8.48131E-05
BR5_main,1.793939394,0.04248134,0.001311239,0.08527887,-0.008682785,0.831081869,0.095936914,0.008799241,0.03912337,-0.001948822,0.252908933,0.000744202,-0.209141257,-0.146517821,0.255763528,0.099876657,-0.003742111,-0.001168217,0.882397067,-0.022186489,-0.01598284,-0.003097221,0.137182946,-0.003154847,-0.02953501,-0.019820681,-0.039344233,-0.004188748,-0.00100416,0.005943026,-0.006505144,8.85025E-05
BR5_main,1.913535354,0.042472044,0.001246157,0.068399945,-0.008650199,0.420178285,0.059417008,0.007761135,0.025477756,-0.002049906,0.219138968,0.00073147,-0.181545605,-0.149064071,0.240057321,0.087954971,-0.004146031,-0.001691501,0.696237904,-0.014618876,-0.016637133,-0.003463876,0.111056212,-0.003184296,-0.028311032,-0.030854344,-0.040482133,-0.005105588,-0.00061079,0.003524337,-0.002337275,0.000104713
BR5_main,2.033131313,0.042450955,0.001085997,0.054225156,-0.009001426,0.234355846,0.043987221,0.006938764,0.00897676,-0.001552873,0.175354409,0.000712621,-0.166613342,-0.149597091,0.175790376,0.077226648,-0.003885287,-0.002047647,0.574844275,-0.00950551,-0.016481632,-0.003869403,0.085179614,-0.00323183,-0.026957116,-0.035495289,-0.04137012,-0.00526515,-0.000956872,0.002182205,-0.004658282,0.000124782
BR5_main,2.152727273,0.042405028,0.00109418,0.042239144,-0.009639766,0.254577231,0.026489978,0.007833048,-0.002939733,-0.001803016,0.129758078,0.000683033,-0.16345309,-0.109526717,0.221565373,0.064872999,-0.003740108,-0.002030559,0.465324121,-0.005925547,-0.01588241,-0.004361659,0.060884656,-0.00299385,-0.025783255,-0.043261478,-0.041902424,-0.006383666,-0.00128307,0.000274971,-0.007499319,0.000108978
BR5_main,2.272323232,0.042321676,0.001039185,0.033183665,-0.010695705,0.154746403,0.021431466,0.006517518,-0.003580389,-0.002084578,0.141360164,0.000664573,-0.160048793,-0.065162164,0.289437598,0.056291392,-0.003209528,-0.002721122,0.26991863,-0.005802436,-0.015297312,-0.00500652,0.04217224,-0.003246568,-0.024210123,-0.045330988,-0.041949182,-0.007588445,-0.000784686,0.001594304,-0.011502234,0.000108968
BR5_main,2.391919192,0.04221163,0.001124809,0.025863606,-0.012141582,0.146611183,0.020572584,0.006051249,-0.008615803,-0.002200573,0.125758654,0.000641237,-0.160792954,-0.036717082,0.320116755,0.057799072,-0.002729589,-0.002863917,0.163054743,-0.005693618,-0.015175424,-0.005654034,0.032860335,-0.003384296,-0.022667682,-0.048785995,-0.041011378,-0.00872703,-0.000680206,-4.97841E-05,-0.014122927,9.46463E-05
BR5_main,2.511515152,0.042018087,0.001133058,0.01936705,-0.012323134,0.129874949,0.029258361,0.005816536,-0.008493214,-0.002538955,0.116987473,0.000630514,-0.159463085,-0.019261372,0.245207793,0.054899743,-0.002022468,-0.003534053,0.101905426,-0.004823363,-0.014732728,-0.005501076,0.024693005,-0.003448115,-0.021156223,-0.047593294,-0.039669457,-0.009172245,-0.00097113,-0.000810743,-0.013403737,8.24144E-05
BR5_main,2.631111111,0.041668071,0.001511267,0.01378252,-0.011652162,0.102614474,0.026030351,0.005399528,-0.008829551,-0.00195991,0.131462101,0.0006178,-0.160690923,-0.009557034,0.165618717,0.049285175,-0.001715952,-0.004805932,0.060431671,-0.00780537,-0.01413386,-0.004629795,0.019630549,-0.003656411,-0.019780212,-0.045740533,-0.038209201,-0.008739399,-0.001511733,0.000746749,-0.012716845,7.21919E-05
BR5_main,2.750707071,0.041107772,0.001826381,0.008819444,-0.011043199,0.080747328,0.025380539,0.004904585,-0.009568816,-0.001915727,0.10237124,0.000595209,-0.162814248,-0.004484655,0.09796525,0.042596896,-0.001635157,-0.006384586,0.025081347,-0.012783242,-0.013665076,-0.004137159,0.015035489,-0.004226907,-0.018439089,-0.045035443,-0.036603605,-0.00884128,-0.001853385,0.001800297,-0.011850158,6.60473E-05
BR5_main,2.87030303,0.040291617,0.002230218,0.004406852,-0.01052728,0.058562751,0.028088576,0.003853233,-0.010898016,-0.001929196,0.085413673,0.000581689,-0.160613757,-0.001808157,0.039390329,0.037265789,-0.001819985,-0.006849376,-0.005832267,-0.015424094,-0.01344213,-0.003527693,0.011252821,-0.004790164,-0.017059891,-0.040836972,-0.034833003,-0.009027046,-0.002086874,0.001008681,-0.011651643,5.58426E-05
BR5_main,2.98989899,0.03893994,0.002320944,0.000253801,-0.010040296,0.032347655,0.024219162,0.003540786,-0.013205619,-0.001813811,0.072489783,0.000566779,-0.158386635,-0.000768564,0.01553293,0.033959707,-0.002272867,-0.00730315,-0.024934812,-0.014974809,-0.013387645,-0.003114211,0.007972481,-0.004806742,-0.015720145,-0.040811586,-0.03293279,-0.008482678,-0.002173761,-0.000240141,-0.011094568,4.65421E-05
BR5_main,3.109494949,0.036905214,0.001253374,-0.003827735,-0.009731048,0.015437658,0.015989209,0.003447646,-0.014673916,-0.001930161,0.059875567,0.000548213,-0.152773732,-0.000153297,-0.003416526,0.03152853,-0.002455092,-0.007564245,-0.045546681,-0.014594287,-0.013445606,-0.003263356,0.00583104,-0.005367253,-0.014503482,-0.039491669,-0.031333253,-0.008596804,-0.002160297,-0.002268185,-0.011162865,4.36415E-05
BR5_main,3.229090909,0.034254726,0.000561089,-0.008106284,-0.009436494,0.007304588,0.009730802,0.003568924,-0.014000423,-0.002208027,0.052433755,0.000530124,-0.148768654,0.000287026,-0.007985833,0.027678628,-0.002451825,-0.008038025,-0.059543366,-0.014810593,-0.013485957,-0.004150619,0.003404062,-0.005149825,-0.013473252,-0.037583704,-0.029644962,-0.008767497,-0.002204807,-0.003360551,-0.011483822,4.31398E-05
BR5_main,3.348686869,0.030938675,0.000395,-0.012686082,-0.008930824,-0.00094488,0.00376028,0.003214837,-0.013836747,-0.002610793,0.044537026,0.000522289,-0.146342788,0.000567428,-0.008948165,0.024806017,-0.002502645,-0.008662638,-0.067940486,-0.014797859,-0.013620974,-0.004670531,0.000668919,-0.005265594,-0.012629736,-0.034748348,-0.028031938,-0.008617872,-0.002191715,-0.004029121,-0.011783944,4.20034E-05
BR5_main,3.468282828,0.027436707,0.000333577,-0.016731659,-0.008386286,-0.005579154,-0.001593392,0.003065584,-0.013883444,-0.002874776,0.042089342,0.000526873,-0.145417068,0.000687923,-0.009719527,0.022703341,-0.002723179,-0.009206165,-0.063821046,-0.015095313,-0.013435462,-0.004742602,-0.001607217,-0.005579762,-0.012005562,-0.034416491,-0.026689698,-0.009014755,-0.002238505,-0.004018078,-0.011959093,4.20601E-05
BR5_main,3.587878788,0.024849622,0.00022842,-0.020061409,-0.008068235,-0.013460159,-0.003345928,0.003010314,-0.012813429,-0.003336845,0.040951035,0.000522913,-0.146455148,0.00073891,-0.011205137,0.020386927,-0.003390888,-0.009561655,-0.055298023,-0.015364281,-0.013396821,-0.00464661,-0.002628842,-0.005768503,-0.011459752,-0.034248019,-0.02564749,-0.009335142,-0.002331071,-0.003571236,-0.012566383,3.95227E-05
BR5_main,3.707474747,0.022848905,0.000189081,-0.02248635,-0.007944472,-0.0189104,-0.004080716,0.003128371,-0.012209377,-0.003704032,0.040264057,0.000505182,-0.148434576,0.000759108,-0.011269311,0.018334473,-0.003784705,-0.009627786,-0.042906496,-0.01578605,-0.0132267,-0.004571571,-0.002658967,-0.006015398,-0.010955547,-0.035209471,-0.024737538,-0.009470512,-0.002485902,-0.003658386,-0.013075254,3.87481E-05
BR5_main,3.827070707,0.02146965,0.000133876,-0.023564622,-0.007846949,-0.023580636,-0.001291238,0.003019247,-0.011490355,-0.004241518,0.037876094,0.000493312,-0.151378648,0.000808827,-0.011543934,0.015710728,-0.003968521,-0.009940629,-0.033003094,-0.016058752,-0.013315332,-0.004478931,-0.001507542,-0.006069356,-0.0105142,-0.036378984,-0.023777117,-0.009799452,-0.002672799,-0.003914391,-0.013453428,3.97864E-05
BR5_main,3.946666667,0.020648064,9.8723E-05,-0.023776559,-0.008008196,-0.026392879,0.002729011,0.002859112,-0.009598901,-0.004641989,0.033587638,0.000484926,-0.15410417,0.000859008,-0.011217801,0.013425218,-0.003892096,-0.010133794,-0.024422024,-0.016345873,-0.01347687,-0.004593927,-0.000639597,-0.006178528,-0.010116383,-0.037271509,-0.022773995,-0.00988741,-0.002804646,-0.003870113,-0.013779297,3.8134E-05
BR5_main,4.066262626,0.020059458,0.000104112,-0.023144177,-0.008278558,-0.027992818,0.005555793,0.002635007,-0.00890614,-0.004990388,0.029578694,0.000471906,-0.15540642,0.001055345,-0.011517885,0.011540894,-0.003616989,-0.010303535,-0.020006035,-0.016669794,-0.013633719,-0.004761272,0.000139321,-0.006323468,-0.009755183,-0.037441297,-0.021778013,-0.01015329,-0.002976227,-0.003867746,-0.014012423,3.7678E-05
BR5_main,4.185858586,0.019785509,0.000133421,-0.021773001,-0.008460447,-0.029581921,0.004598593,0.002408588,-0.008545917,-0.005313479,0.027931994,0.000450724,-0.156099048,0.001513895,-0.011401657,0.009776472,-0.003611305,-0.010158943,-0.013973054,-0.017042626,-0.013827976,-0.004863396,0.000941905,-0.006614309,-0.009388565,-0.037020684,-0.020816979,-0.010667561,-0.003192887,-0.004463741,-0.014246071,3.85909E-05
BR5_main,4.305454545,0.019468269,0.000161032,-0.019829768,-0.008557589,-0.031806203,0.000952665,0.00189087,-0.008433683,-0.005938032,0.026620197,0.00043053,-0.156535984,0.002289401,-0.011390918,0.008304974,-0.003745714,-0.010065595,-0.008292682,-0.017368853,-0.014006776,-0.004909782,0.002843943,-0.006777415,-0.009049179,-0.037293227,-0.019843,-0.011030936,-0.003448968,-0.005237994,-0.01456847,3.94999E-05
BR5_main,4.425050505,0.019130877,0.000177094,-0.017543429,-0.008763716,-0.033570776,-5.80791E-05,0.001590902,-0.009542626,-0.006106546,0.025461921,0.000406857,-0.158717509,0.002735226,-0.011709899,0.007054088,-0.00382329,-0.010007925,-0.004859611,-0.017572099,-0.014007235,-0.005062426,0.004299907,-0.00676779,-0.008720937,-0.037085707,-0.018838017,-0.011334859,-0.003531427,-0.006049183,-0.014734816,3.97793E-05
BR5_main,4.544646465,0.018888598,0.000169557,-0.01485394,-0.008987179,-0.035354783,0.000171111,0.001468801,-0.009189578,-0.005458855,0.024341193,0.000390307,-0.15932952,0.002500135,-0.012633458,0.005747177,-0.003977592,-0.009801108,-0.003779427,-0.017865198,-0.013841302,-0.00521782,0.006688577,-0.006732285,-0.008382883,-0.036426586,-0.017878315,-0.011273395,-0.00357565,-0.006447833,-0.014839864,3.88125E-05
BR5_main,4.664242424,0.0187634,0.000159768,-0.011525879,-0.009087737,-0.036626194,0.000631542,0.001344359,-0.008660461,-0.005308506,0.023322102,0.000376227,-0.16024819,0.002194476,-0.014142083,0.00436199,-0.003917992,-0.009580289,-0.002711429,-0.0182612,-0.013666692,-0.005355218,0.008528484,-0.006732526,-0.008043208,-0.034964875,-0.016832145,-0.010910657,-0.003625524,-0.00643376,-0.01464366,3.90351E-05
BR5_main,4.783838384,0.018587578,0.000147053,-0.008369196,-0.009087476,-0.037885004,0.000382806,0.001239672,-0.008276676,-0.005191468,0.022859462,0.000349581,-0.161954194,0.001480074,-0.016089801,0.003588307,-0.003784961,-0.009503839,-0.001240737,-0.018409922,-0.013635154,-0.005441024,0.009940993,-0.006468221,-0.00774132,-0.033171037,-0.01578533,-0.010330003,-0.00364615,-0.006465385,-0.014406401,3.58526E-05
BR5_main,4.903434343,0.018442453,0.000142949,-0.005848364,-0.009080296,-0.038259985,-0.000834051,0.00120372,-0.007762489,-0.005480808,0.021859575,0.000330775,-0.163013484,0.000934042,-0.017261228,0.002626679,-0.003486655,-0.009422508,-0.000602766,-0.01841427,-0.013340668,-0.005406289,0.011366723,-0.006215034,-0.007453587,-0.031496882,-0.014788344,-0.009873582,-0.003593097,-0.006187749,-0.01406767,3.25802E-05
BR5_main,5.023030303,0.01826639,0.00014623,-0.004074553,-0.00905183,-0.038204496,-0.003127376,0.001127287,-0.00723997,-0.005910505,0.021041961,0.000324162,-0.164967029,0.000838316,-0.018508339,0.002270315,-0.003238171,-0.009522239,2.40361E-05,-0.01832297,-0.013082144,-0.005319465,0.013900517,-0.006099601,-0.007160873,-0.030495652,-0.013801393,-0.009317631,-0.003457201,-0.006617676,-0.013771691,3.15853E-05
BR5_main,5.142626263,0.018044437,0.000151879,-0.002814497,-0.008998361,-0.037422228,-0.005331032,0.001092017,-0.006775419,-0.005987256,0.019916738,0.000308782,-0.165979519,0.000707032,-0.020003867,0.002332362,-0.003121533,-0.009450463,0.003715369,-0.018248296,-0.012766055,-0.005214331,0.015880488,-0.006097588,-0.00683713,-0.029158761,-0.012849125,-0.00896064,-0.003327791,-0.006986387,-0.013261771,3.48051E-05
BR5_main,5.262222222,0.017861112,0.000170196,-0.001929366,-0.008908362,-0.036653893,-0.006284062,0.001120483,-0.005996794,-0.005955826,0.018529852,0.000299073,-0.167312421,0.000632734,-0.021668207,0.001895949,-0.003069593,-0.009406345,0.004075101,-0.018113093,-0.012430956,-0.00509816,0.017332349,-0.006037591,-0.006486479,-0.027657824,-0.011877741,-0.00842384,-0.003200769,-0.007730604,-0.01289839,3.6906E-05
BR5_main,5.381818182,0.017604157,0.000172732,-0.001329194,-0.008778986,-0.035764305,-0.006868021,0.001215897,-0.00540024,-0.005735214,0.017958846,0.000292904,-0.168944141,0.000560723,-0.022474514,0.000994069,-0.003232119,-0.009406821,0.007891808,-0.017680315,-0.012093006,-0.004978934,0.018065839,-0.006009473,-0.00613855,-0.027066744,-0.011028987,-0.008186856,-0.003041493,-0.007629489,-0.012605392,4.3701E-05
BR5_main,5.501414141,0.017247106,0.000181516,-0.000887968,-0.008561339,-0.034676699,-0.007294632,0.001263744,-0.004703759,-0.005464773,0.017385641,0.000285769,-0.171265132,0.000476181,-0.022276402,0.000801747,-0.003340124,-0.009762508,0.007744717,-0.017364737,-0.011725923,-0.004842273,0.017679481,-0.00598301,-0.005804329,-0.026197531,-0.01022633,-0.007923388,-0.002875296,-0.007285175,-0.012305445,5.25684E-05
BR5_main,5.621010101,0.016756818,0.000195399,-0.000555269,-0.008224907,-0.033310783,-0.007351349,0.001303468,-0.004177128,-0.005238426,0.016761043,0.000287895,-0.173284907,0.000400372,-0.021431066,0.000623519,-0.003341228,-0.009296612,0.008800371,-0.017011524,-0.011216181,-0.004692242,0.017669989,-0.005863954,-0.005544592,-0.025090022,-0.009478964,-0.008030778,-0.002712731,-0.006754711,-0.011917617,5.49052E-05
BR5_main,5.740606061,0.016126013,0.000179815,-0.000331948,-0.007868248,-0.032010873,-0.007252401,0.001416237,-0.004086676,-0.004938121,0.018670575,0.000301286,-0.173998103,0.00034613,-0.02081424,0.000564369,-0.003349187,-0.008865361,0.009257355,-0.016502861,-0.010742941,-0.004512897,0.01873375,-0.005745902,-0.005285603,-0.024046565,-0.008793266,-0.008123422,-0.002573526,-0.006513055,-0.011356863,6.12774E-05
BR5_main,5.86020202,0.015443887,0.000171195,-0.000210717,-0.007483453,-0.030770227,-0.007975016,0.001584514,-0.003987639,-0.004481494,0.020002193,0.000294431,-0.173903373,0.000316137,-0.019899775,0.000494901,-0.003306608,-0.008577957,0.009247536,-0.015791774,-0.010345774,-0.00428446,0.017792257,-0.005587293,-0.004966639,-0.0227022,-0.008110882,-0.008408795,-0.002438037,-0.005993345,-0.01091081,5.26399E-05
BR5_main,5.97979798,0.014475875,0.000200019,-0.000107119,-0.007008252,-0.029655579,-0.007862274,0.001984294,-0.004047906,-0.004191806,0.01982711,0.000284492,-0.174311853,0.000319323,-0.018706284,0.000528579,-0.003159454,-0.008056482,0.008878444,-0.014869786,-0.009849944,-0.004036533,0.016830014,-0.005431658,-0.004689263,-0.021732804,-0.007468117,-0.008216835,-0.002329596,-0.005417641,-0.010735672,4.08922E-05
BR5_main,6.099393939,0.013498076,0.000226238,-4.57414E-05,-0.006540571,-0.02861223,-0.008370837,0.002445197,-0.004265412,-0.00412601,0.020246045,0.000272013,-0.174836843,0.000315679,-0.017403664,0.000547371,-0.002950969,-0.007423612,0.008830883,-0.01392041,-0.009273238,-0.003751525,0.014582237,-0.004913708,-0.004456045,-0.020549188,-0.006890596,-0.007902988,-0.00225883,-0.004480347,-0.010489553,3.75466E-05
BR5_main,6.218989899,0.012610069,0.000212315,-2.23818E-05,-0.00607943,-0.027352981,-0.007800534,0.002821748,-0.00442275,-0.003964536,0.017490122,0.000257657,-0.174597006,0.000318549,-0.015701716,0.000682552,-0.002721991,-0.00684069,0.007250046,-0.013032488,-0.008850049,-0.003485556,0.013793597,-0.004534934,-0.004255304,-0.019686181,-0.006378527,-0.007477275,-0.002115606,-0.003641213,-0.010035529,4.06176E-05
BR5_main,6.338585859,0.01163237,0.000221443,-1.88697E-05,-0.005684255,-0.025785079,-0.006957575,0.002915994,-0.00464251,-0.003717039,0.015199418,0.000244248,-0.173657395,0.000315306,-0.014062974,0.001114292,-0.002449808,-0.006407488,0.005487814,-0.012027311,-0.008460565,-0.003240318,0.013644463,-0.004264267,-0.004061866,-0.018116775,-0.005942537,-0.006994174,-0.001936539,-0.002481106,-0.009431522,5.00688E-05
BR5_main,6.458181818,0.010510213,0.000246844,-2.98843E-05,-0.005296255,-0.024266686,-0.006136045,0.003026236,-0.004626445,-0.003501739,0.012694988,0.00023772,-0.171353477,0.000340537,-0.012716096,0.001462578,-0.002152495,-0.005941326,0.003701639,-0.010772949,-0.007881885,-0.00299608,0.01386069,-0.003896203,-0.004010626,-0.016617132,-0.005542562,-0.006441797,-0.001863124,-0.000995018,-0.008605603,5.63019E-05
BR5_main,6.577777778,0.009406387,0.000240451,-5.18456E-05,-0.004873616,-0.022855051,-0.005456102,0.002930638,-0.004550733,-0.003405976,0.010781485,0.000242114,-0.168050162,0.000372134,-0.011108393,0.001432682,-0.001971055,-0.005452348,0.003071331,-0.009654507,-0.007005353,-0.002732943,0.014175857,-0.003478761,-0.004013125,-0.015405427,-0.005187293,-0.00582112,-0.001801966,-0.000922685,-0.007802579,5.41563E-05
BR5_main,6.697373737,0.008304139,0.000244789,-8.23884E-05,-0.004539815,-0.021356073,-0.004760354,0.002665977,-0.004563103,-0.003262036,0.009961376,0.000233898,-0.163655218,0.000395874,-0.009634908,0.001652709,-0.001784618,-0.004857044,0.002231324,-0.008545878,-0.006403709,-0.002465618,0.014220662,-0.003061718,-0.003968568,-0.01367266,-0.004868353,-0.004734799,-0.001671736,-0.002048621,-0.006991678,4.81802E-05
BR5_main,6.816969697,0.007299007,0.000258367,-0.000104655,-0.004223452,-0.02026211,-0.004486186,0.002179638,-0.004561931,-0.003114795,0.008469074,0.000224748,-0.160515757,0.000428738,-0.008552668,0.00149028,-0.001592831,-0.004527258,0.00133924,-0.007350397,-0.005479145,-0.002169,0.014213716,-0.00271373,-0.00382363,-0.012090806,-0.004590235,-0.003877619,-0.001524285,-0.001971572,-0.006210196,4.00125E-05
BR5_main,6.936565657,0.006479254,0.000303443,-0.000129315,-0.003907936,-0.019199048,-0.003891496,0.001817802,-0.004994227,-0.003018856,0.007159663,0.000221701,-0.157823097,0.000459469,-0.007812482,0.001092552,-0.001457789,-0.004221453,0.000867846,-0.006248557,-0.004749109,-0.001910467,0.014299917,-0.002301147,-0.003695123,-0.010891541,-0.00434635,-0.003200466,-0.001248201,-0.002223166,-0.005449019,3.00602E-05
BR5_main,7.056161616,0.005692272,0.000395204,-0.000160591,-0.003461781,-0.017978582,-0.003786625,0.001488289,-0.005185337,-0.002923052,0.006394675,0.000216623,-0.151387043,0.000489806,-0.007262798,0.000959786,-0.001338362,-0.003942567,0.000450974,-0.005144452,-0.003862634,-0.001727524,0.014543192,-0.00203135,-0.003587695,-0.008738,-0.004138233,-0.002730791,-0.000909391,-0.002131616,-0.00456228,2.1508E-05
BR5_main,7.175757576,0.004956503,0.000403957,-0.000180025,-0.003051976,-0.01685871,-0.003096682,0.00128755,-0.005251502,-0.002816458,0.005942753,0.000217622,-0.145184731,0.000530808,-0.006728687,0.000898407,-0.00124208,-0.003733682,0.000193086,-0.00390654,-0.003169076,-0.001488803,0.014650181,-0.001652412,-0.003499771,-0.006137762,-0.003943405,-0.002221397,-0.000770861,-0.001956317,-0.004410815,1.85479E-05
BR5_main,7.295353535,0.004338305,0.000449498,-0.000212745,-0.002621637,-0.015783967,-0.003359423,0.001135612,-0.005163787,-0.002734576,0.005787429,0.000218037,-0.138947085,0.000603496,-0.006325659,0.000792524,-0.001111392,-0.003553816,0.000178482,-0.002535193,-0.002390525,-0.001180222,0.014675222,-0.0009972,-0.003472346,-0.003969944,-0.003728578,-0.002046286,-0.000713731,-0.001429007,-0.003747341,1.74492E-05
BR5_main,7.414949495,0.003857765,0.000463801,-0.00025578,-0.002274879,-0.014983878,-0.003106675,0.001000572,-0.005078186,-0.002690272,0.005615144,0.000217926,-0.132257703,0.000673552,-0.006239956,0.000878699,-0.001010332,-0.003389794,4.91324E-05,-0.001365944,-0.001656086,-0.00094002,0.01465419,-0.000550216,-0.003458234,-0.001942999,-0.003531004,-0.001828005,-0.000487399,-0.001043375,-0.002926592,1.63036E-05
BR5_main,7.534545455,0.003429372,0.000545966,-0.000297704,-0.001766697,-0.014241564,-0.00266798,0.000892586,-0.00503079,-0.002688782,0.005570724,0.000219145,-0.125461598,0.000776963,-0.006397067,0.000885703,-0.000933202,-0.003238548,-9.50795E-05,-0.001597006,-0.001534477,-0.000868765,0.014604639,-0.000619272,-0.003436586,0.000258496,-0.003348907,-0.001829972,-0.000435637,-0.000533217,-0.002716171,1.50645E-05
BR5_main,7.654141414,0.002966545,0.000530291,-0.000343656,-0.001545844,-0.013655203,-0.002496471,0.000867903,-0.005076244,-0.002712887,0.005512976,0.000219206,-0.118765007,0.001021426,-0.006501952,0.001017037,-0.000887348,-0.003055128,-0.00012008,-0.002200268,-0.001426846,-0.000764044,0.014460996,-0.000683913,-0.003412897,0.000982267,-0.003167892,-0.001905101,-0.000624478,4.59371E-05,-0.002653534,1.45094E-05
BR5_main,7.773737374,0.002576614,0.000613142,-0.000387749,-0.001507245,-0.013659819,-0.002508455,0.000852742,-0.005013137,-0.002747985,0.005458681,0.000218371,-0.111877951,0.00118663,-0.006539491,0.001279284,-0.000879455,-0.002941288,-0.000128235,-0.002942777,-0.001464844,-0.000607138,0.014415587,-0.000905632,-0.003403111,-0.000992927,-0.003001646,-0.001803518,-0.000614134,0.000603146,-0.002902396,1.37779E-05
BR5_main,7.893333333,0.002237842,0.000661266,-0.000423692,-0.001436361,-0.014092805,-0.002603091,0.000863075,-0.004715845,-0.002794383,0.005404269,0.000216936,-0.105953168,0.001366822,-0.006511334,0.001210808,-0.000886816,-0.002824618,-0.000219847,-0.003737039,-0.001543125,-0.000526634,0.014328936,-0.001169537,-0.003423598,-0.004374678,-0.002846718,-0.001968303,-0.000767576,0.001802383,-0.003140133,1.39966E-05
BR5_main,8.012929293,0.001934312,0.000537739,-0.000473261,-0.001271346,-0.014185538,-0.002742718,0.000866586,-0.004633543,-0.002862595,0.005525126,0.000214246,-0.101178584,0.001414847,-0.006788719,0.000969715,-0.000888902,-0.002735781,-0.000100291,-0.003886254,-0.001830786,-0.000552204,0.014220929,-0.00132213,-0.003465507,-0.007098577,-0.002699017,-0.002220058,-0.000861053,0.001976474,-0.00309937,1.41454E-05
BR5_main,8.132525253,0.001633323,0.000431487,-0.00052821,-0.001266529,-0.014369405,-0.002566555,0.00084833,-0.004478926,-0.00292013,0.005635953,0.000210437,-0.097632145,0.001489279,-0.00697844,0.00091401,-0.00089787,-0.002675275,-4.535E-05,-0.003777297,-0.002356995,-0.000551076,0.014128992,-0.00129077,-0.003463547,-0.007518665,-0.002551102,-0.00236036,-0.000891064,0.002293742,-0.003070131,1.42644E-05
BR5_main,8.252121212,0.001318341,0.000410208,-0.000580155,-0.001260455,-0.013666145,-0.002495655,0.000833412,-0.004339897,-0.002985228,0.005830548,0.000206353,-0.096618389,0.001263374,-0.006985485,0.00088962,-0.000899974,-0.002628151,0.00015079,-0.0037133,-0.002411671,-0.000592048,0.014050579,-0.001262103,-0.003373701,-0.008347394,-0.002405453,-0.002460377,-0.0009069,0.001875679,-0.00306844,1.47051E-05
BR5_main,8.371717172,0.00115865,0.000354661,-0.000626123,-0.001158299,-0.012788102,-0.002509254,0.000876551,-0.003977459,-0.002985276,0.005961011,0.000204523,-0.098352683,0.000993886,-0.007039373,0.000975855,-0.000904225,-0.002600696,0.000322599,-0.003776736,-0.002483166,-0.000632647,0.014062939,-0.001318216,-0.003184098,-0.008653302,-0.0022635,-0.002556593,-0.000895059,0.002276343,-0.003125404,1.53178E-05
BR5_main,8.491313131,0.001122534,0.000357457,-0.000662325,-0.001069491,-0.012318605,-0.00255043,0.000860259,-0.003659694,-0.002976653,0.006047482,0.000201695,-0.098317569,0.00088375,-0.007066026,0.001006647,-0.000918525,-0.002590688,0.000503635,-0.003781248,-0.002430465,-0.000618096,0.014739224,-0.001402907,-0.00294741,-0.009270305,-0.00210947,-0.002656691,-0.000889873,0.00143971,-0.003208387,1.65229E-05
BR5_main,8.610909091,0.001018351,0.000412735,-0.000697009,-0.001265472,-0.011997212,-0.002654941,0.000825093,-0.003380462,-0.00296179,0.005805253,0.000201872,-0.097566865,0.000811816,-0.007129609,0.001067002,-0.000933074,-0.002595668,0.000605624,-0.003800981,-0.002460398,-0.000598972,0.015579918,-0.001415383,-0.002773215,-0.009239717,-0.001954993,-0.002646317,-0.000895616,0.000469921,-0.003270556,1.87658E-05
BR5_main,8.730505051,0.000986356,0.000522567,-0.000723619,-0.001334664,-0.012077611,-0.002641741,0.000871098,-0.003142954,-0.002920939,0.005429772,0.000204066,-0.099100005,0.000795278,-0.007123553,0.001116982,-0.000924993,-0.002579589,0.00070622,-0.003804331,-0.002455357,-0.00074809,0.015994214,-0.00143013,-0.002597736,-0.007995982,-0.001788817,-0.002626408,-0.000873155,-0.000127665,-0.003440709,2.07405E-05
BR5_main,8.85010101,0.000992066,0.000470274,-0.000750329,-0.001118048,-0.012235752,-0.00284848,0.001060881,-0.003074193,-0.002873874,0.005353756,0.000204457,-0.102413338,0.000799109,-0.00710551,0.001224717,-0.000915708,-0.002570525,0.000857672,-0.003780787,-0.002305857,-0.00079503,0.015779259,-0.001471078,-0.00237073,-0.007191675,-0.001584604,-0.002593319,-0.000866759,-0.001022529,-0.003490586,2.18698E-05
BR5_main,8.96969697,0.000999149,0.000443677,-0.000755042,-0.001012609,-0.012548268,-0.003035979,0.001200445,-0.003072177,-0.002826779,0.005209409,0.000223755,-0.105682573,0.000830756,-0.006841269,0.001446458,-0.000913043,-0.00255685,0.000855291,-0.003858912,-0.002119587,-0.000764359,0.015170815,-0.001472869,-0.002148047,-0.005934895,-0.001378503,-0.002682903,-0.000847931,-0.001311072,-0.003595489,2.27262E-05
BR5_main,9.089292929,0.001007033,0.000478589,-0.000750535,-0.001101326,-0.011962424,-0.003104642,0.00124535,-0.003296056,-0.002794107,0.004912799,0.000244299,-0.107964564,0.000874978,-0.006646411,0.001627191,-0.000914775,-0.00255187,0.000917942,-0.003870488,-0.002082325,-0.001004274,0.014724196,-0.00144406,-0.00194223,-0.005633295,-0.001188155,-0.002645379,-0.00080326,-0.001564365,-0.003716944,2.31454E-05
BR5_main,9.208888889,0.001015418,0.000428066,-0.000740908,-0.001193747,-0.011678572,-0.002834905,0.001193256,-0.0034447,-0.002777625,0.004625612,0.00023346,-0.107085278,0.000927452,-0.006055707,0.001748468,-0.000920434,-0.00257959,0.001027783,-0.003901516,-0.002169818,-0.000908574,0.014405864,-0.001425893,-0.001671436,-0.006355957,-0.000968561,-0.002717307,-0.000807279,-0.001484522,-0.003778553,2.28668E-05
BR5_main,9.328484848,0.00102427,0.000382693,-0.000754206,-0.001092242,-0.011198501,-0.003035458,0.001032775,-0.003502327,-0.002727659,0.004588921,0.000250123,-0.099343733,0.000978373,-0.005492007,0.002252257,-0.000930026,-0.002542923,0.001114434,-0.003993624,-0.002100113,-0.000813129,0.0147326,-0.001497074,-0.001490728,-0.007948505,-0.000761291,-0.002694404,-0.000764075,-0.001410778,-0.003828349,2.18395E-05
BR5_main,9.448080808,0.001033458,0.000354798,-0.000752142,-0.001004986,-0.011074064,-0.003096097,0.001013729,-0.003691181,-0.002687237,0.004480671,0.000230925,-0.091676028,0.001046873,-0.005319594,0.003139433,-0.000929868,-0.002517691,0.001174886,-0.004095596,-0.002148197,-0.000765881,0.015180838,-0.001507841,-0.001091035,-0.009189109,-0.000602225,-0.002664442,-0.000726667,-0.001672412,-0.003939046,2.34471E-05
BR5_main,9.567676768,0.001042878,0.00040164,-0.000728987,-0.00109712,-0.011122882,-0.00306928,0.0011036,-0.003876923,-0.002655455,0.004373111,0.000217352,-0.089395415,0.001147057,-0.00504596,0.003489831,-0.000925077,-0.002522461,0.001208829,-0.004262492,-0.002156439,-0.000702303,0.014823824,-0.001567167,-0.000654269,-0.009680375,-0.000498362,-0.002724243,-0.000726204,-0.001214686,-0.003982165,2.50818E-05
BR5_main,9.687272727,0.001052455,0.000452412,-0.000673092,-0.001056808,-0.011291051,-0.003033918,0.001143393,-0.003835807,-0.002593383,0.004373992,0.000219546,-0.087503382,0.001242457,-0.004926919,0.003160514,-0.000927132,-0.002522499,0.001257155,-0.004318607,-0.002148711,-0.000681099,0.014430074,-0.00165068,-0.000380138,-0.010113817,-0.000428317,-0.002792563,-0.000739791,-0.000838254,-0.003977896,2.37893E-05
BR5_main,9.806868687,0.001062136,0.000563771,-0.000624997,-0.00112591,-0.0115267,-0.002900309,0.001114525,-0.003598021,-0.002601878,0.004372634,0.000221938,-0.08489543,0.001320778,-0.004636603,0.002987906,-0.000957809,-0.00249528,0.001603393,-0.004348805,-0.002236924,-0.00061227,0.014623045,-0.001613528,-0.00029282,-0.010502331,-0.000390421,-0.002753975,-0.000748014,0.000117071,-0.003960332,2.41892E-05
BR5_main,9.926464646,0.001071881,0.000638601,-0.000503262,-0.001168638,-0.011766819,-0.002733379,0.000990952,-0.003440543,-0.002610162,0.004277029,0.000225055,-0.083445178,0.001419054,-0.004435816,0.004092025,-0.000966994,-0.002498551,0.001714273,-0.004339113,-0.002334862,-0.000541943,0.014543658,-0.001593121,-0.000461539,-0.010883312,-0.000251725,-0.002840843,-0.000735359,0.000476459,-0.003910475,2.17645E-05
BR5_main,10.04606061,0.00108151,0.000652,-0.000356722,-0.001325531,-0.011997701,-0.002681061,0.000822529,-0.003240002,-0.002552842,0.004238403,0.000231121,-0.084034025,0.00155373,-0.004473282,0.004221393,-0.000962553,-0.002474255,0.002099244,-0.004242278,-0.002326534,-0.000569587,0.014854735,-0.001522724,-0.000515207,-0.011102225,-0.000225203,-0.002934467,-0.000719797,3.33005E-05,-0.003835229,1.99828E-05
BR5_main,10.16565657,0.001090989,0.000691159,-0.000213991,-0.001647009,-0.012104778,-0.002479144,0.000653538,-0.003308555,-0.002496577,0.004154059,0.000234476,-0.09970363,0.001632124,-0.004832282,0.003671057,-0.000967794,-0.002443764,0.002647301,-0.00417158,-0.002326289,-0.000585137,0.01507136,-0.001530948,-0.000424733,-0.01135498,-0.000324361,-0.003044956,-0.000716532,-0.000303305,-0.00373105,1.88688E-05
BR5_main,10.28525253,0.001100459,0.000694432,-1.54564E-05,-0.001855602,-0.012169941,-0.002035453,0.000505098,-0.002115975,-0.002407602,0.004153505,0.000240718,-0.120087277,0.001721884,-0.005162866,0.003715552,-0.0009557,-0.002411253,0.002864943,-0.004103458,-0.002394533,-0.000509925,0.015118657,-0.001490643,-0.000369758,-0.011254377,-0.000180644,-0.003047119,-0.000721129,-0.00043254,-0.003667048,1.84874E-05
BR5_main,10.40484848,0.001109922,0.000663607,0.000259472,-0.001841607,-0.01215032,-0.00166962,0.000457044,-0.002192033,-0.002306556,0.003462918,0.000252131,-0.129303044,0.001865897,-0.005955264,0.00412789,-0.00092204,-0.00235901,0.003284384,-0.004038332,-0.002373162,-0.000460225,0.015192467,-0.001442379,-0.000310584,-0.011080257,0.000285374,-0.002895294,-0.000689958,-0.000516852,-0.00355739,1.82777E-05
BR5_main,10.52444444,0.001119374,0.000730886,0.000630249,-0.001717079,-0.012133398,-0.001170973,0.000493261,-0.002281324,-0.002239692,0.003238515,0.000261895,-0.134669192,0.001984577,-0.006539845,0.004284008,-0.000849623,-0.00230353,0.003967832,-0.003977203,-0.002435009,-0.000433551,0.016371135,-0.00135259,-0.000460968,-0.010832824,0.000254316,-0.002684752,-0.000673058,-0.000484837,-0.003424363,1.73855E-05
BR5_main,10.6440404,0.001128807,0.000863065,0.000976864,-0.001524532,-0.012173288,-0.00035663,0.00048612,-0.000958836,-0.00206272,0.002892199,0.000241115,-0.12843532,0.002022264,-0.006730853,0.003905625,-0.000856055,-0.002268724,0.004287796,-0.003869572,-0.002398242,-0.000457082,0.017845096,-0.001196469,-0.000507882,-0.010563886,0.000285586,-0.002369415,-0.000624415,-0.000651916,-0.003246741,1.67181E-05
BR5_main,10.76363636,0.001138219,0.000914099,0.001353042,-0.001395563,-0.012461108,0.000510233,0.000486475,0.000152087,-0.001680451,0.003036416,0.000241683,-0.108719953,0.002032782,-0.006871757,0.003691169,-0.000827118,-0.00221693,0.005466938,-0.00381072,-0.002360977,-0.000440553,0.01863223,-0.000959418,-0.00041539,-0.010072993,0.00057787,-0.002158469,-0.000559716,-0.000349339,-0.002955262,1.68786E-05
BR5_main,10.88323232,0.001147606,0.000824421,0.001887223,-0.001265387,-0.012601117,0.001650249,0.00047163,0.001308952,-0.001426291,0.00298102,0.000220593,-0.08953758,0.001867411,-0.006820589,0.00364526,-0.000696167,-0.002133586,0.006752816,-0.003533488,-0.002242332,-0.000410483,0.019112709,-0.000779232,-0.000473013,-0.00878326,0.001068304,-0.001737048,-0.000508163,-0.000116105,-0.002658437,1.71442E-05
BR5_main,11.00282828,0.001156847,0.000680878,0.002728538,-0.001005346,-0.012840442,0.002549081,0.000376837,0.002700045,-0.001541243,0.002962341,0.000227619,-0.065289328,0.001619677,-0.006476914,0.004178628,-0.000521373,-0.002012218,0.00870178,-0.003280666,-0.001917178,-0.000365941,0.019518786,-0.000587787,-0.000435471,-0.006511242,0.001687882,-0.001317886,-0.000496184,0.000476384,-0.00232483,1.81179E-05
BR5_main,11.12242424,0.001165911,0.00071427,0.003731472,-0.000713597,-0.012661978,0.003034374,0.000315583,0.003892138,-0.001824499,0.003272842,0.000257017,-0.046728649,0.001401613,-0.00600456,0.004169479,-0.000366722,-0.001896375,0.008790049,-0.00290552,-0.00154409,-0.000398067,0.020750298,-0.000542763,-0.000567714,-0.004425873,0.001890219,-0.000828235,-0.000541021,0.001911918,-0.001950718,1.89962E-05
BR5_main,11.2420202,0.001174914,0.000966217,0.004603612,-0.000415241,-0.012649146,0.002269186,0.000283397,0.004581809,-0.001866611,0.003687469,0.000314164,-0.022807483,0.001271376,-0.004732348,0.00361338,-0.000170133,-0.001734123,0.008271832,-0.002421947,-0.00127949,-0.00034267,0.021056492,-0.000660167,-0.000719277,-0.00091393,0.001825224,-0.000390098,-0.000625327,0.002895368,-0.00088478,2.26186E-05
BR5_main,11.36161616,0.001183887,0.001087753,0.005290062,-0.000212349,-0.012631331,0.00106434,0.00059557,0.00485782,-0.001840308,0.004348407,0.00037847,-0.016169134,0.001316095,-0.002794256,0.004468181,-6.93343E-05,-0.001484672,0.009681647,-0.001949952,-0.001070017,-0.000212527,0.020445709,-0.00068686,-0.000923043,0.000344863,0.002162634,-0.000437122,-0.000640241,0.003821327,-0.000466786,2.6724E-05
BR5_main,11.48121212,0.001192832,0.000965954,0.005514386,-0.000151368,-0.012607521,0.001088357,0.001205057,0.00411343,-0.001713592,0.004734209,0.000370345,-0.028174559,0.001315258,0.00135019,0.005012359,-0.000183681,-0.001104318,0.012169461,-0.00156706,-0.000829429,-0.000120385,0.022234771,-0.000692966,-0.000690329,0.000126245,0.002618286,-0.001101861,-0.000620845,0.002425786,-0.001146033,3.20349E-05
BR5_main,11.60080808,0.001201748,0.000853498,0.005024544,-4.94885E-05,-0.012575117,0.001888729,0.001737392,0.008840599,-0.001392799,0.005888305,0.000473744,-0.057320285,0.00126167,0.00665976,0.005659255,-0.000357768,-0.000736886,0.018604017,-0.000977914,-0.000566211,-0.000101236,0.027131685,-0.00057129,-0.001051277,6.52194E-07,0.003072645,-0.001096058,-0.000503531,0.000655033,-0.001249779,3.86784E-05
BR5_main,11.72040404,0.001210634,0.000911874,0.005566238,-5.81051E-05,-0.012462173,0.002489456,0.00172555,0.016417995,-0.000849311,0.007471537,0.000569814,-0.055243564,0.001249079,0.010612436,0.006998185,-0.000368742,-0.000432656,0.028151213,-0.000485889,-0.000328967,-5.98228E-05,0.03154602,-0.000336367,-0.000809496,0.003516087,0.007047521,-0.000823408,-0.000378092,-0.001325424,-0.000708336,4.35695E-05
BR5_main,11.84,0.001219492,0.000939631,0.005430362,-3.84073E-05,-0.012327103,0.002815111,0.001944951,0.024220315,-0.000353667,0.008214451,0.000636929,-0.049334342,0.001237596,0.013227419,0.007566503,-0.000334524,-0.000270892,0.033021912,-0.000234097,-8.65075E-05,-3.49144E-05,0.032417036,-0.000258805,-0.001063376,0.007085229,0.011689956,-0.000431569,-0.00024638,-0.001854214,-0.000304649,4.76992E-05
BR6_main,0,0.021051298,0.076818968,0.95921811,-0.052962641,2.264141639,1.771036517,0.116251269,3.502865881,-0.001451589,1.319275706,0.020330681,-0.043916872,-0.076805936,1.945627292,1.843692816,-0.00509112,-0.021532336,2.835571932,-0.047815833,-0.012723608,-0.008447468,1.682308054,-0.009984586,-0.003463151,7.512658709,0.466784256,-0.00508068,-0.007123655,0.584994541,-0.006016931,0.000687056
BR6_main,0.11959596,0.027623725,0.060013453,0.891164593,-0.050270854,0.904243429,1.391424406,0.090020787,2.802818458,-0.00463819,1.209581771,0.016287543,-0.088928047,-0.427615478,1.565354328,1.165911928,-0.006246125,-0.024732884,2.648701006,-0.052071458,-0.026337449,-0.015990227,0.926877627,-0.014367815,-0.005345635,4.408896263,0.187085042,-0.012904309,-0.010358237,0.490977073,-0.016989655,0.000558964
BR6_main,0.239191919,0.032700619,0.037397555,0.594870513,-0.0442377,0.721107861,0.752785678,0.075924619,1.175625726,-0.005803939,0.978024832,0.009437475,-0.118468401,-0.689093835,0.841370676,0.452564098,-0.006796698,-0.018697753,2.355202645,-0.062366098,-0.032929341,-0.013713555,0.829268235,-0.015912318,-0.005590947,0.989245739,-0.014055642,-0.026000869,-0.009574195,0.446133045,-0.021383577,0.000509517
BR6_main,0.358787879,0.036441503,0.021078868,0.638426462,-0.038942494,0.583212657,0.36975561,0.055466298,0.386898509,-0.006818804,0.726901933,0.005013373,-0.11918104,-0.273623393,0.324253368,0.273205747,-0.006825643,-0.013790676,1.949280438,-0.061231401,-0.033085388,-0.0127212,0.694529884,-0.014202539,-0.00614129,-0.050558233,-0.012691573,-0.036282979,-0.00917529,0.430259718,-0.022838572,0.000374346
BR6_main,0.478383838,0.038909359,0.007657593,0.925995582,-0.033241369,0.415998019,0.487335068,0.034413743,0.507595955,-0.007122211,0.893022743,0.005608713,-0.105348498,0.832801301,0.336594587,0.225437522,-0.006847896,-0.011725872,1.766224194,-0.055457128,-0.029814987,-0.014303197,0.562760343,-0.014400124,-0.006897477,1.082412717,0.057852892,-0.029575801,-0.004595573,0.495078206,-0.023192896,0.000287215
BR6_main,0.597979798,0.040425169,0.004823534,1.077924806,-0.028002253,0.563147407,0.485177375,0.024110052,0.656651527,-0.007217294,0.987632067,0.008039975,-0.0973513,1.14528784,0.697468392,0.199766795,-0.006531802,-0.011593917,1.470696165,-0.047437441,-0.026362312,-0.010048689,0.569883719,-0.008416411,-0.007772452,3.210569438,0.111545984,-0.022088151,-0.002715083,0.584050515,-0.023350775,0.000245225
BR6_main,0.717575758,0.041315367,0.007380997,0.833448325,-0.02071768,0.619058118,0.317468385,0.027565726,0.501300096,-0.005738835,0.923505692,0.010296145,-0.092487855,0.780434127,0.607332326,0.200065743,-0.006114597,-0.010613153,1.328708954,-0.037289018,-0.024729143,-0.005846597,0.566410072,-0.004716434,-0.007667662,4.020793641,0.155831726,-0.017245698,-0.001457076,0.640953325,-0.021356716,0.000234703
BR6_main,0.837171717,0.041828764,0.011270563,0.35922653,-0.019702135,0.582000981,0.254861603,0.028558261,0.343801294,-0.002806656,0.779298653,0.011094061,-0.088758506,0.3307169,0.439302156,0.24394688,-0.00629048,-0.008561206,1.232791603,-0.025348444,-0.023127725,-0.003684492,0.569634775,-0.005476265,-0.007120402,3.396600568,0.170619237,-0.012561616,-0.001218121,0.550625335,-0.018451716,0.000214628
BR6_main,0.956767677,0.042123643,0.009144206,0.197056993,-0.015629698,0.448137001,0.222905518,0.034534648,0.308377019,-0.003436944,0.620112286,0.010014588,-0.098074713,0.079153581,0.334704324,0.217345535,-0.006483464,-0.007743303,1.225659414,-0.015419158,-0.023770187,-0.003341843,0.524161154,-0.006256896,-0.007139692,1.62938564,0.107715228,-0.012025316,-0.001403238,0.347492901,-0.011507412,0.000187839
BR6_main,1.076363636,0.042287513,0.005255582,0.176555955,-0.014788442,0.290875041,0.17395887,0.038030619,0.363437519,-0.003652385,0.401870244,0.003409759,-0.116082034,-0.0651567,0.233443358,0.236253613,-0.006848858,-0.00868862,1.173020784,-0.011693079,-0.02337182,-0.002971009,0.498799676,-0.007114408,-0.007046982,0.66570761,0.105671571,-0.009789718,-0.001178456,0.168823933,-0.009536584,0.000156841
BR6_main,1.195959596,0.042380421,0.002870332,0.214023353,-0.014632657,0.156142998,0.139111209,0.033447818,0.347566741,-0.003294239,0.219316243,0.001858671,-0.138719017,-0.18577278,0.136551049,0.206649405,-0.007172892,-0.009222979,1.071404612,-0.009464577,-0.022130027,-0.002326242,0.435112181,-0.006455548,-0.006814128,0.291593649,0.127117751,-0.009573231,-0.001117089,0.104304988,-0.007667035,0.000143669
BR6_main,1.315555556,0.04243066,0.003020311,0.246004912,-0.013781517,0.033882659,0.111202488,0.022921492,0.275765501,-0.00319448,0.165943042,0.001430711,-0.158325257,-0.163380985,0.088639029,0.147616686,-0.006451169,-0.00726973,0.910699798,-0.006432753,-0.017198873,-0.001906113,0.371987709,-0.005966398,-0.004737288,0.341202784,0.159169987,-0.011618237,-0.001129451,0.112097033,-0.007752861,0.000126486
BR6_main,1.435151515,0.042458165,0.003479392,0.30203518,-0.015064082,0.008096328,0.073547373,0.014992272,0.227684234,-0.003110369,0.144416878,0.001084086,-0.182709732,-0.157883372,0.067901594,0.110327186,-0.00578168,-0.006415939,0.930943614,-0.005111969,-0.016870976,-0.001918292,0.285505969,-0.005733905,-0.002874918,0.337587737,0.184849843,-0.011994857,-0.001334647,0.148598825,-0.008634398,0.000113395
BR6_main,1.554747475,0.042471523,0.005539028,0.361373113,-0.013428208,-0.00291879,0.046111848,0.013069316,0.217624802,-0.002853151,0.176303435,0.001188704,-0.207437264,-0.154484236,0.06397494,0.101187767,-0.005737548,-0.004411219,1.023086081,-0.004622398,-0.016113965,-0.00188929,0.22803675,-0.004929523,-0.002013717,0.267571887,0.194071923,-0.011428102,-0.001487386,0.186582941,-0.011854791,0.000102928
BR6_main,1.674343434,0.042473744,0.006047667,0.364184167,-0.011859144,-0.011442246,0.038590912,0.010758444,0.153311351,-0.002270287,0.197871208,0.001341093,-0.227132035,-0.173739056,0.032929704,0.112452577,-0.005153011,-0.003311984,1.063943648,-0.004153318,-0.015839535,-0.001777929,0.196408136,-0.004897937,-0.001605825,0.060257877,0.160000599,-0.011242883,-0.001471715,0.154712591,-0.014452231,9.33718E-05
BR6_main,1.793939394,0.042469317,0.007346461,0.291460312,-0.010610799,-0.012194619,0.029928284,0.00959937,0.106807988,-0.002998671,0.181940111,0.001266705,-0.207754335,-0.18339079,0.039032329,0.115598438,-0.004208281,-0.00231061,0.992803799,-0.004736116,-0.013301904,-0.001769652,0.167157512,-0.004618715,-0.001988899,0.018605571,0.101916249,-0.011150615,-0.001368028,0.142757542,-0.014141843,8.46886E-05
BR6_main,1.913535354,0.0424602,0.010281336,0.198439757,-0.009844659,0.004339086,0.026607707,0.008902366,0.101579844,-0.002361379,0.151468549,0.001483962,-0.18940519,-0.174191646,0.035032621,0.090261782,-0.003455085,-0.001970829,0.82623829,-0.004755062,-0.011569831,-0.001833086,0.138430097,-0.004453066,-0.002164569,-0.013553864,0.051920083,-0.010988839,-0.001197471,0.079997295,-0.013222344,7.78247E-05
BR6_main,2.033131313,0.042442246,0.00894635,0.133573446,-0.010525728,0.039771048,0.022725641,0.008559236,0.059577315,-0.00228127,0.203596988,0.001614238,-0.178061268,-0.130905556,0.025087727,0.075806388,-0.00318621,-0.002584393,0.639525623,-0.006277316,-0.011536702,-0.001740578,0.110500783,-0.004656218,-0.002511199,-0.028022693,0.018732254,-0.010204645,-0.001028313,0.057064163,-0.012488976,7.20653E-05
BR6_main,2.152727273,0.04240679,0.00685944,0.075798569,-0.011362473,0.072699708,0.02137842,0.009452529,0.037677821,-0.002341213,0.186019545,0.001453046,-0.173477495,-0.060777317,0.014975809,0.061989461,-0.002855835,-0.002751029,0.56819123,-0.008786254,-0.012993632,-0.001778945,0.084114023,-0.004864347,-0.002263589,-0.029435428,0.000140516,-0.00918288,-0.00074207,0.037781443,-0.011298285,6.8138E-05
BR6_main,2.272323232,0.042348834,0.00405718,0.04805118,-0.011399508,0.170942347,0.024241042,0.0097309,0.046130171,-0.001923681,0.145898876,0.001229858,-0.162073267,-0.02658534,0.01423033,0.055266569,-0.002513855,-0.002766462,0.62055092,-0.009318417,-0.013476139,-0.001675105,0.06326531,-0.004205223,-0.002493974,-0.036377796,-0.006075855,-0.008104,-0.000545046,0.028626496,-0.010900338,6.62901E-05
BR6_main,2.391919192,0.042251052,0.002221709,0.033085768,-0.0093187,0.2959672,0.024656187,0.008899061,0.026906768,-0.001474294,0.117199691,0.001176534,-0.147733142,-0.01158278,0.011844113,0.060682322,-0.002209691,-0.002433212,0.47576265,-0.008993057,-0.013060388,-0.001562596,0.04366097,-0.003072718,-0.002677087,-0.033936932,-0.006259975,-0.007061423,-0.000379754,0.024360266,-0.00924492,6.8096E-05
BR6_main,2.511515152,0.042095593,0.001483172,0.023245651,-0.007231281,0.273557469,0.022153028,0.010363115,0.002113185,-0.001239828,0.131820292,0.001262786,-0.135647586,-0.005114769,0.009941362,0.074102797,-0.002013156,-0.001096548,0.349144254,-0.007033049,-0.012291566,-0.001370051,0.023798066,-0.002081741,-0.001951233,-0.030509426,-0.00357076,-0.006323905,-0.000252868,0.022803669,-0.00787686,6.98646E-05
BR6_main,2.631111111,0.041856582,0.001304976,0.015290254,-0.005887124,0.255085549,0.018018181,0.009193172,0.00274306,-0.001212486,0.12081904,0.00142128,-0.128065829,-0.002193013,0.015078092,0.081913978,-0.001822392,-0.001270473,0.217567512,-0.003878531,-0.010726066,-0.001211998,0.00965464,-0.002501812,-0.001600104,-0.029449242,0.002189364,-0.005966863,-0.000238059,0.023530666,-0.007002886,6.99043E-05
BR6_main,2.750707071,0.041421305,0.001402804,0.009441995,-0.006096094,0.18245263,0.014788672,0.008036259,-0.001816131,-0.001290455,0.099477618,0.00157112,-0.116796723,-0.000937882,0.016356418,0.08138451,-0.001753594,-0.001543447,0.116925158,-0.002044566,-0.010078012,-0.001097328,0.00082384,-0.002350539,-0.002035424,-0.028292367,0.000480518,-0.005399719,-0.000130332,0.021680315,-0.005781994,6.86035E-05
BR6_main,2.87030303,0.040684134,0.001615306,0.004922423,-0.005882497,0.137783302,0.011160066,0.007177021,-0.008667415,-0.001103459,0.086390931,0.001634873,-0.107166393,-0.000284498,0.013934052,0.070802534,-0.001808517,-0.001575741,0.055209071,-0.00221202,-0.009780438,-0.00100229,-0.005561473,-0.002024677,-0.00185108,-0.02794306,-0.001968591,-0.004968212,-0.000109895,0.017451667,-0.004938715,6.6048E-05
BR6_main,2.98989899,0.039476458,0.001494146,0.001073842,-0.006021471,0.074976526,0.008367272,0.006660965,-0.010578534,-0.001283753,0.073774196,0.00163721,-0.100776201,0.000135141,0.020331354,0.062457772,-0.001792107,-0.001345655,0.012500436,-0.002765057,-0.008357631,-0.000921244,-0.009447572,-0.001883106,-0.002947981,-0.026295197,-0.000598216,-0.004526186,-0.000161729,0.014137447,-0.004782388,6.24592E-05
BR6_main,3.109494949,0.037602029,0.000929084,-0.002139365,-0.006178442,0.037320938,0.007466418,0.006677778,-0.01203806,-0.001426828,0.064188219,0.001522172,-0.094332217,0.000359635,0.0169518,0.049688532,-0.001786056,-0.001638085,0.006005876,-0.00236192,-0.00806578,-0.000796775,-0.008961945,-0.001468426,-0.00313359,-0.025834087,0.001603313,-0.003977252,-0.000154345,0.011580836,-0.0030495,5.81165E-05
BR6_main,3.229090909,0.034988974,0.000753183,-0.004627053,-0.005867371,0.018646217,0.006100241,0.006968368,-0.01255151,-0.001427484,0.058431479,0.001328911,-0.090898126,0.000567082,0.009123216,0.049301676,-0.001776131,-0.002017448,-0.002113449,-0.00427417,-0.007544548,-0.000715732,-0.005995399,-0.001232991,-0.002771625,-0.026295846,0.004910674,-0.003882534,-0.000179177,0.009444777,-0.002285782,5.32998E-05
BR6_main,3.348686869,0.031974464,0.000521615,-0.005878039,-0.00577254,0.003367816,0.004437622,0.007432872,-0.012869587,-0.001427303,0.052379632,0.001043518,-0.091265832,0.000666899,-0.000198139,0.041316605,-0.001880943,-0.002362646,-0.007295824,-0.007680184,-0.006911993,-0.000699219,0.002158558,-0.001106579,-0.002055933,-0.025446766,0.008345785,-0.003897752,-0.00019751,0.007464667,-0.001939655,4.828E-05
BR6_main,3.468282828,0.028897933,0.000480533,-0.00753515,-0.005524118,0.001648764,0.003099687,0.007631366,-0.01233236,-0.001527752,0.047890423,0.000941932,-0.092585996,0.00068621,-0.003223014,0.037468099,-0.00180134,-0.002863652,-0.015005653,-0.007430718,-0.00711101,-0.000762947,0.004524593,-0.001104545,-0.001043211,-0.024163165,0.011307846,-0.004089649,-0.000144268,0.003565193,-0.001633914,4.47982E-05
BR6_main,3.587878788,0.026196484,0.00044021,-0.009656443,-0.005843059,0.000374799,0.002436397,0.00771061,-0.011579567,-0.001580739,0.048587402,0.00085082,-0.095844034,0.000744762,-0.005545903,0.036260842,-0.001790492,-0.003175021,-0.020765311,-0.006905363,-0.007081045,-0.000851145,0.00418331,-0.001150394,-0.000692265,-0.023997408,0.014611836,-0.004449018,-0.000217184,0.001472856,-0.001524833,5.17186E-05
BR6_main,3.707474747,0.023940167,0.00039523,-0.011901717,-0.006467886,0.000676757,0.001655908,0.007224348,-0.011560304,-0.001854935,0.05381711,0.000794155,-0.100725811,0.000788809,-0.006303422,0.032497724,-0.001930623,-0.003631691,-0.022445886,-0.007075845,-0.007731223,-0.001024695,0.000698649,-0.00133765,-0.000534731,-0.024170439,0.018099904,-0.004511642,-0.000314305,0.003719186,-0.001784803,5.8133E-05
BR6_main,3.827070707,0.022154832,0.000340643,-0.014207224,-0.007078653,-0.002120726,5.85281E-05,0.007652465,-0.011507692,-0.002244172,0.062771967,0.000828401,-0.106959019,0.000881941,-0.005950974,0.029396606,-0.001555066,-0.004193833,-0.019164036,-0.007914225,-0.008450645,-0.001201733,-0.001285529,-0.001648624,-0.001030988,-0.024404995,0.022851627,-0.00360578,-0.000422389,0.001269065,-0.002201866,6.21454E-05
BR6_main,3.946666667,0.021059811,0.000269115,-0.016211012,-0.007723463,-0.008758869,-0.000852691,0.008533636,-0.011384791,-0.002523164,0.065408348,0.000781445,-0.113374089,0.001005384,-0.004666849,0.026955981,-0.001455739,-0.005184788,-0.016467284,-0.009053977,-0.008808788,-0.00133819,-0.001551459,-0.002066304,-0.001016627,-0.025536845,0.030818438,-0.003423811,-0.000625285,0.00114977,-0.003088756,5.86527E-05
BR6_main,4.066262626,0.020237413,0.000187701,-0.018428272,-0.008390518,-0.018878443,-0.001468964,0.0072963,-0.011497882,-0.002644107,0.058074167,0.000706834,-0.116764522,0.001137372,-0.00570793,0.025033728,-0.001935104,-0.006254098,-0.014269133,-0.010415543,-0.009250486,-0.001554176,0.00032892,-0.002578837,-0.001659105,-0.02727082,0.029347905,-0.003389519,-0.001004206,0.000519753,-0.004104426,5.13312E-05
BR6_main,4.185858586,0.019775871,0.000171256,-0.019265627,-0.008794165,-0.023876796,-0.002121289,0.005215999,-0.011196925,-0.003164095,0.050097238,0.000687243,-0.121971588,0.001262181,-0.006611253,0.020646318,-0.002537276,-0.007305042,-0.013628759,-0.012030947,-0.010097234,-0.001711339,0.002828144,-0.003182288,-0.001142683,-0.029716443,0.009332127,-0.005011475,-0.001437846,0.000205411,-0.005893449,4.48707E-05
BR6_main,4.305454545,0.019491283,0.000176577,-0.019821181,-0.009025251,-0.026236505,-0.002310706,0.003586426,-0.010972824,-0.003702611,0.046797784,0.000632317,-0.128409307,0.001465371,-0.008111538,0.014122568,-0.002668566,-0.008250747,-0.012238614,-0.013882042,-0.011464975,-0.002003817,0.004688135,-0.003859651,-0.001603458,-0.031973165,-0.007934122,-0.006710949,-0.002042944,-0.001205925,-0.008066003,4.12164E-05
BR6_main,4.425050505,0.019269637,0.000179929,-0.019002716,-0.009526281,-0.027901385,-0.002852071,0.00274366,-0.010574813,-0.004595912,0.037387852,0.000574659,-0.132484055,0.001811841,-0.009498517,0.007877557,-0.003075069,-0.009301808,-0.01031818,-0.015539789,-0.012298709,-0.002426439,0.005860821,-0.004876618,-0.002260875,-0.034960568,-0.012792439,-0.008836384,-0.002655557,-0.001812299,-0.010321516,3.83922E-05
BR6_main,4.544646465,0.019067309,0.000181539,-0.017804093,-0.009910193,-0.027508039,-0.003233178,0.00239039,-0.010264906,-0.004705761,0.026285068,0.00058367,-0.13484527,0.001747611,-0.011641338,0.004800634,-0.003523378,-0.009972512,-0.010558799,-0.016695801,-0.013610992,-0.002669169,0.006411409,-0.005699859,-0.003703447,-0.038532221,-0.01401496,-0.010649623,-0.003158785,-0.003060253,-0.012908067,3.54396E-05
BR6_main,4.664242424,0.018855574,0.000259493,-0.015896809,-0.010083453,-0.027605921,-0.003566347,0.002100385,-0.009718865,-0.004899542,0.020584758,0.000585339,-0.138265902,0.001446535,-0.013394141,0.003425057,-0.003726768,-0.010717022,-0.011364306,-0.017573176,-0.014363179,-0.002960435,0.007442158,-0.005851832,-0.00546475,-0.040536808,-0.014188679,-0.011052563,-0.003444655,-0.003298493,-0.01519726,3.13651E-05
BR6_main,4.783838384,0.018639095,0.000308219,-0.013679527,-0.010379368,-0.027999126,-0.004087884,0.001997713,-0.0093139,-0.004620087,0.017969957,0.000584357,-0.141582185,0.001071147,-0.012944153,0.002926648,-0.004058889,-0.011109913,-0.009328968,-0.018018167,-0.014854245,-0.003042664,0.008659704,-0.006072249,-0.007322219,-0.040083683,-0.014998779,-0.010868249,-0.003592239,-0.004000966,-0.015807336,2.83673E-05
BR6_main,4.903434343,0.018432063,0.000361761,-0.011291182,-0.010139189,-0.028411457,-0.004140648,0.00189502,-0.008819603,-0.004708778,0.017675972,0.000596151,-0.143377334,0.000859716,-0.014836059,0.002270614,-0.004113714,-0.011367331,-0.005085315,-0.018414922,-0.015033567,-0.003182749,0.008886226,-0.005866008,-0.009415422,-0.037847439,-0.014080006,-0.010838017,-0.003513704,-0.004718006,-0.014317389,2.76062E-05
BR6_main,5.023030303,0.018153211,0.000395612,-0.009233724,-0.009914266,-0.029429165,-0.004523429,0.00182327,-0.008516952,-0.004981805,0.020872948,0.000621996,-0.144039003,0.00067852,-0.015972614,0.001927528,-0.004094018,-0.011498061,-0.002577319,-0.018746854,-0.015006498,-0.002975162,0.009785786,-0.005149071,-0.009855987,-0.035536306,-0.011571309,-0.010922531,-0.003156723,-0.005247097,-0.011880319,2.67797E-05
BR6_main,5.142626263,0.017702014,0.00034456,-0.007011546,-0.009466248,-0.032021164,-0.0049875,0.001701252,-0.008267691,-0.004552601,0.022472962,0.000634051,-0.144838981,0.000544276,-0.017797461,0.001936564,-0.004070052,-0.010711127,-0.000469035,-0.018781974,-0.014299729,-0.002731665,0.010473667,-0.004358049,-0.00840765,-0.033054275,-0.009026084,-0.010267389,-0.003082597,-0.005490659,-0.009557664,2.7045E-05
BR6_main,5.262222222,0.017425611,0.000391544,-0.0051983,-0.008871709,-0.034912101,-0.005618057,0.001571304,-0.008174196,-0.003942604,0.021274465,0.000694296,-0.146358178,0.00043714,-0.019031951,0.002476775,-0.003880956,-0.009203039,0.00384361,-0.018548311,-0.013231971,-0.002548522,0.010917576,-0.003837602,-0.007037159,-0.02795225,-0.006892125,-0.008998548,-0.00262834,-0.005509962,-0.008275644,2.66755E-05
BR6_main,5.381818182,0.017004157,0.000397819,-0.003897538,-0.008554584,-0.0341242,-0.005641059,0.001518909,-0.007652451,-0.004021293,0.019961605,0.000755932,-0.148612923,0.000361698,-0.018812699,0.002015497,-0.003555645,-0.008111319,0.004527408,-0.016910789,-0.012104988,-0.002418893,0.011261522,-0.003507769,-0.005806114,-0.023673262,-0.005465737,-0.008474972,-0.002272293,-0.005302054,-0.008560276,2.78111E-05
BR6_main,5.501414141,0.016414182,0.00034595,-0.00312679,-0.007755681,-0.02965249,-0.005307845,0.001561581,-0.007020172,-0.003784797,0.016612281,0.00073487,-0.151348976,0.000316729,-0.017552252,0.001618153,-0.003125043,-0.007184289,0.003093343,-0.015450455,-0.011111192,-0.002376826,0.011803414,-0.003599714,-0.004837366,-0.022109649,-0.005039561,-0.007449927,-0.002322123,-0.005007572,-0.008223084,2.93701E-05
BR6_main,5.621010101,0.01597206,0.000295694,-0.002498021,-0.00724231,-0.026009714,-0.005555756,0.00158859,-0.00616965,-0.003835489,0.015084241,0.000714089,-0.154052293,0.000271105,-0.017553519,0.001264102,-0.002791614,-0.006413782,0.003759513,-0.01436032,-0.010721372,-0.002243932,0.012526006,-0.003544758,-0.003612921,-0.020900413,-0.004105872,-0.006671936,-0.001880235,-0.004954338,-0.007743345,3.05196E-05
BR6_main,5.740606061,0.015438537,0.000356831,-0.001962771,-0.006855079,-0.024044206,-0.005851093,0.001584738,-0.005432716,-0.003738764,0.015137797,0.000697807,-0.156494003,0.000232892,-0.016266148,0.000827394,-0.002376296,-0.006389287,0.004970574,-0.013882842,-0.00954999,-0.00204189,0.013445726,-0.003532723,-0.003220079,-0.01986633,-0.003467834,-0.006917775,-0.001554903,-0.004525528,-0.008068375,3.1319E-05
BR6_main,5.86020202,0.014982199,0.00033919,-0.001555894,-0.006523494,-0.024271754,-0.006613253,0.001587353,-0.004926418,-0.003389887,0.015177908,0.000646474,-0.160203746,0.000205115,-0.015261898,0.00045327,-0.002302771,-0.006138686,0.00743284,-0.013859827,-0.008927621,-0.002033179,0.014710389,-0.0034667,-0.003024231,-0.018926071,-0.003549033,-0.00723491,-0.001392625,-0.00442549,-0.008221104,3.21359E-05
BR6_main,5.97979798,0.014334569,0.000316145,-0.001238198,-0.006246488,-0.024951771,-0.007515808,0.001896218,-0.00459337,-0.003224243,0.01501531,0.000602383,-0.162749292,0.000189482,-0.014598176,0.000457992,-0.001958742,-0.005939926,0.006965489,-0.012930606,-0.00838017,-0.002073804,0.015906605,-0.003487533,-0.002692011,-0.018171898,-0.003598588,-0.007319307,-0.001406553,-0.00367014,-0.008515697,3.23268E-05
BR6_main,6.099393939,0.013746584,0.000357707,-0.000994952,-0.005856513,-0.025146246,-0.008384425,0.001877672,-0.00415,-0.002996417,0.014721101,0.000565593,-0.165492318,0.0001694,-0.014288536,0.000204566,-0.001914252,-0.005974566,0.007890308,-0.012297418,-0.008097552,-0.002122577,0.017157044,-0.003602919,-0.002588167,-0.017730579,-0.003655688,-0.007243791,-0.001235881,-0.003548727,-0.00875011,3.25966E-05
BR6_main,6.218989899,0.012643947,0.000402882,-0.000826743,-0.00557644,-0.021950073,-0.008488121,0.001577339,-0.003701936,-0.003125074,0.013942128,0.000520518,-0.168609117,0.000150852,-0.013946111,0.000156824,-0.001628795,-0.006033952,0.007593723,-0.011473422,-0.007806957,-0.002039297,0.01848878,-0.003749645,-0.00272852,-0.017496109,-0.003089005,-0.007497352,-0.001270596,-0.00331746,-0.008849312,3.32093E-05
BR6_main,6.338585859,0.011653646,0.000495804,-0.000720753,-0.00530441,-0.019624257,-0.008631527,0.001486829,-0.003389153,-0.003133041,0.013716356,0.000476694,-0.171664239,0.000138746,-0.01277905,0.000131695,-0.001679278,-0.005567282,0.008154805,-0.010339057,-0.0076139,-0.001869833,0.020275538,-0.003756454,-0.002935239,-0.017408654,-0.003327115,-0.007070194,-0.001492479,-0.003456666,-0.008782378,3.25357E-05
BR6_main,6.458181818,0.010608726,0.000502348,-0.000668341,-0.005097503,-0.017699414,-0.00844173,0.00162013,-0.003235237,-0.003075568,0.013409219,0.00042721,-0.174629454,0.000133967,-0.011583181,0.000370208,-0.001614855,-0.005366895,0.008003659,-0.009120228,-0.007289735,-0.001791438,0.020864013,-0.003850791,-0.003056374,-0.017303076,-0.00361504,-0.006490378,-0.001611683,-0.003439675,-0.008495363,3.14628E-05
BR6_main,6.577777778,0.009439691,0.000493642,-0.000650623,-0.004831664,-0.016893683,-0.008259535,0.001745294,-0.003224296,-0.002960673,0.011662096,0.000396566,-0.176426293,0.00012493,-0.011100946,0.000501543,-0.001593618,-0.005030468,0.007115329,-0.008738819,-0.007143034,-0.001686272,0.019062447,-0.003776917,-0.00332916,-0.017303883,-0.003981816,-0.005959252,-0.001469748,-0.003401621,-0.008427195,3.04299E-05
BR6_main,6.697373737,0.008394536,0.000506068,-0.000621627,-0.004534367,-0.016203714,-0.00798884,0.001734721,-0.003350097,-0.002974595,0.01053407,0.000373007,-0.164565276,0.000120176,-0.010272242,0.000655231,-0.001500301,-0.005140454,0.006125817,-0.008319337,-0.006794612,-0.001451502,0.017851541,-0.003644496,-0.00372787,-0.017003339,-0.003413466,-0.00555121,-0.001520248,-0.003096193,-0.008151007,2.80113E-05
BR6_main,6.816969697,0.007337137,0.000589032,-0.000621827,-0.004281942,-0.015499886,-0.007366709,0.0016972,-0.003497092,-0.002835477,0.011123528,0.000358182,-0.155456513,0.000113391,-0.009505158,0.000876938,-0.001266482,-0.00498959,0.004684748,-0.007490877,-0.006663578,-0.00134381,0.015604023,-0.003465561,-0.003899246,-0.016893671,-0.003086304,-0.005359973,-0.001558633,-0.003068271,-0.007343841,2.67204E-05
BR6_main,6.936565657,0.006393984,0.000723128,-0.000676164,-0.004073786,-0.014986128,-0.006454945,0.001642415,-0.003535846,-0.002793822,0.010985857,0.00034626,-0.149367477,0.000120454,-0.008206128,0.00112085,-0.001194707,-0.004816118,0.003891837,-0.006973739,-0.006330574,-0.000981291,0.01390556,-0.003341267,-0.004107921,-0.016840787,-0.003052265,-0.005051655,-0.001691071,-0.003079606,-0.006621696,2.64099E-05
BR6_main,7.056161616,0.00555047,0.000839527,-0.000855236,-0.003892377,-0.014625497,-0.005471922,0.001840005,-0.003719707,-0.002714357,0.01101427,0.000367056,-0.144213596,0.000119444,-0.007718449,0.001417443,-0.001195663,-0.004768393,0.003496546,-0.006927359,-0.005998078,-0.000808602,0.011692658,-0.003162972,-0.004187213,-0.016747633,-0.002839796,-0.004608144,-0.00167868,-0.003219763,-0.005855133,2.55813E-05
BR6_main,7.175757576,0.004877178,0.000939709,-0.00119792,-0.003706048,-0.014404756,-0.004624648,0.00164349,-0.004054777,-0.002569485,0.010750077,0.000376478,-0.134323155,0.000109436,-0.007218357,0.001689638,-0.001200675,-0.004430755,0.0037534,-0.00674874,-0.005838747,-0.000705353,0.009887775,-0.002923022,-0.00381128,-0.016822458,-0.002940074,-0.004280607,-0.001532805,-0.003308124,-0.004917098,2.53847E-05
BR6_main,7.295353535,0.004202007,0.001094,-0.001480039,-0.003546789,-0.014030742,-0.003843154,0.001445981,-0.004321134,-0.002568388,0.009873698,0.000369747,-0.124744252,0.000113415,-0.006678703,0.001956367,-0.001217952,-0.004276972,0.004377986,-0.006356069,-0.005488248,-0.000697863,0.009178033,-0.002618434,-0.00372552,-0.016921002,-0.002693213,-0.003603283,-0.001446597,-0.003287721,-0.004462036,2.48592E-05
BR6_main,7.414949495,0.003643735,0.001215516,-0.00211523,-0.003392679,-0.012751068,-0.003327058,0.001462658,-0.004421092,-0.002431724,0.009450519,0.000373543,-0.117184336,0.000135875,-0.005980732,0.002201328,-0.001210367,-0.00380636,0.004038211,-0.006483895,-0.00510809,-0.001073277,0.008713579,-0.001685161,-0.003217481,-0.016886534,-0.001773747,-0.003444652,-0.001241369,-0.003385037,-0.004253073,2.46732E-05
BR6_main,7.534545455,0.003151836,0.001632082,-0.002892923,-0.003152033,-0.012605467,-0.002960515,0.001462467,-0.004739026,-0.002326251,0.009051323,0.000302829,-0.11219387,0.00020134,-0.005869356,0.002594142,-0.001286399,-0.003544364,0.003498462,-0.006426787,-0.004561431,-0.001300808,0.008656515,-0.001363048,-0.002706952,-0.016811706,-0.001195796,-0.003096484,-0.001139952,-0.003375873,-0.004207101,2.47137E-05
BR6_main,7.654141414,0.002664074,0.001874409,-0.003097331,-0.003013785,-0.012632096,-0.002829488,0.001253096,-0.004684603,-0.002248194,0.009156659,0.000289561,-0.110670112,0.000293659,-0.005567363,0.002994844,-0.000946277,-0.002999348,0.003110179,-0.005908294,-0.003349858,-0.001196077,0.008694612,-0.000759823,-0.00261781,-0.016827142,-0.000566111,-0.00221825,-0.001167714,-0.003448855,-0.004288529,2.45013E-05
BR6_main,7.773737374,0.002202321,0.001953324,-0.003137313,-0.002858081,-0.012428645,-0.002711134,0.001155952,-0.00495724,-0.002086316,0.009125018,0.000320627,-0.114788413,0.00032682,-0.004062939,0.003370185,-0.000828496,-0.002834592,0.002912573,-0.005159029,-0.003178147,-0.000868934,0.008768692,-0.001090953,-0.002697184,-0.016792319,-0.000682187,-0.002093316,-0.00139041,-0.003513765,-0.003520526,2.43608E-05
BR6_main,7.893333333,0.001801354,0.002357197,-0.003151786,-0.002683761,-0.012398911,-0.002351907,0.001089696,-0.005190257,-0.002057778,0.009052984,0.00034014,-0.11038286,0.000380689,-0.003508163,0.003705844,-0.000935244,-0.002638588,0.002659073,-0.004741049,-0.002876245,-0.000807525,0.008960114,-0.001245276,-0.002822813,-0.016764131,-0.000580091,-0.001813316,-0.001502743,-0.003472909,-0.003564838,2.42593E-05
BR6_main,8.012929293,0.001476466,0.002248442,-0.003139323,-0.002490427,-0.012406021,-0.002146644,0.000947695,-0.005272009,-0.002054117,0.008982286,0.000345857,-0.114756197,0.000407033,-0.003458461,0.003993159,-0.000871786,-0.002785706,0.002373424,-0.004727611,-0.002648805,-0.001005884,0.009281045,-0.001383482,-0.002526924,-0.016747915,-0.000525085,-0.001935911,-0.001285548,-0.003320669,-0.003880021,2.41392E-05
BR6_main,8.132525253,0.001218515,0.002062695,-0.003099608,-0.002581121,-0.012472848,-0.002009016,0.000956824,-0.005346502,-0.002163482,0.008839564,0.000327583,-0.120606968,0.000382394,-0.003148739,0.004426155,-0.000873462,-0.002905089,0.001905803,-0.004884023,-0.002413811,-0.000902704,0.00965152,-0.001737159,-0.002415034,-0.016693316,-0.000492261,-0.002762277,-0.00122192,-0.003145302,-0.00419569,2.39877E-05
BR6_main,8.252121212,0.000929958,0.001641121,-0.003033422,-0.002508101,-0.012569732,-0.002050721,0.000865738,-0.005084202,-0.002155413,0.008374993,0.000280105,-0.127292523,0.000321879,-0.003819115,0.005170517,-0.00089167,-0.003033779,0.001606336,-0.004939601,-0.002483348,-0.000912597,0.010060904,-0.002237717,-0.002062032,-0.016629099,-0.000547674,-0.003061668,-0.001177076,-0.003008926,-0.004724038,2.36413E-05
BR6_main,8.371717172,0.000675902,0.00143383,-0.002518547,-0.002459449,-0.012559904,-0.002080652,0.000768081,-0.004694379,-0.002255019,0.008475854,0.00025092,-0.131981448,0.000218068,-0.004570675,0.005558757,-0.001004108,-0.002568039,0.001331993,-0.005240203,-0.002132277,-0.000937721,0.010635796,-0.002393471,-0.001807148,-0.016541141,-0.000434869,-0.003294398,-0.001014873,-0.002791635,-0.00450526,2.35723E-05
BR6_main,8.491313131,0.000560035,0.001109128,-0.001753321,-0.002442794,-0.012580414,-0.002199692,0.000784574,-0.004106179,-0.002301315,0.008527664,0.000240575,-0.130482674,0.000184834,-0.003568742,0.006291926,-0.001081051,-0.002373635,0.001055205,-0.005356674,-0.001929489,-0.00093813,0.011374857,-0.002256336,-0.001539039,-0.016392436,-0.000258131,-0.003505788,-0.000828759,-0.002520224,-0.004260517,2.34907E-05
BR6_main,8.610909091,0.000545687,0.000932386,-0.001319845,-0.00236376,-0.012637561,-0.002106902,0.000992447,-0.003607385,-0.002345339,0.008775133,0.000245304,-0.123602921,0.000222195,-0.002544425,0.007463595,-0.001075199,-0.002281353,0.001082427,-0.005020087,-0.001938481,-0.000922833,0.012038145,-0.002002401,-0.001593957,-0.016202355,-7.1869E-06,-0.003062041,-0.00072612,-0.00247862,-0.004392823,2.50116E-05
BR6_main,8.730505051,0.000487464,0.000707794,-0.000994348,-0.002223306,-0.012733394,-0.001848197,0.001097554,-0.003099856,-0.002410751,0.008711804,0.000262172,-0.120220404,0.000288018,-0.001687266,0.006891187,-0.001052399,-0.002189978,0.000831978,-0.005090829,-0.001998097,-0.000809424,0.013341281,-0.001766824,-0.001326947,-0.015932799,0.000451066,-0.002755282,-0.000703692,-0.001919602,-0.004057843,2.92558E-05
BR6_main,8.85010101,0.000475087,0.000443423,-0.000672247,-0.002120717,-0.012996613,-0.001696311,0.001018071,-0.003156356,-0.002410015,0.008692878,0.000274591,-0.117747083,0.000346731,-0.003378764,0.007087861,-0.001030253,-0.002414221,0.000534143,-0.004712581,-0.002237312,-0.0006909,0.014363977,-0.001691391,-0.00116237,-0.01562318,0.001390964,-0.0025245,-0.000650873,-0.002121349,-0.003820162,3.22007E-05
BR6_main,8.96969697,0.00048122,0.000273069,-0.000439527,-0.002042237,-0.013287613,-0.001716451,0.001355576,-0.003041424,-0.002429591,0.008448759,0.000313826,-0.116839014,0.000397684,-0.00188408,0.006849692,-0.000962781,-0.002396516,0.000234034,-0.00338034,-0.002671998,-0.000620171,0.015232616,-0.001603666,-0.001152401,-0.015096302,0.003020676,-0.002428838,-0.000703584,-0.002842151,-0.003469606,3.3672E-05
BR6_main,9.089292929,0.000472323,9.9183E-05,-0.000309266,-0.001993011,-0.013569407,-0.001844534,0.001547013,-0.002791651,-0.002452674,0.008168422,0.000338832,-0.117644259,0.000444807,-0.001549511,0.006714214,-0.000978787,-0.002395825,0.000243114,-0.002826643,-0.002748861,-0.000564906,0.01555962,-0.001532409,-0.001079439,-0.014543346,0.005896081,-0.002338424,-0.000839439,-0.003078694,-0.003258472,3.31566E-05
BR6_main,9.208888889,0.000455596,-3.28212E-05,-0.000193503,-0.001963664,-0.013636019,-0.002273178,0.001397135,-0.002605963,-0.002486,0.007835573,0.000418599,-0.11775879,0.000500094,-0.003091072,0.006727242,-0.000999178,-0.002567942,0.000269906,-0.002658569,-0.002598163,-0.00046884,0.015481267,-0.001458455,-0.001022794,-0.014018192,0.00761422,-0.002649684,-0.000772648,-0.00319228,-0.003099558,3.24523E-05
BR6_main,9.328484848,0.000443558,-0.000109205,-9.66366E-05,-0.001978162,-0.013639913,-0.002599022,0.001168975,-0.002570871,-0.002511994,0.0076441,0.000434256,-0.115189054,0.000564627,-0.002852913,0.007347717,-0.000926569,-0.00247999,0.000361467,-0.00249647,-0.002573979,-0.000426349,0.015398872,-0.001595382,-0.001118609,-0.013412076,0.004022904,-0.002531456,-0.000880974,-0.003133276,-0.002934291,3.06053E-05
BR6_main,9.448080808,0.000435945,-0.000156514,-1.58601E-05,-0.00194793,-0.013657344,-0.002643842,0.001222187,-0.002601511,-0.002530383,0.007340315,0.000353526,-0.112686546,0.000616387,0.000752043,0.007699679,-0.000904091,-0.0024564,0.000460449,-0.002774711,-0.002813307,-0.000409104,0.015174841,-0.001583358,-0.001184837,-0.012828136,0.002193739,-0.002315523,-0.0007908,-0.003093296,-0.002779119,3.18725E-05
BR6_main,9.567676768,0.000443109,-0.000200325,4.01231E-05,-0.001852711,-0.013677305,-0.002686113,0.001224727,-0.003100571,-0.002497801,0.006946542,0.000300875,-0.113665003,0.000666776,0.001932688,0.007645902,-0.000869388,-0.002377114,0.000394516,-0.002985953,-0.003054314,-0.000364635,0.014933579,-0.001604664,-0.001263184,-0.012326792,0.001322461,-0.002470826,-0.000782055,-0.00291396,-0.002856968,3.53362E-05
BR6_main,9.687272727,0.000452796,-0.000178223,3.5098E-05,-0.001937517,-0.01369697,-0.00254366,0.001142002,-0.003603006,-0.002507827,0.006583844,0.000268062,-0.116623249,0.000677204,0.000781681,0.007544075,-0.000836495,-0.002268803,0.000352237,-0.002979424,-0.003042638,-0.000381811,0.014920519,-0.00166647,-0.001246117,-0.011983239,0.00117293,-0.002332277,-0.000884736,-0.002896694,-0.003015569,2.9542E-05
BR6_main,9.806868687,0.000462525,-0.000215861,1.62651E-05,-0.001999795,-0.013678767,-0.002400215,0.000893897,-0.003821349,-0.002418164,0.006614774,0.00022938,-0.112806987,0.000677384,0.000344879,0.007438609,-0.000817375,-0.002050309,0.00060412,-0.002490837,-0.002871699,-0.000357511,0.015219083,-0.00155449,-0.001129895,-0.011845894,0.001188241,-0.002384083,-0.000908381,-0.00280385,-0.003457642,2.62604E-05
BR6_main,9.926464646,0.000472267,-7.26517E-05,-7.44689E-05,-0.002068158,-0.013641647,-0.002202877,0.000691604,-0.003200285,-0.002375856,0.006462888,0.000226333,-0.104697689,0.000744892,-0.000259265,0.007975726,-0.000836821,-0.001829493,0.000338996,-0.002395041,-0.002819903,-0.000316029,0.015456094,-0.001392872,-0.001003999,-0.011986204,0.001667758,-0.002466842,-0.000894134,-0.00257872,-0.003465187,3.09212E-05
BR6_main,10.04606061,0.000481844,2.03076E-05,-0.000148506,-0.002132021,-0.013407312,-0.001809009,0.000493027,-0.002791272,-0.002461304,0.006307247,0.000231576,-0.098436596,0.000879083,-0.001624584,0.007798393,-0.000854864,-0.001720356,0.000438115,-0.002056621,-0.002597331,-0.000282583,0.015851154,-0.001291187,-0.000932575,-0.01206954,0.00216213,-0.002427695,-0.000816662,-0.002314511,-0.003334278,3.41206E-05
BR6_main,10.16565657,0.000491227,0.000218399,-0.000320386,-0.001949586,-0.013161517,-0.001521939,0.000589376,-0.002546199,-0.00245085,0.006228338,0.000254963,-0.10072138,0.000926474,-0.002559226,0.008247736,-0.000831804,-0.001586013,0.000517092,-0.001996735,-0.002505197,-0.000233956,0.016280191,-0.001237389,-0.000908047,-0.012392197,0.001382278,-0.002458821,-0.000715188,-0.002098473,-0.003379745,3.24694E-05
BR6_main,10.28525253,0.000500568,0.00043536,-0.000646477,-0.001878565,-0.012922364,-0.000992669,0.000769817,-0.002971876,-0.002506295,0.00608228,0.000291143,-0.11126937,0.000965859,-0.003003164,0.008490103,-0.000827546,-0.001561049,0.000769644,-0.001806705,-0.002380613,-0.000131183,0.01673802,-0.001186001,-0.000766547,-0.01296765,0.001307778,-0.002488113,-0.000556437,-0.001702175,-0.00337493,3.31371E-05
BR6_main,10.40484848,0.000509875,0.000596272,-0.000661215,-0.00166682,-0.012584842,-0.000572583,0.001098212,-0.003711463,-0.002652507,0.006145156,0.000353044,-0.113660836,0.001011674,-0.003679068,0.008482823,-0.000813837,-0.001592216,0.001353134,-0.001548547,-0.00225947,-0.000175808,0.017227591,-0.001201452,-0.000702242,-0.013167119,0.001212346,-0.002461358,-0.000456836,-0.001354589,-0.003168749,3.10516E-05
BR6_main,10.52444444,0.000519143,0.000707805,-0.000258314,-0.001495697,-0.012220501,-7.49881E-05,0.001580348,-0.003605352,-0.002604418,0.006277848,0.000432994,-0.100257433,0.001182617,-0.003796907,0.008812583,-0.000748041,-0.00151147,0.002279824,-0.001405727,-0.002198018,-0.000264682,0.01771919,-0.001187528,-0.000657464,-0.01293508,0.00191533,-0.002443874,-0.000369547,-0.000961558,-0.002938336,2.86534E-05
BR6_main,10.6440404,0.000528369,0.000807757,0.000150842,-0.001334641,-0.011931471,0.000962296,0.001551801,-0.002312346,-0.002490687,0.006210682,0.000549652,-0.085816175,0.001243916,-0.003159974,0.009708333,-0.000630564,-0.001560236,0.003306085,-0.00135732,-0.001859807,-0.000279942,0.018461503,-0.001099092,-0.000781109,-0.012477076,0.002577067,-0.00239418,-0.000346302,-0.000799814,-0.002814115,2.67196E-05
BR6_main,10.76363636,0.000537551,0.001032433,0.0003422,-0.001064089,-0.011563514,0.002445048,0.001604567,-0.002664831,-0.002432357,0.006151266,0.000628826,-0.075614917,0.001257431,-0.002871183,0.010103064,-0.000524656,-0.001437778,0.004556749,-0.001322969,-0.00143278,-0.000205715,0.019073098,-0.000931336,-0.000549835,-0.011954838,0.002839137,-0.002326154,-0.000368278,-0.000231266,-0.002353541,2.4607E-05
BR6_main,10.88323232,0.000546687,0.001363657,8.77265E-05,-0.00089081,-0.011136963,0.003782983,0.00111003,-0.00330079,-0.002398353,0.006016437,0.000676213,-0.058129085,0.001224639,-0.001582747,0.011549924,-0.000394128,-0.001495085,0.006333804,-0.001328712,-0.000965388,-0.000166294,0.019691658,-0.001031628,-0.000272993,-0.01125017,0.003495889,-0.002048095,-0.000332533,9.64702E-06,-0.001695645,2.27916E-05
BR6_main,11.00282828,0.00055566,0.001802436,-0.000604334,-0.000732642,-0.010642601,0.004338716,0.000791582,-0.003738073,-0.002365044,0.005585874,0.0006046,-0.038434289,0.00108698,0.000587581,0.012316745,-0.000261386,-0.001243047,0.007810959,-0.001807886,-0.000606996,-0.000141404,0.019941588,-0.000930983,-0.000262922,-0.010435104,0.003534269,-0.001650605,-0.000272434,0.001661534,-0.001559822,2.30597E-05
BR6_main,11.12242424,0.000564437,0.002324144,-0.000411979,-0.000343319,-0.009837996,0.005777004,0.000673623,-0.004376933,-0.002227246,0.005052215,0.000517325,-0.041258315,0.001101482,0.002991687,0.012358531,-0.000157217,-0.00099255,0.00939014,-0.001994632,-0.000471805,-0.000311697,0.020176666,-0.00065424,-0.000604272,-0.008595544,0.002323895,-0.001107036,-0.000155464,0.002294774,-0.000795205,2.40422E-05
BR6_main,11.2420202,0.000573132,0.002746639,0.000583277,-0.000162152,-0.007892084,0.006790339,0.001150004,-0.004314471,-0.001946984,0.004731905,0.000431216,-0.036133337,0.001160481,0.005013794,0.010991696,-0.000102818,-0.000731632,0.008197173,-0.001466016,-0.000361532,-0.000504648,0.019776233,-0.000429908,-0.000540147,-0.005739308,0.002010595,-0.000911795,-0.000191627,0.003119667,-0.000481053,2.48798E-05
BR6_main,11.36161616,0.000581777,0.002522091,0.001540549,-6.66641E-05,-0.005442562,0.007016401,0.001484146,-0.002225923,-0.001561704,0.005565772,0.000393841,-0.027556229,0.001301449,0.006402182,0.012667336,-0.000125569,-0.000770782,0.00820655,-0.0009643,-0.00032403,-0.000735686,0.019175291,-0.000241856,-0.000433763,-0.00245526,0.00174323,-0.001062989,-0.000345263,0.00344261,-0.000788503,2.61133E-05
BR6_main,11.48121212,0.000590377,0.002006294,0.002212911,-0.000164745,-0.003225405,0.004610489,0.002481187,0.002373477,-0.00125351,0.007368362,0.000403572,-0.038535716,0.001559622,0.008448619,0.012426723,-0.000206213,-0.000609674,0.012772518,-0.000639741,-0.000350131,-0.0010123,0.01912744,-0.000272446,-0.000460684,0.000759672,0.004880238,-0.001272807,-0.000388078,0.004327566,-0.000883065,3.3255E-05
BR6_main,11.60080808,0.000598931,0.002127776,0.002782328,-0.000209312,-0.001675788,0.006438306,0.002898495,0.011796075,-0.000856644,0.009454125,0.000433345,-0.045154966,0.001911496,0.008730275,0.016613711,-0.000315417,-0.000705604,0.01976091,-0.000455203,-0.000371586,-0.000981644,0.019123528,-0.000219732,-0.000479764,0.00427134,0.010537011,-0.001045815,-0.000396248,0.004338798,-0.000776669,3.7173E-05
BR6_main,11.72040404,0.000607438,0.002663698,0.003304027,-0.00025988,-0.000451673,0.008709934,0.004055934,0.020555745,-0.000533442,0.011767269,0.000710586,-0.041231699,0.002264722,0.014296062,0.02205577,-0.000260066,-0.00071027,0.027476205,-0.00047505,-0.000315844,-0.000863259,0.01905317,-0.000166885,-0.000323601,0.007472187,0.015391836,-0.000564215,-0.000270842,0.004643276,-0.000642585,4.23476E-05
BR6_main,11.84,0.0006159,0.002870249,0.003699863,-7.11563E-05,0.000292726,0.010475541,0.005182141,0.0256941,-0.000233472,0.01267117,0.00101609,-0.018507658,0.002461726,0.014909892,0.024395343,-0.000118297,-0.000348339,0.031527829,-0.000653173,-0.000232202,-0.000452885,0.018916971,-0.000163134,-0.000161981,0.010409422,0.018323026,-0.000262034,-9.67887E-05,0.005331235,-0.000453893,5.35586E-05
BR7_main,0,0.021041584,0.065896418,0.650648024,-0.004895588,0.654703215,3.236163715,0.082142283,0.82004873,-0.001691537,1.28308249,0.044452788,-0.284031057,-0.560384854,0.438260765,0.197365503,-0.006156033,-0.05211187,3.10956001,-0.030755834,-0.021819453,-0.012508433,1.148000897,-0.010037829,-0.021154651,-0.009796894,1.524411851,-0.008687066,-0.01785184,1.271790385,-0.009342449,0.000309864
BR7_main,0.11959596,0.027615907,0.05219089,0.549127812,-0.02030748,0.241677995,2.240202518,0.067263491,0.695135547,-0.002764547,1.07586023,0.03155755,-0.309828335,-0.606312472,0.3467149,0.176613042,-0.007160293,-0.057926379,2.541915178,-0.04377877,-0.02578648,-0.012689623,0.909597198,-0.015416149,-0.020379738,-0.029138676,0.822055056,-0.028795738,-0.01655937,0.852160961,-0.022431389,0.000278991
BR7_main,0.239191919,0.032714345,0.031995537,0.388729543,-0.022836928,0.040277253,0.96037371,0.045425447,0.535430898,-0.003775628,0.78547936,0.023114556,-0.345430652,-0.654277796,0.196800532,0.153393414,-0.007457777,-0.066276953,1.701438468,-0.050156175,-0.02878155,-0.01172627,0.753233753,-0.016655361,-0.022054114,-0.047833974,0.051707371,-0.042512594,-0.015500643,0.342105584,-0.038827342,0.000240493
BR7_main,0.358787879,0.036458982,0.027869996,0.382655341,-0.02249137,0.444869743,0.552520654,0.03032289,0.377738389,-0.003833497,0.45520236,0.011189652,-0.340873837,-0.653554929,0.182800124,0.128706962,-0.008442416,-0.056160976,1.606125117,-0.054316409,-0.030787254,-0.012508695,0.636777036,-0.018617849,-0.023218332,-0.055573695,-0.084036669,-0.03302858,-0.008667587,0.155306942,-0.052584041,0.000210154
BR7_main,0.478383838,0.038934006,0.018624523,0.360037314,-0.021582399,1.927425057,0.498922079,0.020366129,0.259703382,-0.003129262,0.314891462,0.012476099,-0.237161596,-0.486315894,0.151727637,0.104243817,-0.006615743,-0.048977601,1.884325581,-0.055844303,-0.032995426,-0.010749482,0.529752851,-0.014749283,-0.017449173,-0.021969573,0.215303185,-0.022512863,-0.007402751,0.178454892,-0.056045533,0.000191136
BR7_main,0.597979798,0.040453253,0.016025018,0.335243531,-0.020536164,2.879894558,0.439039772,0.009517912,0.161769735,-0.003072312,0.265076475,0.010575747,-0.188836311,-0.35300178,0.209686795,0.100404142,-0.005971842,-0.038507795,1.716086445,-0.056146886,-0.034478122,-0.009742418,0.519621405,-0.009756704,-0.016115693,0.04708038,0.4765448,-0.020834696,-0.005106827,0.131447269,-0.052814873,0.000160032
BR7_main,0.717575758,0.041346015,0.019118886,0.284103202,-0.019888993,2.944068327,0.359981828,0.004519582,0.159636694,-0.002563279,0.2654535,0.012781387,-0.117850624,-0.256468807,0.251015176,0.111813286,-0.004332129,-0.025153392,1.288877962,-0.05581126,-0.034168982,-0.010422714,0.529983622,-0.004889217,-0.016093386,0.079148847,0.566032629,-0.029564657,-0.004095181,0.096415666,-0.036774486,0.000141289
BR7_main,0.837171717,0.041856125,0.019326917,0.224348138,-0.014488648,2.180422665,0.276763615,0.005999459,0.211721114,-0.002799744,0.243752918,0.013271489,-0.067116342,-0.1965891,0.178588372,0.116205024,-0.004466633,-0.017936216,0.944528342,-0.052851632,-0.034485216,-0.011829044,0.521507569,-0.002781994,-0.019367808,0.090767,0.40998134,-0.027626994,-0.002644832,0.072842937,-0.028186685,0.000129059
BR7_main,0.956767677,0.042142309,0.015963008,0.182063186,-0.00914555,1.338340909,0.374304455,0.009473999,0.255733633,-0.001704843,0.230184461,0.014290191,-0.054203802,-0.150522006,0.11218432,0.118507704,-0.004563907,-0.013754635,0.835777457,-0.051287547,-0.032418738,-0.013005532,0.473139141,-0.004850808,-0.020947581,0.078210294,0.258815395,-0.018564488,-0.001864322,0.087627984,-0.021564524,0.000120496
BR7_main,1.076363636,0.042304005,0.015979167,0.153971179,-0.005428844,0.740740267,0.482650281,0.010703489,0.255139547,-0.001674358,0.199954362,0.01350711,-0.065799717,-0.169777859,0.064662104,0.114004639,-0.004621429,-0.010290001,0.746732495,-0.050888167,-0.03067068,-0.013495189,0.394239166,-0.004794248,-0.019975082,0.06095768,0.171154299,-0.014530794,-0.001907999,0.133956707,-0.02071821,0.000111831
BR7_main,1.195959596,0.042394654,0.015289418,0.137174022,-0.006592581,0.348664527,0.548958603,0.008003384,0.186237022,-0.001736947,0.166142998,0.010972638,-0.072018514,-0.184529148,0.030588094,0.102994101,-0.005024589,-0.008044513,0.719580803,-0.046417927,-0.029642269,-0.01434712,0.303889724,-0.00618534,-0.018685048,0.038329471,0.150417126,-0.01068503,-0.002120673,0.154301327,-0.017607246,0.000101624
BR7_main,1.315555556,0.042449306,0.013268855,0.140939919,-0.00705747,0.129988753,0.417850865,0.004417896,0.117528336,-0.002016552,0.180531036,0.013013294,-0.099946169,-0.159677664,0.010795745,0.090870009,-0.006686325,-0.007683222,0.690973782,-0.042148041,-0.029091266,-0.014604918,0.227156378,-0.006429507,-0.017706589,0.01419941,0.148439718,-0.006667656,-0.002064544,0.171387793,-0.01471806,9.22374E-05
BR7_main,1.435151515,0.042477693,0.009838737,0.142168205,-0.005760852,0.11345766,0.462309308,0.002962211,0.070484244,-0.002323006,0.23081253,0.013506294,-0.11797375,-0.112276759,0.002508468,0.078283322,-0.005354353,-0.008893906,0.73021197,-0.03631177,-0.027857972,-0.013817849,0.177827608,-0.005812994,-0.014577164,-0.009128155,0.095471541,-0.005199499,-0.001984062,0.236753761,-0.013212625,8.22054E-05
BR7_main,1.554747475,0.042488583,0.009800342,0.13471863,-0.005019732,0.089536488,0.390797295,0.002627249,0.044289961,-0.002779601,0.26257062,0.011259844,-0.129636736,-0.087954856,-0.003670751,0.067068807,-0.00519316,-0.008850732,0.757804874,-0.032778114,-0.027466987,-0.012647532,0.139832164,-0.006434079,-0.013032111,-0.031877063,0.066834827,-0.0048294,-0.001837903,0.21725147,-0.012805285,7.29309E-05
BR7_main,1.674343434,0.042488219,0.007512197,0.122555309,-0.005297312,0.181336165,0.376183904,0.003308845,0.024449212,-0.003184573,0.251860547,0.007795297,-0.15029209,-0.080031828,-0.00595414,0.055938824,-0.004621914,-0.008846784,0.750793623,-0.030833139,-0.025946233,-0.011715955,0.110017292,-0.007004403,-0.012534559,-0.051703354,0.015203922,-0.004807133,-0.001928236,0.197339747,-0.011827334,6.83006E-05
BR7_main,1.793939394,0.042482233,0.004453575,0.118026536,-0.005819891,0.307910081,0.257470755,0.003576916,0.017717967,-0.003437011,0.245008272,0.006952424,-0.17069848,-0.086365871,-0.007763599,0.047231973,-0.004507085,-0.009293262,0.675099913,-0.029235144,-0.024014873,-0.010557301,0.085454789,-0.004918908,-0.010553204,-0.063887747,-0.023495154,-0.005011571,-0.001834575,0.169405704,-0.010319918,6.4866E-05
BR7_main,1.913535354,0.04247173,0.002958051,0.124388259,-0.007929613,0.389569512,0.205052339,0.003678944,0.011933845,-0.003616278,0.2028736,0.005330989,-0.184464988,-0.103657178,-0.008633371,0.040805079,-0.004394208,-0.009967394,0.530692205,-0.027349795,-0.022844714,-0.009488128,0.066763047,-0.004379773,-0.009075795,-0.070218832,-0.037438159,-0.005283186,-0.001848103,0.13024751,-0.009732278,5.96655E-05
BR7_main,2.033131313,0.042447904,0.002656092,0.137710135,-0.008716791,0.297064876,0.126371581,0.004231279,0.00659065,-0.003776896,0.131637167,0.003697878,-0.195761921,-0.10628533,-0.009193649,0.035662952,-0.004656243,-0.011161581,0.375112409,-0.025593463,-0.022038273,-0.008638062,0.053189663,-0.003596637,-0.007839011,-0.074602471,-0.047338521,-0.005895064,-0.001999294,0.090083077,-0.01030537,5.49157E-05
BR7_main,2.152727273,0.042401201,0.002274188,0.134968322,-0.008742731,0.282835254,0.070373367,0.003977958,0.001926799,-0.003842878,0.096069024,0.003878114,-0.208420726,-0.102297135,-0.012572649,0.032721641,-0.004759267,-0.012451845,0.248607237,-0.023756292,-0.021952834,-0.007955884,0.04283546,-0.002616817,-0.008786267,-0.076229484,-0.049405077,-0.006562095,-0.001974676,0.052986665,-0.010925305,5.1316E-05
BR7_main,2.272323232,0.042320568,0.002171589,0.109345098,-0.008559654,0.282097091,0.049984023,0.00367782,-0.002095055,-0.003812285,0.083489588,0.003869967,-0.212827962,-0.064657371,-0.013951014,0.031281651,-0.00488908,-0.01269105,0.184229968,-0.021742665,-0.020770302,-0.00729247,0.033014256,-0.002604636,-0.0090396,-0.07620629,-0.048604264,-0.007119625,-0.001456714,0.022869673,-0.011806351,4.73243E-05
BR7_main,2.391919192,0.042194207,0.002927083,0.076041082,-0.008751894,0.264546862,0.058944854,0.003487562,-0.003543032,-0.003824087,0.092541319,0.003263254,-0.213204607,-0.033572547,-0.01430496,0.030413835,-0.004749881,-0.01212415,0.128620806,-0.020067586,-0.019661258,-0.006681498,0.027975345,-0.004296893,-0.008514885,-0.073753371,-0.043196513,-0.007643045,-0.001329198,0.008809243,-0.014168299,4.3317E-05
BR7_main,2.511515152,0.041991924,0.00329295,0.055338189,-0.008515618,0.214229402,0.056083543,0.005879783,-0.004611482,-0.003879404,0.091221358,0.003338727,-0.209829267,-0.011667499,-0.014400405,0.02902649,-0.003673905,-0.011550767,0.090717265,-0.018635425,-0.017569159,-0.006205044,0.023739805,-0.005098429,-0.006531543,-0.070299598,-0.03772433,-0.007835578,-0.001127989,0.001268116,-0.016739063,4.06877E-05
BR7_main,2.631111111,0.041624971,0.002908025,0.035370438,-0.007551798,0.175617388,0.045055334,0.007059762,-0.006746829,-0.003943947,0.080306468,0.002865307,-0.199599453,-0.001180682,-0.014542125,0.028271484,-0.002845752,-0.010747442,0.053388404,-0.017597774,-0.016344751,-0.005796984,0.020076959,-0.004893806,-0.005176506,-0.066606015,-0.030112732,-0.008322606,-0.001156599,0.001403945,-0.017973447,4.11761E-05
BR7_main,2.750707071,0.041055478,0.001778652,0.021412682,-0.007011085,0.158965623,0.031363635,0.006128579,-0.006500178,-0.004009,0.078164606,0.002131014,-0.190154738,0.00250696,-0.013766795,0.027759374,-0.002425421,-0.009922167,0.025830563,-0.016987591,-0.015856589,-0.005386135,0.016824406,-0.006287584,-0.004968586,-0.062706223,-0.02405579,-0.008877522,-0.001224997,0.000613259,-0.017290128,4.44422E-05
BR7_main,2.87030303,0.040155525,0.001313336,0.01181965,-0.006876575,0.126229605,0.029162905,0.006120342,-0.0066097,-0.004073398,0.077540773,0.001593548,-0.181579699,0.00338679,-0.013020928,0.027648196,-0.002249588,-0.009365847,-0.003162983,-0.016661414,-0.015000097,-0.005063754,0.013379487,-0.006626018,-0.003925294,-0.05897242,-0.013459472,-0.009308618,-0.001179895,0.000503928,-0.016411142,4.68863E-05
BR7_main,2.98989899,0.038653183,0.00095391,0.008388031,-0.006877172,0.09246919,0.024754051,0.006622892,-0.006711997,-0.0041454,0.07055021,0.001252357,-0.174967152,0.003650749,-0.012521798,0.026840835,-0.002171276,-0.008967656,-0.023548451,-0.016567482,-0.014053888,-0.004678034,0.009523043,-0.006078749,-0.003373678,-0.055562,-0.009312082,-0.008266995,-0.001024338,-0.001301572,-0.015661453,4.72184E-05
BR7_main,3.109494949,0.036612601,0.000819927,0.004564923,-0.007351517,0.054012869,0.01746893,0.006621123,-0.00657351,-0.004235437,0.057970623,0.000986177,-0.167791031,0.00341426,-0.012098475,0.026901704,-0.002212656,-0.008723504,-0.043740388,-0.016475668,-0.013291704,-0.004342734,0.005439667,-0.005809015,-0.003367507,-0.052401311,-0.011186666,-0.008039865,-0.001082192,-0.00153112,-0.015079483,4.27284E-05
BR7_main,3.229090909,0.033994727,0.000390361,-0.000690857,-0.007756703,0.017363799,0.015670611,0.006125553,-0.008199163,-0.004366451,0.051562469,0.000944744,-0.162711548,0.003011187,-0.011810081,0.027045315,-0.002311055,-0.008550984,-0.060916369,-0.016402502,-0.012500122,-0.004136561,0.002243323,-0.006153476,-0.00376996,-0.048981038,-0.013534924,-0.007783129,-0.001245887,-0.0024309,-0.013682508,3.84757E-05
BR7_main,3.348686869,0.031055235,0.000295226,-0.00522414,-0.007892365,-0.001730047,0.01285544,0.004945242,-0.009888864,-0.00451758,0.044575171,0.000797892,-0.158736206,0.002549151,-0.011719538,0.026475267,-0.002438551,-0.008216014,-0.061378775,-0.016331404,-0.012298751,-0.003935011,-0.000467511,-0.006263778,-0.003851997,-0.046523009,-0.013804535,-0.007423657,-0.001627907,-0.002762198,-0.012502083,3.45005E-05
BR7_main,3.468282828,0.028167395,0.00022933,-0.008626066,-0.008046692,-0.011995798,0.008085367,0.003707926,-0.011530506,-0.004692809,0.041391704,0.000682049,-0.155816018,0.002012738,-0.011417214,0.026274669,-0.002674881,-0.008005145,-0.050754349,-0.015828551,-0.011931728,-0.003908999,-0.00436714,-0.005907298,-0.004314576,-0.044543886,-0.016086822,-0.007268154,-0.001959451,-0.002924432,-0.011705315,3.20837E-05
BR7_main,3.587878788,0.02515912,0.000170199,-0.010611865,-0.0084578,-0.018902792,0.006477925,0.002530832,-0.01153227,-0.004834178,0.038535472,0.00062005,-0.154141881,0.001709535,-0.010322159,0.023507826,-0.002872241,-0.00797441,-0.041684613,-0.01608572,-0.01175425,-0.004030072,-0.004925642,-0.006084271,-0.004836936,-0.042997418,-0.017374553,-0.007191251,-0.002076721,-0.003168143,-0.010768012,3.21583E-05
BR7_main,3.707474747,0.02309209,0.00015582,-0.011857286,-0.008952419,-0.023279697,0.005157002,0.002281823,-0.011044479,-0.004815091,0.034769731,0.000593083,-0.153463662,0.001463053,-0.010093133,0.022475585,-0.003030742,-0.00802758,-0.033841128,-0.016505711,-0.011843867,-0.004534483,-0.004926708,-0.006502842,-0.005360764,-0.041658515,-0.018033214,-0.007554293,-0.002137932,-0.003524766,-0.010856242,3.27501E-05
BR7_main,3.827070707,0.022181673,0.000156171,-0.013847845,-0.009085581,-0.024840794,0.00538864,0.002163618,-0.009079722,-0.004980473,0.033327044,0.000570815,-0.153519726,0.001250792,-0.010263762,0.020453599,-0.003277372,-0.008235873,-0.026989771,-0.016647843,-0.011942313,-0.004887833,-0.004937936,-0.006743295,-0.005933206,-0.040519045,-0.017813421,-0.007315177,-0.002305284,-0.003683772,-0.011282414,3.27233E-05
BR7_main,3.946666667,0.021454654,0.000146654,-0.016611674,-0.009306274,-0.027670126,0.002412375,0.002043323,-0.008601435,-0.005200531,0.0309486,0.000555059,-0.154129443,0.001147902,-0.011035147,0.016998102,-0.003373999,-0.008299768,-0.023608283,-0.017135222,-0.012610981,-0.005263917,-0.004470407,-0.006768128,-0.006363595,-0.038733612,-0.017341446,-0.007988058,-0.002348623,-0.003767677,-0.011780304,3.29386E-05
BR7_main,4.066262626,0.021049597,0.000167155,-0.01910154,-0.00958007,-0.029874352,-0.000148546,0.001919477,-0.008398449,-0.005212644,0.02942761,0.000540589,-0.155161438,0.000979668,-0.011877205,0.013122569,-0.003446702,-0.008531577,-0.02159996,-0.017524559,-0.013035141,-0.005445555,-0.0035619,-0.006676891,-0.006228252,-0.037147191,-0.017289069,-0.008777854,-0.002343279,-0.004083376,-0.012129895,3.29785E-05
BR7_main,4.185858586,0.020790389,0.00013768,-0.020493661,-0.009342507,-0.032045504,-0.003281173,0.001847171,-0.008339441,-0.005232761,0.02867193,0.000523935,-0.156518355,0.000868749,-0.012663493,0.009722115,-0.003489422,-0.008803027,-0.019994217,-0.017590911,-0.013097652,-0.00547411,-0.00180946,-0.006474065,-0.006257658,-0.036185493,-0.016919146,-0.00915304,-0.002288173,-0.004770993,-0.012705321,3.29526E-05
BR7_main,4.305454545,0.020540455,0.000128552,-0.01969393,-0.009209584,-0.033913198,-0.004014362,0.001777488,-0.008497413,-0.005190186,0.027108799,0.000513224,-0.158305241,0.000805944,-0.013511492,0.007631372,-0.003463625,-0.009066019,-0.018145191,-0.017549986,-0.012996375,-0.005432402,9.87663E-05,-0.006367362,-0.006735152,-0.035203912,-0.016766872,-0.009265952,-0.002183108,-0.005541652,-0.013392546,3.28577E-05
BR7_main,4.425050505,0.020306968,0.000144218,-0.018200557,-0.008984821,-0.035558714,-0.005160443,0.001710703,-0.008522693,-0.005256033,0.025155906,0.000501413,-0.160729933,0.000732497,-0.014646451,0.00635106,-0.003563242,-0.009281202,-0.016963372,-0.017564906,-0.012956547,-0.005505424,0.001539587,-0.006111333,-0.006791136,-0.03450281,-0.016474472,-0.009310666,-0.002163506,-0.006253013,-0.014003868,3.27553E-05
BR7_main,4.544646465,0.019989807,0.000169741,-0.016084217,-0.008757053,-0.03635702,-0.00498157,0.001646046,-0.007753373,-0.005494916,0.024080987,0.000495145,-0.163145739,0.000638108,-0.015723515,0.005359901,-0.003630524,-0.009520956,-0.01401715,-0.017628944,-0.012756408,-0.005560448,0.003304564,-0.005856715,-0.006895524,-0.034043861,-0.015880572,-0.009046298,-0.002138174,-0.007018873,-0.014491112,3.2553E-05
BR7_main,4.664242424,0.019663057,0.000247683,-0.013642913,-0.008461625,-0.037116123,-0.00529624,0.001519522,-0.007334199,-0.00555624,0.023174064,0.000495092,-0.164875813,0.000576809,-0.017430117,0.004418935,-0.003786145,-0.009748856,-0.01268984,-0.017952809,-0.012977845,-0.005362772,0.004743278,-0.005703765,-0.007592087,-0.033590697,-0.015080918,-0.009340507,-0.002122637,-0.007595037,-0.014742056,3.24128E-05
BR7_main,4.783838384,0.019302749,0.000254589,-0.010965355,-0.008277541,-0.038002068,-0.005180604,0.001473822,-0.007415963,-0.005450036,0.022163396,0.000501955,-0.166477417,0.000530349,-0.019488894,0.003712572,-0.003765506,-0.009964498,-0.008643864,-0.01798816,-0.013126901,-0.004961351,0.005898439,-0.005611555,-0.008128427,-0.032878169,-0.013479546,-0.00956231,-0.002020493,-0.008098491,-0.014778041,3.2227E-05
BR7_main,4.903434343,0.018868696,0.000263455,-0.008574549,-0.008171952,-0.038581609,-0.004605237,0.001502144,-0.007039691,-0.005401362,0.021008193,0.000508598,-0.168267122,0.000521495,-0.02130364,0.003100372,-0.003469307,-0.009996934,-0.005523494,-0.017873048,-0.013169751,-0.004781885,0.006690004,-0.00555175,-0.00851928,-0.032055856,-0.012226387,-0.010001559,-0.001995528,-0.00831984,-0.014717306,3.19476E-05
BR7_main,5.023030303,0.018531133,0.000300837,-0.006599962,-0.008127968,-0.038303743,-0.005600194,0.001450117,-0.0063555,-0.005112469,0.020474562,0.000507004,-0.169923375,0.000544775,-0.022259824,0.002521206,-0.003227258,-0.009771368,-0.003687405,-0.017660767,-0.012951675,-0.004794711,0.007401728,-0.005470526,-0.008796186,-0.031598644,-0.011327542,-0.009917344,-0.002035538,-0.008144883,-0.014519189,3.16414E-05
BR7_main,5.142626263,0.018374933,0.000343737,-0.004875517,-0.008109979,-0.038167305,-0.007147863,0.001466461,-0.005988916,-0.004740963,0.019560801,0.000496806,-0.170344341,0.000653157,-0.022637378,0.002035328,-0.003018341,-0.009401642,-0.002191996,-0.017289282,-0.012908244,-0.004903183,0.008055007,-0.005358003,-0.009049475,-0.030658146,-0.010704382,-0.010163316,-0.00212106,-0.007775691,-0.014281835,3.13153E-05
BR7_main,5.262222222,0.018170496,0.000303929,-0.003676757,-0.007882276,-0.037519414,-0.007365924,0.001648688,-0.005774379,-0.004542901,0.018814626,0.000479965,-0.170635155,0.000702121,-0.022751921,0.001654832,-0.003165186,-0.008456533,0.000293259,-0.017078556,-0.012967647,-0.004840257,0.008598218,-0.005560022,-0.009142797,-0.029724721,-0.010324202,-0.010573821,-0.00231228,-0.007549209,-0.014002187,3.11193E-05
BR7_main,5.381818182,0.0179781,0.000192928,-0.002658138,-0.007689605,-0.036097208,-0.007431572,0.001803227,-0.005673647,-0.004458917,0.019047739,0.000476942,-0.170318214,0.0007752,-0.022136578,0.001315,-0.003478038,-0.008234494,0.00313302,-0.016632076,-0.012840008,-0.00468504,0.009039886,-0.005523266,-0.008983354,-0.028852369,-0.010062691,-0.010339922,-0.002248052,-0.007158696,-0.013682125,3.08469E-05
BR7_main,5.501414141,0.017718626,0.000263649,-0.002053108,-0.00748107,-0.034658753,-0.00709856,0.002071848,-0.005702356,-0.004335539,0.018730801,0.000465988,-0.171180017,0.000804887,-0.02151756,0.000956938,-0.003246014,-0.008176028,0.006207224,-0.015961314,-0.012216818,-0.004496063,0.009356289,-0.005154004,-0.009190408,-0.027943017,-0.009757426,-0.009867317,-0.002317547,-0.006774676,-0.013332161,3.04683E-05
BR7_main,5.621010101,0.017217132,0.000377752,-0.001554397,-0.007273327,-0.033209493,-0.006868961,0.002302383,-0.005779413,-0.004153654,0.018140787,0.000455286,-0.170106096,0.000748692,-0.020219334,0.000728212,-0.003126226,-0.007803223,0.010290207,-0.015663916,-0.011765147,-0.004363688,0.009674942,-0.005002288,-0.008690626,-0.027065837,-0.009515082,-0.009559984,-0.002206041,-0.006386379,-0.012954678,3.0305E-05
BR7_main,5.740606061,0.016569261,0.000367079,-0.001223066,-0.007104742,-0.03170544,-0.006441634,0.002624975,-0.00578897,-0.004026849,0.017910806,0.000437146,-0.16917819,0.000686571,-0.018943059,0.000549047,-0.003133647,-0.007737741,0.01298904,-0.015395417,-0.011006651,-0.00422075,0.009949864,-0.004932676,-0.007990166,-0.026086105,-0.009241918,-0.009165757,-0.002141996,-0.005819809,-0.0125375,3.0065E-05
BR7_main,5.86020202,0.015751591,0.00029868,-0.001049658,-0.007060606,-0.030110692,-0.006039182,0.002952225,-0.005826358,-0.003879862,0.017414721,0.000409088,-0.168287207,0.000626939,-0.01770895,0.000399098,-0.003010528,-0.007765318,0.01364035,-0.014741993,-0.010213856,-0.004088519,0.010191709,-0.00471975,-0.007325594,-0.024989282,-0.008667058,-0.008731746,-0.00186194,-0.00539845,-0.012095676,2.94456E-05
BR7_main,5.97979798,0.015017237,0.000293666,-0.000908811,-0.006985859,-0.028571672,-0.00573009,0.0027597,-0.005849681,-0.00383522,0.016900137,0.000377563,-0.167509927,0.000602944,-0.016526683,0.00033564,-0.002822019,-0.00760203,0.013584261,-0.013683817,-0.009449063,-0.003978175,0.010521466,-0.004481129,-0.006554794,-0.023717939,-0.008016491,-0.008343242,-0.002130326,-0.004914517,-0.011498237,3.0479E-05
BR7_main,6.099393939,0.014207705,0.000366573,-0.000727398,-0.00661271,-0.027157998,-0.005724921,0.002428417,-0.005829527,-0.003800298,0.01549682,0.000337974,-0.166087712,0.000563225,-0.015497822,0.000276672,-0.002581478,-0.007236726,0.009477939,-0.012988879,-0.008859085,-0.003802215,0.010856907,-0.00444311,-0.005492348,-0.022357875,-0.007441616,-0.007710655,-0.002192828,-0.004355082,-0.010854816,2.93466E-05
BR7_main,6.218989899,0.013397275,0.000390176,-0.000603935,-0.005997589,-0.025721655,-0.00583378,0.001985202,-0.005744869,-0.003698289,0.013459715,0.000301977,-0.164695058,0.000488244,-0.014544227,0.000290835,-0.002364823,-0.006915089,0.005902509,-0.012189764,-0.008450805,-0.003581068,0.011117736,-0.003966712,-0.004542598,-0.021020477,-0.006864742,-0.007087789,-0.001965398,-0.003906082,-0.010134859,2.86949E-05
BR7_main,6.338585859,0.012440121,0.000379998,-0.000439994,-0.005418711,-0.024327702,-0.005942198,0.001602441,-0.005797786,-0.003645277,0.011476458,0.000276122,-0.163226124,0.000391259,-0.01379835,0.0003748,-0.002198649,-0.006536654,0.004343609,-0.011422448,-0.00797675,-0.003381553,0.011450764,-0.003610403,-0.003877247,-0.019882779,-0.006326289,-0.006477341,-0.001761851,-0.003621932,-0.009382959,2.88429E-05
BR7_main,6.458181818,0.011238512,0.000426685,-0.000401559,-0.004887311,-0.022868449,-0.005814457,0.001275627,-0.005810462,-0.003550722,0.010305821,0.000255219,-0.162131509,0.000369097,-0.013130315,0.000405757,-0.001987945,-0.006177245,0.003926209,-0.01056924,-0.007352323,-0.00307476,0.011709031,-0.003172916,-0.003358092,-0.018436459,-0.005834659,-0.005918902,-0.001643405,-0.003376002,-0.0086831,2.73705E-05
BR7_main,6.577777778,0.009979059,0.000433346,-0.000366907,-0.004441508,-0.021764721,-0.005733108,0.001100989,-0.005789125,-0.003353131,0.009477568,0.000240888,-0.160926652,0.000369065,-0.012207076,0.000427234,-0.001801188,-0.005629619,0.003401544,-0.009738744,-0.006951063,-0.002701164,0.012060171,-0.002843499,-0.003033887,-0.017080798,-0.00542743,-0.005412793,-0.001463799,-0.003180633,-0.008046529,2.67128E-05
BR7_main,6.697373737,0.008751282,0.00043042,-0.00033073,-0.004039364,-0.020762527,-0.005160693,0.000969327,-0.005787537,-0.003182007,0.008549474,0.000230231,-0.159612539,0.000361332,-0.011096124,0.000446269,-0.001653009,-0.005032644,0.00259027,-0.009166319,-0.006399925,-0.00234148,0.012343742,-0.002684376,-0.002748724,-0.015686686,-0.004987962,-0.005044328,-0.001429579,-0.00301863,-0.007420592,2.4376E-05
BR7_main,6.816969697,0.007698145,0.000411004,-0.000286474,-0.003653337,-0.019873186,-0.00474672,0.000943574,-0.005715583,-0.003157739,0.008020709,0.000222993,-0.158425121,0.000344276,-0.010270466,0.000400713,-0.001555809,-0.004515469,0.001695966,-0.008308178,-0.005784319,-0.002099444,0.012730826,-0.002585946,-0.002611717,-0.014320402,-0.004585135,-0.004687389,-0.001340933,-0.002892669,-0.006924614,2.32158E-05
BR7_main,6.936565657,0.006900133,0.00039606,-0.000267173,-0.00336154,-0.01892811,-0.004372335,0.000927157,-0.005731291,-0.003174197,0.007256887,0.000219384,-0.157339764,0.000324786,-0.009428437,0.000312815,-0.001479004,-0.004086593,5.04195E-05,-0.007519576,-0.004792782,-0.001912806,0.013196718,-0.002187787,-0.002523051,-0.013010323,-0.004215823,-0.004205076,-0.001276895,-0.002770129,-0.006408082,2.20676E-05
BR7_main,7.056161616,0.006164788,0.000447678,-0.000307999,-0.003098123,-0.017930941,-0.004092166,0.000910615,-0.005680787,-0.003122376,0.006425796,0.000216717,-0.156047813,0.000327176,-0.008497236,0.000295764,-0.001401249,-0.003711484,-0.000688008,-0.006647995,-0.003739166,-0.001475278,0.013360748,-0.001938682,-0.002463115,-0.0117043,-0.003919589,-0.003855387,-0.001188048,-0.002629638,-0.00586111,2.13444E-05
BR7_main,7.175757576,0.005424893,0.000462575,-0.000329724,-0.002918599,-0.017037426,-0.003838868,0.000889427,-0.005508893,-0.00301817,0.005719269,0.000213795,-0.153276083,0.000337342,-0.007373125,0.00034087,-0.001364195,-0.00338776,-0.00068299,-0.005881041,-0.002658741,-0.001249963,0.013562912,-0.001601507,-0.002384743,-0.010555324,-0.003700532,-0.003518284,-0.001082189,-0.002575289,-0.005273839,2.01427E-05
BR7_main,7.295353535,0.004776042,0.00043746,-0.000382884,-0.002712663,-0.016231456,-0.003542586,0.000864786,-0.00573844,-0.00295467,0.005341266,0.000209346,-0.150665305,0.000349118,-0.006447251,0.000432822,-0.001309472,-0.002863578,-0.00059739,-0.004892379,-0.001959245,-0.000787626,0.013760333,-0.001249429,-0.002174858,-0.009602547,-0.003466351,-0.003101108,-0.000951698,-0.002475375,-0.004469453,1.86411E-05
BR7_main,7.414949495,0.004082309,0.00043278,-0.000380962,-0.002571735,-0.01556737,-0.003602054,0.000853305,-0.005508666,-0.002836206,0.005048467,0.000205733,-0.145545014,0.000362685,-0.005865019,0.000449763,-0.001258035,-0.002472134,-0.000508669,-0.004276394,-0.001710121,-0.00030493,0.013877927,-0.000940371,-0.001919592,-0.008809607,-0.003287736,-0.003047865,-0.000821379,-0.002429375,-0.003622469,1.68391E-05
BR7_main,7.534545455,0.003508673,0.000409152,-0.000358934,-0.002485751,-0.015045212,-0.003519583,0.000825679,-0.005121813,-0.002741398,0.004900512,0.000201983,-0.138710553,0.000378867,-0.005604191,0.000459491,-0.001224731,-0.001799176,-0.000431264,-0.003590654,-0.00146474,-0.000194231,0.013873814,-0.000752502,-0.001772296,-0.008022428,-0.003056515,-0.002909661,-0.000713877,-0.002397438,-0.003017874,1.51617E-05
BR7_main,7.654141414,0.002986848,0.000476319,-0.000387032,-0.002404578,-0.014752074,-0.002992648,0.000797435,-0.004907219,-0.002646919,0.004818871,0.000201039,-0.131566036,0.000395504,-0.00522221,0.000504402,-0.001179183,-0.001450821,-0.000315709,-0.003195844,-0.001351557,-0.00033418,0.013743439,-0.000797976,-0.001746904,-0.007368562,-0.002652651,-0.002757511,-0.000574187,-0.002375726,-0.002763882,1.41007E-05
BR7_main,7.773737374,0.002516886,0.000511265,-0.000439359,-0.002350401,-0.014450525,-0.002400868,0.000808621,-0.004825481,-0.002533711,0.004801815,0.000203657,-0.124286639,0.000417555,-0.005038986,0.000552484,-0.001142189,-0.001350688,-0.0001925,-0.002888973,-0.001596211,-0.000644626,0.013485772,-0.00080791,-0.001766601,-0.006950173,-0.002318766,-0.002650048,-0.000463179,-0.002361458,-0.00240827,1.31999E-05
BR7_main,7.893333333,0.002098927,0.000532576,-0.000487622,-0.002314823,-0.013997337,-0.002254305,0.000790817,-0.005095437,-0.002424898,0.004824741,0.000206578,-0.118126343,0.00045502,-0.005427226,0.000619269,-0.001115357,-0.001418887,-6.31972E-05,-0.002936353,-0.002020518,-0.001068993,0.013166551,-0.0008421,-0.001648671,-0.006611652,-0.002042716,-0.002648265,-0.000475315,-0.002344014,-0.002240605,1.35097E-05
BR7_main,8.012929293,0.001759638,0.000557551,-0.000573528,-0.002292586,-0.013601644,-0.002273385,0.000788201,-0.005140389,-0.002291908,0.0052223,0.000208021,-0.112660633,0.000533297,-0.005336022,0.000689949,-0.001104683,-0.001374529,0.000478384,-0.003200585,-0.002662186,-0.001181964,0.012758145,-0.00104576,-0.001600081,-0.006259543,-0.001790466,-0.002571609,-0.000475146,-0.00231819,-0.002570407,1.4317E-05
BR7_main,8.132525253,0.00144865,0.000515947,-0.00070683,-0.002255484,-0.01327333,-0.002383613,0.000792182,-0.005160089,-0.00207673,0.005740774,0.000210691,-0.108209637,0.000672032,-0.005472645,0.000773278,-0.001089771,-0.001524381,0.000743193,-0.003376173,-0.002486221,-0.001178706,0.012377969,-0.001218616,-0.001629408,-0.006162158,-0.001626857,-0.002542487,-0.000478534,-0.002291633,-0.002840716,1.49087E-05
BR7_main,8.252121212,0.001186316,0.000554753,-0.000875042,-0.002223517,-0.013010278,-0.002530204,0.000771123,-0.005051192,-0.00199274,0.006037496,0.000213053,-0.103768938,0.000882687,-0.005368181,0.000862481,-0.001094747,-0.001650776,0.000765885,-0.003797392,-0.002620542,-0.001128599,0.012055465,-0.001288815,-0.001652851,-0.006187117,-0.001513807,-0.002561299,-0.000461848,-0.002273529,-0.002837585,1.57249E-05
BR7_main,8.371717172,0.001000779,0.000552368,-0.001056204,-0.002189134,-0.012816825,-0.002568708,0.000779205,-0.004658751,-0.001973754,0.00636538,0.000213992,-0.100435609,0.001169985,-0.005574275,0.000981586,-0.001089251,-0.001646942,0.001044245,-0.00410856,-0.002591413,-0.001108097,0.011663687,-0.001365162,-0.001658652,-0.006355164,-0.001548402,-0.002495522,-0.000421568,-0.002259795,-0.003097205,1.85816E-05
BR7_main,8.491313131,0.000781573,0.000519399,-0.001022755,-0.002167304,-0.012691155,-0.002665609,0.000885071,-0.004610305,-0.002092723,0.006530956,0.000216836,-0.098902636,0.001396857,-0.005529629,0.001036255,-0.001086341,-0.00187122,0.001330542,-0.004221857,-0.002691886,-0.001083578,0.011273044,-0.001475643,-0.001725911,-0.007547778,-0.00175344,-0.002467192,-0.000453493,-0.002249592,-0.003149447,2.01765E-05
BR7_main,8.610909091,0.0007057,0.000568035,-0.001010083,-0.002135087,-0.01257797,-0.002620391,0.001003388,-0.004611359,-0.002051821,0.006541533,0.000218359,-0.095921244,0.001472703,-0.005753573,0.001144658,-0.001082879,-0.001934555,0.001352588,-0.004307645,-0.00287089,-0.001010046,0.01087983,-0.001538672,-0.001790331,-0.008488885,-0.001753822,-0.00250366,-0.000473691,-0.002242048,-0.003716516,2.22294E-05
BR7_main,8.730505051,0.000692451,0.0006378,-0.000949866,-0.002109802,-0.012502865,-0.00265932,0.00116978,-0.004588577,-0.002028351,0.006669142,0.000216354,-0.091149133,0.001394944,-0.006041348,0.00121692,-0.001082352,-0.001942518,0.001271314,-0.004455988,-0.00276643,-0.000998942,0.010510779,-0.001610104,-0.00188448,-0.009828064,-0.001603885,-0.0025723,-0.000560723,-0.002279768,-0.004007772,2.36487E-05
BR7_main,8.85010101,0.000667923,0.000626706,-0.000874556,-0.002090676,-0.01253108,-0.002719863,0.001343687,-0.004662844,-0.00206058,0.006599986,0.000215082,-0.087426645,0.001159023,-0.006343148,0.001269016,-0.001076886,-0.002087934,0.001144324,-0.00443123,-0.002216569,-0.001011784,0.010297016,-0.001706624,-0.00190827,-0.01023016,-0.001396564,-0.002612306,-0.00076747,-0.00224953,-0.004180839,2.33728E-05
BR7_main,8.96969697,0.00065401,0.000606872,-0.000807607,-0.002075994,-0.012521875,-0.002671142,0.001660081,-0.005262094,-0.002093801,0.006281232,0.000213639,-0.085060763,0.000963083,-0.006498368,0.001339946,-0.001071794,-0.002162632,0.000866298,-0.004417228,-0.002191917,-0.001048987,0.010092097,-0.001642149,-0.002073913,-0.01146696,-0.001206661,-0.002812408,-0.000831258,-0.002197484,-0.004296447,2.431E-05
BR7_main,9.089292929,0.000635453,0.000614172,-0.000744778,-0.002049417,-0.012395682,-0.002526588,0.002072186,-0.005008291,-0.002268238,0.005827091,0.000213802,-0.085739368,0.000820174,-0.006209116,0.001500289,-0.001069423,-0.002331801,0.001006628,-0.004595859,-0.00238724,-0.001049947,0.009825695,-0.001659362,-0.002231399,-0.011013345,-0.001039129,-0.003098068,-0.000814464,-0.002188636,-0.004327385,2.47534E-05
BR7_main,9.208888889,0.000621521,0.000657565,-0.000668054,-0.002016377,-0.012385168,-0.002423476,0.002594563,-0.004763253,-0.00219101,0.005394943,0.000214946,-0.092431827,0.000842668,-0.006122553,0.001688883,-0.001053739,-0.002540744,0.001251853,-0.004797599,-0.002619736,-0.001065233,0.009697161,-0.001733694,-0.002299534,-0.010321627,-0.000893692,-0.003396881,-0.000801882,-0.002169901,-0.004177025,2.54553E-05
BR7_main,9.328484848,0.000611566,0.000762246,-0.000596614,-0.001968273,-0.012417147,-0.002249432,0.0025355,-0.004696862,-0.002117218,0.004810956,0.000217574,-0.100884721,0.000898327,-0.005959412,0.001906037,-0.001032344,-0.002628726,0.001833536,-0.004930605,-0.003323755,-0.00110809,0.009589287,-0.001814911,-0.002339214,-0.008775212,-0.000789287,-0.003557432,-0.000722937,-0.002132605,-0.004040819,2.54509E-05
BR7_main,9.448080808,0.000619345,0.000831046,-0.000536343,-0.001930278,-0.012431539,-0.001900084,0.002232987,-0.004251599,-0.002061533,0.00459479,0.000222406,-0.104924416,0.000962493,-0.005617939,0.002233312,-0.001010372,-0.002616404,0.002554865,-0.004867136,-0.003129894,-0.001176899,0.00957639,-0.001827021,-0.002275136,-0.007003014,-0.00068138,-0.003641357,-0.000570585,-0.002120951,-0.003941567,2.4774E-05
BR7_main,9.567676768,0.00062849,0.000930051,-0.000489386,-0.001919277,-0.012466271,-0.001645666,0.001862236,-0.004149661,-0.001928613,0.004572445,0.000228054,-0.107936503,0.001028693,-0.006268029,0.002435228,-0.000983813,-0.002278225,0.002650436,-0.004995256,-0.003283559,-0.001270442,0.010296162,-0.001902371,-0.002218751,-0.006881531,-0.00062399,-0.003679736,-0.000497112,-0.002068696,-0.003552474,2.42177E-05
BR7_main,9.687272727,0.000637874,0.000968891,-0.000439775,-0.001886119,-0.012508164,-0.001257461,0.00163716,-0.002775544,-0.001904905,0.004819326,0.000233322,-0.111438905,0.00109514,-0.006239359,0.002700003,-0.000959462,-0.002017759,0.002073296,-0.005050167,-0.003231886,-0.001244398,0.010948666,-0.00189824,-0.002181485,-0.006805497,-0.000481996,-0.003604035,-0.000501828,-0.002013395,-0.003019443,2.37455E-05
BR7_main,9.806868687,0.000647426,0.001090091,-0.000341068,-0.001858825,-0.012475983,-0.000877338,0.001184229,-0.002978392,-0.001885051,0.004398662,0.000239643,-0.101054998,0.00116195,-0.005961977,0.002984095,-0.000939101,-0.001835741,0.00166174,-0.005150257,-0.003166691,-0.001221351,0.011705075,-0.001926604,-0.002156448,-0.005379549,-0.000352631,-0.003534962,-0.000423392,-0.00194119,-0.002579397,2.38298E-05
BR7_main,9.926464646,0.000657092,0.001291635,-9.27525E-05,-0.001855728,-0.012668353,-0.000783986,0.000695867,-0.003731702,-0.001874506,0.004391571,0.000246059,-0.085720304,0.001226595,-0.006204481,0.003480094,-0.000922903,-0.00184163,0.001421982,-0.005421876,-0.003115034,-0.00117317,0.012556548,-0.001990379,-0.002141255,-0.00431034,-0.000285369,-0.003406366,-0.000418628,-0.001991212,-0.002519275,2.27557E-05
BR7_main,10.04606061,0.000666673,0.001184745,0.000115596,-0.00184174,-0.012759633,-0.000901489,0.000657036,-0.003375115,-0.001750527,0.004429034,0.00025247,-0.078186697,0.001308848,-0.005618216,0.004093267,-0.00091066,-0.002055868,0.00126459,-0.005527354,-0.003081773,-0.001161659,0.014265851,-0.002001519,-0.002125025,-0.006275789,-0.00024569,-0.003303353,-0.000433883,-0.001967601,-0.002455462,2.10897E-05
BR7_main,10.16565657,0.000676126,0.001136731,0.000255464,-0.001841579,-0.012802858,-0.001023122,0.000548157,-0.002822903,-0.001764185,0.004367071,0.000258808,-0.082595629,0.001383911,-0.005228636,0.004432214,-0.00090301,-0.00233651,0.001405155,-0.005459199,-0.003069095,-0.001179976,0.016907765,-0.002031208,-0.002044638,-0.008058257,-0.000232512,-0.003209978,-0.000401434,-0.001782612,-0.002708085,1.97084E-05
BR7_main,10.28525253,0.000685587,0.001123342,0.000394972,-0.001788038,-0.012734008,-0.000998926,0.000594846,-0.002491118,-0.001776325,0.004168642,0.000265899,-0.083965328,0.001474559,-0.006403504,0.00475412,-0.000900512,-0.002427629,0.00155339,-0.005354852,-0.003017519,-0.0012031,0.019998024,-0.00189415,-0.001864515,-0.007916354,-0.000283037,-0.003050649,-0.000478187,-0.001574343,-0.003238602,1.87607E-05
BR7_main,10.40484848,0.000695053,0.001089595,0.000570691,-0.001665254,-0.012666159,-0.001076528,0.001206091,-0.001914607,-0.001876141,0.00399797,0.000280089,-0.085128445,0.001577686,-0.006766097,0.005579489,-0.000901665,-0.002511659,0.001653492,-0.005142756,-0.002854446,-0.001147122,0.021887732,-0.00179835,-0.0016661,-0.00941303,-0.000373706,-0.002911353,-0.000468325,-0.001313812,-0.004265695,1.80747E-05
BR7_main,10.52444444,0.000704514,0.001120903,0.000756096,-0.001521134,-0.01255082,-0.00119145,0.001546866,-3.23134E-05,-0.001889108,0.003866667,0.000287919,-0.086348323,0.001659919,-0.006259899,0.005642985,-0.000893019,-0.002263443,0.001780863,-0.004865374,-0.002599454,-0.001091336,0.021655335,-0.001684146,-0.001418161,-0.011750066,-0.000250217,-0.002647156,-0.000384151,-0.001124502,-0.005303628,1.77047E-05
BR7_main,10.6440404,0.000713958,0.001314938,0.000955377,-0.001391789,-0.012331218,-0.000978542,0.002148727,0.001489653,-0.00184016,0.003797334,0.00029573,-0.10601495,0.001759891,-0.006018491,0.005554306,-0.000863223,-0.002052208,0.002315566,-0.004500127,-0.002438976,-0.001003339,0.020781104,-0.001539083,-0.001233674,-0.013158029,-5.62675E-05,-0.002409999,-0.000259061,-0.000900346,-0.005330309,1.76081E-05
BR7_main,10.76363636,0.00072338,0.001376812,0.001128419,-0.001258208,-0.012217184,-0.000426565,0.00179343,-4.09935E-05,-0.0017704,0.003922948,0.00030424,-0.102874713,0.001816045,-0.005156211,0.005577789,-0.000860957,-0.001785305,0.002748165,-0.004026994,-0.002274684,-0.000865316,0.019340664,-0.001217329,-0.001052053,-0.012681399,0.000116294,-0.002090514,-0.000135351,-0.000202143,-0.00493712,1.81642E-05
BR7_main,10.88323232,0.000732774,0.001649456,0.001317712,-0.001142955,-0.012181001,-5.73086E-05,0.001264069,0.000215242,-0.001732662,0.003565662,0.000312237,-0.086996757,0.001836183,-0.002512038,0.004146,-0.000822885,-0.0015018,0.004846321,-0.003279866,-0.002127311,-0.000721715,0.016595286,-0.000849534,-0.000845666,-0.011265499,-9.76359E-07,-0.001909198,-5.72603E-05,3.20857E-05,-0.004208868,1.91847E-05
BR7_main,11.00282828,0.000742012,0.00183668,0.001351307,-0.001057571,-0.012013586,0.001245574,0.000827517,0.000294145,-0.001658858,0.003469387,0.000321056,-0.05631622,0.001832035,-9.57977E-05,0.003839962,-0.000781618,-0.001292906,0.008667767,-0.002456758,-0.001952845,-0.000603483,0.017153722,-0.000611412,-0.000613993,-0.008493779,-0.000268561,-0.001629027,-7.90579E-05,-0.000467,-0.002328958,2.00327E-05
BR7_main,11.12242424,0.000751065,0.001902999,0.001221466,-0.000998987,-0.011398094,0.001180713,0.000672836,-0.000634409,-0.001678384,0.00420804,0.000338069,-0.01915398,0.00173532,0.002136202,0.004055706,-0.000755023,-0.000957157,0.008753082,-0.00152611,-0.001829177,-0.000494309,0.019810921,-0.000283007,-0.000205768,-0.002362605,-0.000699126,-0.001395355,-0.000166755,-0.000944966,-0.001102437,1.96797E-05
BR7_main,11.2420202,0.000760057,0.001854258,0.001420096,-0.000927537,-0.010430532,0.003471041,0.000546209,9.75773E-05,-0.001138354,0.00419505,0.000378755,-0.014554485,0.001612636,0.002757036,0.004367594,-0.00071667,-0.000624715,0.008060536,-0.00075083,-0.001619856,-0.000417199,0.02210222,-8.36917E-05,-0.000203096,0.007007858,-4.66068E-05,-0.001155712,-0.000228521,-0.001457824,-0.00040294,2.11616E-05
BR7_main,11.36161616,0.000769011,0.001618795,0.001842943,-0.000849725,-0.008974484,0.005806086,0.000636207,0.001294476,-0.000936146,0.005461163,0.000424044,-0.018183181,0.001558235,0.002110048,0.005014301,-0.000667025,-0.000338421,0.00566207,-0.000499895,-0.001463476,-0.000342625,0.024980578,-0.000108387,-0.000445507,0.014025894,0.000892433,-0.001258913,-0.000358357,-0.001110355,-0.000218998,2.37377E-05
BR7_main,11.48121212,0.000777929,0.001508021,0.002723804,-0.000757389,-0.006708088,0.007432501,0.001332311,0.007186251,-0.000866172,0.00755565,0.000498184,-0.030570939,0.00165691,0.001036286,0.006176958,-0.000570791,-0.000107636,0.007784595,-0.00043791,-0.001275563,-0.0002458,0.028579181,-0.000171918,-0.000615917,0.013154533,0.00159019,-0.001104842,-0.00034255,0.000247049,-0.000365352,2.73184E-05
BR7_main,11.60080808,0.000786808,0.001558542,0.003591909,-0.000579542,-0.004535994,0.009854203,0.003489698,0.017569953,-0.000973845,0.010254811,0.000570676,-0.026746041,0.001763085,-0.000965811,0.008749024,-0.00041973,-3.80672E-05,0.01268374,-0.000456934,-0.000900053,-0.000176222,0.03064993,-0.000371378,-0.000536684,0.006808299,0.002804235,-0.000771412,-0.000265065,0.001673462,-0.000231328,3.15428E-05
BR7_main,11.72040404,0.000795649,0.00177907,0.004296198,-0.000246889,-0.002650155,0.012489722,0.004938536,0.035483938,-0.00076207,0.012911276,0.000622481,-0.021931273,0.001863511,-0.001634543,0.011805817,-0.00024134,-0.000102363,0.016420785,-0.000518998,-0.000438357,-9.90642E-05,0.035345264,-0.000290906,-0.000410603,0.005122728,0.003530089,-0.000392016,-0.000169166,0.003270598,-0.000184154,4.03171E-05
BR7_main,11.84,0.00080445,0.001908858,0.004682752,-2.09037E-05,-0.001206007,0.014615397,0.005456822,0.041486319,-0.00038082,0.014631899,0.000640108,-0.032715992,0.001892577,-0.002201454,0.013756041,-0.000152602,-6.40621E-05,0.018072141,-0.000510866,-0.000106904,-2.83567E-05,0.043536262,-0.000166912,-0.000196678,0.006129174,0.003877236,-9.36911E-05,-9.57479E-05,0.004051679,-5.31721E-05,5.68095E-05
BR8_main,0,0.021028856,0.577982106,1.763291678,-0.022862369,0.62639917,0.425729052,0.185438054,1.878846057,-0.004853333,2.579044285,0.087647633,-0.226076002,-0.157825298,-0.100238468,0.296402496,-0.001371248,-0.010433753,3.075382184,-0.012667625,-0.002720423,-0.004614173,1.080917015,-0.006286364,-0.003311398,0.505377539,0.947572773,-0.002684991,-0.000959699,0.928607854,-0.003343163,0.000381221
BR8_main,0.11959596,0.027595859,0.327341891,1.239026854,-0.019230175,0.546409665,0.555821449,0.177096503,1.385113216,-0.002777667,1.607825996,0.050497361,-0.264260886,-0.363366999,-0.209870256,0.264152842,-0.002478825,-0.015391538,2.609411902,-0.018518114,-0.006281421,-0.006240584,0.856540825,-0.00987681,-0.010884196,0.415319217,1.003800487,-0.007092828,-0.001842861,0.879649157,-0.00763608,0.000322725
BR8_main,0.239191919,0.032675465,0.089411883,0.658497839,-0.015553622,0.411457728,0.596115339,0.145961259,0.957194891,-0.002764021,0.355154772,0.018556798,-0.294861272,-0.511537393,-0.137742199,0.212356082,-0.003382278,-0.013424426,1.895224628,-0.026130994,-0.006251785,-0.007000547,0.676452968,-0.008175303,-0.007806101,0.26451239,0.5753398,-0.011484386,-0.00248067,0.560579745,-0.008289208,0.000284647
BR8_main,0.358787879,0.036408709,0.085038664,0.379727165,-0.010691741,0.274175413,0.625745452,0.13557308,0.433588245,-0.003435673,0.278853557,0.015328249,-0.318157269,-0.264267724,0.530348468,0.154814621,-0.002875437,-0.010704579,1.615823907,-0.033621462,-0.00749678,-0.006517341,0.572206311,-0.006156203,-0.006777088,0.148897467,0.61265898,-0.011357464,-0.002820315,0.236078443,-0.00764904,0.000238827
BR8_main,0.478383838,0.038881448,0.167484477,0.3172871,-0.005262716,0.164547491,0.4464392,0.113773387,0.477648052,-0.003015797,0.256155215,0.026433875,-0.332599611,0.005057082,2.085324765,0.119286465,-0.002088896,-0.009210961,1.841367485,-0.040555248,-0.009584804,-0.005602304,0.508718586,-0.003722995,-0.011810459,0.086215406,0.638641706,-0.011417368,-0.003136638,0.228068739,-0.007470029,0.000193716
BR8_main,0.597979798,0.04040619,0.245489951,0.279030408,-0.00266122,0.109674698,0.395780519,0.094776742,0.521458909,-0.003136024,0.297348594,0.033926276,-0.32343828,0.051509162,2.572845959,0.106030508,-0.001398229,-0.00668912,1.674147635,-0.040856998,-0.007513023,-0.003164781,0.470559052,-0.002410758,-0.010711361,0.090812364,0.447692884,-0.010538044,-0.003430865,0.204787856,-0.005077936,0.000165037
BR8_main,0.717575758,0.041305563,0.231589006,0.262262479,-0.002608509,0.227786449,0.330531753,0.081019704,0.491611407,-0.002203315,0.287981313,0.024981309,-0.324957759,0.060891174,2.414891301,0.126151255,-0.001132734,-0.006151832,1.315745743,-0.033378952,-0.005081933,-0.002818132,0.432991163,-0.003794127,-0.002846451,0.117932576,0.250044724,-0.008423163,-0.003699277,0.19708182,-0.004821804,0.000144561
BR8_main,0.837171717,0.041824074,0.2003973,0.234442362,-0.001567092,0.30700814,0.264936317,0.065035097,0.383126839,-0.002044336,0.249872712,0.017690105,-0.272122594,0.009551678,1.864212983,0.136853207,-0.001032935,-0.004696243,0.960510833,-0.024842667,-0.004237283,-0.00270291,0.392471152,-0.004767074,-0.005574395,0.128606491,0.099331649,-0.009026146,-0.003910707,0.207114797,-0.004103471,0.000129118
BR8_main,0.956767677,0.04212169,0.175415045,0.194521958,-0.001708877,0.253277361,0.211207348,0.055991319,0.288071874,-0.00181232,0.219646371,0.011416597,-0.236688313,-0.068325776,1.115333545,0.127937477,-0.001278714,-0.00499525,0.696124967,-0.020730912,-0.004082055,-0.003108424,0.351248164,-0.006429262,-0.007039779,0.107363017,0.056594255,-0.009775281,-0.00377445,0.213706813,-0.005430441,0.000116312
BR8_main,1.076363636,0.04228501,0.086542031,0.177980934,-0.003941925,0.139838656,0.180403767,0.043506086,0.251833054,-0.001256845,0.176080431,0.010148168,-0.171664153,-0.124902987,0.443939905,0.117612957,-0.001313858,-0.003909415,0.558263743,-0.017205673,-0.007242987,-0.003842908,0.305221025,-0.004931985,-0.008944857,0.087003386,0.084243174,-0.010052838,-0.003645258,0.191860075,-0.008036224,0.000104888
BR8_main,1.195959596,0.042371519,0.032073878,0.193628127,-0.006423732,0.06605566,0.163504882,0.032071569,0.21057761,-0.0014226,0.167784857,0.013239987,-0.165008111,-0.157820323,0.065871531,0.096939284,-0.001773783,-0.004346908,0.524721982,-0.014686622,-0.011838274,-0.004195856,0.262912785,-0.003255664,-0.009370676,0.05388473,0.09366449,-0.009813837,-0.003478635,0.248189635,-0.010937885,9.47189E-05
BR8_main,1.315555556,0.042420042,0.028920783,0.210887165,-0.009662624,0.041151703,0.130965962,0.023941406,0.170745939,-0.00220407,0.187257456,0.014706968,-0.165242017,-0.15782186,-0.098278267,0.073518303,-0.002185219,-0.004382535,0.52530502,-0.014478205,-0.017719202,-0.004191171,0.225150378,-0.003155245,-0.009004768,0.021979382,0.072479504,-0.009635589,-0.003244039,0.233203077,-0.01385184,8.56721E-05
BR8_main,1.435151515,0.042445521,0.036090869,0.218790911,-0.0129238,0.029925787,0.106024235,0.016870137,0.167415889,-0.00189009,0.238116271,0.013668091,-0.173557453,-0.164702694,-0.150050561,0.05917063,-0.002789092,-0.006838376,0.571068735,-0.014697392,-0.02221579,-0.004201745,0.189766576,-0.003274178,-0.007274393,-0.008214599,0.081217685,-0.008993787,-0.003066416,0.341958291,-0.017853075,7.76224E-05
BR8_main,1.554747475,0.042458813,0.043321814,0.195668908,-0.01469986,0.019346632,0.08250568,0.012351641,0.234428852,-0.001217425,0.230610989,0.011707327,-0.183628436,-0.172306297,-0.1389417,0.049004596,-0.003641309,-0.010037387,0.702950107,-0.014823362,-0.025292165,-0.003823338,0.157629395,-0.003256733,-0.004844803,-0.031466465,0.03243981,-0.010021482,-0.002811871,0.405448266,-0.018029032,7.04551E-05
BR8_main,1.674343434,0.042459335,0.047286697,0.152894242,-0.016103589,0.008272731,0.059688543,0.014256583,0.378209178,-0.000717209,0.191420709,0.010904019,-0.192623838,-0.170725816,-0.075489488,0.041927595,-0.004348686,-0.011764487,0.812747349,-0.015484684,-0.025297797,-0.003669504,0.131238348,-0.003623561,-0.004015943,-0.043155789,-0.011176678,-0.010720992,-0.002600764,0.374183747,-0.016743667,6.40687E-05
BR8_main,1.793939394,0.04244762,0.032718979,0.13858838,-0.017256085,-0.001467929,0.059492985,0.01651812,0.339536771,-0.000816988,0.134076199,0.009798417,-0.207386784,-0.156583146,0.003295093,0.037455353,-0.004984152,-0.014112742,0.797091053,-0.016198565,-0.023805922,-0.003812552,0.108273928,-0.004235173,-0.004351827,-0.058424309,-0.028741676,-0.011363184,-0.002408099,0.266935312,-0.015621246,5.99286E-05
BR8_main,1.913535354,0.042421208,0.023045716,0.12061695,-0.017820701,-0.006928955,0.056889515,0.014516882,0.273208606,-0.001084988,0.099816717,0.006919628,-0.208167127,-0.147055604,0.045488236,0.03501304,-0.005410607,-0.012853498,0.630189525,-0.016748202,-0.022018833,-0.003896361,0.087638237,-0.004897524,-0.002689542,-0.065791121,-0.040280115,-0.011870649,-0.002071859,0.123352155,-0.016109222,5.6907E-05
BR8_main,2.033131313,0.042380812,0.012480659,0.115607872,-0.018147691,-0.013480311,0.028013281,0.017781949,0.262228507,-0.001102364,0.086527385,0.005873391,-0.205549247,-0.140401446,0.084976028,0.032489485,-0.005742065,-0.011670058,0.410391803,-0.017347788,-0.019996772,-0.004082932,0.073643682,-0.004987851,-0.001692743,-0.069837968,-0.041854122,-0.011986674,-0.001763741,0.045858717,-0.016420476,5.65173E-05
BR8_main,2.152727273,0.04230812,0.008421428,0.12305701,-0.017749179,-0.017389582,0.032367092,0.014483173,0.181967336,-0.00111551,0.073164226,0.003065884,-0.201810862,-0.093003441,0.092214934,0.03091067,-0.005869702,-0.011062012,0.253278405,-0.017805682,-0.017996024,-0.00432177,0.062422082,-0.005175903,-0.002819325,-0.069464008,-0.040476398,-0.011527376,-0.001749755,0.01597838,-0.01547787,5.55195E-05
BR8_main,2.272323232,0.04220144,0.009471211,0.107029413,-0.016514844,-0.015922181,0.054368568,0.011210978,0.137910104,-0.001276699,0.061139896,0.00286206,-0.198052973,-0.04841043,0.155083481,0.029485101,-0.005897817,-0.010755264,0.165415066,-0.018417886,-0.016310483,-0.004462559,0.052190869,-0.005245621,-0.001949931,-0.071429074,-0.037863249,-0.010991854,-0.001836045,0.013808732,-0.01437402,5.33238E-05
BR8_main,2.391919192,0.042022121,0.015391587,0.070673212,-0.015492369,-0.016382672,0.044922697,0.007683661,0.055940622,-0.001387379,0.056747693,0.003083654,-0.194133173,-0.023894518,0.159617198,0.028376069,-0.005780428,-0.010059859,0.12003141,-0.016608152,-0.014895225,-0.004397444,0.04278325,-0.005292217,-0.001494371,-0.068941889,-0.035653294,-0.010596386,-0.001842169,0.015391347,-0.011990305,5.23759E-05
BR8_main,2.511515152,0.041705504,0.018926975,0.050819669,-0.014362356,-0.017505372,0.047603022,0.007176498,0.022417522,-0.001699235,0.053850141,0.002485699,-0.189678366,-0.010664021,0.132446028,0.027573349,-0.005528732,-0.008261815,0.108857036,-0.010480397,-0.013661831,-0.004375476,0.033586563,-0.005325848,-0.001027433,-0.064268649,-0.033922676,-0.010282854,-0.001779234,0.017809691,-0.010384234,5.17659E-05
BR8_main,2.631111111,0.041192157,0.019069919,0.041033645,-0.013260981,-0.018233404,0.045380608,0.006902579,0.001020144,-0.001988867,0.050782952,0.002093621,-0.184688837,-0.004815558,0.092959594,0.027567458,-0.005349128,-0.005467629,0.090850245,-0.007674834,-0.01257772,-0.004527703,0.025750982,-0.005475515,-0.001295484,-0.058482465,-0.032476289,-0.009957488,-0.001755875,0.01658528,-0.008069352,5.08335E-05
BR8_main,2.750707071,0.040339922,0.013042892,0.035074833,-0.012245497,-0.018658277,0.040796651,0.006661276,-0.00446159,-0.002126377,0.046860533,0.001563445,-0.177438546,-0.001796381,0.05524603,0.028852054,-0.005070484,-0.004124948,0.047799982,-0.009227615,-0.011162792,-0.004406878,0.018104432,-0.005479547,-0.00194754,-0.053282057,-0.031170885,-0.009862576,-0.001535117,0.016837598,-0.007013029,4.99455E-05
BR8_main,2.87030303,0.039049911,0.007630842,0.02631313,-0.011383517,-0.019364547,0.029660458,0.007867135,-0.003080173,-0.002421966,0.042583451,0.001156907,-0.170408107,-0.000363649,0.039530846,0.030107994,-0.004832727,-0.003171157,0.00658026,-0.012681622,-0.009935586,-0.004548613,0.009815003,-0.005352326,-0.002257871,-0.048822856,-0.02995804,-0.009530451,-0.000929053,0.011092479,-0.006160067,4.83947E-05
BR8_main,2.98989899,0.037199095,0.005085901,0.011879459,-0.010670191,-0.02006295,0.023055827,0.006447832,-0.005868111,-0.002869611,0.039378738,0.00097679,-0.164131101,0.00052372,0.027115902,0.030464643,-0.004606854,-0.002824281,-0.024292779,-0.015462994,-0.00871763,-0.004731007,0.000939571,-0.005451638,-0.002596916,-0.045391851,-0.02864068,-0.009743897,-0.000428352,0.006025436,-0.005543601,4.68939E-05
BR8_main,3.109494949,0.034842597,0.002822596,0.002284104,-0.009743028,-0.021036321,0.015532249,0.00593329,-0.007597488,-0.003147842,0.036721131,0.000827087,-0.15867724,0.00098912,0.018255165,0.029768416,-0.004363538,-0.003335307,-0.051415902,-0.016059515,-0.008522948,-0.004782214,-0.006650237,-0.005451226,-0.002698501,-0.042964791,-0.027559829,-0.009463207,-0.000487208,0.003270692,-0.00515179,4.59984E-05
BR8_main,3.229090909,0.031884366,0.001896118,-0.002695631,-0.00914352,-0.022161164,0.008619703,0.005083374,-0.007486791,-0.003480622,0.034824171,0.000769373,-0.15464214,0.001101253,0.00873931,0.028075727,-0.004040636,-0.003744952,-0.072361435,-0.015992731,-0.007669344,-0.004722254,-0.008431286,-0.005509596,-0.00287262,-0.040995042,-0.026702027,-0.009279549,-0.000689427,0.003344679,-0.006341451,4.52234E-05
BR8_main,3.348686869,0.029060011,0.001462244,-0.006037203,-0.008854731,-0.023280739,0.004799075,0.003871783,-0.007562218,-0.00395726,0.03320098,0.000744646,-0.151395466,0.001167872,0.003966889,0.026123755,-0.003868146,-0.003915737,-0.072933554,-0.015299615,-0.008475623,-0.004807697,-0.009568817,-0.005606728,-0.002995057,-0.03873766,-0.026183152,-0.009272231,-0.00109175,0.001991714,-0.007749348,4.66998E-05
BR8_main,3.468282828,0.026604472,0.001243937,-0.009386994,-0.008715959,-0.023344712,0.002761175,0.003750099,-0.009820559,-0.004204321,0.031685938,0.000676645,-0.149282915,0.001251737,-0.001868744,0.024314013,-0.003815427,-0.004578024,-0.070392917,-0.014982925,-0.008392612,-0.004708149,-0.009093887,-0.005760885,-0.003354279,-0.03768206,-0.025521048,-0.00948595,-0.001554143,0.00018705,-0.009413363,4.98156E-05
BR8_main,3.587878788,0.024293158,0.000871762,-0.01268407,-0.00857581,-0.0239369,0.000984601,0.002619704,-0.010352223,-0.004506673,0.03098201,0.000575141,-0.148266199,0.001298118,-0.008660662,0.022050373,-0.003745152,-0.005265709,-0.066092401,-0.014622218,-0.009391703,-0.004656444,-0.006439453,-0.005962315,-0.003911675,-0.036809102,-0.02458343,-0.009830799,-0.001565209,-0.001680167,-0.010782038,5.23406E-05
BR8_main,3.707474747,0.022583281,0.000774756,-0.016041653,-0.008608109,-0.024154456,-0.000911607,0.002322583,-0.009125471,-0.004795582,0.029873761,0.000507665,-0.150315623,0.00127283,-0.013113905,0.020110524,-0.003510543,-0.006083092,-0.058381439,-0.014558092,-0.010655018,-0.004731351,-0.002668425,-0.006204785,-0.004633861,-0.034811229,-0.023605728,-0.010112832,-0.001434433,-0.000876933,-0.012104679,6.27498E-05
BR8_main,3.827070707,0.02147983,0.000518813,-0.019228549,-0.008727542,-0.024640107,-0.000286902,0.002129021,-0.009560161,-0.005156574,0.028788379,0.000452387,-0.152545266,0.001195351,-0.013910923,0.016888583,-0.003321823,-0.006786856,-0.044009349,-0.014918804,-0.010965342,-0.004518318,0.000389816,-0.0063712,-0.005637944,-0.034006932,-0.02274948,-0.010289934,-0.001324465,-0.001573209,-0.012598074,6.64254E-05
BR8_main,3.946666667,0.020919665,0.000474275,-0.020552232,-0.009068575,-0.025277271,-0.00132822,0.002095115,-0.010379635,-0.005426196,0.027651574,0.000435766,-0.15350792,0.001098646,-0.014874006,0.01308102,-0.003116623,-0.006737725,-0.029722966,-0.015560749,-0.011459734,-0.004499603,0.002788403,-0.006575494,-0.005777937,-0.032869046,-0.022144018,-0.010156898,-0.001331476,-0.000875972,-0.012458261,6.58467E-05
BR8_main,4.066262626,0.020434227,0.000408518,-0.020663328,-0.009353123,-0.025812002,-0.001934154,0.002006204,-0.009937974,-0.005659303,0.027163513,0.000436544,-0.154681706,0.001041813,-0.016154086,0.010642522,-0.002955382,-0.006961266,-0.019476565,-0.016164969,-0.011688332,-0.00451172,0.004940227,-0.006732188,-0.005945519,-0.0324087,-0.021532892,-0.010074138,-0.001433159,-0.000657314,-0.011980727,6.32782E-05
BR8_main,4.185858586,0.020199353,0.000329065,-0.019814889,-0.009626125,-0.026856941,-0.002911009,0.001780725,-0.009188542,-0.005866234,0.026406958,0.000434337,-0.156118581,0.001003728,-0.017118928,0.008823956,-0.002870639,-0.007762706,-0.015001374,-0.01683694,-0.010797295,-0.004412993,0.007687086,-0.006563217,-0.005696026,-0.032088845,-0.020845991,-0.010269897,-0.001605671,-0.000171511,-0.01200627,5.23187E-05
BR8_main,4.305454545,0.020042625,0.000280855,-0.017821948,-0.009623949,-0.027892029,-0.003062226,0.001726738,-0.009171774,-0.006062796,0.025162816,0.000435014,-0.158227035,0.000962542,-0.018316051,0.007335202,-0.002869546,-0.008630221,-0.011702076,-0.01741356,-0.010467683,-0.004330864,0.009781224,-0.006229742,-0.006042947,-0.031554978,-0.020035535,-0.010272412,-0.001657539,-0.000464281,-0.011504696,4.29124E-05
BR8_main,4.425050505,0.01990816,0.000214044,-0.015320441,-0.009523798,-0.028938009,-0.002413247,0.001695783,-0.008368174,-0.006197869,0.024055024,0.000425988,-0.159817994,0.000913692,-0.019640434,0.006157818,-0.003081986,-0.008955396,-0.00968969,-0.017858279,-0.010632066,-0.004522692,0.011090041,-0.006002535,-0.006197227,-0.030879946,-0.019207463,-0.010358427,-0.001740034,-0.000185801,-0.01093195,3.78774E-05
BR8_main,4.544646465,0.019743779,0.000223254,-0.012856237,-0.009442189,-0.029958617,-0.002059821,0.00161907,-0.006779903,-0.006363781,0.02321939,0.000460386,-0.160981836,0.000862056,-0.020957653,0.005250216,-0.003136066,-0.00948218,-0.00577402,-0.018297704,-0.011098574,-0.004568797,0.011657901,-0.005719526,-0.007254341,-0.031223958,-0.018292109,-0.010399348,-0.001908946,-7.49973E-05,-0.011747943,3.46326E-05
BR8_main,4.664242424,0.019463101,0.000255494,-0.010761175,-0.009159818,-0.030741203,-0.002149748,0.001542408,-0.004701016,-0.006558879,0.022644548,0.000491362,-0.16261462,0.000818184,-0.021389122,0.004439914,-0.003088931,-0.009685478,-0.002776524,-0.018845882,-0.011235628,-0.004524841,0.0118742,-0.005455771,-0.00821626,-0.030482351,-0.017350045,-0.010276204,-0.002027826,-0.001884205,-0.011239699,3.23841E-05
BR8_main,4.783838384,0.019066853,0.00029321,-0.008909882,-0.009023354,-0.031383387,-0.003016584,0.001475287,-0.004448764,-0.006741471,0.021108178,0.000474095,-0.164025994,0.000769874,-0.022020209,0.003775343,-0.003061474,-0.009654705,-0.001089048,-0.018929475,-0.01151192,-0.004504373,0.012122403,-0.005385986,-0.008597458,-0.030333535,-0.016523401,-0.010169854,-0.001946124,-0.001655629,-0.010955924,3.08743E-05
BR8_main,4.903434343,0.018786155,0.000285133,-0.006584172,-0.008796546,-0.032143066,-0.003770008,0.001489436,-0.005124517,-0.006846482,0.020096869,0.00046554,-0.165369219,0.000726928,-0.02196968,0.003190307,-0.003046712,-0.009481514,-0.000650623,-0.018715199,-0.011646089,-0.004459133,0.012397154,-0.005578761,-0.008404895,-0.031212173,-0.015601324,-0.010217487,-0.001952343,-0.001743789,-0.011178043,2.9325E-05
BR8_main,5.023030303,0.018444435,0.000261158,-0.005021029,-0.008475112,-0.033332437,-0.004533779,0.001410786,-0.0046273,-0.006845954,0.019550908,0.000463602,-0.166641236,0.000688922,-0.021832551,0.002675066,-0.003098653,-0.009422648,-0.000342917,-0.018515818,-0.011759392,-0.00437111,0.012369017,-0.005653836,-0.008197263,-0.030199091,-0.01466529,-0.010555871,-0.001928504,-0.002592231,-0.011211298,2.81827E-05
BR8_main,5.142626263,0.018064717,0.000264092,-0.003846618,-0.00813347,-0.033801872,-0.004932702,0.001448931,-0.004758995,-0.006675802,0.019034672,0.000442004,-0.167828465,0.000661383,-0.021322415,0.002198106,-0.003068637,-0.009189275,0.000258417,-0.018051078,-0.011395939,-0.004269023,0.01229137,-0.005715064,-0.008099772,-0.027534432,-0.01373647,-0.01050314,-0.001952764,-0.002168223,-0.01146071,2.70294E-05
BR8_main,5.262222222,0.017775686,0.000268454,-0.002944276,-0.007790319,-0.034045036,-0.004209072,0.001465293,-0.005020233,-0.006582019,0.018795685,0.000430198,-0.168169231,0.000625855,-0.020715563,0.001780637,-0.003037889,-0.008999656,0.001974314,-0.017575455,-0.010657754,-0.00424774,0.012181314,-0.00582974,-0.007704415,-0.025364456,-0.012820678,-0.010286027,-0.002033415,-0.003167739,-0.011452766,2.58614E-05
BR8_main,5.381818182,0.017538148,0.000283167,-0.002272386,-0.00759083,-0.034106762,-0.004567138,0.001429741,-0.004951136,-0.00634882,0.01764378,0.000403101,-0.16923527,0.00060081,-0.020065695,0.001424169,-0.002913389,-0.008833295,0.003897435,-0.017160658,-0.010497327,-0.003965796,0.012043046,-0.005773518,-0.007219709,-0.024025155,-0.011961569,-0.010094828,-0.002082652,-0.003658478,-0.010980955,2.46866E-05
BR8_main,5.501414141,0.017260785,0.000303499,-0.001794599,-0.00751471,-0.034029279,-0.004741838,0.001333604,-0.004978368,-0.0059928,0.015954477,0.000379127,-0.170305293,0.000576597,-0.019389387,0.001168596,-0.002811202,-0.008518754,0.004669713,-0.016665587,-0.010306377,-0.003872818,0.011804229,-0.005723634,-0.006901464,-0.022872342,-0.011134263,-0.009934874,-0.002283717,-0.004229961,-0.010566264,2.39859E-05
BR8_main,5.621010101,0.016851927,0.00034983,-0.001368605,-0.007388042,-0.033798404,-0.005650672,0.001211967,-0.005326962,-0.005661962,0.014155614,0.000371983,-0.17141262,0.000553532,-0.018700188,0.000983636,-0.002726457,-0.008152005,0.006037744,-0.015926293,-0.009818296,-0.003869245,0.011898498,-0.005633854,-0.006641997,-0.021969845,-0.010321513,-0.009480703,-0.002329641,-0.004494194,-0.010386906,2.35399E-05
BR8_main,5.740606061,0.016452881,0.000371607,-0.000594685,-0.007221717,-0.033226233,-0.006331547,0.001164569,-0.005100085,-0.005189679,0.012606056,0.000334666,-0.172163097,0.000527866,-0.01786465,0.000811994,-0.002650322,-0.008032144,0.006748935,-0.015028541,-0.009411192,-0.003828404,0.011958024,-0.00543635,-0.006441861,-0.021030868,-0.009525461,-0.009070778,-0.002113487,-0.004412353,-0.010546058,2.32013E-05
BR8_main,5.86020202,0.015643707,0.00037741,-4.54193E-05,-0.007076332,-0.032733392,-0.006977947,0.001195332,-0.005189684,-0.004643432,0.011550239,0.000322344,-0.171794156,0.000511613,-0.017029092,0.000819038,-0.002588219,-0.007902894,0.007620065,-0.014016119,-0.009189754,-0.003629311,0.011805742,-0.00521441,-0.005984591,-0.019366553,-0.008784841,-0.008535689,-0.001770904,-0.004062299,-0.010408209,2.26144E-05
BR8_main,5.97979798,0.014939245,0.000428077,0.00027501,-0.006909892,-0.032071982,-0.007135384,0.001205389,-0.005448069,-0.004253016,0.010960728,0.00032341,-0.171421665,0.000500173,-0.016424178,0.000970446,-0.002538837,-0.007744756,0.008369662,-0.013122549,-0.009149137,-0.003453801,0.011550514,-0.005065486,-0.005585458,-0.018200869,-0.008126263,-0.008103519,-0.001195582,-0.003740192,-0.010188606,2.23502E-05
BR8_main,6.099393939,0.014190889,0.000458059,0.001598202,-0.006660469,-0.031087585,-0.00711006,0.001179409,-0.005475019,-0.003964919,0.010475754,0.000325245,-0.170914084,0.000488753,-0.015408389,0.001192707,-0.002495062,-0.007325225,0.008828045,-0.012367661,-0.008653601,-0.003309759,0.011467901,-0.004879081,-0.005359263,-0.017616658,-0.007511233,-0.007684875,-0.001245656,-0.003410829,-0.009556528,2.2205E-05
BR8_main,6.218989899,0.013235905,0.000487196,0.002296555,-0.006259923,-0.029807334,-0.007061771,0.001155241,-0.005628557,-0.003747375,0.010152206,0.000346091,-0.170073617,0.000478357,-0.014195524,0.001299269,-0.00244153,-0.007006902,0.008869771,-0.011751431,-0.008146839,-0.003149684,0.011325288,-0.004543513,-0.005261663,-0.017047392,-0.006966286,-0.007221636,-0.001780592,-0.003083759,-0.008926966,2.20406E-05
BR8_main,6.338585859,0.012008015,0.000508049,0.00364747,-0.006049744,-0.028119856,-0.006978847,0.001143216,-0.005443533,-0.003511064,0.009851814,0.000319936,-0.170669653,0.000469015,-0.013152326,0.001192057,-0.002377231,-0.006606243,0.008727125,-0.011144405,-0.007522011,-0.003034924,0.011041018,-0.004258216,-0.004960063,-0.016157164,-0.006439382,-0.006938508,-0.001918803,-0.003005834,-0.008153848,2.22782E-05
BR8_main,6.458181818,0.010860038,0.000537198,0.004313029,-0.005809183,-0.026466817,-0.006672614,0.001231193,-0.005103979,-0.003334593,0.009582699,0.000283248,-0.170119613,0.000470673,-0.012113697,0.000985612,-0.00229007,-0.006127503,0.008099179,-0.010628096,-0.007033578,-0.002743287,0.010270943,-0.003911527,-0.004757416,-0.015796561,-0.005955559,-0.006675045,-0.001890318,-0.002915554,-0.007491431,2.28045E-05
BR8_main,6.577777778,0.009301513,0.000585045,0.003912321,-0.005436928,-0.025179841,-0.006344504,0.001316184,-0.004693775,-0.003174761,0.00940899,0.000260836,-0.169857292,0.000475645,-0.011342801,0.000988359,-0.002231498,-0.005741974,0.007071931,-0.010208045,-0.006101486,-0.002535911,0.009935151,-0.003574164,-0.004613393,-0.014725879,-0.0055156,-0.006411663,-0.001746783,-0.002822851,-0.006965336,2.25797E-05
BR8_main,6.697373737,0.007816434,0.000632596,0.004901688,-0.005097882,-0.023367042,-0.005743315,0.001406917,-0.004454674,-0.003014768,0.009246455,0.000259642,-0.169616429,0.00047862,-0.010616789,0.000919874,-0.001963164,-0.005486558,0.006455571,-0.009669436,-0.005445678,-0.002370805,0.009686944,-0.003347156,-0.004356272,-0.013355634,-0.005137938,-0.006050075,-0.001585239,-0.002731562,-0.006416814,2.23395E-05
BR8_main,6.816969697,0.006883007,0.000686145,0.005179002,-0.004691112,-0.021011253,-0.005592197,0.001304739,-0.004614134,-0.0028372,0.009053102,0.000263753,-0.170021813,0.000483968,-0.009978907,0.000852817,-0.001796051,-0.005256268,0.005369723,-0.009330628,-0.004931163,-0.002220479,0.00934234,-0.003024755,-0.004338574,-0.012167324,-0.00479378,-0.00571256,-0.001483221,-0.002913002,-0.005780468,2.20881E-05
BR8_main,6.936565657,0.006028302,0.000744334,0.005206646,-0.004296932,-0.018836538,-0.005076252,0.001272973,-0.00456284,-0.002788566,0.008922592,0.000280757,-0.170391701,0.000490259,-0.009434041,0.000688675,-0.001630438,-0.004975692,0.004390204,-0.009043198,-0.004144174,-0.002145474,0.008964212,-0.002829539,-0.004368319,-0.011694345,-0.004510334,-0.005411781,-0.001451828,-0.002917901,-0.005645517,2.21067E-05
BR8_main,7.056161616,0.00527245,0.000829455,0.005071384,-0.003960789,-0.016784848,-0.004579717,0.001311385,-0.004779435,-0.002848032,0.008776153,0.000288893,-0.1707669,0.000514647,-0.008953352,0.000665481,-0.001564022,-0.004719583,0.002430299,-0.008492379,-0.003926713,-0.002057657,0.008689467,-0.002615215,-0.004320758,-0.011731849,-0.004254877,-0.004989402,-0.001392205,-0.002886033,-0.006024836,2.21921E-05
BR8_main,7.175757576,0.004593439,0.000940024,0.004330576,-0.003584867,-0.014917385,-0.004262613,0.001347096,-0.004428594,-0.002884481,0.008622712,0.0003006,-0.171154781,0.000558822,-0.008599566,0.000602626,-0.001487872,-0.004435415,0.000687516,-0.008189156,-0.00387895,-0.002022678,0.008323072,-0.002527347,-0.004487106,-0.011967061,-0.003990443,-0.004588543,-0.001348197,-0.002818222,-0.005812169,2.24303E-05
BR8_main,7.295353535,0.003946406,0.001043808,0.003511241,-0.003347968,-0.0133134,-0.004034747,0.001400503,-0.004002212,-0.002812816,0.008568524,0.00031418,-0.171361903,0.000586474,-0.008355787,0.000591051,-0.001432796,-0.004246842,0.000147387,-0.007765911,-0.0036767,-0.001953558,0.007975216,-0.002400069,-0.004533547,-0.011215415,-0.003752019,-0.004213636,-0.001192741,-0.002838355,-0.005426795,2.20379E-05
BR8_main,7.414949495,0.003347608,0.001191271,0.002874757,-0.003110785,-0.01209419,-0.003934187,0.001535621,-0.003787117,-0.002774158,0.008275019,0.000327645,-0.171158081,0.000611188,-0.008209594,0.000596822,-0.001438895,-0.004171134,-0.00012339,-0.007461477,-0.003819544,-0.001903181,0.007691129,-0.002083372,-0.00451244,-0.010530236,-0.003457103,-0.003941893,-0.001158089,-0.002823674,-0.005358962,2.23406E-05
BR8_main,7.534545455,0.002818108,0.001330475,0.001854892,-0.002806599,-0.010374157,-0.003444599,0.001910846,-0.00373275,-0.00284671,0.008270046,0.000353094,-0.170312174,0.00065307,-0.008151267,0.000633658,-0.001482343,-0.004066449,-0.000343943,-0.006857215,-0.003883263,-0.001874534,0.007402123,-0.002036307,-0.004514471,-0.009093126,-0.003059608,-0.003834083,-0.001166069,-0.002888021,-0.005387005,2.24201E-05
BR8_main,7.654141414,0.002317727,0.001513867,0.00162975,-0.002591706,-0.010846163,-0.003447058,0.002179242,-0.003504327,-0.002857725,0.00816127,0.000386503,-0.168095606,0.000693437,-0.008139435,0.000708167,-0.001462039,-0.003941505,-0.000562407,-0.006983811,-0.003931298,-0.001838529,0.007131846,-0.002180296,-0.004555436,-0.008592676,-0.002686019,-0.004018962,-0.001204347,-0.002917607,-0.005432254,2.23547E-05
BR8_main,7.773737374,0.001923677,0.001691667,0.000591386,-0.002424445,-0.012708551,-0.00359606,0.002400306,-0.004187132,-0.002907843,0.007983389,0.000413946,-0.165924585,0.000744247,-0.008166949,0.00076131,-0.001385659,-0.003848787,-0.000795336,-0.006740119,-0.004087644,-0.001863211,0.006933115,-0.002282259,-0.004659697,-0.009443933,-0.00233017,-0.004134121,-0.001219601,-0.002957088,-0.005452559,2.21817E-05
BR8_main,7.893333333,0.001649707,0.001895376,-0.000338823,-0.002383676,-0.013714085,-0.002877451,0.002514734,-0.004395522,-0.003048273,0.007811533,0.000413136,-0.163433455,0.000799525,-0.008172859,0.000857158,-0.001318275,-0.003803874,-0.000859374,-0.006553572,-0.004044915,-0.001816564,0.006711924,-0.00226079,-0.004687824,-0.010797172,-0.001930528,-0.004142161,-0.001297673,-0.002873863,-0.005365365,2.21245E-05
BR8_main,8.012929293,0.001412274,0.002101935,-0.001155257,-0.002396497,-0.012727035,-0.002633766,0.002317055,-0.003247789,-0.003108622,0.007651223,0.000396696,-0.159753235,0.000820976,-0.008046149,0.000992322,-0.001302376,-0.003773997,-0.000762143,-0.006749499,-0.003891927,-0.001684953,0.006490316,-0.002351821,-0.004671642,-0.010901627,-0.001575073,-0.004113617,-0.001321315,-0.00284364,-0.005330677,2.20103E-05
BR8_main,8.132525253,0.001193442,0.002300817,-0.001577357,-0.002554244,-0.010892474,-0.002853909,0.002174413,-0.003057773,-0.003071207,0.007470159,0.00038717,-0.155631799,0.000819579,-0.007948332,0.001135324,-0.00120518,-0.003812119,-0.000425877,-0.006912547,-0.004042928,-0.001616314,0.006400584,-0.002374576,-0.00466066,-0.011176389,-0.001549947,-0.004009956,-0.001348339,-0.002762057,-0.005341718,2.18172E-05
BR8_main,8.252121212,0.001018949,0.002499401,-0.00202936,-0.002730778,-0.010229295,-0.002907478,0.002172423,-0.001832393,-0.003166979,0.007275098,0.000385423,-0.151704762,0.00079817,-0.007808009,0.001329991,-0.001165866,-0.003837614,1.60166E-05,-0.006926402,-0.003908442,-0.001627562,0.006323462,-0.002324261,-0.004656543,-0.0116286,-0.001711749,-0.003940587,-0.001299969,-0.002783767,-0.005339485,2.14835E-05
BR8_main,8.371717172,0.00089669,0.002522269,-0.00238544,-0.002998522,-0.009264951,-0.002682032,0.00212604,-0.001132814,-0.003139826,0.006894264,0.000397492,-0.147495142,0.000762911,-0.007767793,0.001620032,-0.001127763,-0.003805033,0.000305474,-0.006950465,-0.003662352,-0.001663339,0.006315118,-0.002261686,-0.004666381,-0.011478914,-0.001863642,-0.003940264,-0.001203066,-0.002860523,-0.005253376,2.13609E-05
BR8_main,8.491313131,0.000852608,0.00255742,-0.002710708,-0.003293925,-0.008122983,-0.002831101,0.002125003,-0.001042673,-0.003131236,0.006759264,0.000404498,-0.144161453,0.000735062,-0.007671569,0.001894338,-0.001015427,-0.003735733,0.000488561,-0.006897589,-0.003480024,-0.001720758,0.006334017,-0.002219123,-0.004579103,-0.010968439,-0.001913922,-0.003908925,-0.001119273,-0.00286149,-0.005155716,2.12434E-05
BR8_main,8.610909091,0.000810132,0.002618775,-0.002791174,-0.003276154,-0.009244442,-0.002710165,0.002107767,-0.000844959,-0.003153089,0.006692985,0.000403347,-0.141851735,0.000742445,-0.007587128,0.002275527,-0.001005256,-0.00370303,0.00069058,-0.006663204,-0.003363737,-0.001720585,0.006335607,-0.002149224,-0.004467676,-0.010330924,-0.001828713,-0.003808008,-0.001073787,-0.002816622,-0.005125723,2.11438E-05
BR8_main,8.730505051,0.000779349,0.002651497,-0.002408218,-0.002726528,-0.009383839,-0.002225855,0.002045161,-0.002223486,-0.00320081,0.006611867,0.000388619,-0.138775492,0.000770004,-0.007526055,0.002786517,-0.001107235,-0.003590646,0.000808056,-0.006748824,-0.003391185,-0.001686069,0.006221961,-0.002052487,-0.0043817,-0.010488656,-0.001686524,-0.003648143,-0.000952263,-0.002845563,-0.005264115,2.10576E-05
BR8_main,8.85010101,0.00071605,0.002621397,-0.001741706,-0.002205052,-0.009671057,-0.002268512,0.002107506,-0.002715206,-0.003253616,0.006498641,0.000372824,-0.13597767,0.000818781,-0.007471554,0.003400354,-0.001101219,-0.003565499,0.00080568,-0.006740714,-0.003090284,-0.001667662,0.006145005,-0.002032987,-0.004336735,-0.011170159,-0.001566729,-0.00352544,-0.000908701,-0.002883765,-0.005389053,2.11295E-05
BR8_main,8.96969697,0.000701103,0.002593727,-0.001307332,-0.001859055,-0.010063284,-0.002410555,0.002100221,-0.003012613,-0.003002682,0.006364411,0.000350205,-0.135140454,0.000871732,-0.007431033,0.003996302,-0.001041861,-0.003487563,0.000941125,-0.006622835,-0.003193641,-0.001670122,0.006490307,-0.00209762,-0.004291404,-0.011920275,-0.001454047,-0.003430552,-0.000857233,-0.002927688,-0.005463981,2.11055E-05
BR8_main,9.089292929,0.00071053,0.002740522,-0.000873928,-0.001747813,-0.009018433,-0.002817923,0.002008344,-0.003416154,-0.002885374,0.006335379,0.000334994,-0.133665042,0.000920978,-0.007387427,0.004820759,-0.000946261,-0.003429919,0.001075108,-0.006423599,-0.003205818,-0.001624201,0.006439061,-0.001878682,-0.004167718,-0.011615168,-0.001356734,-0.003364687,-0.000859645,-0.003084299,-0.005685476,2.16875E-05
BR8_main,9.208888889,0.000719934,0.002942707,-0.000838183,-0.00164118,-0.009502298,-0.002715131,0.001820633,-0.002586062,-0.002646914,0.006220865,0.000321933,-0.136944671,0.000970707,-0.007294006,0.005579563,-0.000897403,-0.00351888,0.001453434,-0.006291109,-0.003285791,-0.001587604,0.006347431,-0.001974592,-0.00397763,-0.011430774,-0.00126108,-0.003462706,-0.000894321,-0.00305357,-0.005726537,2.23009E-05
BR8_main,9.328484848,0.000729386,0.00318816,-0.000896999,-0.001574477,-0.010036447,-0.002893994,0.001652058,-0.002464324,-0.002471483,0.00618973,0.000317401,-0.145241917,0.001024868,-0.007241496,0.006352408,-0.000689855,-0.003682265,0.00230472,-0.006072924,-0.003164984,-0.001551374,0.006502572,-0.002082712,-0.003735039,-0.011242645,-0.001176481,-0.003611284,-0.000933951,-0.002912843,-0.00566162,2.29391E-05
BR8_main,9.448080808,0.000738864,0.003423098,-0.001114047,-0.001660111,-0.009816097,-0.003321977,0.001463678,-0.001740554,-0.002400276,0.006225086,0.000312403,-0.152563843,0.001090941,-0.007172092,0.007353824,-0.000488264,-0.003707375,0.003542792,-0.005928632,-0.003116046,-0.001529106,0.006791755,-0.0022712,-0.003441929,-0.010507997,-0.001149632,-0.003821654,-0.00095937,-0.002897728,-0.005644739,2.3968E-05
BR8_main,9.567676768,0.000748348,0.003666594,-0.001614023,-0.001847678,-0.010044911,-0.003357549,0.001388056,-0.001142286,-0.00240945,0.006227492,0.000307436,-0.1568068,0.001169924,-0.007075161,0.007699199,-0.000367289,-0.00373114,0.003966395,-0.005913315,-0.003289049,-0.001511748,0.007201387,-0.002171548,-0.003176337,-0.010568625,-0.001132945,-0.004042844,-0.000955937,-0.002902919,-0.005602216,2.49673E-05
BR8_main,9.687272727,0.000757824,0.003933593,-0.001942106,-0.002237961,-0.010096597,-0.003084029,0.001422597,0.003400158,-0.002483875,0.006252409,0.000307667,-0.156690981,0.001259236,-0.007132474,0.008840322,-0.000576668,-0.003680703,0.003019113,-0.005984389,-0.003847226,-0.001517186,0.008357414,-0.002250597,-0.002926742,-0.010851725,-0.001087364,-0.004283268,-0.000935775,-0.00296022,-0.005529671,2.62538E-05
BR8_main,9.806868687,0.000767283,0.004200959,-0.001976645,-0.002732195,-0.008657919,-0.002743271,0.001399874,0.001137286,-0.00261769,0.006522771,0.000305824,-0.153870674,0.001352298,-0.007120702,0.008856154,-0.000822724,-0.0035747,0.002183138,-0.006219583,-0.004435316,-0.001471227,0.00922336,-0.002264245,-0.002672779,-0.011290401,-0.001065637,-0.004402582,-0.000861651,-0.003032533,-0.005444422,2.70605E-05
BR8_main,9.926464646,0.00077672,0.004468062,-0.001998823,-0.003178528,-0.008174123,-0.002601854,0.001392976,-0.002085333,-0.002733729,0.006461292,0.000306449,-0.144882544,0.001437365,-0.007145584,0.008336616,-0.001021799,-0.00351348,0.00171549,-0.006191848,-0.004340151,-0.001436755,0.009653523,-0.002238366,-0.002374399,-0.012160874,-0.001061483,-0.004449151,-0.000798958,-0.003157554,-0.00533751,2.77382E-05
BR8_main,10.04606061,0.000785974,0.004743681,-0.001782467,-0.003802326,-0.008462662,-0.001654828,0.001448142,-0.001716559,-0.002865397,0.00679125,0.000309225,-0.135778033,0.001538259,-0.007182413,0.005085726,-0.001035073,-0.003445843,0.00168906,-0.006517004,-0.00410032,-0.0013924,0.010652347,-0.002144121,-0.0020857,-0.013716128,-0.001091137,-0.004490418,-0.000707096,-0.003157088,-0.005240505,2.80727E-05
BR8_main,10.16565657,0.000795029,0.005002182,-0.001494689,-0.003824034,-0.008947119,-0.000977896,0.001360704,-0.002076069,-0.002914261,0.006854103,0.000308073,-0.116228379,0.001698224,-0.007243841,0.003155809,-0.000923039,-0.003370179,0.001568497,-0.006431881,-0.003843566,-0.001325937,0.010879358,-0.002192035,-0.001815971,-0.014217018,-0.001222969,-0.004308155,-0.000614031,-0.003152227,-0.005121402,2.75901E-05
BR8_main,10.28525253,0.00080404,0.005251699,-0.000984422,-0.003436762,-0.010566371,-0.000133805,0.001330295,-0.001188592,-0.002960734,0.006640207,0.000312528,-0.104404187,0.001919806,-0.007192512,0.003026495,-0.000910824,-0.003226105,0.001784843,-0.006136274,-0.003452572,-0.00125743,0.011338627,-0.002024585,-0.00156654,-0.015228234,-0.001425451,-0.004181134,-0.000595826,-0.003169823,-0.005075526,2.7192E-05
BR8_main,10.40484848,0.000813021,0.005499532,-0.000680148,-0.002976536,-0.010707376,0.000825534,0.001372106,-0.00038098,-0.002983406,0.006533544,0.000327862,-0.090665604,0.002263113,-0.007258745,0.003389289,-0.000843532,-0.003039121,0.001965658,-0.00595035,-0.003041968,-0.001186715,0.01340243,-0.001740403,-0.001298725,-0.015485076,-0.001511519,-0.00393771,-0.000523377,-0.003044379,-0.004964915,2.76817E-05
BR8_main,10.52444444,0.00082197,0.005781505,-0.000150886,-0.002490896,-0.011030107,0.001388846,0.001582948,4.61208E-05,-0.003008315,0.006713358,0.000343539,-0.096211351,0.002572769,-0.006694373,0.004449821,-0.000666185,-0.002634371,0.003076617,-0.005777301,-0.002539902,-0.001097946,0.013897348,-0.00160171,-0.001008063,-0.015306195,-0.001496387,-0.003428222,-0.000456115,-0.003065853,-0.004715388,2.55308E-05
BR8_main,10.6440404,0.000830887,0.006119317,0.000948899,-0.00194245,-0.012634228,0.001125104,0.001807797,0.000328224,-0.003025773,0.006522976,0.000417499,-0.133291316,0.002849958,-0.005792939,0.008629122,-0.000572375,-0.00216944,0.00360144,-0.005535684,-0.002037214,-0.000971187,0.014285302,-0.001459379,-0.000674614,-0.012113415,-0.001493827,-0.00294306,-0.000438591,-0.002885466,-0.004364315,2.40673E-05
BR8_main,10.76363636,0.000839772,0.006418273,0.002058389,-0.001476603,-0.013127782,0.000744559,0.002138612,0.003021288,-0.00304105,0.005133349,0.000469893,-0.158834184,0.002925726,-0.004989431,0.013902086,-0.000535824,-0.001768316,0.004082875,-0.004826053,-0.00140953,-0.000823055,0.014027843,-0.001143535,-0.000439997,-0.00930707,-0.001498811,-0.002413478,-0.000441655,-0.002692029,-0.003841685,2.36486E-05
BR8_main,10.88323232,0.000848624,0.006684783,0.005065736,-0.001142791,-0.013193151,-9.35288E-05,0.002451647,0.002546425,-0.003044273,0.003142657,0.000473528,-0.160155585,0.002772665,-0.004668257,0.016520587,-0.000390071,-0.001360572,0.005090934,-0.003221942,-0.00100842,-0.000672451,0.013718816,-0.000931785,-0.000359911,-0.004544536,-0.00147947,-0.001827158,-0.000509585,-0.002460043,-0.00292497,2.37719E-05
BR8_main,11.00282828,0.000857327,0.006968538,0.0090815,-0.000860875,-0.012727445,-0.000442703,0.002144064,0.000552203,-0.003051328,0.002860669,0.000454993,-0.156745735,0.002509785,-0.004857445,0.019382931,-0.000270542,-0.000793721,0.006594882,-0.002075099,-0.000924559,-0.000447679,0.013942364,-0.000715195,-0.000214253,0.000883806,-0.00139432,-0.000995881,-0.000504164,-0.002071375,-0.002216449,2.54867E-05
BR8_main,11.12242424,0.000865847,0.007113967,0.010261743,-0.000670438,-0.011553536,0.001004756,0.001660765,-0.002174704,-0.00305435,0.00258991,0.000454739,-0.145314043,0.002336955,-0.005403315,0.019560122,-0.000215465,-0.000379529,0.009096172,-0.001196478,-0.001068412,-0.00016129,0.017178019,-0.00040065,-0.000210534,0.003571112,-0.001142528,-0.0004011,-0.000452939,-0.001695647,-0.00080414,2.59537E-05
BR8_main,11.2420202,0.000874302,0.007266177,0.009538047,-0.000515953,-0.006777133,0.000416089,0.001523576,-0.000276072,-0.003060734,0.003018578,0.00042108,-0.109168544,0.002463363,-0.00609607,0.016329836,-0.000174541,-0.00038015,0.007729189,-0.000768383,-0.001019321,-8.29556E-05,0.02027197,-0.000290933,-0.000338623,0.00627973,-0.000664898,-0.000311956,-0.000244838,-0.0006641,-0.000259784,2.61649E-05
BR8_main,11.36161616,0.000882724,0.00741435,0.008049996,-0.000409449,-0.002485265,0.002245422,0.001849122,0.001922833,-0.003041801,0.003880832,0.000437235,-0.067714927,0.002595321,-0.006035415,0.012995754,-0.000163577,-0.000314564,0.005449904,-0.00032465,-0.000931289,-6.39606E-05,0.01898019,-0.000220656,-0.00054796,0.008348228,-0.000114774,-0.000237381,-5.68395E-05,0.000612665,-0.000631557,2.87991E-05
BR8_main,11.48121212,0.000891114,0.00780869,0.004243716,-0.00033074,0.002940771,0.003666609,0.002283642,0.006062832,-0.002975396,0.008654615,0.000471552,-0.036879308,0.002773365,-0.005317696,0.007050703,-0.00015115,-0.000467611,0.005910209,-0.000189514,-0.000838166,-0.00012247,0.015209873,-0.000126973,-0.000721103,0.008730345,0.000749473,-0.000215597,-0.000252106,0.003407306,-0.00143302,3.80676E-05
BR8_main,11.60080808,0.000899474,0.00820664,0.004234947,-0.000252481,0.007081718,0.008365381,0.002693698,0.010981384,-0.002915777,0.015067094,0.00054897,-0.025050869,0.002950896,-0.004719922,0.002377147,-0.000125164,-0.000667391,0.008518425,-0.000217242,-0.000694571,-0.000185679,0.01737292,-0.000189425,-0.000664251,0.003499731,0.002243184,-0.000269648,-0.00055156,0.00717463,-0.001374964,4.98407E-05
BR8_main,11.72040404,0.000907803,0.008464913,0.003518008,-0.000199533,0.01253646,0.016369154,0.002870634,0.015537217,-0.002776353,0.027951702,0.000673311,-0.015272061,0.003072415,-0.003945477,-0.000890013,-0.000116249,-0.000669443,0.011073413,-0.000365461,-0.00073354,-8.66507E-05,0.019750694,-0.000168025,-0.00037618,0.002342353,0.003692962,-0.000549978,-0.000622069,0.011498203,-0.000994523,6.52252E-05
BR8_main,11.84,0.000916101,0.008449208,0.003639964,-0.000123937,0.016266683,0.018817152,0.002865408,0.019852128,-0.002513805,0.040818874,0.000722291,-0.005481955,0.003121607,-0.003218608,-0.002565308,-4.50782E-05,-0.000545236,0.012897239,-0.000551333,-0.000547552,-0.000105526,0.020066937,-0.000134771,-0.000199074,0.001769553,0.004443336,-0.000949681,-0.000452837,0.013746526,-0.000450832,8.81722E-05
BR9_main,0,0.021029729,0.126839215,1.648804911,-0.03288754,1.890465325,1.427739034,0.020027213,1.188758154,-0.001347055,1.621852822,0.035462106,-0.063438834,0.276396778,3.601531428,0.149892292,-0.027443737,-0.053468566,5.132919409,-0.019719044,-0.017348269,-0.011923911,1.600481922,-0.023252352,-0.01147037,2.516671941,-0.727749374,-0.026612925,-0.001614195,0.929812737,-0.055434354,0.000506453
BR9_main,0.11959596,0.027564562,0.091168711,1.475265644,-0.027462927,1.329894484,1.157199203,0.01783506,1.035041167,-0.001599691,1.496016645,0.028924435,-0.23892951,0.091195327,1.918361321,0.144471089,-0.022530413,-0.052524901,3.831473485,-0.055147847,-0.018727539,-0.019207548,1.529767033,-0.022829557,-0.016129206,1.230664898,-0.669387064,-0.027691831,-0.002659084,0.615856459,-0.055805836,0.000443128
BR9_main,0.239191919,0.03266251,0.041429763,0.855909092,-0.022234285,0.659902212,0.770193217,0.01093023,0.741486981,-0.001833586,1.019800911,0.021373311,-0.412037177,-0.31789304,0.604019643,0.140073625,-0.018899173,-0.049692475,2.42271267,-0.059551483,-0.027061809,-0.018564849,1.28593068,-0.021655283,-0.017740652,0.451242845,-0.58021895,-0.028529286,-0.004092112,0.212164117,-0.055604076,0.000355491
BR9_main,0.358787879,0.036396148,0.021677,0.946493013,-0.016800683,0.26940378,0.369619145,0.006120424,0.685834263,-0.001866841,0.783007456,0.019016984,-0.517494246,-0.397860792,0.294464898,0.13053363,-0.014579684,-0.044009595,1.96981987,-0.048170632,-0.033576048,-0.017562819,1.090342587,-0.020240903,-0.019875476,0.225429776,-0.416082453,-0.031961688,-0.005053488,0.28598872,-0.0545024,0.000262247
BR9_main,0.478383838,0.038870266,0.011744863,0.958092297,-0.010766363,0.358512683,0.203519323,0.00729978,1.092166507,-0.001759124,1.128266415,0.015112829,-0.520079644,-0.026394722,0.222409381,0.120218069,-0.011159557,-0.04390155,1.690626988,-0.04735552,-0.031785374,-0.014451623,1.017527693,-0.019808699,-0.017169368,0.511335505,-0.201123834,-0.034056792,-0.005254054,0.419932147,-0.048297962,0.000182618
BR9_main,0.597979798,0.040401093,0.010590144,0.704571995,-0.00754315,0.612285087,0.119384248,0.016417724,1.1489137,-0.001429105,1.443949377,0.015524324,-0.515611034,0.139482932,0.258174356,0.109770814,-0.007035235,-0.035663376,1.661271555,-0.046269278,-0.025946118,-0.009100488,0.997225922,-0.016398391,-0.017019287,0.486170992,-0.097187317,-0.027583879,-0.004662218,0.42314044,-0.033571813,0.000143222
BR9_main,0.717575758,0.041303861,0.013517786,0.467094921,-0.003776108,0.550172918,0.078217183,0.031071263,0.871084131,-0.000611664,1.516443087,0.012620732,-0.424133628,0.165017318,0.350186586,0.105552855,-0.004191353,-0.025813646,1.678470139,-0.027763117,-0.017116725,-0.003391276,0.836112602,-0.012150427,-0.016734297,0.490775405,-0.033436507,-0.01831089,-0.003533989,0.331122112,-0.0245957,0.000149379
BR9_main,0.837171717,0.041816606,0.014112106,0.289745662,-0.001764531,0.395998329,0.064613106,0.032055302,0.568812742,-0.000404129,1.21653829,0.010300783,-0.232770874,0.109653991,0.341299201,0.104246867,-0.003147414,-0.020819706,1.902556599,-0.023165451,-0.010389034,-0.002646478,0.654881357,-0.007961036,-0.016393296,0.331870572,-0.004585546,-0.011557714,-0.001976174,0.215713177,-0.021275349,0.000141497
BR9_main,0.956767677,0.042105352,0.00933795,0.24198707,-0.001951068,0.240047278,0.074698575,0.027343308,0.308579475,-0.000572639,0.954435726,0.008856238,-0.113908288,0.01777232,0.326247331,0.100285462,-0.003528745,-0.014242609,1.553915942,-0.020011844,-0.009826781,-0.002251413,0.561376017,-0.006799231,-0.012661545,0.166742419,0.014750854,-0.007568933,-0.001005791,0.134996263,-0.015754744,0.000128582
BR9_main,1.076363636,0.042274529,0.004690174,0.230460525,-0.004645561,0.120571053,0.083034477,0.026112166,0.263022722,-0.000984532,0.647276283,0.007402306,-0.072942435,-0.086069945,0.252516772,0.093147891,-0.002715102,-0.011338462,1.172764733,-0.018398187,-0.006485907,-0.002184596,0.492640938,-0.007350355,-0.012169045,0.09259603,0.018814406,-0.006237317,-0.00074328,0.074723844,-0.014902069,0.000113886
BR9_main,1.195959596,0.042368697,0.003973414,0.231479221,-0.008840571,0.066270902,0.088388178,0.02118002,0.219960348,-0.001557237,0.320697578,0.00672352,-0.080201418,-0.021263577,0.267041335,0.082116562,-0.002728659,-0.008933874,0.767302036,-0.017452908,-0.006103227,-0.002647039,0.416826902,-0.008385064,-0.008638558,0.084332521,0.017765898,-0.006534215,-0.000850292,0.06765131,-0.015411934,0.000104251
BR9_main,1.315555556,0.042421454,0.003398252,0.244508753,-0.012238202,0.052932758,0.119530264,0.014799841,0.153356078,-0.001507227,0.21144779,0.005495302,-0.132476697,0.037139788,0.244791746,0.074291076,-0.002793852,-0.007755408,0.568357259,-0.019543619,-0.007043765,-0.002651156,0.342205245,-0.010374987,-0.008746722,0.104121161,0.013619869,-0.007206607,-0.001025662,0.084372198,-0.016164011,9.20691E-05
BR9_main,1.435151515,0.042449697,0.003291844,0.284730433,-0.016246859,0.060376861,0.107829436,0.010596135,0.118292071,-0.001969437,0.176867465,0.005378973,-0.190222078,0.002101396,0.215780003,0.067371457,-0.002212784,-0.007367898,0.67369432,-0.019280215,-0.00639612,-0.003249324,0.270931444,-0.012278509,-0.00508971,0.250573289,0.002151777,-0.008489815,-0.001122431,0.095884628,-0.017141226,7.96579E-05
BR9_main,1.554747475,0.042463745,0.002355673,0.288757969,-0.019182476,0.057994996,0.129038086,0.009023833,0.098067394,-0.002320158,0.158793135,0.004020485,-0.210213391,-0.069205782,0.227396578,0.060613555,-0.001720689,-0.007456245,0.809365598,-0.01739014,-0.00626394,-0.003929015,0.203129777,-0.012012321,-0.005048915,0.205637828,-0.005839279,-0.010199351,-0.001164536,0.092702344,-0.018044972,7.34039E-05
BR9_main,1.674343434,0.042466479,0.001839133,0.244041502,-0.021134887,0.05321286,0.097928429,0.007836529,0.09370884,-0.002678138,0.189852628,0.003283387,-0.242087937,-0.103757995,0.192861174,0.054735958,-0.001421829,-0.007645624,0.876714155,-0.016336169,-0.006935419,-0.004186051,0.152247867,-0.011944135,-0.005705439,0.137294807,-0.008428022,-0.011112401,-0.001346599,0.07750748,-0.018918259,6.6741E-05
BR9_main,1.793939394,0.042458484,0.002054282,0.17390934,-0.021549174,0.039852151,0.093491414,0.00676079,0.0875745,-0.002963201,0.166124903,0.002854628,-0.243613187,-0.123580689,0.160233027,0.050385455,-0.001700411,-0.008189675,0.835559589,-0.017772842,-0.008185254,-0.004080884,0.116759267,-0.011639069,-0.006615589,0.064277488,-0.013873111,-0.011842162,-0.001430782,0.052503002,-0.020382922,6.16405E-05
BR9_main,1.913535354,0.042439412,0.001686627,0.116492685,-0.02115299,0.035343845,0.089401758,0.005295047,0.06217727,-0.003223365,0.141759031,0.002338753,-0.231037014,-0.160368084,0.132184456,0.045496224,-0.002091594,-0.00904123,0.690495294,-0.01912039,-0.00998178,-0.004563209,0.094317808,-0.011249652,-0.006881997,0.025349251,-0.019627303,-0.012304208,-0.001491511,0.027946307,-0.020199525,5.91793E-05
BR9_main,2.033131313,0.042412494,0.001414596,0.073731081,-0.020404239,0.026311219,0.07700206,0.004413245,0.04358124,-0.003517534,0.121837914,0.002032426,-0.213561952,-0.158150325,0.090000899,0.041881953,-0.002336045,-0.009918794,0.515580046,-0.020083363,-0.012230439,-0.004657337,0.092473034,-0.01074046,-0.006796733,-0.013465013,-0.025298571,-0.012231447,-0.001519244,0.010914698,-0.020317591,5.67775E-05
BR9_main,2.152727273,0.042345176,0.001181019,0.050214463,-0.019502449,0.016431081,0.085116405,0.004110034,0.029281829,-0.004072532,0.166357927,0.002007496,-0.199688374,-0.083364482,0.053236896,0.039426569,-0.003076332,-0.010461567,0.409040607,-0.018796458,-0.013383638,-0.004629588,0.095881195,-0.010299071,-0.004262599,-0.033222254,-0.028942947,-0.012247833,-0.001770338,0.003495665,-0.02057001,5.39884E-05
BR9_main,2.272323232,0.042245747,0.000973003,0.039714873,-0.018697838,0.001614714,0.068908682,0.004276422,0.017890998,-0.004613308,0.187266895,0.001756125,-0.187686988,-0.040306341,0.048863542,0.035974321,-0.003847257,-0.011297733,0.38145752,-0.01836499,-0.013999097,-0.004643359,0.094016142,-0.010165481,-0.003484332,-0.024199122,-0.030456065,-0.012077922,-0.002061293,-0.000714206,-0.020257286,5.1413E-05
BR9_main,2.391919192,0.042091559,0.000673034,0.028296002,-0.017568314,-0.005984261,0.033750798,0.006473306,0.010953305,-0.005047608,0.17867275,0.001716713,-0.176994805,-0.018921765,0.031769483,0.032779885,-0.004201298,-0.01208026,0.37963753,-0.019041177,-0.012944615,-0.004546412,0.074698962,-0.009973976,-0.003015729,-0.030688127,-0.031346064,-0.012062257,-0.002092739,-0.001967572,-0.020451874,4.91661E-05
BR9_main,2.511515152,0.041832225,0.000568728,0.019893885,-0.015796648,-0.009138099,0.032533902,0.008629822,0.008405134,-0.005105007,0.175357333,0.001648199,-0.169600721,-0.008668896,0.045052454,0.029873793,-0.004380896,-0.012516425,0.368664487,-0.019471851,-0.011074111,-0.004685504,0.059175441,-0.009613398,-0.00385836,-0.044827951,-0.032471277,-0.012245995,-0.001850226,-0.00300673,-0.020698297,4.84106E-05
BR9_main,2.631111111,0.041433807,0.000498158,0.014221489,-0.014425576,-0.012567705,0.033089407,0.008820181,0.006845323,-0.005553822,0.156980019,0.001684536,-0.161847633,-0.003513511,0.046048809,0.028084385,-0.004411277,-0.012794219,0.289124614,-0.017782174,-0.009234768,-0.005049191,0.033641071,-0.009559721,-0.004883278,-0.049464172,-0.033075307,-0.012280629,-0.001482253,-0.004272873,-0.020106004,4.9125E-05
BR9_main,2.750707071,0.04077434,0.000426766,0.009969292,-0.012995533,-0.016596908,0.024925681,0.008869515,0.00334173,-0.005762548,0.130616158,0.001602353,-0.156494986,-0.000153767,0.03894436,0.025704281,-0.004457061,-0.012789273,0.229525442,-0.016497499,-0.008397318,-0.005230717,0.029312463,-0.009396322,-0.004861585,-0.050156795,-0.03331836,-0.012419845,-0.00131662,-0.005184953,-0.019259331,4.87072E-05
BR9_main,2.87030303,0.039748749,0.000349097,0.006305579,-0.011862075,-0.017482961,0.015717917,0.009060172,0.002166241,-0.005704114,0.090747229,0.001447687,-0.152994607,0.00120238,0.032979233,0.025523961,-0.004267362,-0.012576923,0.132893829,-0.014831185,-0.008252889,-0.005400533,0.026133234,-0.009052092,-0.004251257,-0.049964284,-0.032929096,-0.012416481,-0.001719522,-0.006179744,-0.018343145,5.02856E-05
BR9_main,2.98989899,0.038176669,0.000285371,0.003197827,-0.010972122,-0.015140518,0.008540933,0.007791974,-0.000259432,-0.006073377,0.065822166,0.001335277,-0.151924818,0.001370645,0.023171734,0.026493392,-0.004005243,-0.012466843,0.017381398,-0.013976537,-0.009209942,-0.00528834,0.02247223,-0.008694771,-0.003658408,-0.050650024,-0.032178277,-0.01252835,-0.00168714,-0.00684496,-0.017482536,5.27208E-05
BR9_main,3.109494949,0.036049284,0.000246326,0.001138286,-0.010335582,-0.015773229,0.005125212,0.005299724,-0.003121919,-0.006682316,0.06419799,0.001261631,-0.15145337,0.001569666,0.014423143,0.027085361,-0.003823069,-0.012275952,-0.023179503,-0.013630619,-0.010254542,-0.005270435,0.019845781,-0.008277845,-0.003099323,-0.049900755,-0.031274773,-0.012721211,-0.001985488,-0.007177965,-0.016735934,5.36923E-05
BR9_main,3.229090909,0.033404947,0.000247524,-0.000295268,-0.009928332,-0.017035403,0.002837641,0.00344545,-0.007454565,-0.007255484,0.052228872,0.001113031,-0.152449307,0.001943042,0.007905676,0.026579841,-0.003716365,-0.011845876,-0.047769036,-0.013590946,-0.010738632,-0.005163397,0.017253511,-0.007883751,-0.002985142,-0.048728258,-0.030233964,-0.012565522,-0.00218064,-0.007282792,-0.016102905,5.07116E-05
BR9_main,3.348686869,0.030865725,0.000221307,-0.002244807,-0.009701823,-0.018879727,-0.000710687,0.002169476,-0.008893593,-0.007609078,0.047263035,0.001101038,-0.156914282,0.001620311,0.004540632,0.02522512,-0.00357032,-0.011331405,-0.058313087,-0.013878714,-0.010882695,-0.005050449,0.01439508,-0.007528924,-0.0035201,-0.047697973,-0.029078767,-0.012344926,-0.002271375,-0.007502197,-0.015535394,4.70585E-05
BR9_main,3.468282828,0.028185351,0.000212831,-0.004449532,-0.009594067,-0.022044841,-0.000877477,0.002242323,-0.009097375,-0.007809082,0.039595327,0.001006605,-0.159580373,0.001355917,0.001872555,0.02415201,-0.003514788,-0.010926165,-0.054892403,-0.013729653,-0.010728234,-0.004799681,0.01029234,-0.00730458,-0.003886934,-0.046803334,-0.028084177,-0.012136777,-0.002332738,-0.007562851,-0.015044463,4.27142E-05
BR9_main,3.587878788,0.025681692,0.000204861,-0.007089647,-0.00968072,-0.023546769,-0.001590893,0.00220702,-0.008540452,-0.007648859,0.032685545,0.000974877,-0.156335187,0.001185158,0.00223249,0.022896648,-0.003431394,-0.010716869,-0.04822075,-0.015036323,-0.010895937,-0.004579357,0.007074408,-0.007203817,-0.00399149,-0.045805203,-0.027137305,-0.011806155,-0.002347313,-0.007615145,-0.014664162,3.83539E-05
BR9_main,3.707474747,0.023700079,0.000211018,-0.009971359,-0.009535655,-0.024242491,-0.002212702,0.002121059,-0.008195521,-0.007544272,0.029375737,0.000910118,-0.156377515,0.001088249,-0.000679511,0.020749331,-0.003221949,-0.010551838,-0.037918235,-0.016270225,-0.011344768,-0.004632658,0.00451118,-0.007001894,-0.004043067,-0.044722979,-0.026163279,-0.011461904,-0.002392812,-0.0076676,-0.014377226,3.42564E-05
BR9_main,3.827070707,0.021991545,0.000238631,-0.012734592,-0.009236709,-0.024643358,-0.00234309,0.002008048,-0.00838722,-0.007426033,0.027628312,0.000739214,-0.156152882,0.00096372,-0.00606857,0.018227218,-0.003102477,-0.010414151,-0.028259751,-0.016937971,-0.011419222,-0.004713919,0.004151839,-0.006831654,-0.004590854,-0.043690393,-0.025079781,-0.01120671,-0.002334109,-0.007617761,-0.014227927,3.01223E-05
BR9_main,3.946666667,0.020765021,0.000237229,-0.015878198,-0.008874083,-0.024507139,-0.001551274,0.001869819,-0.009669268,-0.007312331,0.026789582,0.000625928,-0.156710585,0.000804343,-0.008217827,0.015263448,-0.003216563,-0.0102952,-0.024301065,-0.017022933,-0.011425292,-0.004649404,0.003894658,-0.006467127,-0.004968542,-0.042355111,-0.023994924,-0.011055627,-0.002322339,-0.007611622,-0.014069781,2.83039E-05
BR9_main,4.066262626,0.020088541,0.000209228,-0.01764201,-0.008550228,-0.025351112,-0.003446532,0.001734584,-0.009789248,-0.007194461,0.025898933,0.000609243,-0.157492454,0.000848794,-0.007323744,0.013056765,-0.003371127,-0.010163103,-0.019582306,-0.017098325,-0.010851749,-0.004551468,0.004430378,-0.006437857,-0.005237224,-0.040913108,-0.022842769,-0.010858945,-0.002335827,-0.007515358,-0.013862816,2.70519E-05
BR9_main,4.185858586,0.019670032,0.000131072,-0.017329316,-0.008346465,-0.026011522,-0.003184994,0.00159772,-0.009405258,-0.007046793,0.02515431,0.000588428,-0.158394105,0.00117786,-0.007125348,0.010879874,-0.003592522,-0.010035628,-0.013739542,-0.017073058,-0.010768077,-0.004476945,0.004797512,-0.006296269,-0.005127601,-0.039542208,-0.021692858,-0.010342596,-0.002336413,-0.007294398,-0.013701271,2.64829E-05
BR9_main,4.305454545,0.019392555,9.5724E-05,-0.017302585,-0.008253163,-0.027360553,-0.003137805,0.001444779,-0.008065511,-0.006891525,0.024255059,0.00059524,-0.160916186,0.001636215,-0.007190126,0.008869457,-0.003796856,-0.00984347,-0.00804754,-0.017006579,-0.010671862,-0.004519998,0.004934183,-0.006264583,-0.004918987,-0.038217987,-0.020592041,-0.009691,-0.00237759,-0.00709053,-0.013486581,2.6115E-05
BR9_main,4.425050505,0.019160331,7.43568E-05,-0.016144191,-0.008118857,-0.027953468,-0.002480555,0.001420065,-0.007088437,-0.006754211,0.023064507,0.000693591,-0.160895767,0.00198075,-0.008464754,0.007405786,-0.003801124,-0.009640525,-0.0044177,-0.016506621,-0.011498671,-0.004492358,0.005031259,-0.006186943,-0.004269863,-0.036931591,-0.019504256,-0.009510219,-0.002444238,-0.006900839,-0.013164303,2.68326E-05
BR9_main,4.544646465,0.018897636,0.000105033,-0.015079045,-0.007951297,-0.028641969,-0.001321421,0.001668634,-0.006270145,-0.006325622,0.021846366,0.000686515,-0.159785866,0.00190957,-0.010061725,0.006198292,-0.003781554,-0.009453968,-0.002329313,-0.015809868,-0.011274736,-0.004504195,0.007227353,-0.006143477,-0.003719087,-0.035636012,-0.018430564,-0.009451376,-0.002491431,-0.006727507,-0.01285465,2.70309E-05
BR9_main,4.664242424,0.018601389,0.000102196,-0.012588125,-0.007846562,-0.028795413,-0.000908936,0.001961452,-0.005785852,-0.005682437,0.020461904,0.000607267,-0.157258231,0.001549605,-0.010733836,0.005362926,-0.00371382,-0.009294234,-0.000918735,-0.015421569,-0.010876179,-0.004493841,0.009210225,-0.006091143,-0.003527136,-0.034282049,-0.017313739,-0.00943367,-0.002530952,-0.006576431,-0.01262016,2.7422E-05
BR9_main,4.783838384,0.018272145,0.000120299,-0.009651914,-0.007712155,-0.029007686,-0.000476804,0.002229115,-0.005020259,-0.005366396,0.019261692,0.000582226,-0.154882232,0.001576899,-0.011989226,0.004575064,-0.003682411,-0.009064372,0.0003993,-0.015434329,-0.010691613,-0.004418421,0.010183155,-0.006016535,-0.003430105,-0.033005541,-0.016159103,-0.009273587,-0.002620816,-0.006418464,-0.012425852,2.83492E-05
BR9_main,4.903434343,0.017997508,0.000132011,-0.007374622,-0.007594711,-0.029855588,0.000354114,0.002244707,-0.004489506,-0.005246544,0.01826291,0.000649557,-0.154004323,0.001391601,-0.012323896,0.003894162,-0.003591947,-0.008814971,0.001492956,-0.015319623,-0.010304102,-0.004354707,0.010906693,-0.00594228,-0.003366905,-0.031674962,-0.01507423,-0.009270329,-0.002677707,-0.006273311,-0.012279696,2.96223E-05
BR9_main,5.023030303,0.017682003,0.000156897,-0.004977853,-0.007462817,-0.030055129,0.00078694,0.002205254,-0.004431751,-0.005113912,0.017613374,0.000712386,-0.154505945,0.001106522,-0.014908964,0.003491328,-0.003450597,-0.00861673,0.002265946,-0.015080822,-0.01032854,-0.004324728,0.011247162,-0.005825549,-0.003464216,-0.030412732,-0.013988832,-0.009012291,-0.00268374,-0.006121912,-0.012166505,3.06205E-05
BR9_main,5.142626263,0.017274906,0.000173039,-0.003225893,-0.00739373,-0.029913339,-0.000302787,0.00198943,-0.004532109,-0.004937317,0.016959203,0.000673361,-0.154293581,0.000955555,-0.016453086,0.003110236,-0.003279378,-0.008482636,0.002953853,-0.014943473,-0.009981878,-0.004207849,0.011267255,-0.005812049,-0.003863144,-0.029154686,-0.012914433,-0.008918241,-0.002721335,-0.005999716,-0.012031709,3.0917E-05
BR9_main,5.262222222,0.01692332,0.000192344,-0.002101985,-0.007362293,-0.029708398,-0.002656018,0.002145902,-0.004725875,-0.004652533,0.015987161,0.000594621,-0.156336389,0.00105608,-0.017244222,0.002753044,-0.003201734,-0.00840545,0.003420619,-0.014567244,-0.009441134,-0.004142473,0.01125695,-0.005744155,-0.003987467,-0.028009809,-0.011892236,-0.00872403,-0.002691785,-0.005841192,-0.011878626,3.18205E-05
BR9_main,5.381818182,0.016512788,0.00021338,-0.001421548,-0.00731191,-0.030666301,-0.004207793,0.001930017,-0.005364008,-0.004495426,0.015214839,0.000549962,-0.156846292,0.000854743,-0.017784252,0.002405277,-0.003071959,-0.00836371,0.003942303,-0.014058468,-0.008953267,-0.003824873,0.01159389,-0.005688836,-0.003851534,-0.026997225,-0.010970855,-0.008641991,-0.002653669,-0.005641159,-0.011749357,3.43845E-05
BR9_main,5.501414141,0.01595525,0.000293065,-0.001116256,-0.007150117,-0.030236276,-0.005112234,0.001978526,-0.004887353,-0.00438676,0.014533902,0.00051916,-0.156642233,0.00065695,-0.017713318,0.002049007,-0.003036139,-0.008288704,0.004500169,-0.012979662,-0.008822484,-0.003816929,0.013425166,-0.005671834,-0.003868817,-0.025983377,-0.010169681,-0.00866647,-0.002591935,-0.005508862,-0.011623178,3.64736E-05
BR9_main,5.621010101,0.015366449,0.000363364,-0.000811075,-0.006990562,-0.029329067,-0.005456936,0.001867466,-0.004548759,-0.004402871,0.014011529,0.000492978,-0.157200896,0.000419192,-0.018346032,0.001707103,-0.003027114,-0.008200685,0.005811952,-0.012763159,-0.008717943,-0.003732739,0.015380472,-0.005613537,-0.003514075,-0.024856291,-0.009410973,-0.008715741,-0.002590754,-0.005385898,-0.011518352,3.92859E-05
BR9_main,5.740606061,0.014796009,0.000324264,-0.000634046,-0.006853424,-0.027952934,-0.00592505,0.001608742,-0.004634738,-0.004322942,0.013476806,0.000478998,-0.159432665,0.000370742,-0.017355434,0.001538843,-0.002963501,-0.008133134,0.006735763,-0.012201755,-0.008205016,-0.003478623,0.017235873,-0.005545797,-0.003681819,-0.024004085,-0.008690377,-0.008709094,-0.002598099,-0.005261327,-0.011399059,4.18526E-05
BR9_main,5.86020202,0.014155408,0.000232584,-0.0004643,-0.006690274,-0.02818506,-0.006023048,0.001401813,-0.004188667,-0.004265961,0.013196723,0.00045795,-0.162847453,0.000346066,-0.016125496,0.001274343,-0.002876266,-0.008106983,0.007659892,-0.012096021,-0.007822474,-0.003216368,0.018838482,-0.005499286,-0.004073374,-0.023223173,-0.00806831,-0.008696593,-0.002615993,-0.005154511,-0.011312503,4.12313E-05
BR9_main,5.97979798,0.013389755,0.000252457,-0.000363222,-0.006588401,-0.029067162,-0.006257516,0.001314392,-0.003705372,-0.004223696,0.012813641,0.000451316,-0.16668347,0.000330199,-0.015345879,0.001011637,-0.002833281,-0.008046371,0.008377503,-0.012449934,-0.007484057,-0.003230337,0.019503967,-0.005451004,-0.003634298,-0.02247201,-0.007536163,-0.008629837,-0.002612869,-0.005096871,-0.01123941,3.96187E-05
BR9_main,6.099393939,0.012717314,0.000317195,-0.000277998,-0.006485046,-0.028893206,-0.006434901,0.001262185,-0.003657912,-0.004193952,0.012350513,0.000465401,-0.170921245,0.000314417,-0.014490373,0.000832923,-0.002824425,-0.008048441,0.009992147,-0.012742546,-0.007229055,-0.003186902,0.018632322,-0.005393472,-0.003801106,-0.02185912,-0.007082329,-0.008538309,-0.002563901,-0.005090144,-0.011174884,3.70513E-05
BR9_main,6.218989899,0.011722382,0.000412958,-0.00022005,-0.006402735,-0.028028942,-0.007304669,0.001183956,-0.003789072,-0.00421563,0.011670693,0.000478411,-0.174449812,0.000298433,-0.013712394,0.000653346,-0.002819586,-0.008018898,0.009193075,-0.012412314,-0.007093713,-0.003348214,0.017173316,-0.005364123,-0.004565197,-0.021299332,-0.006669554,-0.008465783,-0.002501846,-0.005123027,-0.01104636,3.54017E-05
BR9_main,6.338585859,0.010769773,0.000518492,-0.000144086,-0.006251175,-0.026606228,-0.008161053,0.001216704,-0.003969124,-0.004294114,0.011416174,0.000482997,-0.177910755,0.000284225,-0.012786266,0.000508545,-0.002800627,-0.007909676,0.008235935,-0.012253142,-0.007076608,-0.003195635,0.01475154,-0.005321172,-0.004582359,-0.020876546,-0.006318659,-0.00845858,-0.002472047,-0.005191152,-0.010929032,3.30623E-05
BR9_main,6.458181818,0.009927548,0.000515867,-9.50228E-05,-0.006163021,-0.024443203,-0.008539536,0.001261238,-0.004262956,-0.004294572,0.011124366,0.000506273,-0.180358262,0.000271684,-0.011511559,0.000265623,-0.002729251,-0.007809251,0.007145737,-0.01150884,-0.007281108,-0.003130423,0.01252101,-0.005275931,-0.004996563,-0.020558947,-0.0060007,-0.008377906,-0.002408306,-0.00528818,-0.010800503,3.14457E-05
BR9_main,6.577777778,0.008964976,0.000557162,-7.28273E-05,-0.006170169,-0.024926453,-0.008564565,0.001328217,-0.004424564,-0.004299693,0.010915834,0.000508245,-0.18273165,0.000260658,-0.011428714,0.000250016,-0.002683259,-0.00774068,0.005676802,-0.011091917,-0.006956465,-0.003117005,0.010935872,-0.005212685,-0.005313929,-0.020331303,-0.005702979,-0.00825526,-0.002433218,-0.00539343,-0.010629991,2.91628E-05
BR9_main,6.697373737,0.00818403,0.00056933,-7.43947E-05,-0.00604064,-0.024270935,-0.00854909,0.001373265,-0.004310052,-0.004260907,0.010806438,0.000501738,-0.185086296,0.000250998,-0.010336675,0.000267009,-0.00265985,-0.00768094,0.005115672,-0.010285464,-0.00650036,-0.003006595,0.010515542,-0.005091298,-0.005602298,-0.020180598,-0.005402094,-0.008164015,-0.002429363,-0.005444536,-0.010421882,2.78767E-05
BR9_main,6.816969697,0.007370343,0.000568356,-7.45893E-05,-0.0058352,-0.0205907,-0.008262715,0.001360702,-0.003874649,-0.004221989,0.010546228,0.000472044,-0.187327443,0.000242564,-0.009047218,0.000290538,-0.002577833,-0.007618529,0.004492578,-0.009925767,-0.00678839,-0.003079656,0.010543647,-0.004961769,-0.005025995,-0.020071143,-0.005136448,-0.008007257,-0.002416646,-0.005463734,-0.010208595,2.68828E-05
BR9_main,6.936565657,0.006552608,0.000591486,-0.000119224,-0.005589096,-0.016806826,-0.008173962,0.001403016,-0.004086517,-0.004190819,0.010602951,0.000454547,-0.188684968,0.000235229,-0.009243954,0.000336806,-0.002550946,-0.007510437,0.004374242,-0.009798156,-0.00681877,-0.003142638,0.010637023,-0.004855995,-0.004664277,-0.019929415,-0.004890329,-0.007812947,-0.00239797,-0.00549554,-0.009945461,2.57715E-05
BR9_main,7.056161616,0.005864405,0.000654167,-0.000191843,-0.005272173,-0.01650865,-0.007502544,0.001518102,-0.004500204,-0.004189435,0.01039789,0.000403444,-0.190081913,0.000228882,-0.009212387,0.000507608,-0.002480519,-0.007306883,0.00420574,-0.010018186,-0.006615604,-0.003055476,0.010714506,-0.004756951,-0.004608981,-0.019744272,-0.004664639,-0.007645942,-0.002400582,-0.005487352,-0.009671275,2.45483E-05
BR9_main,7.175757576,0.005233163,0.000707669,-0.000463633,-0.00498323,-0.015037753,-0.007044028,0.001612356,-0.004863106,-0.004192793,0.010030813,0.000388594,-0.191296693,0.00022346,-0.008364624,0.00067056,-0.002397826,-0.007163089,0.00384548,-0.009949911,-0.00610892,-0.003029703,0.010739881,-0.00463751,-0.004669191,-0.019550595,-0.00446463,-0.007416749,-0.002383608,-0.005481209,-0.009411894,2.34696E-05
BR9_main,7.295353535,0.004661814,0.000851493,-0.000854408,-0.004696352,-0.014494921,-0.006621791,0.001796614,-0.005165057,-0.004191315,0.009812013,0.000377633,-0.192010861,0.00022027,-0.008091789,0.000853833,-0.002330186,-0.006924162,0.003519437,-0.010274639,-0.005822883,-0.002980202,0.010846169,-0.004487515,-0.004075325,-0.019391203,-0.004284058,-0.007101751,-0.002311091,-0.00547778,-0.009066619,2.29616E-05
BR9_main,7.414949495,0.004106693,0.001039348,-0.001694097,-0.004455692,-0.013734987,-0.005965514,0.001878825,-0.005022457,-0.004179244,0.009881557,0.00036374,-0.192555202,0.000221321,-0.007058778,0.00108648,-0.002274776,-0.006667413,0.003348258,-0.010174603,-0.005349083,-0.002863202,0.010945835,-0.004333855,-0.003113983,-0.01925162,-0.004110823,-0.006834711,-0.002267712,-0.005458859,-0.008761814,2.20192E-05
BR9_main,7.534545455,0.003624112,0.001183541,-0.002504641,-0.004169998,-0.013070659,-0.005747313,0.001953029,-0.004764578,-0.004166726,0.009986996,0.000340412,-0.192768011,0.000238741,-0.006255109,0.001359122,-0.002202993,-0.006406476,0.002975529,-0.010204365,-0.004820128,-0.002725919,0.010989609,-0.004199442,-0.002771352,-0.019167936,-0.003951631,-0.006522476,-0.002240363,-0.005423111,-0.008412101,2.17073E-05
BR9_main,7.654141414,0.003175006,0.001295957,-0.002988701,-0.003892754,-0.01231758,-0.005298153,0.001799695,-0.004478804,-0.004152889,0.010213582,0.000309933,-0.192573511,0.000268834,-0.005708471,0.001614277,-0.002101216,-0.006116815,0.002522106,-0.01006132,-0.004457267,-0.002566917,0.010993291,-0.004051634,-0.002672611,-0.01902859,-0.003800079,-0.00620612,-0.002228266,-0.005381551,-0.008066816,2.15023E-05
BR9_main,7.773737374,0.002776075,0.001303435,-0.003162928,-0.003735259,-0.012644652,-0.004655037,0.001738443,-0.00442364,-0.004103304,0.01036344,0.000294864,-0.192085691,0.000387635,-0.005852917,0.002027531,-0.001915113,-0.005801548,0.001993315,-0.009605945,-0.004711365,-0.002488558,0.010970971,-0.003895674,-0.003290808,-0.018852828,-0.003641796,-0.005906132,-0.00220406,-0.005330544,-0.007675285,2.12048E-05
BR9_main,7.893333333,0.002434546,0.001315924,-0.003326084,-0.003573833,-0.0127267,-0.004069327,0.001748544,-0.004288741,-0.004046006,0.010316431,0.000277707,-0.191400532,0.000448082,-0.00638682,0.002549462,-0.001696659,-0.005450343,0.001695477,-0.008708445,-0.003907609,-0.002328697,0.010921593,-0.003735784,-0.003365695,-0.018682007,-0.003500964,-0.005653558,-0.002125826,-0.005272635,-0.007270796,2.09444E-05
BR9_main,8.012929293,0.002121886,0.001164899,-0.003470105,-0.003300137,-0.012133624,-0.003937483,0.001806641,-0.004195994,-0.003982623,0.010081566,0.000270669,-0.190445296,0.000468713,-0.006585318,0.003177427,-0.001515539,-0.005161868,0.001327224,-0.007829826,-0.002668868,-0.00210071,0.010844435,-0.003621761,-0.003041529,-0.0185109,-0.003331118,-0.005352136,-0.002053475,-0.005208866,-0.006895137,2.09921E-05
BR9_main,8.132525253,0.001845433,0.001072061,-0.003576697,-0.003148708,-0.011401473,-0.003523966,0.001754564,-0.004138458,-0.003924889,0.009735912,0.000258838,-0.189094182,0.000443475,-0.006278138,0.004193678,-0.001466639,-0.004890457,0.000988057,-0.006381879,-0.002420849,-0.001855613,0.010739658,-0.003452534,-0.002842577,-0.01827604,-0.003165592,-0.005069983,-0.001968502,-0.005138572,-0.006598549,2.09843E-05
BR9_main,8.252121212,0.001607135,0.001004157,-0.002622565,-0.002911788,-0.010297051,-0.003296261,0.001627558,-0.003664286,-0.003821211,0.009508227,0.000252461,-0.187200273,0.000388852,-0.006260767,0.004903298,-0.001399164,-0.004619915,0.000437345,-0.005384672,-0.002754207,-0.001634807,0.010607821,-0.00329599,-0.002375815,-0.018111973,-0.002985195,-0.004744415,-0.001865921,-0.005064022,-0.00629748,2.09564E-05
BR9_main,8.371717172,0.001422406,0.000806313,-0.001857843,-0.002694481,-0.009704595,-0.00320365,0.001314183,-0.002800458,-0.003691288,0.00944516,0.000252111,-0.185015884,0.000297664,-0.006256858,0.005572392,-0.001342033,-0.004242092,-0.000558116,-0.004773183,-0.00274207,-0.001372194,0.010493814,-0.003125538,-0.002066448,-0.017879725,-0.00275898,-0.004363824,-0.001751048,-0.004975506,-0.006012499,2.13191E-05
BR9_main,8.491313131,0.001261419,0.000598543,-0.001304107,-0.002569657,-0.009606198,-0.002713034,0.000960162,-0.002673986,-0.00354472,0.009348186,0.000245191,-0.182401566,0.000280627,-0.005927822,0.006275851,-0.001285712,-0.003939571,-0.000937913,-0.004666741,-0.002547854,-0.001170729,0.010595562,-0.002951327,-0.001404182,-0.017617454,-0.002457035,-0.003981737,-0.001626095,-0.00486811,-0.005719868,2.14095E-05
BR9_main,8.610909091,0.001104668,0.000446228,-0.000904731,-0.002468655,-0.009321911,-0.00240087,0.000767422,-0.00369496,-0.003431408,0.009023259,0.000248235,-0.179869088,0.000261847,-0.005887753,0.006933941,-0.001259257,-0.00373783,-0.001052253,-0.005236881,-0.002174848,-0.001069736,0.010665037,-0.002822263,-0.000905163,-0.017281127,-0.002173476,-0.003472923,-0.001479108,-0.004717624,-0.005430176,2.15769E-05
BR9_main,8.730505051,0.001001316,0.000350155,-0.000683438,-0.002468627,-0.0097175,-0.002238695,0.000647869,-0.003961782,-0.003261051,0.008475209,0.000242159,-0.176997237,0.000242073,-0.00565534,0.007016111,-0.001228399,-0.003483767,-0.001148774,-0.005473052,-0.002093166,-0.001018451,0.010610756,-0.002667122,-0.000652032,-0.016833263,-0.001922052,-0.003178399,-0.00136316,-0.004532347,-0.005184777,2.18811E-05
BR9_main,8.85010101,0.000986331,0.000278462,-0.000691902,-0.002393885,-0.009937205,-0.002703095,0.000617554,-0.003631691,-0.003050743,0.008052753,0.000238212,-0.173676377,0.000239204,-0.005140871,0.008061129,-0.001213658,-0.003191858,-0.001225495,-0.0055882,-0.001946713,-0.001022498,0.01057343,-0.002476362,-0.000890808,-0.016322793,-0.001671747,-0.003145754,-0.001271917,-0.004274536,-0.005068315,2.22343E-05
BR9_main,8.96969697,0.000945217,0.00025218,-0.000586357,-0.002193732,-0.009396066,-0.002585055,0.000586278,-0.003181631,-0.0028352,0.00758257,0.000232474,-0.170454192,0.000251748,-0.004826733,0.00808864,-0.001162379,-0.002962626,-0.001228667,-0.005506541,-0.001964024,-0.00112474,0.010883824,-0.002312589,-0.00111098,-0.015732542,-0.001403593,-0.003030022,-0.001177887,-0.004018928,-0.00485071,2.23102E-05
BR9_main,9.089292929,0.000899412,0.000203543,-0.000492304,-0.002035311,-0.008646746,-0.002444323,0.000576441,-0.002652624,-0.002570601,0.007279365,0.000214786,-0.168157325,0.000268675,-0.004742367,0.007644264,-0.001145986,-0.002713251,-0.000962109,-0.005553375,-0.00203114,-0.001044001,0.011171964,-0.002164472,-0.000840058,-0.015243291,-0.001104359,-0.002880967,-0.001090819,-0.003730261,-0.00468721,2.24005E-05
BR9_main,9.208888889,0.000863348,0.000257726,-0.000347808,-0.00194223,-0.008551608,-0.002195306,0.000569014,-0.003156313,-0.00234634,0.007085797,0.000211565,-0.167297931,0.000296956,-0.004910549,0.007198537,-0.001150483,-0.002623683,-0.000305123,-0.005450277,-0.001905079,-0.001107624,0.011436636,-0.002064948,-0.000592792,-0.014780904,-0.000908418,-0.002755268,-0.001053928,-0.003447677,-0.00454539,2.23645E-05
BR9_main,9.328484848,0.000855816,0.00035806,-0.000276235,-0.00183659,-0.009569513,-0.001418204,0.000558455,-0.002507014,-0.002168926,0.007065489,0.000212864,-0.167656957,0.00033326,-0.004336327,0.007585483,-0.001156152,-0.002727046,0.00083579,-0.005173618,-0.001894823,-0.001068635,0.01170256,-0.00223134,-0.000529962,-0.01442159,-0.000738451,-0.0026879,-0.001085093,-0.003175746,-0.004501374,2.23731E-05
BR9_main,9.448080808,0.000851063,0.000388631,-0.000277089,-0.001754237,-0.008728745,-0.001871818,0.000535679,-0.002359802,-0.002072724,0.007026764,0.000208642,-0.169260337,0.000370411,-0.004084446,0.007608195,-0.001161098,-0.00279343,0.001343893,-0.005321768,-0.001739048,-0.000946209,0.011985918,-0.002215913,-0.000468755,-0.014138167,-0.000476,-0.002450754,-0.001087557,-0.002919401,-0.004449686,2.21957E-05
BR9_main,9.567676768,0.000849573,0.000486586,-0.000321897,-0.001715674,-0.008349464,-0.002122736,0.000662563,-0.003145659,-0.001997324,0.006971434,0.000208733,-0.169475915,0.000402689,-0.003761676,0.007812132,-0.001166132,-0.002649454,0.001850263,-0.005418934,-0.001633294,-0.000980031,0.012390771,-0.002248073,-0.000519409,-0.013820414,-0.000244099,-0.002512132,-0.001066753,-0.002729142,-0.004539361,2.19889E-05
BR9_main,9.687272727,0.000849943,0.000653344,-0.000423856,-0.001789518,-0.008322453,-0.001933834,0.000774785,-0.00320037,-0.00192843,0.009040959,0.000210399,-0.1691057,0.000440369,-0.00363544,0.008002234,-0.001156965,-0.002567033,0.002197567,-0.005643414,-0.001651661,-0.000999448,0.012819058,-0.00212817,-0.000309414,-0.013607952,-6.47543E-05,-0.002292526,-0.001083351,-0.002576576,-0.004565923,2.23539E-05
BR9_main,9.806868687,0.000851793,0.000821252,-0.00060405,-0.001829878,-0.009340182,-0.002087705,0.00086421,-0.004249592,-0.002002269,0.010516908,0.00021684,-0.16898251,0.000506935,-0.003460603,0.008312128,-0.001137162,-0.00251416,0.002311639,-0.005710562,-0.001610664,-0.0009284,0.013240528,-0.00203033,-0.00034966,-0.01335123,0.000147821,-0.002581054,-0.001031297,-0.00239153,-0.004674854,2.29348E-05
BR9_main,9.926464646,0.000854874,0.000970511,-0.000754701,-0.001822171,-0.010297752,-0.001611818,0.000883953,-0.003477707,-0.002001608,0.010373484,0.000226986,-0.167308868,0.000594164,-0.003164813,0.008703052,-0.001143409,-0.002593474,0.002173906,-0.005821469,-0.001730991,-0.000887199,0.013643735,-0.001981166,-0.000271324,-0.013082305,0.000371029,-0.002255264,-0.001010498,-0.002284537,-0.004643464,2.35307E-05
BR9_main,10.04606061,0.000858819,0.000802872,-0.000965556,-0.001887354,-0.010030261,-0.001242405,0.00092724,-0.003385502,-0.002134787,0.008643944,0.000237068,-0.1658613,0.000661041,-0.002412472,0.009848564,-0.001125818,-0.002307173,0.001730506,-0.005806361,-0.001854215,-0.000725892,0.013988534,-0.001951148,-0.000290042,-0.012824711,0.000862392,-0.001838671,-0.001035476,-0.002236714,-0.004450438,2.37827E-05
BR9_main,10.16565657,0.000863441,0.000545372,-0.001198195,-0.002007325,-0.011154127,-0.000804866,0.001359672,-0.003490675,-0.001900351,0.006565233,0.00024773,-0.164324047,0.000753413,-0.00203238,0.010484837,-0.001084383,-0.002164347,0.001063341,-0.005851374,-0.0017802,-0.00071276,0.014386533,-0.001485262,-0.000316187,-0.012644345,0.001357116,-0.001438185,-0.001081707,-0.002161463,-0.004070783,2.36003E-05
BR9_main,10.28525253,0.000869362,0.000435498,-0.001415884,-0.002018012,-0.010981102,-0.000293476,0.002012084,-0.001117655,-0.001760082,0.007325559,0.000260417,-0.162731003,0.000890875,-0.002686812,0.011003694,-0.00103234,-0.002136009,0.000324513,-0.00589965,-0.001585319,-0.000814159,0.015116091,-0.000719025,-0.000391541,-0.01244312,0.001661305,-0.001584951,-0.001133754,-0.002154297,-0.004080662,2.33901E-05
BR9_main,10.40484848,0.000878016,0.000440371,-0.001439642,-0.002034953,-0.010765182,4.89681E-06,0.001480572,0.000623551,-0.001287843,0.009098616,0.000284661,-0.161535538,0.000968649,-0.003146741,0.011059564,-0.001012913,-0.002188575,-0.000301804,-0.00577235,-0.001245363,-0.000825295,0.0169397,-0.000429164,-0.000555661,-0.012345887,0.00139859,-0.001575287,-0.00114574,-0.001774506,-0.004274944,2.22356E-05
BR9_main,10.52444444,0.000886744,0.000450088,-0.001459431,-0.001913991,-0.00988036,0.000885102,0.001597105,0.000843905,-0.001167063,0.012044892,0.000330602,-0.159199815,0.00109959,-0.002810728,0.010447798,-0.000950253,-0.002468794,-0.00034148,-0.005535701,-0.001102849,-0.000794169,0.019074248,-0.000684718,-0.00048735,-0.012241072,0.001490004,-0.001870453,-0.001143015,-0.001068771,-0.00438324,2.15694E-05
BR9_main,10.6440404,0.000895521,0.00055601,-0.00162188,-0.001683966,-0.009154579,0.00207356,0.001590037,0.001111598,-0.001526473,0.015282864,0.000354703,-0.150836795,0.001219565,-0.004132378,0.009550414,-0.000752871,-0.002687604,-0.000301848,-0.005421941,-0.001024471,-0.000828026,0.0203534,-0.001011246,-0.000572539,-0.012024013,0.001266103,-0.002085642,-0.001156596,-0.00019804,-0.004202718,2.1687E-05
BR9_main,10.76363636,0.000904328,0.000552264,-0.001638961,-0.001464946,-0.00942165,0.00364052,0.001613148,-0.00036085,-0.001654379,0.016550899,0.000371093,-0.142346112,0.001273552,-0.004134564,0.007569429,-0.000705316,-0.002631834,-0.000192093,-0.005115897,-0.000841779,-0.000832488,0.020443867,-0.001560758,-0.000705973,-0.011966288,0.001201808,-0.001646942,-0.001153387,0.000476183,-0.004012732,2.22943E-05
BR9_main,10.88323232,0.000913152,0.000584818,-0.001486471,-0.001236189,-0.010573549,0.004977495,0.001378363,0.000219963,-0.001405837,0.015134836,0.000396404,-0.132490818,0.001185792,-0.005035989,0.007415153,-0.000682161,-0.002619179,7.96242E-05,-0.004878459,-0.000710232,-0.000796583,0.01937484,-0.001644975,-0.000578974,-0.011805627,0.001312168,-0.001124655,-0.001163437,0.000408238,-0.003836426,2.41196E-05
BR9_main,11.00282828,0.000921855,0.00051641,-0.001311151,-0.001021244,-0.009853611,0.008285592,0.000976795,0.000886225,-0.001312755,0.011481662,0.000412366,-0.118719353,0.001094395,-0.004769551,0.007542322,-0.000674294,-0.002569965,0.000610114,-0.004600243,-0.001100406,-0.000730931,0.018256016,-0.002144046,-0.000637245,-0.011569762,0.002184062,-0.001370117,-0.001145265,-0.000511361,-0.00368255,2.49583E-05
BR9_main,11.12242424,0.000930402,0.000561133,-0.001010233,-0.000819916,-0.010261178,0.01058442,0.000257003,0.002499593,-0.001002375,0.009811218,0.000426352,-0.11543022,0.000869302,-0.004399803,0.007970506,-0.000730906,-0.002428839,0.000534031,-0.004486488,-0.001762203,-0.000632607,0.019660743,-0.001903384,-0.001016643,-0.011289208,0.002779339,-0.001006441,-0.001111582,-0.001839541,-0.00357993,2.41629E-05
BR9_main,11.2420202,0.000938909,0.000683928,-0.000259354,-0.00064291,-0.009745271,0.009983025,-0.000392672,0.007110692,-0.000792762,0.008403087,0.000433399,-0.119732493,0.000745935,-0.003013831,0.008332528,-0.000830729,-0.002484815,0.001842686,-0.004387931,-0.001708188,-0.00026405,0.02123272,-0.001081898,-0.000855547,-0.010683948,0.003314834,-0.000844469,-0.000981456,-0.001691918,-0.003453648,2.15432E-05
BR9_main,11.36161616,0.0009474,0.000657238,0.000263295,-0.000688186,-0.006698992,0.00798302,-0.000498851,0.009631034,-0.000653321,0.005641869,0.00046781,-0.123571911,0.000850257,0.000212372,0.01039661,-0.00091274,-0.001858193,0.005012694,-0.004144327,-0.001391507,-0.000170407,0.023207485,-0.000960947,-0.000990945,-0.010050408,0.004107841,-0.000572854,-0.000827824,-0.001346324,-0.003062077,2.0892E-05
BR9_main,11.48121212,0.000955873,0.000642075,0.001840251,-0.000524033,-0.000789867,-0.000299346,-0.00084356,0.011932281,-0.000780447,0.004921107,0.000549281,-0.124475597,0.000977219,0.006144974,0.012420337,-0.000916721,-0.001182889,0.008476161,-0.003685695,-0.001092323,-0.000196336,0.025283489,-0.00084526,-0.001668391,-0.008561538,0.003628477,-0.000528091,-0.000591422,-0.00099364,-0.002269398,2.21391E-05
BR9_main,11.60080808,0.000964324,0.00084541,0.003125111,-0.000415566,0.010439765,-0.00200433,-0.000409068,0.019123469,-0.000814453,0.005355923,0.000631412,-0.091865791,0.001501388,0.011537835,0.015546651,-0.000926784,-0.000579123,0.013240075,-0.002522698,-0.000780144,-0.00012959,0.030508473,-0.000282295,-0.001559231,-0.007119069,0.006248881,-0.001146496,-0.00039068,-0.000598192,-0.001563817,2.56629E-05
BR9_main,11.72040404,0.000972751,0.000870585,0.004340739,-0.0002909,0.025353178,-0.002561967,0.000991661,0.025387595,-0.000651627,0.005612694,0.000691041,-0.096322269,0.00173893,0.016452929,0.018359516,-0.000920652,-0.00024565,0.016241474,-0.001369301,-0.000829567,-0.000108034,0.034911222,-9.49468E-05,-0.001102928,-0.005769852,0.009465735,-0.000624372,-0.000215231,-0.000188121,-0.001371886,3.54665E-05
BR9_main,11.84,0.000981152,0.000815962,0.005004397,-0.000109802,0.037093467,-0.003708759,0.001930396,0.027217263,-0.000213427,0.005985317,0.000711854,-0.083030077,0.001842186,0.020222414,0.021504023,-0.000906882,-0.000516311,0.018390202,-0.000616721,-0.000517282,-5.30247E-05,0.036678994,-0.000321854,-0.000730967,-0.004574179,0.011054629,-0.000187085,-0.000107751,0.000147662,-0.001209089,5.50278E-05
BR10_main,0,0.020662513,0.048957566,1.199908377,-0.008128363,5.642551584,0.381041697,0.094106233,1.158933242,-0.000701189,0.785149057,0.099951387,-0.225474259,0.165710171,0.398468484,0.054598005,-0.006597861,-0.044656942,2.479341939,-0.035282464,-0.025177464,-0.011229107,1.376666067,-0.00435479,-0.033074022,3.228521125,0.319556466,-0.02290926,-0.005683379,0.227681819,-0.025194019,0.000351706
BR10_main,0.11959596,0.027134408,0.040940325,0.999652921,-0.021274172,3.427701811,0.310653832,0.094497845,1.074070586,-0.00200971,0.893541396,0.058722308,-0.227623524,0.000769951,0.342754415,0.053366683,-0.006664571,-0.050691111,2.222963378,-0.04421208,-0.026573073,-0.011037705,1.130636786,-0.007036813,-0.057148577,1.772741974,-0.226372485,-0.035429787,-0.011041888,0.08527197,-0.03313183,0.000298782
BR10_main,0.239191919,0.032186892,0.030075684,0.602087726,-0.024138144,1.337156547,0.188534544,0.05487831,0.794980554,-0.002702507,0.632956187,0.019602436,-0.236781031,-0.326080824,0.236931809,0.057212471,-0.006346556,-0.052416971,1.674843275,-0.051980102,-0.026290111,-0.008785417,0.699938695,-0.004732699,-0.071720077,0.579190186,-0.469334902,-0.037427502,-0.016371946,0.031395688,-0.034578023,0.000247695
BR10_main,0.358787879,0.035909848,0.018728733,0.383375745,-0.022581782,0.538056197,0.106752119,0.030128699,0.736835059,-0.003469892,0.572223585,0.01445964,-0.254061681,-0.183444628,0.103702593,0.086040009,-0.004231872,-0.048692618,1.443384312,-0.047762042,-0.023134483,-0.006421337,0.528907433,-0.012412897,-0.05603336,1.219175299,-0.379787462,-0.038145195,-0.016736504,0.033109535,-0.035438317,0.000193446
BR10_main,0.478383838,0.038395744,0.009235258,0.383178032,-0.020619118,0.432512034,0.052939401,0.015374009,0.527838802,-0.003366289,1.057693268,0.018630305,-0.243915296,0.276290782,0.046163315,0.119049395,-0.002830522,-0.027936292,1.27787267,-0.049608911,-0.022665388,-0.00504915,0.444395822,-0.016085594,-0.045508587,2.548144129,0.364275754,-0.021351128,-0.013250705,0.112610421,-0.035235239,0.000161383
BR10_main,0.597979798,0.040047692,0.003915389,0.298749849,-0.015432841,0.455884224,0.020827605,0.008612103,0.343163163,-0.003622803,1.24302123,0.023858147,-0.261842857,0.446906373,0.039873989,0.114489456,-0.005058576,-0.006301623,1.240631235,-0.044586281,-0.017022935,-0.007571813,0.450319288,-0.017578527,-0.028173574,3.148192076,0.756931725,-0.011706217,-0.006915668,0.139741324,-0.031602711,0.000149603
BR10_main,0.717575758,0.041023834,0.008217351,0.228336197,-0.010253962,0.470000621,0.009867935,0.007028885,0.294525513,-0.003691843,1.110957626,0.026221622,-0.21975649,0.343772735,0.077147288,0.098782085,-0.005104641,-0.010936531,1.221700625,-0.033150574,-0.015455043,-0.007023642,0.509559614,-0.019210539,-0.007896209,2.951662388,0.80991915,-0.014900771,-0.002959733,0.127176572,-0.028347732,0.0001695
BR10_main,0.837171717,0.041584985,0.012234338,0.163869867,-0.006001515,0.361917665,0.009743817,0.007916442,0.211341552,-0.003647525,0.789765487,0.018694436,-0.208366769,0.200253725,0.113584936,0.085444087,-0.003184421,-0.015503952,1.367635062,-0.033186749,-0.009978264,-0.005882767,0.545357205,-0.015152302,-0.004079529,2.196573808,0.702885101,-0.016563936,-0.001631751,0.097583123,-0.024700354,0.000164591
BR10_main,0.956767677,0.041923339,0.013660425,0.148304068,-0.003597555,0.287782058,0.008101069,0.00965773,0.214302661,-0.003809516,0.527070806,0.010523161,-0.201364232,0.037242351,0.109809836,0.071112448,-0.002781568,-0.010617325,1.323392049,-0.030684472,-0.006737489,-0.003393602,0.513432219,-0.011004556,-0.009321362,1.551660316,0.46846437,-0.017484042,-0.000767969,0.064271371,-0.026938998,0.000141951
BR10_main,1.076363636,0.042115362,0.013410761,0.143466305,-0.002828446,0.240253238,0.006062689,0.008226577,0.232796627,-0.004753118,0.352744932,0.008709331,-0.214061935,-0.093393849,0.092404467,0.054715246,-0.002172213,-0.006347873,1.013623835,-0.025436645,-0.005304359,-0.003034652,0.426683127,-0.011218483,-0.008667768,0.518131443,0.379350758,-0.014209409,-0.000579526,0.045614054,-0.02813992,0.000104458
BR10_main,1.195959596,0.042234606,0.012194987,0.146656529,-0.002848434,0.24650123,0.010367728,0.007442326,0.199891665,-0.004113051,0.208156014,0.016218446,-0.163860236,-0.089912604,0.076940013,0.04260095,-0.00179496,-0.006708625,0.85436678,-0.022403135,-0.006974259,-0.001889831,0.309860032,-0.0111692,-0.007789158,0.371121363,0.193190304,-0.009050817,-0.000827395,0.029783551,-0.026832067,8.08327E-05
BR10_main,1.315555556,0.042304189,0.010895724,0.173819741,-0.003400978,0.831761107,0.01152901,0.005562323,0.151655073,-0.003628297,0.137657679,0.01872147,-0.127957948,-0.074573386,0.068209306,0.036575243,-0.001854901,-0.010881031,0.733850097,-0.019122353,-0.009748291,-0.002003142,0.240044289,-0.007634347,-0.006347349,0.423902089,0.15193274,-0.003788499,-0.00099568,0.017658569,-0.024566108,6.98754E-05
BR10_main,1.435151515,0.042332268,0.009080476,0.196771347,-0.004245923,1.178414871,0.015795997,0.005171409,0.110997692,-0.003186938,0.148035017,0.012259911,-0.128403306,-0.04317117,0.056765266,0.038396513,-0.002017304,-0.012092139,0.588014205,-0.015604127,-0.013353519,-0.002386205,0.192832165,-0.006333412,-0.007141544,0.523809354,0.143344526,-0.003290916,-0.001353251,0.007541321,-0.02271992,6.39186E-05
BR10_main,1.554747475,0.042333979,0.006763754,0.218210669,-0.005276355,1.498916375,0.018304693,0.004636729,0.067031804,-0.003228057,0.166753986,0.007195021,-0.121054337,-0.048259555,0.045055288,0.045142575,-0.002290703,-0.006056769,0.587520149,-0.013191226,-0.013938246,-0.001891982,0.150513505,-0.005939709,-0.005355654,0.383227987,0.152295617,-0.003373672,-0.001378869,0.003030664,-0.020360516,6.05689E-05
BR10_main,1.674343434,0.042312532,0.005225483,0.21875027,-0.006576465,1.388397393,0.01900939,0.004143852,0.049690276,-0.003223191,0.152133112,0.002902903,-0.087315769,-0.076574754,0.037244637,0.054018401,-0.002879279,-0.005307028,0.642498884,-0.012030702,-0.013664997,-0.002122005,0.111351606,-0.00557013,-0.004477862,0.410812331,0.118123291,-0.00344674,-0.001609855,-0.000150921,-0.015490995,5.85291E-05
BR10_main,1.793939394,0.04225245,0.003612269,0.175324241,-0.008152361,0.906943503,0.018618516,0.003827263,0.032886171,-0.002892754,0.123592387,0.002031367,-0.068505899,-0.086551751,0.028990256,0.061084773,-0.002850785,-0.006548631,0.647471173,-0.009145392,-0.012408299,-0.002360867,0.080694526,-0.005081319,-0.003135252,0.261694093,0.053434541,-0.003667686,-0.00201474,-0.001467268,-0.012596269,5.51784E-05
BR10_main,1.913535354,0.042155757,0.002595585,0.125619901,-0.008447524,0.473060621,0.016572927,0.00365902,0.021377128,-0.002380554,0.106346827,0.001885558,-0.059941969,-0.089139307,0.021011501,0.060315465,-0.002603558,-0.006632627,0.570212064,-0.008015889,-0.011142156,-0.002652499,0.059375042,-0.003075456,-0.003564859,0.149439608,0.009661978,-0.004276901,-0.002088129,0.001052773,-0.008854962,5.42317E-05
BR10_main,2.033131313,0.04200664,0.001976285,0.093124531,-0.00952604,0.209360655,0.014989164,0.003507596,0.008922664,-0.002094552,0.111565651,0.001870388,-0.052578486,-0.103364722,0.013967744,0.048710329,-0.002386558,-0.002225361,0.498101322,-0.007741524,-0.010292117,-0.002130393,0.045366702,-0.004509886,-0.002818023,0.081682627,-0.009340335,-0.004323068,-0.001648661,9.11744E-05,-0.006830893,5.3392E-05
BR10_main,2.152727273,0.04175178,0.001499696,0.074971964,-0.009820663,0.086196747,0.012167167,0.00362681,0.003633928,-0.002059635,0.092010364,0.001546449,-0.048432155,-0.075634011,0.008028128,0.038143942,-0.001820139,-0.001019993,0.427425237,-0.00765371,-0.010248361,-0.001694877,0.033956508,-0.004108401,-0.001514588,0.161581244,-0.01256953,-0.00480158,-0.001450839,-0.001824537,-0.008529977,5.19197E-05
BR10_main,2.272323232,0.04137674,0.001221725,0.056882021,-0.009782051,0.055364924,0.01047999,0.003737487,0.001737323,-0.002305365,0.090612099,0.001573284,-0.051430809,-0.039293346,0.001115656,0.030969393,-0.001560836,-0.001220096,0.403601019,-0.007870103,-0.008885359,-0.00221793,0.024689811,-0.003051226,-0.002202613,0.232045331,-0.013593708,-0.005419106,-0.001400216,-0.003422043,-0.005653729,5.10769E-05
BR10_main,2.391919192,0.040852795,0.000928063,0.047779852,-0.009659333,0.064435341,0.009012568,0.003809952,0.001227754,-0.002351891,0.090232238,0.001701738,-0.053450707,-0.017981131,-0.003793306,0.030128959,-0.001202028,-0.002211279,0.333174924,-0.008304243,-0.009153096,-0.002427446,0.01848262,-0.002125636,-0.00206081,0.216086874,-0.011678056,-0.006563414,-0.001421697,-0.00341331,-0.004695316,4.86218E-05
BR10_main,2.511515152,0.040092714,0.000757024,0.051473102,-0.00874019,0.058090346,0.007123226,0.003783335,0.001015703,-0.002488454,0.092889214,0.001616844,-0.056495098,-0.008397197,-0.008554988,0.032148089,-0.001471111,-0.001364936,0.245381492,-0.008509204,-0.008748639,-0.002894366,0.013041399,-0.001892537,-0.000809219,0.153120376,-0.012536933,-0.007912809,-0.000945386,-0.003065707,-0.004629354,4.99642E-05
BR10_main,2.631111111,0.039043019,0.000623448,0.052822897,-0.009000244,0.061556573,0.004237636,0.003609661,0.000107222,-0.002580418,0.090834446,0.001540409,-0.064631983,-0.003939756,-0.008480348,0.035195481,-0.001842293,-0.001647612,0.196561375,-0.00636566,-0.009574491,-0.002717257,0.008184718,-0.001472398,-0.001818761,0.120530973,-0.011368097,-0.00924857,-0.000813687,-0.002827278,-0.003222118,5.17907E-05
BR10_main,2.750707071,0.037483186,0.000526382,0.047463605,-0.008284043,0.046858885,0.001235606,0.003301572,-0.000306867,-0.002687602,0.08760012,0.001501272,-0.076797612,-0.001846579,-0.007893898,0.038564421,-0.001877309,-0.002957834,0.170097462,-0.005961945,-0.009028353,-0.002928631,0.005728928,-0.001329391,-0.002221062,0.04434468,-0.009124763,-0.00936125,-0.000648821,-0.001941404,-0.001982891,5.16774E-05
BR10_main,2.87030303,0.035451823,0.000423844,0.035894297,-0.007989515,0.022758723,-0.000974337,0.003309257,-0.000641134,-0.002993433,0.080682692,0.001301766,-0.078445346,-0.000818359,-0.005401801,0.034379411,-0.001938952,-0.004162143,0.111975285,-0.006214636,-0.00877005,-0.002814234,0.003819068,-0.00086834,-0.002932648,0.002329086,-0.013079405,-0.009149412,-0.000634745,-0.001434291,-0.003160636,5.59824E-05
BR10_main,2.98989899,0.033097126,0.000334401,0.023098755,-0.008049843,0.020748727,-0.002108804,0.003277444,-0.001438306,-0.003419266,0.073966976,0.001043001,-0.078441503,-0.000153335,-0.005466059,0.030019754,-0.002067646,-0.00430614,0.034278882,-0.006443218,-0.007643108,-0.002995865,0.002845726,-0.001008569,-0.002997213,-0.022474176,-0.016453439,-0.008787951,-0.00064128,-0.001984111,-0.004458054,5.7855E-05
BR10_main,3.109494949,0.030833026,0.000240581,0.012937645,-0.007891989,0.018317817,-0.004199103,0.003202353,-0.002368202,-0.003862361,0.065492676,0.000924908,-0.07686443,0.000149075,-0.006024464,0.025891251,-0.00171357,-0.004775027,-0.018604528,-0.006468116,-0.008058042,-0.00328013,0.002100788,-0.000880376,-0.002479971,-0.024764586,-0.018827712,-0.008095121,-0.00065559,-0.002680367,-0.00427481,5.33176E-05
BR10_main,3.229090909,0.028453183,0.000250136,0.005459416,-0.007962068,0.007287491,-0.005581324,0.003229246,-0.003431492,-0.004460208,0.056713191,0.000833225,-0.067793432,0.000432284,-0.007207531,0.022782539,-0.00172675,-0.004240671,-0.036499918,-0.007436346,-0.008050216,-0.003173257,0.001358957,-0.000809103,-0.002476906,-0.029231093,-0.019863044,-0.007871032,-0.000750349,-0.002659067,-0.006524636,5.10163E-05
BR10_main,3.348686869,0.026145616,0.000241884,-0.000880657,-0.008276198,-0.005334414,-0.005354239,0.003232726,-0.004468348,-0.004789893,0.046625862,0.000798462,-0.074911543,0.000537549,-0.00846842,0.021412137,-0.002206592,-0.003136526,-0.049012313,-0.008273966,-0.008435422,-0.003380751,-0.000140625,-0.000914859,-0.003011612,-0.030271403,-0.020242275,-0.007960895,-0.000967491,-0.002602489,-0.007761486,4.72457E-05
BR10_main,3.468282828,0.024684795,0.000289115,-0.00666726,-0.008789638,-0.011838963,-0.005755043,0.0030876,-0.006056313,-0.005157587,0.039407202,0.000749818,-0.086375143,0.000696982,-0.009752744,0.020163025,-0.002108088,-0.002893255,-0.060165847,-0.010358839,-0.009171792,-0.003479412,-0.002530902,-0.001177894,-0.003569588,-0.031246631,-0.020204413,-0.008103854,-0.001236258,-0.00256893,-0.008102372,3.94063E-05
BR10_main,3.587878788,0.023654398,0.000366584,-0.01035988,-0.008650632,-0.010885672,-0.005663855,0.002882124,-0.007022661,-0.005562388,0.035142379,0.000713681,-0.092279425,0.000731467,-0.010729945,0.017987686,-0.002219207,-0.004368221,-0.058846862,-0.01257168,-0.010178316,-0.003772792,-0.004116534,-0.001530364,-0.003879852,-0.030081992,-0.020322664,-0.008527545,-0.001656696,-0.003359125,-0.008620245,3.35291E-05
BR10_main,3.707474747,0.023153414,0.000376122,-0.013074025,-0.00813961,-0.016923008,-0.005587741,0.002543589,-0.009227131,-0.005831968,0.031909354,0.000689541,-0.101069806,0.000692172,-0.011145839,0.01633398,-0.002259892,-0.005083984,-0.055379922,-0.012996821,-0.01059899,-0.003882926,-0.004807212,-0.001846501,-0.003858851,-0.030014383,-0.020463873,-0.008736385,-0.002008211,-0.004085555,-0.009061418,2.80724E-05
BR10_main,3.827070707,0.022592708,0.00030817,-0.015509781,-0.007719065,-0.018260476,-0.005348955,0.002187411,-0.010762001,-0.005939677,0.02994696,0.000673049,-0.112458657,0.000693178,-0.011474336,0.014611737,-0.002030206,-0.005532981,-0.044845253,-0.013205876,-0.011040545,-0.003845772,-0.006154564,-0.00212396,-0.004100764,-0.02975405,-0.020479361,-0.008884969,-0.002363745,-0.004560469,-0.009362212,2.59828E-05
BR10_main,3.946666667,0.022252439,0.000231075,-0.017665067,-0.007401623,-0.018328392,-0.004979249,0.00196148,-0.011026577,-0.006097574,0.028271239,0.000673654,-0.115177874,0.000674703,-0.011150149,0.013052261,-0.001735833,-0.006550301,-0.036872081,-0.013513525,-0.01163815,-0.003899737,-0.005655685,-0.002453575,-0.004617513,-0.02996216,-0.019970361,-0.008383742,-0.002764469,-0.005051612,-0.010043063,2.45561E-05
BR10_main,4.066262626,0.02195955,0.000181594,-0.018776463,-0.007416101,-0.019680372,-0.00459421,0.001830526,-0.013024435,-0.006291811,0.026657026,0.000647864,-0.112280763,0.000624455,-0.010579648,0.011508583,-0.001464022,-0.006750544,-0.029830879,-0.012736559,-0.012004034,-0.003919488,-0.004893676,-0.002861265,-0.004246103,-0.029944677,-0.019241831,-0.007862588,-0.002950113,-0.004972756,-0.01049653,2.39566E-05
BR10_main,4.185858586,0.021654547,0.000174515,-0.019187276,-0.007751071,-0.021209493,-0.004207845,0.00168686,-0.012722308,-0.006617215,0.025287542,0.000648845,-0.113610439,0.000678179,-0.010721056,0.010152402,-0.001269439,-0.006704859,-0.022824915,-0.012342715,-0.012433339,-0.004014849,-0.004139609,-0.003087289,-0.004266493,-0.029394024,-0.018873767,-0.007515051,-0.002842691,-0.004597342,-0.010356895,2.39437E-05
BR10_main,4.305454545,0.021377485,0.000159131,-0.016707981,-0.007989051,-0.023584246,-0.003658235,0.001608829,-0.011795358,-0.006857231,0.024213027,0.00063252,-0.110318914,0.000939664,-0.011422899,0.00924167,-0.001323101,-0.006579686,-0.016957149,-0.011329066,-0.011929324,-0.004086411,-0.003272715,-0.003385572,-0.003708759,-0.029998898,-0.018486641,-0.00721824,-0.002616449,-0.00446373,-0.010582971,2.41979E-05
BR10_main,4.425050505,0.02114556,0.000169382,-0.013969174,-0.008227279,-0.026380354,-0.002654257,0.001627442,-0.011150306,-0.006946277,0.023056086,0.000613639,-0.108019942,0.001218835,-0.011967002,0.007978855,-0.001456502,-0.006221569,-0.012523002,-0.009818143,-0.011733113,-0.004068172,-0.002356359,-0.004017555,-0.003693777,-0.030504432,-0.01770648,-0.007457586,-0.002429991,-0.004215,-0.01053256,2.46385E-05
BR10_main,4.544646465,0.020826455,0.000151811,-0.012163934,-0.008517922,-0.029050752,-0.001444722,0.00177205,-0.010402135,-0.007043049,0.022369717,0.000599537,-0.100269178,0.001425859,-0.012198237,0.007096266,-0.001571942,-0.005905188,-0.009557664,-0.009128223,-0.009899948,-0.003945638,-0.001408932,-0.00401311,-0.003361521,-0.030238415,-0.017097152,-0.007893334,-0.002285591,-0.004727572,-0.010640942,2.52221E-05
BR10_main,4.664242424,0.020319855,0.00016249,-0.010299058,-0.008765869,-0.031256244,-0.00056505,0.001755012,-0.00999049,-0.00715687,0.021623725,0.000589418,-0.100338366,0.001118471,-0.012476452,0.006428285,-0.001858807,-0.006168743,-0.006065836,-0.009017253,-0.009846304,-0.003937705,4.68682E-05,-0.00378634,-0.003374414,-0.029208102,-0.016111239,-0.008500567,-0.002301487,-0.004493779,-0.010153164,2.59072E-05
BR10_main,4.783838384,0.019873685,0.000181607,-0.00939044,-0.008939621,-0.033451463,3.42309E-05,0.001713829,-0.008567294,-0.007120772,0.019938311,0.000581393,-0.100116908,0.000813971,-0.013351934,0.005052367,-0.002048257,-0.006307865,-0.004070264,-0.010003956,-0.008851932,-0.004031503,0.001762633,-0.003774612,-0.00378615,-0.030537482,-0.015412016,-0.00935998,-0.002304108,-0.004514691,-0.010676939,2.66509E-05
BR10_main,4.903434343,0.019356154,0.000205226,-0.008570954,-0.008990887,-0.036031545,0.000682013,0.001663626,-0.007303334,-0.007069429,0.01881147,0.000565545,-0.10597605,0.000691412,-0.015053871,0.003747384,-0.001909,-0.006178099,-0.002621349,-0.011581164,-0.008955546,-0.004153331,0.003412646,-0.003723386,-0.004543539,-0.031276427,-0.014814958,-0.009522284,-0.00244203,-0.004797942,-0.010120342,2.76844E-05
BR10_main,5.023030303,0.018773453,0.000211497,-0.00782628,-0.009192447,-0.037118529,0.000160293,0.001614076,-0.006352106,-0.006998868,0.017874341,0.000558558,-0.117965739,0.000519303,-0.016962637,0.003054647,-0.001860734,-0.006302867,-0.002188502,-0.012871973,-0.009450053,-0.004319004,0.004835952,-0.003846248,-0.00441311,-0.030996487,-0.014289082,-0.009574984,-0.002519149,-0.00519811,-0.010055421,3.02115E-05
BR10_main,5.142626263,0.018310481,0.000215454,-0.007310106,-0.009242549,-0.037913698,-0.000761728,0.001421484,-0.00615504,-0.006890528,0.016968368,0.000542902,-0.125925505,0.000478501,-0.017893291,0.001942888,-0.001880924,-0.006718084,-0.001439551,-0.013057427,-0.010062303,-0.004494205,0.005963158,-0.003973181,-0.004991613,-0.030017151,-0.013703728,-0.009932681,-0.0026219,-0.005549169,-0.009992866,3.17824E-05
BR10_main,5.262222222,0.017879727,0.00021821,-0.005951367,-0.009003666,-0.037798778,-0.001430336,0.001339775,-0.005562312,-0.006684304,0.016031297,0.000525884,-0.126089342,0.00041859,-0.018847275,0.001326956,-0.001959503,-0.008121446,-0.001467445,-0.012590195,-0.009589256,-0.004742922,0.006744452,-0.003114574,-0.006707918,-0.028871145,-0.012975661,-0.010141886,-0.002799926,-0.005664128,-0.009726483,3.47793E-05
BR10_main,5.381818182,0.017470157,0.0002202,-0.004445725,-0.008589073,-0.036701721,-0.001898016,0.001360461,-0.004987021,-0.006450296,0.015141873,0.000512569,-0.124624799,0.000397533,-0.020055788,0.000364131,-0.002308661,-0.010081618,-0.00136939,-0.013203689,-0.008584962,-0.004776971,0.007558556,-0.002511451,-0.007352678,-0.027214873,-0.012483571,-0.010442029,-0.003003963,-0.00534913,-0.010295061,3.73225E-05
BR10_main,5.501414141,0.016997135,0.000217684,-0.003173223,-0.00841439,-0.035631722,-0.002830132,0.001402992,-0.004905006,-0.006194555,0.014342871,0.000487285,-0.13077118,0.000374917,-0.020126522,-0.000258476,-0.002454582,-0.010550647,-0.001721031,-0.012751597,-0.008005491,-0.004674247,0.008382322,-0.002599039,-0.005731911,-0.025851202,-0.011619717,-0.010492597,-0.003068902,-0.004852625,-0.009678953,4.01725E-05
BR10_main,5.621010101,0.016375891,0.000210914,-0.002234023,-0.007979083,-0.034544239,-0.004143174,0.001396667,-0.004820479,-0.0059443,0.013366499,0.000458431,-0.143568017,0.000382925,-0.020172041,-0.000687251,-0.002507924,-0.01013907,-0.002014471,-0.012352473,-0.008750711,-0.004451036,0.009222515,-0.003474929,-0.006572504,-0.024447016,-0.010680442,-0.010400585,-0.003008224,-0.004568416,-0.009219304,4.12595E-05
BR10_main,5.740606061,0.015400678,0.000216434,-0.001566224,-0.007557775,-0.033372508,-0.005143861,0.001391239,-0.004831402,-0.005670251,0.012328003,0.000428509,-0.145913028,0.000405445,-0.019776453,-0.001010067,-0.002161338,-0.009641895,-0.001971593,-0.013345408,-0.009780965,-0.004175139,0.010083858,-0.003847222,-0.005874557,-0.022767635,-0.009815979,-0.010122023,-0.002788087,-0.003352168,-0.008697881,4.37036E-05
BR10_main,5.86020202,0.014298035,0.000243156,-0.001098438,-0.007112799,-0.032148951,-0.006082161,0.001405567,-0.004903714,-0.005329283,0.011392552,0.000405347,-0.139792089,0.000427616,-0.019262998,-0.001238975,-0.001834317,-0.009049478,-0.0018991,-0.01444041,-0.009347226,-0.003897977,0.010979249,-0.003593068,-0.006131566,-0.021173095,-0.009075834,-0.009906004,-0.002688664,-0.003734719,-0.007842045,4.43445E-05
BR10_main,5.97979798,0.013243035,0.000275295,-0.000735214,-0.006560184,-0.030623255,-0.007907324,0.001379706,-0.004792974,-0.004945726,0.010549258,0.000388163,-0.138976844,0.000452711,-0.018626971,-0.001354936,-0.001515615,-0.008322028,-0.001922292,-0.014265663,-0.009636678,-0.003627449,0.011681504,-0.003158059,-0.00673183,-0.019614655,-0.00833772,-0.009441603,-0.002717949,-0.004626043,-0.008070345,4.26181E-05
BR10_main,6.099393939,0.012271308,0.00029191,-0.000379689,-0.006075634,-0.028876748,-0.009246392,0.001409453,-0.004711969,-0.004549982,0.009759362,0.000372301,-0.143010592,0.000473662,-0.017669151,-0.001315641,-0.001406437,-0.007513475,-0.002149471,-0.013116288,-0.008991925,-0.003369319,0.012325431,-0.002966827,-0.006135843,-0.018186703,-0.007634371,-0.00857383,-0.002631269,-0.005207357,-0.008321097,4.14358E-05
BR10_main,6.218989899,0.011208953,0.000289384,-0.000181456,-0.005588598,-0.027319802,-0.009522834,0.001411062,-0.004835175,-0.004186922,0.009052442,0.000366115,-0.143252963,0.000493098,-0.016709455,-0.001049418,-0.001219114,-0.006804877,-0.001986819,-0.011665441,-0.008346003,-0.003097909,0.013372325,-0.002439713,-0.005606739,-0.016815948,-0.00693244,-0.007635845,-0.002497244,-0.004935129,-0.00793395,3.87353E-05
BR10_main,6.338585859,0.010067918,0.000250305,-1.87089E-05,-0.005031123,-0.025535399,-0.00939115,0.001478005,-0.005060391,-0.003828683,0.008420765,0.000360986,-0.145060943,0.000511207,-0.015625674,-0.000608902,-0.001012693,-0.00603736,-0.001841541,-0.010533526,-0.007408501,-0.002768214,0.014389076,-0.002000792,-0.005438065,-0.0154714,-0.006299119,-0.006766868,-0.002359754,-0.004582817,-0.007257854,3.53771E-05
BR10_main,6.458181818,0.008755761,0.000240994,0.000193046,-0.00443108,-0.023881376,-0.007624511,0.001424614,-0.005239311,-0.003536339,0.007876196,0.000356082,-0.139496413,0.000532029,-0.014380634,-0.000219293,-0.000948096,-0.005259211,-0.001722253,-0.009273391,-0.006355286,-0.00240148,0.015250093,-0.001687494,-0.004474362,-0.013956768,-0.005743853,-0.006077307,-0.002091036,-0.004095078,-0.006545844,3.20974E-05
BR10_main,6.577777778,0.007769826,0.000251685,0.000564696,-0.003878233,-0.022296868,-0.004852883,0.001436136,-0.00536387,-0.003294484,0.00735301,0.000353159,-0.131179699,0.000560206,-0.012537186,0.000132466,-0.000903566,-0.004604157,-0.00165896,-0.007777341,-0.005147839,-0.002004219,0.016136953,-0.001415606,-0.003626718,-0.012423837,-0.005198458,-0.00529407,-0.001870993,-0.003558451,-0.005584929,2.82924E-05
BR10_main,6.697373737,0.006824321,0.000254261,0.000692531,-0.003327176,-0.020290884,-0.002771971,0.001429007,-0.005585551,-0.003063407,0.006786096,0.000351088,-0.118395184,0.000596806,-0.010247436,0.000420569,-0.000825532,-0.003758207,-0.001524282,-0.005943514,-0.003987382,-0.00167813,0.01695242,-0.001192487,-0.002619821,-0.010461179,-0.004790123,-0.004615479,-0.00160112,-0.002987699,-0.00466589,2.51809E-05
BR10_main,6.816969697,0.005940566,0.000248552,0.000612708,-0.002817473,-0.018196309,-0.00150729,0.001309877,-0.005807872,-0.002927588,0.006324386,0.000350745,-0.108916756,0.000635586,-0.008277976,0.000727488,-0.000715062,-0.002908678,-0.001272341,-0.004604659,-0.00269191,-0.001405057,0.01805568,-0.001029837,-0.00165445,-0.008763459,-0.004333099,-0.003892885,-0.001330925,-0.002248725,-0.003744283,2.16503E-05
BR10_main,6.936565657,0.005130945,0.000244849,0.00045647,-0.002317191,-0.016156636,-0.00102203,0.00120211,-0.005965878,-0.002806419,0.005883783,0.000352337,-0.098864747,0.000668571,-0.006835702,0.000876653,-0.000591885,-0.00226248,-0.000994003,-0.003019146,-0.001571812,-0.001157446,0.019298181,-0.000876797,-0.001160124,-0.007274828,-0.003909591,-0.003198375,-0.001008031,-0.001381528,-0.00259804,1.806E-05
BR10_main,7.056161616,0.004354818,0.000247018,0.000328541,-0.001868331,-0.014139959,-0.000544955,0.001177648,-0.005949103,-0.002688281,0.005464257,0.000353979,-0.082791193,0.000689152,-0.006121202,0.001245557,-0.000497028,-0.001833553,-0.000664682,-0.001990646,-0.001008588,-0.000950101,0.020839356,-0.000735336,-0.000851274,-0.006034988,-0.003527026,-0.002545898,-0.000779836,-0.00035111,-0.001888451,1.51104E-05
BR10_main,7.175757576,0.003689374,0.000262581,0.000309581,-0.001480785,-0.012485242,0.000140315,0.00120047,-0.005848198,-0.00242979,0.005071852,0.000355783,-0.07333657,0.000703818,-0.005639237,0.001710229,-0.000444371,-0.001558018,-0.000442045,-0.001460268,-0.0008431,-0.000807701,0.021786295,-0.000666045,-0.000693507,-0.004957112,-0.003235367,-0.001928262,-0.000633653,0.000667264,-0.001372345,1.3068E-05
BR10_main,7.295353535,0.003044817,0.000297808,0.000281471,-0.00116393,-0.011025619,0.000144943,0.001169381,-0.005794427,-0.00207,0.004787556,0.000358877,-0.063705361,0.000705536,-0.005231057,0.002568364,-0.000375968,-0.001301952,-0.000221496,-0.000981119,-0.000594546,-0.000659165,0.022381936,-0.000616295,-0.000649588,-0.004166241,-0.003059844,-0.00142873,-0.000481035,0.001035105,-0.001080226,1.17063E-05
BR10_main,7.414949495,0.00244858,0.000325378,0.000341381,-0.00088626,-0.009931087,-0.0001798,0.001077432,-0.00597907,-0.00203765,0.004529986,0.000362048,-0.050610111,0.000725912,-0.004432893,0.003273511,-0.000275314,-0.000845707,-7.88105E-05,-0.000729083,-0.000404141,-0.000555124,0.02275956,-0.000548256,-0.000613188,-0.003608792,-0.002959867,-0.001032858,-0.000365104,0.000727511,-0.000822594,1.0549E-05
BR10_main,7.534545455,0.001981936,0.000395622,0.000487245,-0.000653342,-0.009417197,-0.000151424,0.000944189,-0.006035035,-0.001911392,0.004908209,0.000363978,-0.047166118,0.000800014,-0.004160249,0.003578266,-0.000219417,-0.000380328,0.000204211,-0.000441284,-0.000217488,-0.000434126,0.022948513,-0.000416734,-0.000549506,-0.003271908,-0.002858509,-0.000700798,-0.000315874,0.000621158,-0.000572491,1.01083E-05
BR10_main,7.654141414,0.001576073,0.000495327,0.000632421,-0.000476995,-0.009356907,0.000173577,0.000932097,-0.005926108,-0.001774324,0.005225001,0.00036693,-0.035692781,0.000877233,-0.003316558,0.003839283,-0.000221625,-0.000249508,0.000603476,-0.000428123,-0.000205133,-0.000317038,0.023138613,-0.000361615,-0.000446858,-0.002934564,-0.002728076,-0.000398701,-0.000282056,0.000368046,-0.000395095,9.1403E-06
BR10_main,7.773737374,0.001210308,0.000619475,0.00085637,-0.000312123,-0.009285022,0.000350266,0.000912112,-0.005835035,-0.001887831,0.006150689,0.000368344,-0.029608513,0.001119027,-0.002266454,0.003754508,-0.000228171,-0.000183454,0.000847724,-0.000356522,-0.000195558,-0.000217166,0.023073919,-0.000362079,-0.000384045,-0.001889548,-0.0025937,-0.000192198,-0.000239447,0.000234569,-0.000361581,8.84751E-06
BR10_main,7.893333333,0.000851846,0.000732828,0.00102617,-0.000212141,-0.009174377,0.00039046,0.000945697,-0.005786178,-0.002036526,0.006281778,0.000368982,-0.026389852,0.00142496,-0.001281931,0.003307527,-0.00017899,-0.000171729,0.001112389,-0.000269936,-0.00032686,-0.000152946,0.022738782,-0.000304153,-0.000344626,-0.000773946,-0.002505048,-0.000118545,-0.000179667,0.000344043,-0.000387326,9.46685E-06
BR10_main,8.012929293,0.000484331,0.000851529,0.00106301,-0.000128107,-0.009339245,0.000606148,0.000814333,-0.005764898,-0.001879754,0.006269051,0.000369078,-0.024602973,0.001633115,-0.00082232,0.002626691,-0.00011378,-0.000156587,0.001573818,-0.000354126,-0.000405382,-0.000124647,0.022368292,-0.000232433,-0.000286752,-2.85715E-05,-0.00241495,-8.54756E-05,-0.000149029,0.000402869,-0.000368101,9.99088E-06
BR10_main,8.132525253,0.000215403,0.000976704,0.001036961,-8.47211E-05,-0.010238913,0.00099512,0.000827729,-0.005774122,-0.001739392,0.006549733,0.000368287,-0.025044736,0.001737382,-0.000371186,0.002131498,-0.00011801,-0.000215094,0.002093592,-0.000378233,-0.00040073,-0.000130292,0.021914524,-0.000155647,-0.000184696,0.001281828,-0.002356872,-7.49153E-05,-0.000151676,0.000427073,-0.000425018,1.09273E-05
BR10_main,8.252121212,0.0000015,0.001166154,0.000925881,-7.57554E-05,-0.010372517,0.000711747,0.000776891,-0.005822285,-0.001727556,0.005695132,0.000366936,-0.032539411,0.001717086,0.000119609,0.001719404,-0.000137053,-0.000198959,0.003407053,-0.000370065,-0.000347408,-0.000142999,0.021089178,-0.000117743,-0.00014829,0.000899599,-0.002301761,-0.00012669,-0.000146245,0.000455431,-0.000376525,1.16799E-05
BR10_main,8.371717172,0.0000015,0.001355051,0.000895773,-6.72379E-05,-0.009792428,0.001496531,0.00064374,-0.005716257,-0.001728294,0.004899179,0.000365431,-0.034474527,0.001604917,0.000260301,0.001567105,-0.00012049,-0.000262716,0.005640305,-0.000405511,-0.000390878,-9.96854E-05,0.02056066,-0.000104839,-0.000113482,0.000783766,-0.002236057,-0.00022764,-0.000132933,0.000312585,-0.000318047,1.21069E-05
BR10_main,8.491313131,0.0000015,0.001632403,0.000983949,-4.93777E-05,-0.008932781,0.001121885,0.000533202,-0.005536896,-0.001703285,0.003645052,0.000363162,-0.041411446,0.001474658,0.000471478,0.001442668,-0.00010316,-0.000181269,0.009468142,-0.000463157,-0.000395646,-4.12847E-05,0.019785646,-9.3528E-05,-8.23878E-05,0.000219091,-0.002182291,-0.000317279,-0.000125566,0.000263944,-0.00037105,1.21898E-05
BR10_main,8.610909091,0.0000015,0.001907016,0.001147531,-3.34994E-05,-0.008651708,0.000536664,0.000415495,-0.005436435,-0.001814721,0.003324272,0.000360108,-0.04902348,0.001501731,0.000536448,0.001384917,-8.20861E-05,-0.000142647,0.012365464,-0.000529469,-0.000422134,-4.98014E-05,0.018871585,-8.16541E-05,-8.49822E-05,0.000284212,-0.002158456,-0.000413126,-0.000112444,0.000232097,-0.000449872,1.34811E-05
BR10_main,8.730505051,0.0000015,0.002148581,0.001457554,-4.92983E-05,-0.009138553,0.000312193,0.000306591,-0.004935569,-0.002033407,0.002612104,0.000356508,-0.055044847,0.00167078,0.001429964,0.001388968,-6.89927E-05,-0.000149269,0.014063678,-0.000605244,-0.000576309,-5.37231E-05,0.017959253,-0.00012321,-8.19985E-05,-9.60091E-05,-0.002138106,-0.000530507,-0.000110818,0.000170926,-0.000605049,1.51649E-05
BR10_main,8.85010101,0.0000015,0.002471616,0.001958373,-5.39298E-05,-0.010129883,0.000491248,0.000162263,-0.004948276,-0.002023751,0.002260789,0.000351376,-0.057961812,0.00184673,0.001627672,0.001406178,-7.72448E-05,-0.000192526,0.015033532,-0.000766628,-0.000763688,-7.50862E-05,0.017195996,-0.00017003,-0.000106154,-0.000893158,-0.002104517,-0.000663762,-0.000114942,0.000128681,-0.00047624,1.60941E-05
BR10_main,8.96969697,0.0000015,0.002788471,0.003071648,-7.07027E-05,-0.010348301,0.00070474,5.43993E-05,-0.004635892,-0.001970253,0.001940919,0.000349404,-0.059520918,0.002000997,0.00263551,0.001437901,-8.7077E-05,-0.000295345,0.016416297,-0.000888808,-0.000929072,-6.14319E-05,0.016410523,-0.000203429,-0.000122073,-0.001274772,-0.002004027,-0.000773021,-0.000124791,0.000115921,-0.000367037,1.53279E-05
BR10_main,9.089292929,0.0000015,0.003345362,0.00457424,-0.0001089,-0.008771902,0.000903792,-2.313E-05,-0.005114136,-0.001976302,0.001709649,0.000346115,-0.058573559,0.00214772,0.003036878,0.001481296,-8.00966E-05,-0.000389177,0.016092925,-0.001013893,-0.001073441,-7.11331E-05,0.015745056,-0.000254431,-0.000122244,-0.001177221,-0.001957228,-0.000851515,-0.000133403,0.000109284,-0.000399847,1.63526E-05
BR10_main,9.208888889,0.0000015,0.003610743,0.006030239,-0.000121275,-0.006765208,0.001068288,2.68084E-05,-0.003469327,-0.001821196,0.001608879,0.000345161,-0.053701158,0.002299383,0.003429687,0.001565004,-7.72348E-05,-0.000416917,0.012371851,-0.001141128,-0.001213896,-8.8276E-05,0.015306681,-0.000295657,-0.000113839,-0.000869921,-0.00186311,-0.000903961,-0.000134184,0.000109045,-0.000447547,1.65332E-05
BR10_main,9.328484848,0.0000015,0.00373136,0.006278875,-0.00011807,-0.00578181,0.001169859,1.95428E-05,-0.004000048,-0.001364266,0.001587926,0.000344083,-0.049061481,0.002444333,0.003160065,0.001699262,-6.76499E-05,-0.000391312,0.008256735,-0.001285187,-0.001287427,-9.10126E-05,0.014763339,-0.000285049,-0.000112992,-0.000637897,-0.001739962,-0.000972752,-0.00014061,0.000168725,-0.000492738,1.80992E-05
BR10_main,9.448080808,0.0000015,0.003838684,0.004896046,-0.000147142,-0.005704061,0.00127894,0.000155648,-0.004096345,-0.001489456,0.001577339,0.000344086,-0.059575012,0.002578265,0.003505888,0.001930383,-3.76048E-05,-0.00037887,0.007069418,-0.001360386,-0.001320469,-8.8618E-05,0.014212187,-0.000276855,-9.79196E-05,-0.000473343,-0.001598416,-0.001053497,-0.00016045,0.000265742,-0.000552352,2.13725E-05
BR10_main,9.567676768,0.0000015,0.003972021,0.003307477,-0.000247517,-0.006265959,0.001422144,0.000668087,-0.004795457,-0.001491058,0.001596284,0.000344146,-0.068413333,0.002705541,0.00296342,0.00204962,-2.71659E-05,-0.000325082,0.006735973,-0.00144347,-0.001301784,-0.000100086,0.013721344,-0.000253984,-8.85452E-05,-0.000717182,-0.001504203,-0.001090796,-0.000105446,0.000356063,-0.000467953,2.1036E-05
BR10_main,9.687272727,0.0000015,0.004208334,0.003798727,-0.000367775,-0.006966085,0.001504431,0.001167919,-0.004973484,-0.001499618,0.001648095,0.000344445,-0.0715151,0.002826772,0.003645296,0.002072576,-3.21054E-05,-0.000286047,0.006695251,-0.001550544,-0.001298126,-0.000112308,0.013342427,-0.000225955,-8.4557E-05,-0.000831817,-0.001446832,-0.001063411,-6.07784E-05,0.000398728,-0.000402672,1.82618E-05
BR10_main,9.806868687,0.0000015,0.004478917,0.004354259,-0.000533774,-0.007846687,0.001407557,0.001924299,-0.005071562,-0.001718897,0.001678347,0.000345226,-0.080041762,0.002965355,0.006160564,0.002025158,-2.37379E-05,-0.000493363,0.007099651,-0.001652262,-0.001343188,-0.000148726,0.013255005,-0.000144024,-8.53368E-05,-0.000946988,-0.001422673,-0.001102503,-4.01696E-05,0.000438432,-0.000509517,1.79585E-05
BR10_main,9.926464646,0.0000015,0.004769714,0.004427771,-0.000663818,-0.009235065,0.001181518,0.001904441,-0.004411166,-0.001922941,0.001608227,0.000346808,-0.082125385,0.003145179,0.007041187,0.001980858,-3.07809E-05,-0.000780442,0.007746024,-0.001807056,-0.001342673,-0.000197136,0.013491504,-0.000149903,-8.01225E-05,-0.001246465,-0.001506887,-0.001150665,-3.14913E-05,0.000561659,-0.000540424,1.85551E-05
BR10_main,10.04606061,0.0000015,0.004726626,0.00371182,-0.000698633,-0.01118552,0.000918493,0.001856697,-0.003915187,-0.001901186,0.001609162,0.000349598,-0.085282769,0.003275864,0.004869288,0.001900372,-5.03023E-05,-0.000854547,0.008120425,-0.002007568,-0.001353543,-0.000242322,0.013491808,-0.000202277,-8.15514E-05,-0.001577444,-0.0016191,-0.001209488,-7.43077E-05,0.000472036,-0.000644286,1.82101E-05
BR10_main,10.16565657,0.0000015,0.00467044,0.003132263,-0.000743721,-0.012703166,0.000608754,0.001598962,-0.002108656,-0.001792903,0.001607015,0.000362762,-0.085223791,0.003414852,0.002606677,0.001984487,-8.31207E-05,-0.00084927,0.00878241,-0.001935178,-0.001362387,-0.000268182,0.01369594,-0.000312278,-9.73926E-05,-0.002203606,-0.001711603,-0.001253212,-0.000107366,0.000336983,-0.000721639,1.70657E-05
BR10_main,10.28525253,0.0000015,0.004648877,0.003166537,-0.000810394,-0.014713962,0.000152756,0.0009719,-0.000581032,-0.001728003,0.001605246,0.00040121,-0.085584114,0.003555819,-0.001339279,0.00210593,-0.00013757,-0.000842649,0.009511114,-0.001848255,-0.001335178,-0.000266946,0.013880813,-0.000396484,-0.000117025,-0.003988069,-0.001701674,-0.001275703,-0.00011929,0.000215258,-0.000994918,1.49024E-05
BR10_main,10.40484848,0.0000015,0.004532346,0.003320859,-0.000836804,-0.015754208,-0.000132507,0.000357281,0.001256959,-0.001614779,0.001607865,0.000460037,-0.081580836,0.00371051,-0.00440929,0.002284196,-0.00014438,-0.000835299,0.010622312,-0.001822426,-0.001349321,-0.000284325,0.014041534,-0.000401956,-0.000126117,-0.006561243,-0.001648772,-0.001195034,-0.000122383,8.32112E-05,-0.001011337,1.22642E-05
BR10_main,10.52444444,0.0000015,0.004715274,0.003604012,-0.00085075,-0.016392595,-0.000259648,0.000302026,0.001199895,-0.001753939,0.001576182,0.000587693,-0.076994089,0.003822097,-0.004598627,0.002451467,-0.000151084,-0.000827288,0.011251989,-0.001550927,-0.001322361,-0.000276326,0.014464243,-0.000413109,-0.000136038,-0.008454457,-0.001418491,-0.001100097,-0.000102469,2.83573E-05,-0.000934232,1.05964E-05
BR10_main,10.6440404,0.0000015,0.004632405,0.003851631,-0.0008324,-0.016379821,-0.000188203,0.000315042,0.000754968,-0.001563252,0.001554995,0.000738538,-0.07598984,0.003893608,-0.004173626,0.002591182,-0.000166033,-0.000752139,0.01267573,-0.001156704,-0.001323879,-0.000253074,0.01439728,-0.000449926,-0.000126687,-0.008426005,-0.001073814,-0.000966077,-0.00011128,2.07832E-05,-0.000966315,1.02145E-05
BR10_main,10.76363636,0.0000015,0.005320764,0.004079111,-0.00069423,-0.016309653,-5.83411E-05,0.00043041,0.001817459,-0.001356093,0.001562971,0.00078279,-0.074559052,0.003920155,-0.003456322,0.002690736,-0.000187664,-0.000647639,0.01507691,-0.00088792,-0.001336368,-0.00025921,0.014226686,-0.000495474,-0.000133055,-0.008049982,-0.000976528,-0.000728983,-0.000159479,-0.00035826,-0.000926833,1.05304E-05
BR10_main,10.88323232,0.0000015,0.006157425,0.004196112,-0.000601266,-0.015807413,0.000734644,0.000609842,0.000928208,-0.001121005,0.00175407,0.000695087,-0.065625992,0.003932161,-0.00161375,0.00278665,-0.000218286,-0.000411167,0.016094201,-0.000699037,-0.001369104,-0.000234794,0.013889475,-0.000587996,-0.000156004,-0.006942164,-0.001036532,-0.000496159,-0.000158068,-0.000435058,-0.000850357,1.04935E-05
BR10_main,11.00282828,0.0000015,0.006776857,0.004402873,-0.000499674,-0.014987833,0.001782203,0.001339826,0.001925051,-0.000907289,0.002283324,0.000593078,-0.0488493,0.003883517,0.00290775,0.002820786,-0.000229992,-0.00028068,0.016822087,-0.000656306,-0.001306435,-0.000248182,0.013742691,-0.000662888,-0.000203248,-0.00639172,-0.000945142,-0.000446326,-0.000152467,-0.000298242,-0.00051601,1.05917E-05
BR10_main,11.12242424,0.0000015,0.006626514,0.004924982,-0.000263712,-0.012117074,0.002439411,0.001493069,0.000593099,-0.00069078,0.003286567,0.000473695,-0.0330732,0.003751092,0.007606917,0.002751061,-0.000220744,-0.000123212,0.016012141,-0.000703101,-0.001391889,-0.000295884,0.01349519,-0.000529112,-0.000281433,-0.003958751,-0.001123634,-0.000260506,-0.000200012,-0.000502223,-0.000235213,1.16947E-05
BR10_main,11.2420202,0.0000015,0.006191522,0.005272476,-0.000115776,-0.007664352,0.003422391,0.000903298,-0.001539939,-0.000619945,0.004085463,0.000444038,-0.022213627,0.003700274,0.013166944,0.002619264,-0.00018114,-0.000160771,0.013719321,-0.000610763,-0.001364207,-0.000377567,0.01401324,-0.000539926,-0.000391012,0.003079588,-0.00064489,-0.000180418,-0.000257495,-0.000878866,-0.000523408,1.31882E-05
BR10_main,11.36161616,0.0000015,0.00555479,0.005939075,-9.08142E-05,-0.002145355,0.004181707,0.000310108,0.003436753,-0.000797918,0.004924318,0.00045951,-0.013677288,0.003798196,0.018000802,0.002780433,-8.00106E-05,-0.000414989,0.011875184,-0.000573135,-0.001327976,-0.000440065,0.015546386,-0.000486737,-0.000525324,0.012443999,0.0007144,-0.000480431,-0.000290756,-0.001326731,-0.000517104,1.52472E-05
BR10_main,11.48121212,0.0000015,0.005059471,0.006617327,-4.82867E-05,0.009706877,0.003487779,0.00011293,0.01075458,-0.001339742,0.006327399,0.000494327,-0.012439507,0.004036178,0.017599702,0.003323667,-0.000105831,-0.000532619,0.014884754,-0.000559699,-0.001199979,-0.000362896,0.016953047,-0.000424994,-0.000490413,0.022888359,0.001923365,-0.000715301,-0.000289447,-0.001479227,-0.000460286,1.72544E-05
BR10_main,11.60080808,0.0000015,0.005422199,0.007216383,-0.000175175,0.020518417,0.003014222,0.000201593,0.013633772,-0.001407014,0.009231703,0.000626632,-0.017984125,0.00434848,0.014501218,0.004288127,-0.000210488,-0.000497537,0.019802986,-0.000611907,-0.00086369,-0.000279994,0.023580735,-0.000319658,-0.000445502,0.032096625,0.00281981,-0.000745385,-0.000283963,-0.000211625,-0.000405733,1.98742E-05
BR10_main,11.72040404,0.0000015,0.006037876,0.007942174,-0.000282111,0.03247577,0.002897855,0.000575709,0.02380208,-0.001414909,0.013121408,0.000734322,-0.015016974,0.004648148,0.014857158,0.005184933,-0.000195675,-0.00040004,0.027416121,-0.000645267,-0.000402323,-0.000191606,0.034321686,-0.00031204,-0.000323516,0.043449622,0.003521532,-0.000569451,-0.000190966,0.002063868,-0.000354416,2.63196E-05
BR10_main,11.84,0.0000015,0.006871324,0.008091639,-0.000248059,0.039074798,0.003229754,0.001009993,0.021681584,-0.001082012,0.015034175,0.000762026,-0.004083716,0.004737451,0.014656692,0.005561327,-0.000174657,-0.000345402,0.030287693,-0.00034974,-0.000157279,-8.19518E-05,0.037592895,-0.000304957,-0.000236994,0.050139843,0.003928857,-0.000244639,-2.40775E-05,0.003558577,-0.000192275,3.64805E-05
BR11_main,0,0.021009533,0.042996354,0.631464827,-0.005513894,0.884521043,0.297760359,0.099649937,2.060978359,-0.00146053,1.806397087,-0.004186616,-0.407125146,-0.252229926,3.432836358,0.688360748,-0.004748877,-0.054070914,2.957851728,-0.230963315,-0.011659643,-0.006563349,1.376677574,-0.006099682,-0.015758518,2.797090753,0.351151432,-0.00981342,-0.002089592,0.18270286,-0.010621873,0.000254167
BR11_main,0.11959596,0.027578349,0.035109463,0.535858467,-0.01176579,0.450097638,0.262600758,0.053723706,1.77205455,-0.003017528,1.460263355,-0.000127237,-0.410800664,-0.446836387,1.782089559,0.558713879,-0.004939383,-0.047493158,2.580348324,-0.204939819,-0.017465314,-0.010188304,0.974048569,-0.006855685,-0.026990214,2.195196078,0.031751222,-0.019617699,-0.002142325,0.153655678,-0.01442748,0.000245553
BR11_main,0.239191919,0.032676041,0.025156441,0.387251334,-0.015936283,0.235814345,0.233374003,0.028586587,1.191060279,-0.002924161,0.9146017,0.012386078,-0.396897931,-0.515198651,0.38207735,0.299398663,-0.005288474,-0.044877975,2.184090283,-0.139743212,-0.020872037,-0.012669887,0.786734718,-0.007763328,-0.03317987,1.123130146,-0.529751092,-0.022889267,-0.001951756,0.128284583,-0.019344454,0.000243522
BR11_main,0.358787879,0.036411164,0.016035289,0.421205538,-0.017717179,0.549196373,0.294135885,0.013670763,0.50575973,-0.002113891,0.645895341,0.046978127,-0.382395412,-0.270906527,0.031824802,0.196069895,-0.005690484,-0.037372561,2.114889123,-0.090760939,-0.016226903,-0.012189982,0.769216195,-0.007176687,-0.025910045,0.099821861,0.000193613,-0.01886376,-0.001761894,0.112240994,-0.023279657,0.000222833
BR11_main,0.478383838,0.038867018,0.008323212,0.500846174,-0.010589281,1.384121589,0.376907641,0.00537009,0.911898277,-0.001378165,0.836013485,0.053761911,-0.375478898,0.276400679,0.054938407,0.24962713,-0.005447072,-0.035682943,2.050165225,-0.048940986,-0.01188772,-0.007806176,0.755714714,-0.005151465,-0.023962877,0.440852134,0.721060904,-0.011662299,-0.00169344,0.126326091,-0.026928982,0.000190665
BR11_main,0.597979798,0.040369352,0.002454854,0.482832475,-0.003665226,1.782373533,0.308810993,0.005880659,1.260074252,-0.001280692,0.764873137,0.053848356,-0.366148077,0.728359435,0.065422501,0.252268636,-0.004551643,-0.022674278,1.514124596,-0.013493645,-0.010050909,-0.006221372,0.694397205,-0.003636764,-0.017163231,0.978541038,0.801873638,-0.007815152,-0.002005611,0.191189468,-0.030172235,0.000174343
BR11_main,0.717575758,0.041258839,0.00563958,0.397154747,-0.003844906,1.710729632,0.237510957,0.01102094,1.605092123,-0.001501184,0.558139819,0.060572559,-0.307871688,0.64741402,0.080124177,0.213533302,-0.004223818,-0.014385394,1.122226486,-0.002601871,-0.006654353,-0.006560435,0.607993293,-0.002089487,-0.009921686,1.220752465,0.646630682,-0.011073538,-0.001778186,0.20765827,-0.032946299,0.00015658
BR11_main,0.837171717,0.041787436,0.010274249,0.288989869,-0.004312949,1.424583762,0.176276565,0.013946891,1.360977137,-0.001711,0.477997562,0.064095102,-0.220815489,0.312130548,0.090099139,0.156407876,-0.002405171,-0.009233047,1.075042747,-0.002203526,-0.004527372,-0.006204703,0.530591417,-0.001971179,-0.009162944,1.1595964,0.410001917,-0.018536222,-0.001271372,0.221280217,-0.033469263,0.000137888
BR11_main,0.956767677,0.042083288,0.015282063,0.198213746,-0.00896888,0.907066234,0.129309651,0.011892508,0.858897506,-0.002040441,0.360075479,0.049931701,-0.106402135,0.087183375,0.092628097,0.156470614,-0.00175858,-0.006689549,0.971712932,-0.005851872,-0.003981103,-0.00535609,0.486423961,-0.002004099,-0.008602876,0.770635511,0.262135018,-0.020936988,-0.001308016,0.18659813,-0.031594202,0.000117963
BR11_main,1.076363636,0.042245564,0.016076194,0.168702638,-0.010940311,0.523871448,0.087893201,0.007322243,0.37667397,-0.002331032,0.350467586,0.030440607,-0.058196195,-0.011868565,0.111333303,0.146815176,-0.001386755,-0.005541961,0.878739824,-0.008688173,-0.004434318,-0.004833647,0.498852846,-0.001087728,-0.011188251,0.727896529,0.234909771,-0.021933683,-0.000785281,0.092195717,-0.029787029,0.000102409
BR11_main,1.195959596,0.042344814,0.013303759,0.1662336,-0.012801086,0.298704741,0.072952411,0.008463494,0.363321175,-0.002588766,0.27597991,0.009119234,-0.05346716,-0.073910732,0.135800749,0.132190041,-0.001095113,-0.005414467,0.764229868,-0.013161852,-0.004707402,-0.00481894,0.436940512,-0.001662559,-0.011900321,0.515515665,0.200518752,-0.021828535,-0.000818111,0.048944173,-0.028901458,8.95913E-05
BR11_main,1.315555556,0.042396655,0.008000291,0.177462414,-0.014835455,0.190879656,0.051416328,0.010207217,0.327325591,-0.002668934,0.303636329,0.002051365,-0.057319935,-0.128300193,0.15721049,0.142113412,-0.001526846,-0.005100222,0.651309422,-0.016951248,-0.006240045,-0.004376886,0.342095647,-0.003967184,-0.007484235,0.501428246,0.188654073,-0.020096278,-0.001064281,0.063401108,-0.026170444,8.28044E-05
BR11_main,1.435151515,0.042425854,0.004976029,0.18475477,-0.016517787,0.143254475,0.040538893,0.010141358,0.327740085,-0.002673534,0.35607898,0.001806733,-0.079168938,-0.12436242,0.210797081,0.146507087,-0.001595706,-0.0052654,0.526795086,-0.020056092,-0.006439881,-0.003681859,0.240499573,-0.005701328,-0.006261672,0.414027127,0.15647372,-0.016126676,-0.001638897,0.043835862,-0.022745912,7.17961E-05
BR11_main,1.554747475,0.042439119,0.004333984,0.193279885,-0.018527841,0.198266107,0.032308905,0.010662926,0.298978103,-0.002476068,0.322600253,0.001859519,-0.098577641,-0.110023382,0.217881927,0.13531731,-0.000940697,-0.006963857,0.579521839,-0.021423458,-0.007258243,-0.003325341,0.170723942,-0.00518401,-0.00711954,0.363150776,0.149845612,-0.012696225,-0.001578722,0.031324217,-0.019372578,6.42465E-05
BR11_main,1.674343434,0.042439564,0.003705663,0.178726196,-0.019269681,0.309651994,0.03016506,0.012924883,0.282022311,-0.003012878,0.281696343,0.002482724,-0.119437694,-0.107524153,0.200924642,0.109232009,-0.000700475,-0.009257991,0.728639084,-0.022620428,-0.006331843,-0.003290428,0.124962411,-0.004578299,-0.00776315,0.238164502,0.103074297,-0.010061642,-0.001289766,0.021755053,-0.017099966,5.76936E-05
BR11_main,1.793939394,0.042420371,0.003120585,0.148098022,-0.018204298,0.433776056,0.027388333,0.011819057,0.275225941,-0.002408827,0.216313791,0.003199556,-0.12087668,-0.109793471,0.173541907,0.09492227,-0.000963707,-0.00995256,0.696192277,-0.023418116,-0.005522348,-0.003624148,0.090229443,-0.002850807,-0.008110885,0.13108828,0.054910377,-0.008168971,-0.001484644,0.015582341,-0.01571132,5.46012E-05
BR11_main,1.913535354,0.042391794,0.002554135,0.118029906,-0.017313091,0.385901912,0.024801027,0.011567862,0.230248594,-0.002107777,0.144388757,0.003066406,-0.131469082,-0.120257429,0.115148151,0.085844112,-0.000989529,-0.010728029,0.692899133,-0.02325224,-0.005985532,-0.003532487,0.066246722,-0.003047807,-0.008310163,0.044102885,0.008336576,-0.006707921,-0.001337438,0.008707855,-0.014711235,5.13798E-05
BR11_main,2.033131313,0.042345838,0.001812849,0.088927172,-0.016515154,0.220571621,0.018164701,0.011290813,0.170460792,-0.001638688,0.114092382,0.005497082,-0.15061468,-0.131287998,0.067561989,0.064648289,-0.001071346,-0.012997433,0.592878541,-0.022526157,-0.005604472,-0.003321289,0.049546364,-0.002339466,-0.007487211,-0.0022741,-0.005044226,-0.0063362,-0.00090063,0.003718577,-0.014487378,4.87717E-05
BR11_main,2.152727273,0.042263684,0.00149501,0.068106221,-0.015797811,0.214740086,0.007833127,0.010208833,0.113267132,-0.001159992,0.114857634,0.008134176,-0.17397576,-0.065749237,0.030463275,0.056174021,-0.001259319,-0.012884567,0.469409952,-0.022007246,-0.006669287,-0.003846322,0.037534963,-0.002905729,-0.004110648,0.00207482,-0.019418309,-0.00642902,-0.001140126,0.000965566,-0.012787073,4.61307E-05
BR11_main,2.272323232,0.042122678,0.001308782,0.053071178,-0.014799654,0.261787515,0.001333324,0.00825195,0.077417821,-0.001499632,0.091155761,0.01149913,-0.195751174,-0.029197634,-2.1217E-05,0.045539234,-0.001369153,-0.012229673,0.380464824,-0.021635857,-0.006140503,-0.003870185,0.028171569,-0.002740171,-0.002130696,-0.009483617,-0.030048481,-0.006750671,-0.001537709,-0.001327694,-0.012578809,4.51995E-05
BR11_main,2.391919192,0.041928187,0.001062651,0.053913085,-0.014031555,0.32944417,-0.003205425,0.006276372,0.069172021,-0.001926714,0.086280365,0.011690663,-0.202429344,-0.01234845,-0.010070045,0.03879659,-0.001695918,-0.009876363,0.286254536,-0.021353806,-0.005491383,-0.003982837,0.021228852,-0.003766125,-0.002159928,-0.022641741,-0.02710879,-0.007018226,-0.001883895,-0.002515783,-0.013395341,4.55376E-05
BR11_main,2.511515152,0.041580432,0.000856801,0.055958289,-0.013340147,0.323555033,-0.003780823,0.006453872,0.05504743,-0.002145406,0.083461294,0.012418959,-0.191001736,-0.00504999,-0.010561899,0.035012594,-0.00209345,-0.007294023,0.201486897,-0.020712695,-0.005190212,-0.00426405,0.015678144,-0.004415862,-0.002519371,-0.031064462,-0.028010073,-0.007339931,-0.001623442,-0.002064367,-0.013918755,4.46401E-05
BR11_main,2.631111111,0.040985609,0.000698437,0.056385225,-0.01275685,0.237928603,-0.005911479,0.006140746,0.035671003,-0.001708326,0.083958145,0.010075929,-0.178419987,-0.001764435,-0.01053516,0.031669167,-0.00231669,-0.00566642,0.170423076,-0.018216518,-0.003708045,-0.004382905,0.011887276,-0.003959084,-0.003242664,-0.033787478,-0.026470381,-0.007200844,-0.001369173,0.002213423,-0.012788291,4.34324E-05
BR11_main,2.750707071,0.040014866,0.000576985,0.04299573,-0.012146498,0.165748137,-0.005122832,0.00633305,0.014121321,-0.001731963,0.074362913,0.008561454,-0.166670131,-0.000558885,-0.010458746,0.029075504,-0.002639628,-0.004648433,0.145225245,-0.016653821,-0.00430763,-0.004398557,0.009466072,-0.003026139,-0.005395059,-0.033417269,-0.024968292,-0.007078613,-0.001032601,0.002164458,-0.010503103,4.24444E-05
BR11_main,2.87030303,0.038531966,0.0004707,0.026009592,-0.011686175,0.102761185,-0.005101829,0.006426228,-0.005166371,-0.001428275,0.067860603,0.005944514,-0.156243497,-5.68188E-05,-0.009037743,0.029796088,-0.002828909,-0.00439108,0.06669327,-0.014708982,-0.004607868,-0.00457503,0.007379813,-0.002444042,-0.005052354,-0.035982727,-0.023059389,-0.007219011,-0.000785239,-0.000506346,-0.008495929,4.12148E-05
BR11_main,2.98989899,0.036486464,0.000401459,0.012339001,-0.0112725,0.051231217,-0.005166741,0.006797898,-0.006123466,-0.001414124,0.063134649,0.003079191,-0.147872459,0.000428333,-0.010434807,0.031802945,-0.002960953,-0.003877656,0.022538282,-0.013972329,-0.004526619,-0.004616996,0.005538636,-0.001568014,-0.004034207,-0.03491674,-0.021315577,-0.007107091,-0.000887442,-0.003627268,-0.006916226,3.96668E-05
BR11_main,3.109494949,0.034002295,0.000313787,0.004311891,-0.010481113,0.009029523,-0.00564375,0.006036561,-0.008197582,-0.001484174,0.057518961,0.002178638,-0.140688415,0.000556467,-0.010751652,0.030379433,-0.00297519,-0.003050059,0.009781908,-0.014014235,-0.004689103,-0.00470659,0.003844794,-0.001651624,-0.002958082,-0.035606887,-0.02020131,-0.007237478,-0.001260037,-0.004052451,-0.006153645,4.01987E-05
BR11_main,3.229090909,0.031132998,0.000208511,-0.002084256,-0.009514585,0.000636667,-0.006559037,0.005112532,-0.008534073,-0.001957892,0.05426613,0.001753718,-0.137636884,0.000554339,-0.011629048,0.029749245,-0.002923867,-0.002918301,0.002397299,-0.013534652,-0.004897591,-0.004872988,0.001906511,-0.001621221,-0.001803994,-0.03626614,-0.01987226,-0.00702294,-0.001374195,-0.004341536,-0.006142035,3.93717E-05
BR11_main,3.348686869,0.028401784,9.5735E-05,-0.005380645,-0.008582186,-0.005671904,-0.00705803,0.004948779,-0.010561314,-0.002557157,0.050465458,0.001419086,-0.134676768,0.000588587,-0.009343249,0.026254413,-0.002965745,-0.002856509,-0.004626397,-0.013460714,-0.005475448,-0.004988485,0.001257314,-0.00215006,-0.002894609,-0.037499597,-0.019793706,-0.007238353,-0.001494874,-0.004656636,-0.006334544,4.02503E-05
BR11_main,3.468282828,0.026409696,9.20503E-05,-0.008332369,-0.007964894,-0.009688555,-0.006524572,0.004168375,-0.012368348,-0.003185149,0.046750196,0.001296763,-0.1333762,0.000563939,-0.00579654,0.024940327,-0.002947318,-0.003208262,-0.01591105,-0.01390672,-0.006443315,-0.00503917,0.00030198,-0.002105144,-0.003144498,-0.039273926,-0.020264457,-0.007765763,-0.001840527,-0.004937527,-0.006380205,3.71801E-05
BR11_main,3.587878788,0.024985906,8.81499E-05,-0.011168195,-0.007769722,-0.015872446,-0.006537508,0.00378637,-0.011457199,-0.003956318,0.044414808,0.001191539,-0.133668091,0.000558152,-0.006772826,0.023414926,-0.002977159,-0.003972564,-0.029890769,-0.014331374,-0.006623538,-0.00505962,-0.000905306,-0.003126954,-0.003694094,-0.040634807,-0.020100219,-0.00915723,-0.002005322,-0.004692822,-0.006459955,3.77155E-05
BR11_main,3.707474747,0.023625647,8.38901E-05,-0.01187465,-0.00798474,-0.01859297,-0.006580597,0.003345521,-0.010836489,-0.004260177,0.041133069,0.00111739,-0.135289769,0.000587102,-0.007896445,0.020715324,-0.003033586,-0.004962085,-0.038802358,-0.014746719,-0.007003763,-0.005056953,-0.002820309,-0.003563758,-0.004407547,-0.041588515,-0.020107327,-0.009201517,-0.002379269,-0.004819726,-0.007069145,3.76072E-05
BR11_main,3.827070707,0.022668603,7.9407E-05,-0.013951258,-0.008786533,-0.019746464,-0.006266552,0.002927268,-0.010632921,-0.005332691,0.037378609,0.001024916,-0.137114426,0.000599457,-0.009892979,0.0173765,-0.003057476,-0.006442003,-0.024143544,-0.015131653,-0.007105866,-0.005073739,-0.00385266,-0.005182571,-0.003769735,-0.041663537,-0.019857796,-0.009173239,-0.002468483,-0.005051334,-0.008164176,3.89651E-05
BR11_main,3.946666667,0.02228725,7.48833E-05,-0.01573329,-0.009443966,-0.022508835,-0.004321777,0.002612262,-0.009598835,-0.00614181,0.034823553,0.00098437,-0.123307324,0.000624342,-0.011247038,0.015596493,-0.003127359,-0.008186185,-0.022371957,-0.016372907,-0.007477056,-0.005104719,-0.0037491,-0.006019351,-0.005371749,-0.041394935,-0.019479482,-0.009544062,-0.002672632,-0.004873703,-0.009357224,3.81423E-05
BR11_main,4.066262626,0.021933516,7.04969E-05,-0.017423461,-0.010084538,-0.025138952,-0.004785144,0.002521311,-0.009197185,-0.005520577,0.033725824,0.000906733,-0.117257525,0.00090869,-0.012291662,0.013848459,-0.00323563,-0.009791729,-0.017866828,-0.017155092,-0.007866074,-0.005142906,-0.003420399,-0.00565542,-0.007202976,-0.041441428,-0.019361889,-0.009318296,-0.002990736,-0.004496239,-0.010018221,3.75481E-05
BR11_main,4.185858586,0.021574884,6.63933E-05,-0.018150758,-0.010057359,-0.027342999,-0.00495031,0.002572814,-0.009288988,-0.005160985,0.031318725,0.000851521,-0.118230137,0.001472764,-0.013238023,0.013317254,-0.003285924,-0.010276002,-0.012514747,-0.018032758,-0.00850707,-0.005191897,-0.002865754,-0.00584927,-0.007888127,-0.041001411,-0.01922542,-0.00826042,-0.0031164,-0.004281481,-0.010240348,3.78405E-05
BR11_main,4.305454545,0.021195471,6.47311E-05,-0.01824396,-0.009796745,-0.028862638,-0.004200602,0.002671707,-0.009890062,-0.005088848,0.029441594,0.000827462,-0.119157656,0.002313443,-0.01404079,0.012135387,-0.003223622,-0.010295713,-0.008786461,-0.018036775,-0.008973311,-0.005218231,-0.002138972,-0.005934483,-0.007804389,-0.040782464,-0.018766119,-0.008098208,-0.003242811,-0.003580537,-0.010935948,3.72307E-05
BR11_main,4.425050505,0.020721313,7.63782E-05,-0.016230823,-0.009621351,-0.030641928,-0.003501005,0.002562964,-0.010104746,-0.004779385,0.027850623,0.000805685,-0.118542605,0.003097159,-0.014827848,0.01098243,-0.003199826,-0.010175316,-0.007745852,-0.018749753,-0.008495278,-0.005045467,-0.000960042,-0.006223889,-0.007581204,-0.040480841,-0.018301646,-0.008373999,-0.003150214,-0.003603365,-0.011558788,3.73646E-05
BR11_main,4.544646465,0.02030899,0.000170405,-0.013490711,-0.009267998,-0.03268187,-0.003211017,0.001937117,-0.010081153,-0.004923637,0.026429374,0.00078074,-0.119654959,0.003212136,-0.015692784,0.009343877,-0.003119967,-0.009882809,-0.004583965,-0.019334358,-0.0068292,-0.004835701,0.001035954,-0.006400207,-0.007481367,-0.039591629,-0.017754316,-0.008268511,-0.003086993,-0.003456678,-0.011101228,3.67692E-05
BR11_main,4.664242424,0.01995038,0.00025921,-0.010566494,-0.008946344,-0.034111496,-0.002682982,0.002012091,-0.008680936,-0.004570681,0.025230534,0.000759536,-0.124673133,0.002723137,-0.016493672,0.007651143,-0.002968636,-0.008647238,-0.002028689,-0.019046486,-0.006193853,-0.004582616,0.002748941,-0.006216412,-0.007386159,-0.03834193,-0.017060908,-0.008044635,-0.00299616,-0.003220465,-0.011361105,3.71573E-05
BR11_main,4.783838384,0.019494212,0.000348296,-0.009316848,-0.008785292,-0.035209199,-0.002210162,0.002027718,-0.007953194,-0.004292037,0.023883982,0.000699082,-0.129590938,0.002177221,-0.016857491,0.005896998,-0.002781338,-0.007471986,-0.000123497,-0.018956435,-0.006931803,-0.004403159,0.004269218,-0.005965749,-0.007077382,-0.036734582,-0.016276034,-0.009023598,-0.00286092,-0.003437185,-0.010631173,3.59185E-05
BR11_main,4.903434343,0.019029394,0.000351086,-0.00775086,-0.008431064,-0.036064787,-0.001588017,0.001942805,-0.007426177,-0.003964866,0.022662407,0.000675718,-0.135386172,0.001934055,-0.017840599,0.004551832,-0.00262287,-0.007310596,-0.000388471,-0.018943508,-0.007581923,-0.004359508,0.005435818,-0.005552957,-0.006476754,-0.035139987,-0.015503824,-0.009160926,-0.002776119,-0.003433864,-0.010643547,3.37714E-05
BR11_main,5.023030303,0.018755543,0.000352452,-0.006421876,-0.0081095,-0.036904682,0.000739902,0.001836186,-0.006822901,-0.004302235,0.021077103,0.000659346,-0.143509055,0.001486353,-0.018270344,0.00423121,-0.002566717,-0.007487007,3.55837E-05,-0.017632801,-0.007621316,-0.004286483,0.006248661,-0.005245847,-0.005871547,-0.033358295,-0.014662634,-0.009439978,-0.002710708,-0.003671904,-0.01104532,3.13758E-05
BR11_main,5.142626263,0.018432693,0.000300863,-0.005419816,-0.00773341,-0.036997343,0.004262424,0.001871853,-0.006271542,-0.00457866,0.019482738,0.000679906,-0.153401969,0.001164415,-0.018570226,0.004837679,-0.002611176,-0.007452414,0.00062552,-0.016393562,-0.007453791,-0.00425149,0.006914325,-0.004957442,-0.005178725,-0.031741809,-0.013846189,-0.009007589,-0.002629034,-0.003684118,-0.009541888,2.9723E-05
BR11_main,5.262222222,0.018097702,0.00015577,-0.004589186,-0.007457696,-0.036788906,0.003417562,0.001919897,-0.005689286,-0.004746851,0.018696843,0.000706623,-0.162523589,0.000753457,-0.01924482,0.004723581,-0.002604411,-0.006919739,0.000736139,-0.015051412,-0.007999124,-0.004153794,0.007515227,-0.004779965,-0.004885937,-0.030140945,-0.013014894,-0.00911774,-0.002533792,-0.003573272,-0.007578357,3.08522E-05
BR11_main,5.381818182,0.017657014,0.000147222,-0.003539871,-0.007151212,-0.035916045,0.001250572,0.001941584,-0.005304495,-0.00493358,0.017745873,0.000706364,-0.17262933,0.000488599,-0.020162164,0.004344367,-0.002784575,-0.006703433,0.000861996,-0.012887036,-0.008885671,-0.004139035,0.008197628,-0.004707731,-0.004713602,-0.028266276,-0.012255999,-0.008897564,-0.002457872,-0.003753171,-0.006434784,3.35946E-05
BR11_main,5.501414141,0.017109281,0.0001385,-0.002433411,-0.007000875,-0.034409929,0.000602807,0.001842822,-0.005124977,-0.005286354,0.017602356,0.000713224,-0.18027273,0.000455884,-0.020439237,0.00362453,-0.003001909,-0.006825824,0.000936883,-0.011276991,-0.00931533,-0.004185917,0.009040254,-0.004696737,-0.004267095,-0.026666234,-0.011498396,-0.008380536,-0.00240945,-0.004127839,-0.004734812,4.32849E-05
BR11_main,5.621010101,0.01670471,0.000141975,-0.001437392,-0.006621985,-0.032886509,-0.001456208,0.001861752,-0.00508777,-0.005007313,0.019235493,0.000753111,-0.186863927,0.000390474,-0.020584714,0.003250302,-0.002975653,-0.006771778,0.001069714,-0.01073174,-0.009247979,-0.004208712,0.00997238,-0.004761155,-0.004031635,-0.024703592,-0.010736543,-0.006931932,-0.002328305,-0.00466164,-0.003807678,4.92902E-05
BR11_main,5.740606061,0.01624301,0.000139335,-0.000729752,-0.00663792,-0.031402043,-0.001993635,0.001867283,-0.004832856,-0.005114937,0.019650761,0.000745946,-0.19038692,0.000395697,-0.01999812,0.002404603,-0.003002884,-0.006652561,0.001189411,-0.011252815,-0.008667402,-0.00411146,0.010848945,-0.004720284,-0.004379599,-0.022754017,-0.00994236,-0.006627108,-0.002272042,-0.00490767,-0.005373181,5.21508E-05
BR11_main,5.86020202,0.0155058,0.000136706,-0.000420676,-0.006975532,-0.029970626,-0.002389766,0.001658515,-0.004841062,-0.004738079,0.018381596,0.00069868,-0.191821047,0.000411448,-0.019693283,0.001889969,-0.002840555,-0.006539551,0.001250133,-0.011389922,-0.008605608,-0.004019084,0.011575897,-0.004742294,-0.004544645,-0.021040914,-0.009152413,-0.006742891,-0.002294166,-0.004910959,-0.00562684,5.38482E-05
BR11_main,5.97979798,0.01474579,0.000137187,-0.000328422,-0.007234473,-0.028606432,-0.003861151,0.001730731,-0.004923031,-0.004539305,0.017290188,0.000630747,-0.191423524,0.000417426,-0.019264039,0.001297975,-0.00267731,-0.007088448,0.001268147,-0.01143248,-0.008069569,-0.003937787,0.012280394,-0.004847037,-0.004536738,-0.019341933,-0.008521118,-0.007078848,-0.00236863,-0.00493094,-0.00677184,5.09428E-05
BR11_main,6.099393939,0.01402029,0.000140643,-0.000115225,-0.007441998,-0.027287265,-0.005681174,0.001933197,-0.005153074,-0.004176388,0.016362773,0.000530923,-0.188459863,0.000433442,-0.018326979,0.001076551,-0.00246135,-0.007590157,0.001250529,-0.012135864,-0.007506243,-0.003618399,0.013069306,-0.005023748,-0.004739045,-0.017783649,-0.007875314,-0.007156073,-0.002471683,-0.00462295,-0.008278711,4.88966E-05
BR11_main,6.218989899,0.013118037,0.000159216,2.7957E-05,-0.00709034,-0.025781422,-0.007502702,0.001935281,-0.004859091,-0.003937665,0.01424238,0.000483773,-0.183713405,0.000451987,-0.01713459,0.000783297,-0.002321185,-0.007800592,0.001114656,-0.013252728,-0.006130306,-0.003277254,0.013854383,-0.004989043,-0.005016743,-0.016422995,-0.007285331,-0.006925664,-0.002566116,-0.004116811,-0.006572283,4.89124E-05
BR11_main,6.338585859,0.011335737,0.000161573,0.000138788,-0.006413801,-0.024201676,-0.008622704,0.001709824,-0.004818507,-0.003653212,0.012091711,0.00041358,-0.175718186,0.000471598,-0.016013255,0.000754703,-0.002105817,-0.006921388,0.001014638,-0.014069747,-0.005099585,-0.002959158,0.014691559,-0.004711018,-0.005028242,-0.015177837,-0.00670623,-0.006863757,-0.002446071,-0.003636206,-0.004964016,4.89844E-05
BR11_main,6.458181818,0.009798087,0.000172589,0.000430015,-0.005490368,-0.022483127,-0.008577306,0.0012853,-0.004594669,-0.003374814,0.010178264,0.00038393,-0.165388391,0.000492425,-0.014302676,0.000847043,-0.00189661,-0.006657355,0.000855485,-0.013074711,-0.004493832,-0.002696676,0.015571229,-0.004166372,-0.004331494,-0.014031085,-0.006159089,-0.006293554,-0.002257671,-0.003430329,-0.003950836,4.48164E-05
BR11_main,6.577777778,0.008548822,0.000208046,0.001356039,-0.004666554,-0.021108603,-0.007722763,0.001042341,-0.004647235,-0.003234994,0.008373472,0.00036436,-0.155499217,0.000517374,-0.012941941,0.001050855,-0.001649544,-0.005935691,0.000670645,-0.011538778,-0.003839572,-0.002404702,0.016402172,-0.00378498,-0.004149772,-0.012790419,-0.005624684,-0.004697692,-0.002080608,-0.002804384,-0.003342172,3.80722E-05
BR11_main,6.697373737,0.007662724,0.000273697,0.001880132,-0.003841914,-0.01978125,-0.006821959,0.000868655,-0.004779669,-0.002977011,0.007235942,0.000342404,-0.144677414,0.000549835,-0.01193287,0.00107594,-0.001345392,-0.004921624,0.000329143,-0.00984871,-0.002968773,-0.002068328,0.017193812,-0.00321875,-0.003672576,-0.01171769,-0.005156089,-0.003679421,-0.001817342,-0.002234319,-0.003010505,3.17962E-05
BR11_main,6.816969697,0.006795547,0.000320643,0.002092492,-0.003154763,-0.018783531,-0.0054211,0.000803225,-0.004574323,-0.002610059,0.006703807,0.000318295,-0.132651248,0.000582935,-0.010463194,0.001097888,-0.001134153,-0.003740714,9.8738E-05,-0.00786393,-0.002128903,-0.00184027,0.017960843,-0.002488458,-0.002893609,-0.01091381,-0.004730479,-0.0028786,-0.001523843,-0.001824711,-0.002701069,2.30765E-05
BR11_main,6.936565657,0.005818708,0.000322723,0.001995446,-0.002003949,-0.017853119,-0.003738036,0.000843554,-0.004415906,-0.002354017,0.006176876,0.000292672,-0.120628007,0.000616864,-0.009425317,0.001080067,-0.000961226,-0.002620565,8.96103E-05,-0.005772929,-0.00157918,-0.001626917,0.019018614,-0.001855866,-0.002032244,-0.010195413,-0.004311227,-0.002313966,-0.001254625,-0.000786354,-0.001782389,1.66325E-05
BR11_main,7.056161616,0.004872205,0.000350597,0.002029363,-0.001160543,-0.017112612,-0.002380942,0.000810904,-0.004130764,-0.002238056,0.005888417,0.000276683,-0.107194114,0.000664046,-0.008118993,0.001206723,-0.000797385,-0.001828572,-0.000123599,-0.003697566,-0.0012824,-0.001258813,0.020056933,-0.001387327,-0.001430464,-0.009304644,-0.003946882,-0.001982002,-0.000999176,-0.000459493,-0.001376567,1.36527E-05
BR11_main,7.175757576,0.004171601,0.000352716,0.001869818,-0.000539305,-0.016292697,-0.001449103,0.000751093,-0.0037938,-0.0021319,0.005427753,0.00026606,-0.094003832,0.00070861,-0.007191774,0.001740686,-0.000625781,-0.001072501,-0.000108703,-0.001873614,-0.001012712,-0.000879295,0.021159482,-0.001060691,-0.000871467,-0.008481128,-0.003671612,-0.001620094,-0.000764127,0.000108805,-0.000948258,1.12008E-05
BR11_main,7.295353535,0.003530306,0.000389168,0.001806996,-0.000326303,-0.015239896,-0.000815764,0.000853935,-0.003388462,-0.002032661,0.005142397,0.000251205,-0.082079735,0.000780503,-0.00635028,0.002936974,-0.000537183,-0.000586193,-8.883E-05,-0.00089665,-0.000825491,-0.000565907,0.022145225,-0.00082191,-0.000520785,-0.007660316,-0.003459407,-0.00129027,-0.000578075,0.001521344,-0.000833821,9.5993E-06
BR11_main,7.414949495,0.002924945,0.000376014,0.001456115,-0.000198077,-0.014582763,-0.000420359,0.000823643,-0.003287669,-0.002000725,0.004853821,0.000249227,-0.071449566,0.000851708,-0.005600213,0.003815875,-0.000471936,-0.000323989,0.000150459,-0.000418213,-0.00062774,-0.000328568,0.022949081,-0.00061279,-0.000299385,-0.006323352,-0.003254929,-0.001121847,-0.000461161,0.003265091,-0.000716641,8.36712E-06
BR11_main,7.534545455,0.002359499,0.000356355,0.001122501,-0.000191499,-0.014503995,-0.000231407,0.000741667,-0.003469857,-0.001990448,0.004555329,0.000249406,-0.062101644,0.00097787,-0.00494904,0.004215651,-0.000393053,-0.000121085,0.000614941,-0.000210351,-0.000411729,-0.000185261,0.023564127,-0.000405032,-0.000192424,-0.005046407,-0.003100376,-0.000881437,-0.000376903,0.003363881,-0.000466088,7.57913E-06
BR11_main,7.654141414,0.001830756,0.000406701,0.000971162,-0.000160899,-0.013500851,4.94166E-05,0.000687399,-0.003608982,-0.001888355,0.004559122,0.000249788,-0.054515675,0.001146757,-0.00443846,0.004900639,-0.000369,-0.000115632,0.001143016,-0.000226636,-0.000427124,-0.000115046,0.023949576,-0.000282286,-9.03467E-05,-0.004059667,-0.002786662,-0.000635595,-0.000313422,0.003139555,-0.000279029,7.657E-06
BR11_main,7.773737374,0.001314605,0.000352718,0.000850001,-0.00011546,-0.013251941,0.000172268,0.000533478,-0.003929554,-0.001712575,0.004915157,0.000279052,-0.049832973,0.001466894,-0.004079454,0.005286506,-0.000338389,-7.18047E-05,0.001941587,-0.000186855,-0.000436956,-6.20047E-05,0.024088128,-0.000170923,-3.6983E-05,-0.002787784,-0.002595713,-0.000431257,-0.000235678,0.00284275,-0.000226514,7.20689E-06
BR11_main,7.893333333,0.000822993,0.000352625,0.000853215,-3.83382E-05,-0.01330846,0.000229327,0.000400496,-0.004444144,-0.001747677,0.005392713,0.000303373,-0.043734246,0.00182782,-0.003755886,0.004984222,-0.000274236,-4.82593E-05,0.002496205,-6.26065E-05,-0.000370042,-5.69369E-05,0.02397345,-0.000116313,-3.17103E-05,-0.001510092,-0.002252782,-0.000197754,-0.000174923,0.002096656,-0.000258783,6.66635E-06
BR11_main,8.012929293,0.000422441,0.000345091,0.000945947,-2.79323E-05,-0.013232915,0.000164025,0.000373651,-0.005187682,-0.002030236,0.005273688,0.000270714,-0.04347824,0.001993049,-0.003381968,0.004161477,-0.000242887,-4.3948E-05,0.00304504,-0.000110048,-0.00025472,-5.24333E-05,0.023666011,-0.000106305,-4.29544E-05,-0.000217425,-0.002103517,-9.39126E-05,-0.000143256,0.001285166,-0.000225697,6.36106E-06
BR11_main,8.132525253,0.000146182,0.00037821,0.001017382,-3.04758E-05,-0.012621953,0.000236736,0.000297258,-0.0051873,-0.002076648,0.00445138,0.00028747,-0.039392205,0.001911907,-0.003121482,0.003110021,-0.000194217,-8.48433E-05,0.003859679,-0.000249553,-0.000176891,-4.54647E-05,0.023150469,-9.91878E-05,-5.46632E-05,0.000757486,-0.002028617,-0.000142058,-0.00012273,0.000379767,-0.000254686,6.10567E-06
BR11_main,8.252121212,0.0000015,0.000426723,0.001124503,-5.74341E-05,-0.012158301,0.00031518,0.000276052,-0.005024526,-0.002010606,0.004181239,0.000309433,-0.043508403,0.001754466,-0.003008841,0.002381045,-0.000151223,-8.6695E-05,0.004489441,-0.000366718,-9.4987E-05,-3.69785E-05,0.022386059,-9.39184E-05,-5.60525E-05,0.001319234,-0.001896665,-0.000280964,-0.000127822,0.000191532,-0.000261,5.86905E-06
BR11_main,8.371717172,0.0000015,0.000485561,0.001151506,-9.60783E-05,-0.011901142,0.000413293,0.000105267,-0.004804664,-0.001848867,0.003653698,0.000316626,-0.046567956,0.001558237,-0.002932218,0.001925518,-8.98742E-05,-6.58057E-05,0.006535832,-0.000454397,-4.56267E-05,-3.51685E-05,0.021579323,-0.000111084,-2.50658E-05,0.000573557,-0.001850577,-0.000374742,-0.000149857,3.8699E-05,-0.000290423,5.85332E-06
BR11_main,8.491313131,0.0000015,0.000534315,0.001013907,-0.000130751,-0.012726699,0.000482397,-3.49482E-05,-0.004490739,-0.001854718,0.004480354,0.000317726,-0.051301345,0.001499877,-0.002762861,0.001866599,-6.06948E-05,-0.000138584,0.009487476,-0.000515679,-7.93107E-05,-4.09208E-05,0.02065078,-0.000145279,-3.0774E-05,-0.000409212,-0.00201718,-0.00053617,-0.000182474,0.000154859,-0.000256646,6.05394E-06
BR11_main,8.610909091,0.0000015,0.000616803,0.001106794,-0.000200772,-0.01250679,0.00069937,-7.89139E-05,-0.004567083,-0.00169645,0.004790659,0.000329835,-0.058389433,0.00152536,-0.002562301,0.001901962,-2.83423E-05,-0.000249706,0.011737948,-0.000414734,-0.000124589,-6.95445E-05,0.019788675,-0.000174483,-2.30689E-05,-0.001027249,-0.001900089,-0.000764844,-0.000213579,0.000370968,-0.000259491,6.33589E-06
BR11_main,8.730505051,0.0000015,0.000723771,0.001399996,-0.000247904,-0.012527981,0.001076667,-0.000114107,-0.004610015,-0.001545209,0.004932614,0.000342979,-0.063930856,0.001561028,-0.002417581,0.001918346,-2.5512E-05,-0.000299063,0.014469244,-0.000390472,-0.000206759,-9.75503E-05,0.019051181,-0.000184379,-4.03818E-05,-0.002372303,-0.001775084,-0.000917167,-0.000218535,0.000435011,-0.000292723,6.72206E-06
BR11_main,8.85010101,0.0000015,0.000846912,0.002041876,-0.000272563,-0.012547153,0.001504106,-0.000147519,-0.004431883,-0.001404716,0.004167863,0.000330632,-0.068167748,0.001604636,-0.002409293,0.001954071,-4.263E-05,-0.000372967,0.01488998,-0.00043842,-0.000281221,-0.000135089,0.018259062,-0.000239743,-7.8809E-05,-0.003173117,-0.001634545,-0.000955006,-0.00022878,0.000318559,-0.000365298,7.30679E-06
BR11_main,8.96969697,0.0000015,0.000952158,0.003152933,-0.000338228,-0.012532638,0.002163497,-0.000149348,-0.004218358,-0.001370408,0.003084603,0.000336638,-0.066342399,0.001698382,-0.002335494,0.001969684,-7.76856E-05,-0.000414915,0.014793264,-0.000618782,-0.000361734,-0.000137844,0.01743109,-0.000251779,-0.000113734,-0.003421534,-0.001478097,-0.000962743,-0.000248337,0.00022207,-0.000562953,8.16772E-06
BR11_main,9.089292929,0.0000015,0.00101212,0.003819757,-0.000418506,-0.012222205,0.003233417,-0.000140273,-0.004005822,-0.001436244,0.002364965,0.000361132,-0.058729578,0.00184611,-0.002193924,0.001980972,-0.000113252,-0.000426895,0.012121723,-0.000813211,-0.000453023,-0.000146577,0.016709067,-0.000268631,-0.000148843,-0.003537453,-0.001319867,-0.000957994,-0.000277723,0.000141023,-0.000792147,9.25313E-06
BR11_main,9.208888889,0.0000015,0.001157316,0.004309372,-0.000487072,-0.010076729,0.004173753,-4.95655E-05,-0.003671586,-0.001566115,0.002282877,0.000379937,-0.044870774,0.001992326,-0.001895914,0.001988636,-0.000149283,-0.000461606,0.009576709,-0.001081263,-0.000500774,-0.000150933,0.016022918,-0.000286054,-0.00017529,-0.003480801,-0.001212069,-0.00096161,-0.000308605,9.18777E-05,-0.000927835,1.04848E-05
BR11_main,9.328484848,0.0000015,0.001350717,0.004950774,-0.000491444,-0.009265108,0.004544676,0.000229256,-0.003766251,-0.001737825,0.002190756,0.00039976,-0.040441395,0.002144926,-0.001493561,0.002023945,-0.000184211,-0.000521463,0.008620453,-0.00129313,-0.000474257,-0.00015313,0.015363817,-0.000284515,-0.000245331,-0.0036549,-0.001066862,-0.00101519,-0.000267661,4.40738E-05,-0.00104144,1.25718E-05
BR11_main,9.448080808,0.0000015,0.001549186,0.005732023,-0.000508822,-0.005680474,0.004520095,0.000463632,-0.002974263,-0.002046129,0.002142571,0.000463499,-0.042226223,0.002313827,-0.001302544,0.00203229,-0.000210231,-0.000555014,0.008691348,-0.001387131,-0.000497287,-0.000173042,0.014685974,-0.000267532,-0.00025746,-0.00392127,-0.000973218,-0.001059438,-0.000220143,0.000145199,-0.001117785,1.45299E-05
BR11_main,9.567676768,0.0000015,0.001781997,0.00533423,-0.000581844,-0.005380866,0.005610733,0.000748113,-0.001958405,-0.002142498,0.002181636,0.000530713,-0.035531351,0.002477277,-0.001100846,0.002061443,-0.000222544,-0.000625307,0.009682549,-0.001503109,-0.000523522,-0.000210479,0.014110529,-0.000247189,-0.000292532,-0.004307778,-0.000922396,-0.001085753,-0.000183035,0.000234255,-0.001273079,1.54106E-05
BR11_main,9.687272727,0.0000015,0.002046962,0.004716495,-0.000614005,-0.003798496,0.005476397,0.000777248,-0.000890001,-0.001950489,0.002112406,0.000582519,-0.034095258,0.002687243,-0.001163343,0.002120792,-0.00024035,-0.000761342,0.010858236,-0.001753979,-0.000629806,-0.000249835,0.013632109,-0.000256111,-0.000352608,-0.004723291,-0.000802684,-0.001149256,-0.000170554,0.000244451,-0.001463815,1.53525E-05
BR11_main,9.806868687,0.0000015,0.002236612,0.006620431,-0.000676613,-0.007879479,0.005822255,0.000836916,-0.002126391,-0.001653482,0.002254997,0.000594682,-0.037792268,0.002897582,-0.001118989,0.002207446,-0.000281196,-0.000918751,0.011644017,-0.002044575,-0.000859636,-0.000299816,0.013283084,-0.000320352,-0.000429413,-0.005213292,-0.000771816,-0.00118129,-0.000189741,0.000301002,-0.001509771,1.45814E-05
BR11_main,9.926464646,0.0000015,0.002413885,0.00744751,-0.000749251,-0.009058458,0.005447492,0.000519823,-0.002673601,-0.001606075,0.00245143,0.000588325,-0.038656855,0.003103793,-0.001264264,0.002309423,-0.000301665,-0.001040314,0.012743888,-0.002266692,-0.001070705,-0.000336329,0.012915297,-0.000356007,-0.000539393,-0.00578873,-0.000796997,-0.001226776,-0.000230442,0.000319869,-0.001481898,1.41065E-05
BR11_main,10.04606061,0.0000015,0.002521374,0.006441794,-0.000790147,-0.010365056,0.003040635,0.000297212,-0.002380506,-0.001531702,0.002583535,0.000550779,-0.044722408,0.00333215,-0.001467583,0.00239799,-0.000321658,-0.0011543,0.013210116,-0.002489393,-0.001287366,-0.000380102,0.012859345,-0.000421892,-0.000711294,-0.006507203,-0.000893545,-0.001304357,-0.000276767,0.000291554,-0.001396135,1.30712E-05
BR11_main,10.16565657,0.0000015,0.002516036,0.004328728,-0.00081504,-0.009936814,0.000540531,0.000150238,-0.002310307,-0.001427889,0.002831829,0.000480911,-0.052865591,0.00355763,-0.001828853,0.002542321,-0.000336017,-0.001352055,0.013207706,-0.002774799,-0.001463021,-0.000418833,0.013025799,-0.000543352,-0.000801564,-0.007177187,-0.001013925,-0.001399259,-0.000344196,0.000248136,-0.001175161,1.18164E-05
BR11_main,10.28525253,0.0000015,0.002535743,0.002897025,-0.000930471,-0.010252744,-8.45067E-05,4.7514E-05,-0.001878712,-0.001366093,0.003456764,0.000456121,-0.062827257,0.00380519,-0.002119319,0.002456722,-0.000343117,-0.001478711,0.013250719,-0.003080459,-0.001473759,-0.000454919,0.013267923,-0.000550189,-0.000949796,-0.007350101,-0.000903769,-0.001535655,-0.000449356,0.000394902,-0.000948519,1.14305E-05
BR11_main,10.40484848,0.0000015,0.002415291,0.002087943,-0.00097906,-0.011349353,-0.000410915,4.33015E-05,-0.000512881,-0.001381026,0.003796783,0.000431932,-0.068952481,0.004045733,-0.002220249,0.002469756,-0.000354789,-0.001606243,0.012945497,-0.00360442,-0.001631354,-0.000499607,0.013807435,-0.000567941,-0.001202605,-0.007561096,-0.000961901,-0.001629328,-0.000570487,0.000210429,-0.000672986,1.11061E-05
BR11_main,10.52444444,0.0000015,0.002418926,0.001665317,-0.001046468,-0.010998896,9.99141E-06,2.93815E-05,0.002806361,-0.001530767,0.004955142,0.000440153,-0.074316959,0.004257702,-0.002253365,0.00264297,-0.000372535,-0.001733661,0.013215795,-0.004081496,-0.001562266,-0.000530297,0.014088077,-0.000677806,-0.00149004,-0.00781242,-0.000457819,-0.001722171,-0.000648925,3.83561E-05,-0.000526377,1.02467E-05
BR11_main,10.6440404,0.0000015,0.00247391,0.001639069,-0.00118283,-0.008709521,0.000261377,4.25595E-05,0.005051817,-0.001466159,0.00664765,0.000500251,-0.0773428,0.004402126,-0.002514783,0.003040661,-0.000398561,-0.001871127,0.014104586,-0.004432701,-0.001565959,-0.000558734,0.014426741,-0.000892303,-0.001738807,-0.008000578,-0.00020805,-0.0019484,-0.000654458,-0.000187503,-0.000445772,9.68104E-06
BR11_main,10.76363636,0.0000015,0.002662116,0.002020825,-0.001399456,-0.008731865,0.001191374,8.67845E-05,0.003700834,-0.001261286,0.00718879,0.000532304,-0.082500211,0.004465852,-0.002480067,0.003108568,-0.000447115,-0.002095968,0.014986773,-0.004509948,-0.001726267,-0.000652562,0.014301068,-0.001001334,-0.001970907,-0.007893812,1.34504E-05,-0.002142472,-0.000687504,-0.000650905,-0.000394589,9.55117E-06
BR11_main,10.88323232,0.0000015,0.002944598,0.002416848,-0.001705833,-0.008849846,0.003601446,9.66722E-05,0.002472933,-0.001258666,0.00766144,0.000578193,-0.083727869,0.004437527,-0.002908355,0.002818793,-0.000502998,-0.002212794,0.013326717,-0.004836306,-0.00185145,-0.000730402,0.013905922,-0.001214335,-0.002154635,-0.007706757,-0.000127739,-0.002270721,-0.000752473,-0.001300294,-0.000446609,9.64921E-06
BR11_main,11.00282828,0.0000015,0.00305537,0.003214419,-0.001856223,-0.009769565,0.006206927,0.000120322,-0.002430091,-0.001209453,0.006126197,0.000618559,-0.085214142,0.004305917,-0.003402989,0.002300324,-0.0005188,-0.002320073,0.012096926,-0.004918127,-0.0017955,-0.000677758,0.014045935,-0.001304742,-0.002188014,-0.007300513,-0.000588908,-0.002363808,-0.00079851,-0.002006077,-0.000497824,9.90875E-06
BR11_main,11.12242424,0.0000015,0.002974283,0.003784804,-0.001923728,-0.009572434,0.008676239,0.00015755,-0.001015617,-0.001322664,0.005024023,0.000589689,-0.085162493,0.004101342,-0.003828611,0.001997073,-0.000558396,-0.002319721,0.011371088,-0.00496091,-0.001710631,-0.000655189,0.013177911,-0.001533939,-0.002227445,-0.006838783,-0.000969472,-0.002415496,-0.000839271,-0.00247617,-0.000848369,1.08372E-05
BR11_main,11.2420202,0.0000015,0.003138145,0.003215489,-0.001935458,-0.008187823,0.008997242,0.000352866,0.000459992,-0.001514544,0.003822832,0.000547401,-0.064323507,0.003743529,-0.004270835,0.002027434,-0.000579451,-0.002345688,0.010181271,-0.004962288,-0.001633994,-0.000764943,0.014755526,-0.001721326,-0.002242983,-0.005888524,-0.000314635,-0.002449978,-0.000857795,-0.001426883,-0.001173054,1.34399E-05
BR11_main,11.36161616,0.0000015,0.002540841,0.001964617,-0.001904583,-0.004149671,0.003524607,0.000428094,0.002884248,-0.001548453,0.003949315,0.000565787,-0.04536127,0.00385969,-0.004015127,0.004581597,-0.000592061,-0.002266686,0.01107991,-0.004891376,-0.001634153,-0.000819754,0.017061357,-0.00177728,-0.002232745,-0.003659759,0.000488544,-0.002502677,-0.000809952,-0.001292538,-0.001334165,1.70052E-05
BR11_main,11.48121212,0.0000015,0.002217792,0.001955272,-0.001814041,-0.000393755,0.000607091,0.000683723,0.008168016,-0.001366084,0.005760647,0.000670478,-0.032801705,0.004275276,-0.0036179,0.007838011,-0.000573653,-0.002045942,0.012518655,-0.004566861,-0.001709462,-0.000767453,0.01981481,-0.001584686,-0.002198946,-0.001306322,0.001070091,-0.002452025,-0.000697632,-0.00015068,-0.001817874,2.02439E-05
BR11_main,11.60080808,0.0000015,0.002133494,0.002346156,-0.001557648,0.000865571,0.002261052,0.00113002,0.013113946,-0.001242508,0.010094838,0.000739996,-0.030274287,0.004576637,-0.003035703,0.010421704,-0.000552624,-0.001561152,0.014405112,-0.00363445,-0.001520367,-0.0006504,0.025958233,-0.001289439,-0.001879171,0.000911586,0.001664516,-0.002330468,-0.00049308,0.001143393,-0.00171017,2.47486E-05
BR11_main,11.72040404,0.0000015,0.002656762,0.0028802,-0.001153371,0.00334676,0.002736853,0.00140283,0.030068856,-0.000830336,0.015131514,0.00079418,-0.01619467,0.004816164,-0.001992781,0.012629075,-0.000446421,-0.001088273,0.020686302,-0.002350672,-0.001127449,-0.000438825,0.034100531,-0.000991333,-0.001273589,0.003524969,0.002264617,-0.00186029,-0.000260534,0.001927456,-0.001570108,2.88633E-05
BR11_main,11.84,0.0000015,0.003233631,0.003232779,-0.000696178,0.00325448,0.001623205,0.001605441,0.041078278,-0.000290232,0.017705337,0.000841712,-0.005383477,0.00489896,-0.000790572,0.013385246,-0.000334328,-0.00059591,0.023702351,-0.000727823,-0.000871822,-0.000167316,0.038448066,-0.000607587,-0.000981376,0.00563674,0.00266141,-0.001276373,-4.6081E-05,0.002798348,-0.001590156,3.12553E-05
BR12_main,0,0.021046731,0.060290333,1.640551355,-0.047891051,4.467119476,0.697811605,0.084681647,0.805870019,-0.00357163,3.722335312,0.011364263,-0.373916474,-0.157145672,2.084488443,0.595555674,-0.001607834,-0.018938037,4.947533966,-0.020754687,-0.02349711,-0.019271252,1.757070191,-0.001137804,-0.009337631,2.471924684,0.998541478,-0.004846121,-0.002954593,0.306852325,-0.02599106,0.000915352
BR12_main,0.11959596,0.02762612,0.04787941,1.378021197,-0.046098813,2.939715944,0.562801378,0.071297775,0.720395159,-0.003938973,2.515612988,0.009427399,-0.406113498,-0.42099939,1.986598607,0.488099405,-0.002551341,-0.03379717,3.909246772,-0.02568834,-0.025005576,-0.021283519,1.266748023,-0.004164971,-0.030525182,1.752007569,0.474835469,-0.009111339,-0.003621558,0.249013176,-0.050015039,0.000818178
BR12_main,0.239191919,0.03271427,0.029627676,0.809101501,-0.043359161,1.083872447,0.382401714,0.040066752,0.592460184,-0.004572839,0.836296607,0.006754332,-0.429454315,-0.689569308,1.877436106,0.295305601,-0.003522712,-0.026135454,2.709567799,-0.032538425,-0.034246864,-0.024333514,1.043584554,-0.007188503,-0.032315773,0.72989485,-0.125574694,-0.0134521,-0.005103126,0.148112895,-0.041084704,0.000673852
BR12_main,0.358787879,0.036448821,0.012689059,0.532203037,-0.039242044,0.429986991,0.199927435,0.02290734,0.391195319,-0.004518232,0.95518702,0.003784074,-0.434751723,-0.623516817,0.655412957,0.170378351,-0.004633865,-0.018232725,1.932908066,-0.035690168,-0.045527211,-0.020437541,1.05987115,-0.009399097,-0.01497248,0.008080344,0.110749219,-0.017442804,-0.005045012,0.080736031,-0.02707733,0.000492537
BR12_main,0.478383838,0.03892726,0.004737379,0.470936997,-0.033910601,0.656808972,0.094875984,0.009998456,0.265327357,-0.003962676,1.948322779,0.002461506,-0.42924575,-0.301784831,0.316114427,0.127429005,-0.004959147,-0.011282696,1.485696022,-0.033562593,-0.05424968,-0.010784084,1.086752614,-0.011140596,-0.020954772,0.485033552,0.391855308,-0.020435209,-0.004288445,0.045525276,-0.016752805,0.000352641
BR12_main,0.597979798,0.040450658,0.005834593,0.485453225,-0.027547522,2.267797087,0.076992167,0.003513187,0.18794223,-0.00282947,1.984234613,0.002144915,-0.423065771,-0.024604823,0.104902326,0.113531367,-0.004930866,-0.007817865,1.292274488,-0.020615965,-0.050423386,-0.005058183,0.94902098,-0.01267117,-0.009162238,0.634829435,0.415234281,-0.022183522,-0.003639982,0.063157463,-0.009116383,0.00027064
BR12_main,0.717575758,0.041342726,0.012241012,0.418502197,-0.024507935,3.132245081,0.074827629,0.004366751,0.201695196,-0.002597694,1.444614491,0.002159833,-0.419312403,0.093578728,-0.108216514,0.109728288,-0.004355652,-0.007824068,1.221416438,-0.013534193,-0.043352808,-0.002948532,0.756216641,-0.009441352,-0.005644637,0.232914824,0.299045177,-0.023658679,-0.002700218,0.083936938,-0.010139969,0.000242945
BR12_main,0.837171717,0.041851329,0.017826527,0.366776682,-0.022435286,2.851842307,0.110496832,0.007879267,0.251138388,-0.001950061,0.791341263,0.002328318,-0.402490741,-0.058885737,-0.044804516,0.107126869,-0.003761221,-0.006750704,1.158577347,-0.01025915,-0.029154759,-0.00148267,0.621455306,-0.006942589,-0.007798345,0.238216791,0.121146799,-0.024862849,-0.001313721,0.088535093,-0.010507588,0.000205823
BR12_main,0.956767677,0.042136834,0.018032284,0.335664332,-0.021967116,1.740709311,0.105565898,0.009349092,0.335273062,-0.00138593,0.432969243,0.002352213,-0.383373545,-0.15056427,0.075016836,0.098201723,-0.001392315,-0.003503926,1.070833599,-0.00998654,-0.018302676,-0.001377752,0.526164736,-0.003614811,-0.01112948,0.092692684,0.092355959,-0.025821008,-0.000864418,0.091162044,-0.010692969,0.000184264
BR12_main,1.076363636,0.042295635,0.012549837,0.311460193,-0.02247238,0.918943022,0.096875251,0.009127879,0.265595286,-0.001474881,0.159405042,0.002278186,-0.363008442,-0.135644528,0.285360693,0.088603624,-0.00093791,-0.001839332,1.052860489,-0.012703249,-0.010282717,-0.000745724,0.415615099,-0.003366331,-0.008622329,0.131092954,0.166958792,-0.026322882,-0.001340942,0.089925173,-0.01164206,0.000157169
BR12_main,1.195959596,0.042383352,0.008559191,0.292661005,-0.023146017,0.487142037,0.074219527,0.008899904,0.218786897,-0.002241117,0.094341555,0.002139607,-0.345869827,-0.149321992,0.620861753,0.08456258,-0.002037574,-0.003198052,1.116321728,-0.016055855,-0.003649025,-0.00057595,0.317918513,-0.006272229,-0.004805081,0.110261751,0.20114816,-0.026660904,-0.002501497,0.076607471,-0.01476906,0.000141034
BR12_main,1.315555556,0.042431359,0.005753105,0.256798451,-0.024017113,0.477381749,0.050760928,0.008357365,0.156693498,-0.002542355,0.098192316,0.001977021,-0.32952235,-0.150872306,0.945024732,0.075038659,-0.003957936,-0.004267414,0.986323895,-0.019419105,-0.003914941,-0.001105032,0.224781383,-0.010372588,-0.004184328,0.085469039,0.095940422,-0.026612011,-0.003111127,0.057511336,-0.012507506,0.000125947
BR12_main,1.435151515,0.042456953,0.003611685,0.238040315,-0.024754362,0.466618006,0.037665458,0.007368059,0.110324737,-0.002852688,0.098667813,0.00182036,-0.314427416,-0.130914457,1.148157353,0.08125649,-0.00496178,-0.003791898,0.841119443,-0.022521272,-0.007969373,-0.001980567,0.170902661,-0.013114929,-0.003558236,0.089303594,0.054200163,-0.026476246,-0.003765996,0.047246239,-0.012692002,0.000112641
BR12_main,1.554747475,0.042469452,0.002615072,0.179226091,-0.024494464,0.44608971,0.031536908,0.007600598,0.087293727,-0.002890686,0.100954385,0.001676015,-0.299474752,-0.109045716,1.171881304,0.083656029,-0.006167229,-0.00369142,0.720711241,-0.025222175,-0.013759459,-0.003028497,0.139292645,-0.012954754,-0.004258228,0.078603201,0.027163961,-0.025996752,-0.00428547,0.038093344,-0.012915876,0.000102143
BR12_main,1.674343434,0.042473476,0.00246609,0.135799463,-0.023104437,0.386772801,0.024921472,0.008817959,0.057322133,-0.002723668,0.100950424,0.001534003,-0.285250697,-0.104794395,1.0664991,0.081370397,-0.006986246,-0.004461209,0.742654634,-0.026967785,-0.018023974,-0.004323867,0.11110969,-0.01100595,-0.005116533,0.067297719,0.014477773,-0.02503469,-0.004705742,0.029676763,-0.011776176,9.24298E-05
BR12_main,1.793939394,0.042470648,0.002363541,0.098454284,-0.021801885,0.316163692,0.013566138,0.008134365,0.035060968,-0.002619038,0.096885366,0.001398044,-0.272441917,-0.09881656,0.78087159,0.081929037,-0.007481015,-0.004286739,0.656461215,-0.028324126,-0.020879248,-0.005108612,0.091445304,-0.00984782,-0.004954722,0.020789836,0.012256683,-0.023806461,-0.005014066,0.023216862,-0.012537716,8.44396E-05
BR12_main,1.913535354,0.042460245,0.001806828,0.076918935,-0.02083851,0.20772446,0.010008286,0.007001549,0.018962906,-0.002636313,0.091124911,0.001365964,-0.260939706,-0.113671189,0.528567505,0.069170562,-0.007652444,-0.004341414,0.546263353,-0.02956031,-0.021872144,-0.005819391,0.091786003,-0.00892608,-0.005948408,-0.021716015,-0.004423513,-0.022662223,-0.005201656,0.017716024,-0.014318694,7.74624E-05
BR12_main,2.033131313,0.042445217,0.001394299,0.063337659,-0.020114314,0.157193114,0.007317278,0.007305249,0.007381378,-0.00284736,0.085141123,0.001220743,-0.250573718,-0.128323842,0.235159204,0.055409635,-0.007555262,-0.00513722,0.469951295,-0.030561808,-0.021139304,-0.006253808,0.115575508,-0.008588282,-0.00572219,-0.034370837,-0.012317964,-0.021602411,-0.004984799,0.012458838,-0.01457586,7.06478E-05
BR12_main,2.152727273,0.042410431,0.00095244,0.050011014,-0.018872688,0.120046805,0.004429466,0.00619978,-0.001086607,-0.003170416,0.081111064,0.001142751,-0.24115996,-0.10669059,0.155605811,0.042683385,-0.007380142,-0.006022554,0.398242914,-0.03041018,-0.01963751,-0.006914961,0.136033421,-0.008477401,-0.005377185,-0.034713897,-0.023543309,-0.020523801,-0.00478192,0.007287108,-0.015605622,6.45024E-05
BR12_main,2.272323232,0.042354481,0.000775779,0.04181449,-0.017528323,0.16300513,0.003524651,0.004958897,-0.005287294,-0.003476931,0.074640084,0.001270888,-0.232659585,-0.055281872,0.116400774,0.034992859,-0.007214706,-0.007093138,0.354607884,-0.030446547,-0.01927826,-0.00696488,0.135880463,-0.00853128,-0.005399147,-0.040303401,-0.024561962,-0.019367292,-0.004542192,0.002549629,-0.015797228,5.94271E-05
BR12_main,2.391919192,0.042273725,0.000665616,0.036337467,-0.016468071,0.220186823,0.002738402,0.004012037,-0.005605117,-0.003909083,0.069507137,0.001394275,-0.224829534,-0.028742204,0.117228054,0.032912656,-0.007064791,-0.007929836,0.308315501,-0.030200614,-0.01750447,-0.006378652,0.11559839,-0.008511906,-0.005885894,-0.045289851,-0.026058558,-0.018469826,-0.004343933,-0.001200505,-0.016335792,5.50529E-05
BR12_main,2.511515152,0.04213607,0.000567629,0.030429528,-0.015199314,0.326785262,0.002244179,0.004209977,-0.006766554,-0.004432496,0.064504679,0.001441998,-0.215393434,-0.013567214,0.098002413,0.03015465,-0.006917284,-0.008956132,0.213477117,-0.029713371,-0.014666745,-0.006246356,0.068101899,-0.008343346,-0.006635222,-0.046619807,-0.026070909,-0.017685742,-0.00421862,-0.00220251,-0.014453905,5.17966E-05
BR12_main,2.631111111,0.041918432,0.000482428,0.02513658,-0.01377601,0.333817954,0.00164213,0.004399911,-0.007395218,-0.004646656,0.062178981,0.001457736,-0.20583527,-0.005672924,0.071853403,0.028674942,-0.006807978,-0.009798305,0.150829388,-0.02895081,-0.013285158,-0.005884554,0.043223424,-0.008369229,-0.00752749,-0.046379387,-0.025504565,-0.016883852,-0.004012241,-0.003492853,-0.01262113,4.87164E-05
BR12_main,2.750707071,0.041517762,0.000407223,0.020083103,-0.0124158,0.265032135,0.000995298,0.00496627,-0.007070113,-0.004982496,0.061393606,0.001307209,-0.194218983,-0.001604253,0.04633412,0.028312639,-0.006605408,-0.010206288,0.081470229,-0.02765106,-0.012267657,-0.00521479,0.025916952,-0.008479453,-0.008109124,-0.049554447,-0.024937468,-0.016129908,-0.003713126,-0.004747231,-0.012311057,4.63119E-05
BR12_main,2.87030303,0.040818811,0.000356381,0.015104598,-0.011531069,0.165166354,8.70359E-05,0.005375845,-0.005710229,-0.00509141,0.058763688,0.001221324,-0.183774237,-0.000253728,0.032426395,0.02846548,-0.006343109,-0.010250564,0.033502222,-0.026266651,-0.011372897,-0.004447928,0.014815035,-0.008603131,-0.008259597,-0.048209952,-0.024286227,-0.015409025,-0.003448838,-0.005171044,-0.011940783,4.31247E-05
BR12_main,2.98989899,0.039730863,0.000314691,0.010396577,-0.011114799,0.072928062,-0.00122593,0.005013452,-0.006149042,-0.004241806,0.053781017,0.001278722,-0.174221262,0.000339307,0.019222348,0.029097571,-0.006061947,-0.010284925,0.012814348,-0.025020405,-0.011468369,-0.003901872,0.011570542,-0.008679676,-0.00868542,-0.046689599,-0.023433445,-0.014759149,-0.003199414,-0.004912944,-0.013226622,4.05065E-05
BR12_main,3.109494949,0.038111839,0.000253948,0.005782268,-0.010516622,0.022861688,-0.002416121,0.004702404,-0.008174411,-0.004402554,0.051256858,0.001252779,-0.165930359,0.000731953,0.013112835,0.028685387,-0.005748826,-0.010468817,-0.001726131,-0.023848232,-0.01151498,-0.003300085,0.00975646,-0.008689746,-0.00913336,-0.046680888,-0.023103428,-0.014288077,-0.002991835,-0.004715624,-0.013450337,3.86858E-05
BR12_main,3.229090909,0.035983055,0.000231529,0.002279328,-0.01002895,0.002336694,-0.003521649,0.00430322,-0.009470189,-0.004238602,0.04680938,0.00102525,-0.157732693,0.000876691,0.005484027,0.026956885,-0.005458171,-0.010658714,-0.017635833,-0.022762978,-0.011790946,-0.002739049,0.01009264,-0.008665999,-0.009469103,-0.045911297,-0.022799106,-0.013993756,-0.002855951,-0.004916413,-0.013497078,3.67892E-05
BR12_main,3.348686869,0.033041082,0.000213889,-0.000136236,-0.009738047,-0.000727287,-0.003530892,0.003981714,-0.011262887,-0.004025824,0.041690413,0.000843926,-0.150996549,0.000986765,-0.002123517,0.024017153,-0.005209646,-0.010763177,-0.031586578,-0.021776098,-0.012302955,-0.002453807,0.010619801,-0.008418235,-0.009932561,-0.045279261,-0.022547032,-0.013857836,-0.002758359,-0.004912411,-0.01298028,3.51719E-05
BR12_main,3.468282828,0.030245941,0.000249173,-0.002804268,-0.009640449,-0.00895492,-0.00351248,0.004664916,-0.012279717,-0.004121127,0.038884246,0.000718429,-0.146358262,0.001010122,-0.006266656,0.020697282,-0.005005695,-0.010852628,-0.047550319,-0.020898817,-0.012687781,-0.002427988,0.010758627,-0.008116957,-0.010380284,-0.044609323,-0.02235858,-0.013699827,-0.002664644,-0.004863745,-0.012270522,3.40711E-05
BR12_main,3.587878788,0.02726826,0.000252075,-0.004965912,-0.009846202,-0.013868529,-0.00276066,0.005596628,-0.011833547,-0.004231239,0.035054098,0.000624933,-0.143095689,0.000989683,-0.00834085,0.019048155,-0.00483367,-0.010740216,-0.051240577,-0.020143406,-0.012948605,-0.002624299,0.010549866,-0.007903146,-0.010620185,-0.043586578,-0.022151418,-0.013415752,-0.002611202,-0.004912588,-0.011720521,3.33175E-05
BR12_main,3.707474747,0.024738488,0.000258319,-0.007153834,-0.010065352,-0.015988887,-0.003336798,0.005719256,-0.011266894,-0.004186969,0.03212363,0.000532648,-0.141330291,0.00093122,-0.009921277,0.017390934,-0.004690538,-0.010902184,-0.045474409,-0.019534269,-0.013308915,-0.003113889,0.010347877,-0.007725231,-0.010694469,-0.042312248,-0.022095684,-0.01312281,-0.002574817,-0.005044339,-0.009906902,3.24629E-05
BR12_main,3.827070707,0.022621678,0.000287794,-0.010057681,-0.010166218,-0.021115132,-0.003131083,0.004832921,-0.010548929,-0.0044312,0.029242875,0.000494917,-0.140950072,0.000854323,-0.011012527,0.015513679,-0.004587256,-0.01107115,-0.035558375,-0.01896696,-0.013688868,-0.003287768,0.010563891,-0.007550355,-0.010713764,-0.041035837,-0.022019352,-0.012817269,-0.002550937,-0.00471135,-0.010186355,3.1718E-05
BR12_main,3.946666667,0.021274038,0.000368348,-0.014006801,-0.010138272,-0.024684659,-0.002857763,0.003413782,-0.010074324,-0.004579578,0.027588865,0.000459085,-0.14182819,0.000775542,-0.012249894,0.013114106,-0.004496591,-0.010962634,-0.022362201,-0.018463682,-0.013846457,-0.003199012,0.010641023,-0.007389491,-0.010614122,-0.040178438,-0.021816135,-0.012542978,-0.002551397,-0.004941727,-0.011148939,3.1094E-05
BR12_main,4.066262626,0.019908,0.000363046,-0.018308636,-0.010056901,-0.025391906,-0.002367624,0.002435307,-0.008928046,-0.004965885,0.026121295,0.000464655,-0.143862424,0.000731823,-0.013080317,0.011128034,-0.004411829,-0.010740809,-0.01763539,-0.018073534,-0.013729652,-0.003450905,0.010601986,-0.007264184,-0.01051064,-0.039296033,-0.021380045,-0.012246644,-0.002559887,-0.005080714,-0.011756841,3.05254E-05
BR12_main,4.185858586,0.01948382,0.000260166,-0.018991941,-0.009936496,-0.025812595,-0.002311739,0.002061427,-0.008039443,-0.005228805,0.024802028,0.000457601,-0.146567214,0.0008725,-0.013686605,0.010128273,-0.004322775,-0.010394962,-0.009085064,-0.017774157,-0.013624573,-0.003136588,0.010721892,-0.007150036,-0.010428355,-0.037882713,-0.020835109,-0.011991389,-0.002611585,-0.00504922,-0.011753696,2.9972E-05
BR12_main,4.305454545,0.019173711,0.000189317,-0.017613191,-0.009791654,-0.026074138,-0.002468712,0.001684489,-0.007677213,-0.005181063,0.023556528,0.000453642,-0.148577528,0.001253998,-0.014916598,0.01002312,-0.004222965,-0.010537246,-0.004045746,-0.017444744,-0.013552536,-0.00325776,0.011120796,-0.00702424,-0.010233724,-0.036768774,-0.020247875,-0.011658099,-0.00269153,-0.005004137,-0.010977444,2.94393E-05
BR12_main,4.425050505,0.018876636,0.000177163,-0.013498995,-0.009323693,-0.027668375,-0.002538801,0.001496776,-0.007485675,-0.005126662,0.022306107,0.000469121,-0.151820004,0.001673106,-0.016175986,0.00914932,-0.004120157,-0.01053674,-0.001526796,-0.017048584,-0.013500121,-0.003151739,0.011076573,-0.006830407,-0.01003549,-0.035248195,-0.019602663,-0.011303201,-0.002771477,-0.004975955,-0.011143554,2.88854E-05
BR12_main,4.544646465,0.018569124,0.000226079,-0.010150453,-0.008874459,-0.028973757,-0.00288061,0.00136883,-0.007681897,-0.005113551,0.02105284,0.000477585,-0.155457839,0.001773643,-0.017204105,0.00783038,-0.004021167,-0.010487364,-0.000127114,-0.016691298,-0.013456892,-0.002960563,0.010979491,-0.006677485,-0.009841723,-0.034037812,-0.018934646,-0.01094212,-0.002842728,-0.004969854,-0.010579073,2.83183E-05
BR12_main,4.664242424,0.018236264,0.000222303,-0.007687239,-0.008533102,-0.027923882,-0.003175619,0.001102007,-0.007018838,-0.004923502,0.019807147,0.000481229,-0.158335459,0.001734031,-0.018260214,0.005967554,-0.003888814,-0.010475744,0.000815271,-0.016433407,-0.013415636,-0.00296787,0.010888486,-0.006460867,-0.009650569,-0.032426965,-0.018304589,-0.010589981,-0.002918541,-0.00494975,-0.009983179,2.7756E-05
BR12_main,4.783838384,0.0178683,0.000221079,-0.005612952,-0.008322961,-0.028896888,-0.003515986,0.0010123,-0.006480556,-0.004552168,0.019002381,0.000489275,-0.160695784,0.001394534,-0.019306752,0.004629039,-0.003797329,-0.010317414,0.001496988,-0.016199552,-0.013322277,-0.002869148,0.011508124,-0.006203923,-0.00945812,-0.031146209,-0.017479107,-0.010199773,-0.002958252,-0.004932486,-0.009814367,2.7199E-05
BR12_main,4.903434343,0.017458224,0.00021519,-0.003575802,-0.008183006,-0.031479716,-0.003752183,0.000984475,-0.006276091,-0.004487398,0.018344863,0.000490672,-0.162596566,0.001060872,-0.020213961,0.004055371,-0.003708526,-0.010058806,0.002481338,-0.015918096,-0.013197351,-0.002828772,0.011489554,-0.006009762,-0.009198773,-0.030173466,-0.016669315,-0.009793688,-0.002944274,-0.004945888,-0.010320427,2.68114E-05
BR12_main,5.023030303,0.016969967,0.000229239,-0.001983735,-0.008149992,-0.03212005,-0.004279572,0.001059578,-0.006178263,-0.004317677,0.017267541,0.0004827,-0.164761095,0.000743568,-0.020678621,0.003532703,-0.003620703,-0.009731502,0.002950179,-0.015464155,-0.01304833,-0.002923112,0.011445541,-0.005852565,-0.008966789,-0.030076078,-0.015851056,-0.009484297,-0.002915466,-0.004897341,-0.010069311,2.64579E-05
BR12_main,5.142626263,0.016496988,0.000243022,-0.001181721,-0.0080897,-0.030384064,-0.004750516,0.001133272,-0.00594794,-0.004113827,0.01628522,0.000477267,-0.166348241,0.000597657,-0.020921791,0.003008829,-0.003528845,-0.009413906,0.003219673,-0.015177062,-0.012891044,-0.003051618,0.011376492,-0.005708845,-0.008802773,-0.029008624,-0.015020797,-0.009209384,-0.002874675,-0.004955674,-0.010654895,2.60501E-05
BR12_main,5.262222222,0.016133888,0.000266852,-0.00047183,-0.008118788,-0.031750983,-0.005199047,0.001176055,-0.005428803,-0.003945559,0.015673745,0.000479131,-0.167403733,0.000508391,-0.021107704,0.002780511,-0.003420656,-0.009101214,0.0035042,-0.014850359,-0.012692894,-0.00299784,0.011638873,-0.005552873,-0.008518765,-0.02800751,-0.014125293,-0.008981405,-0.002831117,-0.004956565,-0.010769816,2.56795E-05
BR12_main,5.381818182,0.015715036,0.000297743,-0.000199931,-0.008087429,-0.031969327,-0.005719565,0.00116226,-0.005773268,-0.003900109,0.015320682,0.0004831,-0.168924391,0.000438126,-0.020937757,0.00247382,-0.003312988,-0.008799753,0.003581234,-0.01438485,-0.012477792,-0.003215487,0.012617088,-0.005396948,-0.008051191,-0.027027458,-0.013204463,-0.008789004,-0.002791132,-0.004984133,-0.011233622,2.5179E-05
BR12_main,5.501414141,0.015410931,0.000306553,-1.63175E-06,-0.007892467,-0.032637706,-0.006364528,0.001102585,-0.005606172,-0.003682693,0.01494647,0.000485107,-0.170625019,0.000403308,-0.020311824,0.002144109,-0.003210491,-0.008470769,0.004742419,-0.014099143,-0.012167297,-0.00315497,0.013515473,-0.005263158,-0.00767009,-0.0261773,-0.012280061,-0.008611915,-0.002758008,-0.004957182,-0.01193509,2.47538E-05
BR12_main,5.621010101,0.0150638,0.000291263,0.000148621,-0.007740438,-0.032112997,-0.007107591,0.001130146,-0.005257651,-0.003889455,0.014678019,0.000478447,-0.17184475,0.000361514,-0.019660365,0.001768504,-0.003115409,-0.008150149,0.005436577,-0.013862884,-0.011757903,-0.00324125,0.014707167,-0.005142198,-0.007389529,-0.025256708,-0.011337068,-0.008446152,-0.002726797,-0.004952795,-0.011489024,2.43271E-05
BR12_main,5.740606061,0.014588014,0.000300275,0.000365988,-0.007490882,-0.031635245,-0.007984467,0.001076774,-0.004947189,-0.003972148,0.014477838,0.000472395,-0.173009011,0.000328575,-0.018990539,0.001408239,-0.003030555,-0.007855073,0.005981407,-0.013602697,-0.011344996,-0.003392771,0.016453921,-0.005066415,-0.007062831,-0.024580168,-0.010514995,-0.008318014,-0.002697469,-0.004911879,-0.011089188,2.39498E-05
BR12_main,5.86020202,0.013990022,0.000317844,0.000362341,-0.007156244,-0.030429076,-0.008565318,0.000948181,-0.00446578,-0.003984542,0.014035005,0.000469226,-0.174927983,0.000293283,-0.018234447,0.001308432,-0.002953849,-0.007602299,0.007548416,-0.013369134,-0.010963525,-0.003130726,0.018755059,-0.004990801,-0.006807234,-0.023731839,-0.009670535,-0.008184351,-0.002669751,-0.004879699,-0.010808625,2.36622E-05
BR12_main,5.97979798,0.013424221,0.000377329,0.000305747,-0.006789522,-0.029646413,-0.008789829,0.000951073,-0.004596156,-0.003970657,0.013541387,0.000453102,-0.17699488,0.000265501,-0.017488143,0.001191182,-0.002895682,-0.007378682,0.009579076,-0.013108058,-0.010586034,-0.003038682,0.022293843,-0.004898699,-0.006652309,-0.0220273,-0.008896986,-0.008091005,-0.00264372,-0.004732209,-0.010588226,2.3664E-05
BR12_main,6.099393939,0.012973546,0.000432837,0.0002104,-0.006526226,-0.028722626,-0.008923228,0.001047802,-0.004606764,-0.004142923,0.013009201,0.000437919,-0.178571089,0.000253759,-0.016730538,0.001110477,-0.002823277,-0.007171051,0.01033883,-0.012855049,-0.010203087,-0.00287534,0.027902763,-0.004808139,-0.006603452,-0.02116228,-0.008160918,-0.007978507,-0.002601481,-0.004616756,-0.010096635,2.37678E-05
BR12_main,6.218989899,0.012437409,0.000507333,0.000148963,-0.00625246,-0.027527028,-0.009252198,0.000960675,-0.004154375,-0.003934347,0.012394072,0.000423612,-0.180293044,0.000247256,-0.0159074,0.001109703,-0.002770235,-0.006992836,0.009943021,-0.012691912,-0.009784698,-0.002834531,0.03238484,-0.004752604,-0.006492951,-0.020808334,-0.007459187,-0.007856093,-0.002529618,-0.004344043,-0.009172016,2.38473E-05
BR12_main,6.338585859,0.011807889,0.000530572,-1.88795E-05,-0.006019479,-0.026363087,-0.009456419,0.000963045,-0.003894594,-0.003844292,0.012099026,0.000417261,-0.182159804,0.000233622,-0.015083625,0.001139287,-0.002725053,-0.00682946,0.013565159,-0.012488931,-0.00939016,-0.002750846,0.032835601,-0.004675486,-0.006432959,-0.020299814,-0.006822689,-0.007732801,-0.00249039,-0.004139458,-0.008284807,2.39258E-05
BR12_main,6.458181818,0.011048095,0.000522563,-0.000229602,-0.005858193,-0.024812131,-0.00944622,0.001040752,-0.004157852,-0.003728285,0.011734775,0.000400075,-0.18297581,0.000233251,-0.014302697,0.001289264,-0.002685722,-0.006629964,0.013345228,-0.012336319,-0.009000889,-0.002487435,0.034529094,-0.00462022,-0.006444167,-0.019731067,-0.006247578,-0.007623265,-0.002454121,-0.004011625,-0.007134879,2.40369E-05
BR12_main,6.577777778,0.01018962,0.00050963,-0.000302517,-0.005700044,-0.023481817,-0.009540847,0.001196834,-0.004805997,-0.00356373,0.011324864,0.000392765,-0.18374547,0.000232383,-0.013426402,0.00133782,-0.002645164,-0.006473188,0.011961431,-0.012267465,-0.008654729,-0.002219812,0.033168906,-0.004593187,-0.006395757,-0.01905129,-0.005731112,-0.00752513,-0.00239665,-0.00398617,-0.0066851,2.41327E-05
BR12_main,6.697373737,0.009369424,0.000511637,-0.000419359,-0.00557323,-0.021519427,-0.0094733,0.001291768,-0.004716151,-0.003450553,0.010821768,0.000386282,-0.184392048,0.000230863,-0.012700001,0.001393538,-0.002607981,-0.006394064,0.009463476,-0.012071555,-0.00835056,-0.001838616,0.031132288,-0.004573602,-0.006325634,-0.01849394,-0.00526514,-0.007437281,-0.00234731,-0.004021829,-0.007146568,2.42094E-05
BR12_main,6.816969697,0.008494227,0.00057596,-0.000299114,-0.005368603,-0.020440509,-0.00926622,0.001414251,-0.005015595,-0.003234524,0.010549619,0.000375934,-0.185656244,0.000229518,-0.012146472,0.001516972,-0.002564381,-0.006295525,0.008021565,-0.011888849,-0.00800757,-0.001615126,0.032526384,-0.004557846,-0.006273327,-0.018312777,-0.004876856,-0.007375601,-0.002280244,-0.003851921,-0.007336821,2.42632E-05
BR12_main,6.936565657,0.007611287,0.000693804,0.000101049,-0.005204757,-0.018534562,-0.009216359,0.001664743,-0.005282396,-0.00305404,0.010159603,0.000357001,-0.186222665,0.000228358,-0.011619596,0.00170838,-0.002525876,-0.006188984,0.006318194,-0.011742658,-0.007633571,-0.001425456,0.03112571,-0.004527858,-0.00621642,-0.018274472,-0.004557153,-0.007295781,-0.002210362,-0.003629244,-0.007402001,2.42902E-05
BR12_main,7.056161616,0.006725248,0.000777087,-0.000432524,-0.005068954,-0.016867049,-0.008798279,0.001681178,-0.004956856,-0.002813365,0.010124318,0.000338648,-0.187540636,0.0002204,-0.01083831,0.00186124,-0.002492151,-0.006078892,0.006080276,-0.011599552,-0.007331293,-0.00152641,0.028216977,-0.004487516,-0.006134805,-0.018511916,-0.004269536,-0.007197149,-0.002165144,-0.003361206,-0.007622303,2.43751E-05
BR12_main,7.175757576,0.005869488,0.000900305,-0.000445131,-0.004928578,-0.01540656,-0.008410464,0.001548791,-0.004494934,-0.002590916,0.010430296,0.00032206,-0.188873352,0.000219154,-0.010111915,0.001953047,-0.002461115,-0.00602902,0.00565807,-0.011427319,-0.007053392,-0.001793949,0.021260961,-0.004431184,-0.006082153,-0.01886196,-0.004036757,-0.00712183,-0.002118677,-0.003181966,-0.007781166,2.44625E-05
BR12_main,7.295353535,0.005231691,0.001057288,-0.000603962,-0.004794057,-0.014351259,-0.007958547,0.001424753,-0.004253903,-0.002423678,0.010302229,0.00030503,-0.189942853,0.000219875,-0.009514728,0.002003269,-0.002427019,-0.005965424,0.005768523,-0.011264433,-0.006764046,-0.002000815,0.012519726,-0.004365156,-0.00606373,-0.018651518,-0.003832126,-0.007035397,-0.002077795,-0.003195361,-0.007870545,2.45186E-05
BR12_main,7.414949495,0.00455278,0.001015928,-0.000845978,-0.00465951,-0.013698038,-0.007267134,0.001139657,-0.004220514,-0.002326951,0.010308547,0.000265978,-0.19032985,0.00022828,-0.009012165,0.002082965,-0.002382835,-0.005879614,0.005565448,-0.011130334,-0.006466518,-0.002216031,0.009324199,-0.004272574,-0.00603082,-0.018219574,-0.003627663,-0.006935811,-0.00205035,-0.003650351,-0.007775713,2.45305E-05
BR12_main,7.534545455,0.003993189,0.000941792,-0.001012632,-0.004512162,-0.013167109,-0.006510619,0.000919887,-0.003263508,-0.002329667,0.010195501,0.000250542,-0.190686505,0.000242181,-0.008579273,0.002175523,-0.002333906,-0.005812212,0.005255026,-0.010947731,-0.006205992,-0.002276976,0.009103156,-0.00413522,-0.005989441,-0.017877257,-0.003400022,-0.006829583,-0.002032298,-0.003965229,-0.007739588,2.44325E-05
BR12_main,7.654141414,0.003449893,0.000976467,-0.000957514,-0.004369984,-0.013255139,-0.005806294,0.000801784,-0.002233423,-0.002378976,0.009796544,0.000241342,-0.190986272,0.000287431,-0.008192457,0.002239473,-0.002289242,-0.005795069,0.004850627,-0.010767946,-0.005992006,-0.002321092,0.009282503,-0.00401334,-0.005942185,-0.01748888,-0.003202337,-0.006700584,-0.002010381,-0.003924586,-0.007516249,2.42394E-05
BR12_main,7.773737374,0.002924906,0.000978871,-0.000959886,-0.004235828,-0.013137533,-0.005171436,0.00072962,-0.002303817,-0.002307618,0.009336693,0.000231512,-0.191497835,0.000360102,-0.007826187,0.002335216,-0.002232965,-0.005775649,0.003580453,-0.01051448,-0.00584104,-0.002357072,0.010226633,-0.003863068,-0.005876333,-0.017118956,-0.003010265,-0.006575921,-0.001972765,-0.00408988,-0.007294106,2.40942E-05
BR12_main,7.893333333,0.002427611,0.000958767,-0.00100996,-0.004079049,-0.012047982,-0.004677969,0.00068295,-0.002194898,-0.00215338,0.009013567,0.000219822,-0.19126067,0.000442379,-0.007477359,0.002508715,-0.002155834,-0.005724361,0.002736108,-0.010025308,-0.00583323,-0.002345859,0.012879798,-0.003714591,-0.005814026,-0.016647567,-0.002817755,-0.00644632,-0.001948421,-0.003886113,-0.007168294,2.38363E-05
BR12_main,8.012929293,0.001959494,0.000931519,-0.001093623,-0.003932798,-0.011485038,-0.004179092,0.000656052,-0.002315677,-0.002103761,0.008705258,0.000211223,-0.190227009,0.000459168,-0.007281251,0.002687645,-0.002079065,-0.005629081,0.002279826,-0.009539274,-0.005871712,-0.002285721,0.016082983,-0.003575958,-0.005754857,-0.016388953,-0.002636311,-0.006311568,-0.001922527,-0.003675631,-0.007049531,2.37434E-05
BR12_main,8.132525253,0.001552926,0.000894571,-0.001337061,-0.003785845,-0.011677502,-0.003962282,0.000627204,-0.002413048,-0.001941529,0.008599512,0.000216433,-0.189617248,0.000437169,-0.007049837,0.002934535,-0.001984288,-0.005467226,0.002300001,-0.009126594,-0.005787275,-0.002261721,0.018418114,-0.003436266,-0.005675335,-0.016081548,-0.002469011,-0.006166119,-0.001882824,-0.003530905,-0.006924203,2.35428E-05
BR12_main,8.252121212,0.001249509,0.000719664,-0.001567245,-0.003609827,-0.011910162,-0.004062012,0.000616343,-0.002584811,-0.001969404,0.008675028,0.000247773,-0.189104105,0.000334554,-0.006808371,0.003189053,-0.001882014,-0.005370528,0.002257056,-0.008756976,-0.005759829,-0.002191734,0.020856657,-0.003314163,-0.005573149,-0.015520401,-0.002297176,-0.005979576,-0.001846148,-0.003455364,-0.006761975,2.32412E-05
BR12_main,8.371717172,0.000958101,0.000590782,-0.001791288,-0.003441796,-0.012150693,-0.004076573,0.000601121,-0.001785056,-0.002055276,0.008838389,0.000241415,-0.188061972,0.000286874,-0.006630686,0.003618867,-0.001787063,-0.005301257,0.002031686,-0.008199218,-0.005626795,-0.002083416,0.022892277,-0.003204872,-0.005463317,-0.015002018,-0.002157973,-0.005779474,-0.001817851,-0.003359837,-0.006658327,2.28696E-05
BR12_main,8.491313131,0.000685836,0.000424306,-0.002089394,-0.003273313,-0.011952224,-0.003696361,0.000590139,-0.001295696,-0.00212587,0.009170579,0.000276524,-0.186008652,0.000265843,-0.00654498,0.004099041,-0.001686721,-0.005248755,0.001411766,-0.007677684,-0.005499068,-0.001962428,0.026603331,-0.003143622,-0.005347013,-0.014956221,-0.001979367,-0.005552156,-0.001776241,-0.00320072,-0.006542704,2.24589E-05
BR12_main,8.610909091,0.000500726,0.000357053,-0.002072869,-0.003115941,-0.012047482,-0.003259762,0.000572133,-0.00130215,-0.002208515,0.009503767,0.000287075,-0.183891083,0.000259201,-0.006528758,0.004592701,-0.001581218,-0.005213675,0.001340073,-0.007290229,-0.005374376,-0.001839048,0.030756447,-0.00304752,-0.005223395,-0.015105343,-0.0018073,-0.005313086,-0.001727645,-0.00306958,-0.006408909,2.20165E-05
BR12_main,8.730505051,0.000340114,0.000370555,-0.001868431,-0.002975764,-0.011965433,-0.002869115,0.000566846,-0.001206859,-0.002200619,0.009174737,0.000241733,-0.18089353,0.00028861,-0.006578687,0.004884146,-0.001469839,-0.005148293,0.001170355,-0.00702255,-0.005241671,-0.0017223,0.033484347,-0.002954667,-0.005092541,-0.014882321,-0.001661956,-0.005073841,-0.001688046,-0.002987099,-0.006205664,2.15439E-05
BR12_main,8.85010101,0.000233952,0.00036018,-0.001720148,-0.002854736,-0.011790563,-0.002590136,0.000566361,-0.001159784,-0.00217247,0.008463525,0.00024082,-0.177377529,0.000314825,-0.006604373,0.005132215,-0.001349806,-0.004999875,0.000898852,-0.006851833,-0.005063003,-0.001564164,0.032249042,-0.002860537,-0.004924389,-0.014801523,-0.001540784,-0.00483899,-0.00166929,-0.00277904,-0.006018,2.12309E-05
BR12_main,8.96969697,0.00018769,0.000287997,-0.00164183,-0.002768932,-0.011747336,-0.002417462,0.000542107,-0.001609293,-0.002079618,0.007748525,0.000248003,-0.173754447,0.000371556,-0.006648094,0.005361148,-0.001245399,-0.004827565,0.000662089,-0.006604088,-0.004924397,-0.001539525,0.03042035,-0.002749375,-0.004753415,-0.014786263,-0.001430983,-0.004646305,-0.001619935,-0.002401347,-0.005845216,2.11129E-05
BR12_main,9.089292929,0.000148206,0.000285538,-0.001538959,-0.002694183,-0.011724129,-0.002373963,0.000570003,-0.002265268,-0.002074922,0.007548843,0.000257337,-0.170492468,0.000408048,-0.006727419,0.0048576,-0.001166328,-0.00465484,0.000156048,-0.006449802,-0.004581443,-0.001335643,0.030647034,-0.002646837,-0.0045615,-0.014860439,-0.001239645,-0.004389333,-0.001586925,-0.001520833,-0.00564445,2.08721E-05
BR12_main,9.208888889,0.000127589,0.000287881,-0.001514982,-0.002665887,-0.012001395,-0.00211096,0.000579405,-0.002491685,-0.00221349,0.007452684,0.000258087,-0.166780181,0.000431203,-0.006811353,0.005022698,-0.001123766,-0.00445795,-0.000122137,-0.006201015,-0.004323588,-0.00127782,0.027086072,-0.002506321,-0.004352795,-0.014612229,-0.001066439,-0.004136189,-0.001557807,-0.001803089,-0.005502074,2.08176E-05
BR12_main,9.328484848,0.000112092,0.000294401,-0.001570809,-0.002631161,-0.011873138,-0.001961172,0.000602643,-0.002731478,-0.002204833,0.007460403,0.000252256,-0.1640202,0.000451647,-0.006824123,0.005146915,-0.001093195,-0.004278365,-0.000408307,-0.005845703,-0.004195591,-0.00122253,0.020417525,-0.002406542,-0.00406842,-0.014166191,-0.000919991,-0.003901399,-0.00151931,-0.002771992,-0.005352587,2.0675E-05
BR12_main,9.448080808,0.000101507,0.000297094,-0.001681121,-0.002602454,-0.011619009,-0.001272431,0.00063845,-0.002766839,-0.002254281,0.007860924,0.000277292,-0.160846098,0.000470235,-0.00692805,0.005306723,-0.001078066,-0.004109279,-0.000467124,-0.005493071,-0.003930112,-0.001294147,0.018588657,-0.002319849,-0.003836104,-0.014122195,-0.000791919,-0.003708714,-0.001512735,-0.002937576,-0.005123887,2.07738E-05
BR12_main,9.567676768,9.43755E-05,0.000329084,-0.001754049,-0.002635911,-0.010693649,-0.001032925,0.000711484,-0.002712665,-0.002332013,0.008603412,0.000297427,-0.158351045,0.000487048,-0.00681134,0.005703819,-0.001028845,-0.003930364,7.4094E-05,-0.005201147,-0.003675239,-0.001220383,0.017644546,-0.002201776,-0.003552842,-0.013654603,-0.000690351,-0.003558344,-0.001420746,-0.002773369,-0.004947266,2.09088E-05
BR12_main,9.687272727,9.00574E-05,0.00041615,-0.001740208,-0.002442473,-0.009878852,0.001293533,0.000762737,-0.003271187,-0.002190654,0.009363866,0.000333471,-0.157995468,0.000501383,-0.00656775,0.006264918,-0.00104637,-0.003798918,0.001058356,-0.004947715,-0.003541271,-0.001072165,0.01688701,-0.002095531,-0.003174274,-0.013204069,-0.000615056,-0.003429435,-0.001375132,-0.00267362,-0.004819933,2.09969E-05
BR12_main,9.806868687,8.85523E-05,0.00065439,-0.001716083,-0.002197677,-0.009533226,0.004880819,0.000753213,-0.003772361,-0.001882518,0.010374455,0.00034819,-0.160352339,0.000536059,-0.006614428,0.007909121,-0.00103863,-0.003678757,0.001383283,-0.004883171,-0.003353676,-0.000915341,0.016722097,-0.002031477,-0.00278059,-0.013071932,-0.000561923,-0.003279367,-0.001316542,-0.002684668,-0.004764407,2.11358E-05
BR12_main,9.926464646,9.30733E-05,0.000858377,-0.001476879,-0.002133416,-0.00962313,0.006218184,0.000751225,-0.004038845,-0.001870275,0.010236528,0.000364458,-0.164778307,0.000567497,-0.006759177,0.009072458,-0.001066449,-0.003596717,0.001416107,-0.004672105,-0.003236651,-0.00050316,0.016537097,-0.001977612,-0.002495996,-0.013215266,-0.000528858,-0.003145761,-0.000985771,-0.002422927,-0.004665321,2.14422E-05
BR12_main,10.04606061,9.8377E-05,0.000972093,-0.000956687,-0.002160979,-0.009770597,0.006456936,0.000795294,-0.003648678,-0.002088044,0.010055745,0.000359231,-0.166260249,0.000612469,-0.006783069,0.009762364,-0.001048283,-0.003439436,0.000974006,-0.004541468,-0.003121425,-0.000344291,0.017222292,-0.001942484,-0.002286018,-0.013435668,-0.00053287,-0.003082019,-0.00107769,-0.001875614,-0.004515817,2.21895E-05
BR12_main,10.16565657,0.000104245,0.000911902,-1.68625E-05,-0.00210014,-0.009544604,0.003362543,0.00098892,-0.00300416,-0.001996022,0.009349232,0.000370727,-0.16709639,0.000730123,-0.006852136,0.01000961,-0.001061508,-0.00329796,0.001278467,-0.004417584,-0.003086446,-0.000421082,0.018931778,-0.001884873,-0.001907059,-0.013576486,-0.000454063,-0.003049429,-0.00118721,-0.001281929,-0.004303275,2.24596E-05
BR12_main,10.28525253,0.00011067,0.000869949,0.000564115,-0.002033218,-0.009752314,-0.000847574,0.001173253,-0.002702899,-0.00197706,0.008442877,0.000358499,-0.165564501,0.00081082,-0.006746243,0.00998584,-0.001042072,-0.003084997,0.002101154,-0.003842104,-0.003089833,-0.000483697,0.019910232,-0.001706652,-0.0014904,-0.013242638,-0.000414961,-0.003023681,-0.001175508,-0.000493825,-0.004132385,2.18897E-05
BR12_main,10.40484848,0.000117538,0.000940074,0.000651502,-0.00187111,-0.010924631,-0.001052416,0.001211529,-0.002027663,-0.001928248,0.007292198,0.000344928,-0.161084875,0.000894314,-0.006565203,0.009587942,-0.001064357,-0.00279825,0.004607247,-0.003546305,-0.002892858,-0.000445159,0.020325604,-0.001520649,-0.001022114,-0.012909662,-0.000420833,-0.00298834,-0.001042323,-0.000583505,-0.004047344,2.11537E-05
BR12_main,10.52444444,0.000124745,0.000999011,0.000479248,-0.001714217,-0.011164911,-0.001049992,0.001268672,-0.000354882,-0.001942947,0.006585589,0.00029849,-0.162572812,0.000993114,-0.006244131,0.009366222,-0.000931737,-0.002455326,0.007004692,-0.002836249,-0.00266143,-0.00033746,0.021282543,-0.001501832,-0.000631887,-0.012630771,-0.000426834,-0.002944946,-0.000872261,0.00015919,-0.004058397,2.17388E-05
BR12_main,10.6440404,0.000132209,0.001099744,-0.000317036,-0.001589942,-0.011609719,0.000881594,0.000970603,0.000613431,-0.002022125,0.005413961,0.000269904,-0.16932707,0.001054975,-0.005908455,0.009652711,-0.000751901,-0.002131282,0.008552767,-0.001816919,-0.002344967,-0.000251275,0.021963383,-0.001303171,-0.000360077,-0.012142778,0.000310846,-0.002908172,-0.000687819,0.001270515,-0.004129045,2.24551E-05
BR12_main,10.76363636,0.000139865,0.001551169,-0.00116516,-0.001518563,-0.012245145,0.004666143,0.00019158,0.002125936,-0.001863876,0.004419323,0.000256282,-0.170924743,0.001064728,-0.005560183,0.010425575,-0.000557913,-0.001917296,0.009217641,-0.000699056,-0.002015617,-0.000195436,0.023590686,-0.001051214,-0.00028946,-0.011736295,0.000450283,-0.002905344,-0.000560595,0.002276636,-0.004028555,2.32967E-05
BR12_main,10.88323232,0.000147661,0.002108998,-0.000811754,-0.001499377,-0.012452094,0.01101689,-0.000736358,0.00241281,-0.001706183,0.003471985,0.000254026,-0.159328934,0.000970924,-0.005201323,0.011044291,-0.000372711,-0.001995684,0.009951078,-0.000586742,-0.001873777,-0.000142326,0.028065282,-0.000641157,-0.000293446,-0.011407548,0.000286426,-0.002691173,-0.000726332,0.002959052,-0.003616113,2.34415E-05
BR12_main,11.00282828,0.000155437,0.00269767,-0.000157747,-0.00144923,-0.011719956,0.020020901,-0.001050262,0.002285934,-0.001373001,0.002648816,0.000283903,-0.142490959,0.000817722,-0.004834417,0.011893606,-0.000172177,-0.00225276,0.009765233,-0.001174643,-0.00204777,-0.000102359,0.033245695,-0.000479099,-0.000380838,-0.011031512,-0.000204285,-0.002375989,-0.000543175,0.002523014,-0.002304051,2.19267E-05
BR12_main,11.12242424,0.000163136,0.003087577,0.001152829,-0.001429217,-0.01123289,0.023657524,-0.001188468,0.00203273,-0.001243842,0.003232997,0.000317965,-0.137993434,0.000810532,-0.004341673,0.013314801,-0.000126061,-0.002267859,0.00906833,-0.001135377,-0.002397903,-0.000126914,0.034021498,-0.0004386,-0.000480802,-0.010834412,-0.000810554,-0.001820552,-0.000541124,0.003606899,-0.000876165,2.08132E-05
BR12_main,11.2420202,0.000170849,0.003226302,0.00237177,-0.001424763,-0.01072817,0.022940767,-0.000842743,0.002189614,-0.000982385,0.005960364,0.00040781,-0.147784556,0.000934209,-0.003555199,0.013582381,-8.05174E-05,-0.002237382,0.010757165,-0.001014506,-0.002515927,-0.000136316,0.035684194,-0.000193122,-0.000528494,-0.010663055,-0.000805097,-0.00129312,-0.000600709,0.004502809,-0.000125838,1.89333E-05
BR12_main,11.36161616,0.000178583,0.002587511,0.004065217,-0.001366463,-0.008115439,0.013026114,0.000516808,0.003774683,-0.000958155,0.009929042,0.000515812,-0.151074529,0.001199872,-0.001905305,0.012524189,-0.000163573,-0.002171937,0.00575069,-0.000859063,-0.002458784,-0.000107152,0.033363029,-0.000185517,-0.000649153,-0.010123184,-0.000209334,-0.001175947,-0.000731534,0.002431397,-0.001241608,2.18648E-05
BR12_main,11.48121212,0.000186323,0.002301732,0.006624167,-0.001315923,-0.001581115,0.000733469,0.001387785,0.007349014,-0.001247595,0.009334182,0.000560276,-0.146330429,0.001434635,0.000853891,0.010664333,-0.000350526,-0.002042658,0.01029483,-0.001823094,-0.002164542,-0.000120592,0.028768761,-0.000377181,-0.000517128,-0.007507088,0.000430322,-0.001537384,-0.000619863,0.001728201,-0.003294131,3.09804E-05
BR12_main,11.60080808,0.000194057,0.002580858,0.010669872,-0.001201297,0.004018632,-0.004116899,0.001593925,0.016946562,-0.000924015,0.010418992,0.000667095,-0.108158337,0.001603536,0.003895944,0.009281995,-0.000659059,-0.001913372,0.016975607,-0.002097781,-0.001835564,-0.000254419,0.027092018,-0.000338382,-0.000370021,-0.003760305,0.00123145,-0.001377877,-0.000544324,0.001755854,-0.003330182,4.45787E-05
BR12_main,11.72040404,0.000201774,0.0027975,0.014345988,-0.001118999,0.008805574,-0.005534255,0.002138186,0.023279404,-0.00072569,0.011949749,0.000897642,-0.077199892,0.001718481,0.006207944,0.010561339,-0.000585964,-0.001742864,0.023408723,-0.001459225,-0.001329765,-0.000271194,0.025466854,-0.000486198,-0.000235682,0.000487156,0.002092701,-0.000654369,-0.000465256,0.000921826,-0.003056471,6.21989E-05
BR12_main,11.84,0.000209466,0.003084105,0.016425941,-0.00099284,0.012646362,-0.000525568,0.002478463,0.024550941,-0.000424348,0.009302023,0.001074928,-0.015520632,0.001819554,0.008002892,0.013071692,-0.000277753,-0.001625844,0.025465016,-0.000548302,-0.001102922,-0.000122612,0.023051206,-0.000241187,-4.51436E-05,0.002202082,0.002546458,-0.000220874,-0.000365495,0.001178478,-0.002344886,8.23108E-05